date,weekday,hour,department,orders,revenue,gross_sum,discount_sum,dish_amount,avg_check
2025-11-01,Суббота,8,Foodmarket Тепло Черникова,1.0,1100.0,1100.0,0.0,5.0,1100.0
2025-11-01,Суббота,9,Foodmarket Тепло Черникова,2.0,6785.0,6785.0,0.0,40.0,3392.5
2025-11-01,Суббота,10,Foodmarket Тепло Черникова,6.0,10580.0,11189.0,609.0,38.0,1763.3333333333333
2025-11-01,Суббота,11,Foodmarket Тепло Черникова,4.0,6174.0,6452.0,278.0,28.0,1543.5
2025-11-01,Суббота,12,Foodmarket Тепло Черникова,6.0,9775.15,10262.0,486.85,49.0,1629.1916666666666
2025-11-01,Суббота,13,Foodmarket Тепло Черникова,6.0,10091.3,12099.0,2007.7,48.0,1681.8833333333332
2025-11-01,Суббота,14,Foodmarket Тепло Черникова,7.0,11350.35,12853.0,1392.65,48.0,1621.4785714285715
2025-11-01,Суббота,15,Foodmarket Тепло Черникова,12.0,18369.0,20934.0,1166.0,90.0,1530.75
2025-11-01,Суббота,16,Foodmarket Тепло Черникова,13.0,23997.0,25437.0,1330.0,89.0,1845.923076923077
2025-11-01,Суббота,17,Foodmarket Тепло Черникова,22.0,34331.0,39403.0,3370.0,171.0,1560.5
2025-11-01,Суббота,18,Foodmarket Тепло Черникова,20.0,22150.0,31062.0,3320.0,130.0,1107.5
2025-11-01,Суббота,19,Foodmarket Тепло Черникова,11.0,15358.83,16752.0,1393.17,88.0,1396.2572727272727
2025-11-01,Суббота,20,Foodmarket Тепло Черникова,9.0,13260.0,14447.0,648.0,60.0,1473.3333333333333
2025-11-01,Суббота,21,Foodmarket Тепло Черникова,7.0,7310.0,7998.0,389.0,31.0,1044.2857142857142
2025-11-01,Суббота,22,Foodmarket Тепло Черникова,2.0,1819.0,1819.0,0.0,6.0,909.5
2025-11-02,Воскресенье,0,Foodmarket Тепло Черникова,1.0,0.0,3491.0,3491.0,8.0,0.0
2025-11-02,Воскресенье,7,Foodmarket Тепло Черникова,1.0,3491.0,3491.0,0.0,10.0,3491.0
2025-11-02,Воскресенье,9,Foodmarket Тепло Черникова,2.0,570.0,2808.0,2238.0,19.0,285.0
2025-11-02,Воскресенье,10,Foodmarket Тепло Черникова,7.0,9707.55,10992.0,1284.45,66.0,1386.792857142857
2025-11-02,Воскресенье,11,Foodmarket Тепло Черникова,7.0,13540.0,15102.0,1452.0,65.0,1934.2857142857142
2025-11-02,Воскресенье,12,Foodmarket Тепло Черникова,7.0,8738.0,10174.0,1216.0,59.0,1248.2857142857142
2025-11-02,Воскресенье,13,Foodmarket Тепло Черникова,10.0,20434.6,21961.0,1526.4,82.0,2043.4599999999998
2025-11-02,Воскресенье,14,Foodmarket Тепло Черникова,5.0,6294.0,6542.0,138.0,30.0,1258.8
2025-11-02,Воскресенье,15,Foodmarket Тепло Черникова,16.0,19881.0,24389.0,4288.0,100.0,1242.5625
2025-11-02,Воскресенье,16,Foodmarket Тепло Черникова,8.0,15995.0,16652.0,657.0,56.0,1999.375
2025-11-02,Воскресенье,17,Foodmarket Тепло Черникова,14.0,20900.0,22144.0,1014.0,97.0,1492.857142857143
2025-11-02,Воскресенье,18,Foodmarket Тепло Черникова,11.0,17022.0,18095.0,1043.0,100.0,1547.4545454545455
2025-11-02,Воскресенье,19,Foodmarket Тепло Черникова,8.0,13387.0,13768.0,380.0,79.0,1673.375
2025-11-02,Воскресенье,20,Foodmarket Тепло Черникова,7.0,9678.0,10267.0,589.0,54.0,1382.5714285714287
2025-11-02,Воскресенье,21,Foodmarket Тепло Черникова,6.0,7216.0,7551.0,195.0,46.0,1202.6666666666667
2025-11-03,Понедельник,6,Foodmarket Тепло Черникова,1.0,2614.0,2804.0,190.0,12.0,2614.0
2025-11-03,Понедельник,8,Foodmarket Тепло Черникова,1.0,2875.0,3344.0,469.0,14.0,2875.0
2025-11-03,Понедельник,9,Foodmarket Тепло Черникова,1.0,1910.0,1979.0,69.0,7.0,1910.0
2025-11-03,Понедельник,10,Foodmarket Тепло Черникова,4.0,7530.0,7991.0,461.0,30.0,1882.5
2025-11-03,Понедельник,11,Foodmarket Тепло Черникова,8.0,12064.5,13210.0,1145.5,66.0,1508.0625
2025-11-03,Понедельник,12,Foodmarket Тепло Черникова,3.0,3699.0,3929.0,100.0,18.0,1233.0
2025-11-03,Понедельник,13,Foodmarket Тепло Черникова,5.0,6948.0,7536.0,328.0,43.0,1389.6
2025-11-03,Понедельник,14,Foodmarket Тепло Черникова,7.0,8524.0,9441.0,917.0,45.0,1217.7142857142858
2025-11-03,Понедельник,15,Foodmarket Тепло Черникова,11.0,22166.0,23348.0,660.0,112.0,2015.090909090909
2025-11-03,Понедельник,16,Foodmarket Тепло Черникова,9.0,12250.6,13295.0,823.4,51.0,1361.177777777778
2025-11-03,Понедельник,17,Foodmarket Тепло Черникова,14.0,25703.85,31793.0,4822.15,111.0,1835.9892857142856
2025-11-03,Понедельник,18,Foodmarket Тепло Черникова,7.0,6329.0,7986.0,1325.0,39.0,904.1428571428571
2025-11-03,Понедельник,19,Foodmarket Тепло Черникова,11.0,12150.0,13660.0,1480.0,53.0,1104.5454545454545
2025-11-03,Понедельник,20,Foodmarket Тепло Черникова,6.0,7321.0,8236.0,585.0,53.0,1220.1666666666667
2025-11-03,Понедельник,21,Foodmarket Тепло Черникова,11.0,21496.0,27771.0,6245.0,128.0,1954.1818181818182
2025-11-03,Понедельник,22,Foodmarket Тепло Черникова,1.0,3435.7,4042.0,606.3,10.0,3435.7
2025-11-04,Вторник,8,Foodmarket Тепло Черникова,1.0,1977.0,1977.0,0.0,12.0,1977.0
2025-11-04,Вторник,9,Foodmarket Тепло Черникова,2.0,4843.0,5127.0,284.0,30.0,2421.5
2025-11-04,Вторник,10,Foodmarket Тепло Черникова,5.0,9418.4,10322.0,793.6,71.0,1883.6799999999998
2025-11-04,Вторник,11,Foodmarket Тепло Черникова,2.0,3562.0,3662.0,100.0,22.0,1781.0
2025-11-04,Вторник,12,Foodmarket Тепло Черникова,2.0,1029.0,1610.0,581.0,7.0,514.5
2025-11-04,Вторник,13,Foodmarket Тепло Черникова,7.0,7853.3,10482.0,1918.7,37.0,1121.9
2025-11-04,Вторник,14,Foodmarket Тепло Черникова,8.0,12625.0,13937.0,1202.0,60.0,1578.125
2025-11-04,Вторник,15,Foodmarket Тепло Черникова,3.0,1684.0,3599.0,586.0,16.0,561.3333333333334
2025-11-04,Вторник,16,Foodmarket Тепло Черникова,9.0,16230.0,19691.0,3171.0,69.0,1803.3333333333333
2025-11-04,Вторник,17,Foodmarket Тепло Черникова,5.0,6553.0,8217.0,1664.0,37.0,1310.6
2025-11-04,Вторник,18,Foodmarket Тепло Черникова,12.0,15439.0,18710.0,3271.0,85.0,1286.5833333333333
2025-11-04,Вторник,19,Foodmarket Тепло Черникова,11.0,11675.0,14741.0,2416.0,55.0,1061.3636363636363
2025-11-04,Вторник,20,Foodmarket Тепло Черникова,1.0,640.0,640.0,0.0,2.0,640.0
2025-11-04,Вторник,21,Foodmarket Тепло Черникова,3.0,6750.0,6750.0,0.0,32.0,2250.0
2025-11-05,Среда,8,Foodmarket Тепло Черникова,2.0,2657.15,3048.0,390.85,10.0,1328.575
2025-11-05,Среда,10,Foodmarket Тепло Черникова,4.0,10800.0,12060.0,1260.0,20.0,2700.0
2025-11-05,Среда,11,Foodmarket Тепло Черникова,2.0,1142.0,1262.0,120.0,6.0,571.0
2025-11-05,Среда,12,Foodmarket Тепло Черникова,6.0,8908.0,9785.0,767.0,48.0,1484.6666666666667
2025-11-05,Среда,13,Foodmarket Тепло Черникова,3.0,1108.0,3228.0,2120.0,13.0,369.3333333333333
2025-11-05,Среда,14,Foodmarket Тепло Черникова,3.0,3939.0,4578.0,239.0,17.0,1313.0
2025-11-05,Среда,15,Foodmarket Тепло Черникова,7.0,11573.95,12604.0,1030.05,51.0,1653.4214285714286
2025-11-05,Среда,16,Foodmarket Тепло Черникова,6.0,7220.0,8528.0,948.0,46.0,1203.3333333333333
2025-11-05,Среда,17,Foodmarket Тепло Черникова,9.0,9984.0,11981.0,1767.0,56.0,1109.3333333333333
2025-11-05,Среда,18,Foodmarket Тепло Черникова,11.0,16086.0,18907.0,2791.0,79.0,1462.3636363636363
2025-11-05,Среда,19,Foodmarket Тепло Черникова,5.0,11085.0,11813.0,595.0,43.0,2217.0
2025-11-05,Среда,20,Foodmarket Тепло Черникова,2.0,4435.0,4587.0,152.0,14.0,2217.5
2025-11-05,Среда,21,Foodmarket Тепло Черникова,7.0,32301.0,32858.0,557.0,139.0,4614.428571428572
2025-11-06,Четверг,9,Foodmarket Тепло Черникова,2.0,7003.0,7089.0,86.0,14.0,3501.5
2025-11-06,Четверг,11,Foodmarket Тепло Черникова,3.0,2062.0,5980.0,160.0,17.0,687.3333333333334
2025-11-06,Четверг,12,Foodmarket Тепло Черникова,3.0,3047.0,3927.0,880.0,11.0,1015.6666666666666
2025-11-06,Четверг,13,Foodmarket Тепло Черникова,4.0,3100.0,4281.0,1181.0,15.0,775.0
2025-11-06,Четверг,14,Foodmarket Тепло Черникова,3.0,3083.0,3193.0,110.0,19.0,1027.6666666666667
2025-11-06,Четверг,15,Foodmarket Тепло Черникова,8.0,9846.8,11890.0,1413.2,34.0,1230.85
2025-11-06,Четверг,16,Foodmarket Тепло Черникова,6.0,14785.05,15735.0,640.95,64.0,2464.1749999999997
2025-11-06,Четверг,17,Foodmarket Тепло Черникова,10.0,10462.0,11805.0,1343.0,43.0,1046.2
2025-11-06,Четверг,18,Foodmarket Тепло Черникова,3.0,2206.0,2578.0,372.0,14.0,735.3333333333334
2025-11-06,Четверг,19,Foodmarket Тепло Черникова,5.0,7897.0,8227.0,210.0,29.0,1579.4
2025-11-06,Четверг,20,Foodmarket Тепло Черникова,5.0,6582.0,6882.0,300.0,34.0,1316.4
2025-11-06,Четверг,21,Foodmarket Тепло Черникова,3.0,3148.0,4020.0,872.0,15.0,1049.3333333333333
2025-11-07,Пятница,9,Foodmarket Тепло Черникова,2.0,5069.0,5881.0,812.0,33.0,2534.5
2025-11-07,Пятница,10,Foodmarket Тепло Черникова,4.0,2211.0,2835.0,624.0,20.0,552.75
2025-11-07,Пятница,11,Foodmarket Тепло Черникова,3.0,6618.3,11744.0,727.7,33.0,2206.1
2025-11-07,Пятница,12,Foodmarket Тепло Черникова,1.0,2329.0,2329.0,0.0,19.0,2329.0
2025-11-07,Пятница,13,Foodmarket Тепло Черникова,3.0,3675.0,4804.0,1019.0,23.0,1225.0
2025-11-07,Пятница,14,Foodmarket Тепло Черникова,4.0,2778.0,3073.0,75.0,14.0,694.5
2025-11-07,Пятница,15,Foodmarket Тепло Черникова,10.0,12814.0,14760.0,1726.0,58.0,1281.4
2025-11-07,Пятница,16,Foodmarket Тепло Черникова,8.0,12394.0,13870.0,1476.0,79.0,1549.25
2025-11-07,Пятница,17,Foodmarket Тепло Черникова,15.0,31591.0,34828.0,2327.0,135.0,2106.0666666666666
2025-11-07,Пятница,18,Foodmarket Тепло Черникова,18.0,28591.0,32684.0,3873.0,133.0,1588.388888888889
2025-11-07,Пятница,19,Foodmarket Тепло Черникова,7.0,12322.0,14022.0,1300.0,56.0,1760.2857142857142
2025-11-07,Пятница,20,Foodmarket Тепло Черникова,13.0,20320.0,22479.0,1931.0,126.0,1563.076923076923
2025-11-07,Пятница,21,Foodmarket Тепло Черникова,7.0,8711.65,9945.0,1093.35,41.0,1244.5214285714285
2025-11-07,Пятница,22,Foodmarket Тепло Черникова,1.0,1804.0,2257.0,433.0,10.0,1804.0
2025-11-08,Суббота,9,Foodmarket Тепло Черникова,4.0,9811.7,12095.0,2173.3,51.0,2452.925
2025-11-08,Суббота,10,Foodmarket Тепло Черникова,4.0,5664.0,6377.0,713.0,32.0,1416.0
2025-11-08,Суббота,11,Foodmarket Тепло Черникова,7.0,10461.0,12045.0,1584.0,36.0,1494.4285714285713
2025-11-08,Суббота,12,Foodmarket Тепло Черникова,8.0,14364.0,16065.0,1522.0,70.0,1795.5
2025-11-08,Суббота,13,Foodmarket Тепло Черникова,6.0,3824.0,5457.0,1413.0,31.0,637.3333333333334
2025-11-08,Суббота,14,Foodmarket Тепло Черникова,6.0,10749.0,11091.0,342.0,46.0,1791.5
2025-11-08,Суббота,15,Foodmarket Тепло Черникова,6.0,11995.0,12744.0,749.0,42.0,1999.1666666666667
2025-11-08,Суббота,16,Foodmarket Тепло Черникова,16.0,32982.0,36510.0,3428.0,177.0,2061.375
2025-11-08,Суббота,17,Foodmarket Тепло Черникова,16.0,24374.15,26767.0,2282.85,126.0,1523.384375
2025-11-08,Суббота,18,Foodmarket Тепло Черникова,12.0,12648.0,16118.0,1851.0,76.0,1054.0
2025-11-08,Суббота,19,Foodmarket Тепло Черникова,9.0,8754.15,9966.0,999.85,57.0,972.6833333333333
2025-11-08,Суббота,20,Foodmarket Тепло Черникова,15.0,47978.0,49211.0,924.0,293.0,3198.5333333333333
2025-11-08,Суббота,21,Foodmarket Тепло Черникова,6.0,8663.0,10555.0,902.0,43.0,1443.8333333333333
2025-11-09,Воскресенье,9,Foodmarket Тепло Черникова,1.0,2088.0,2289.0,201.0,5.0,2088.0
2025-11-09,Воскресенье,10,Foodmarket Тепло Черникова,4.0,7875.6,8942.0,1066.4,27.0,1968.9
2025-11-09,Воскресенье,11,Foodmarket Тепло Черникова,4.0,4455.0,4921.0,346.0,17.0,1113.75
2025-11-09,Воскресенье,12,Foodmarket Тепло Черникова,2.0,2590.0,2710.0,120.0,18.0,1295.0
2025-11-09,Воскресенье,13,Foodmarket Тепло Черникова,4.0,5464.0,7127.0,153.0,27.0,1366.0
2025-11-09,Воскресенье,14,Foodmarket Тепло Черникова,6.0,11150.0,11459.0,69.0,68.0,1858.3333333333333
2025-11-09,Воскресенье,15,Foodmarket Тепло Черникова,7.0,10914.0,13276.0,2252.0,52.0,1559.142857142857
2025-11-09,Воскресенье,16,Foodmarket Тепло Черникова,4.0,9374.0,9492.0,118.0,31.0,2343.5
2025-11-09,Воскресенье,17,Foodmarket Тепло Черникова,9.0,11682.15,13162.0,1259.85,58.0,1298.0166666666667
2025-11-09,Воскресенье,18,Foodmarket Тепло Черникова,7.0,8853.0,9496.0,643.0,54.0,1264.7142857142858
2025-11-09,Воскресенье,19,Foodmarket Тепло Черникова,6.0,6755.0,7881.0,1126.0,37.0,1125.8333333333333
2025-11-09,Воскресенье,20,Foodmarket Тепло Черникова,5.0,3677.0,3994.0,317.0,18.0,735.4
2025-11-09,Воскресенье,21,Foodmarket Тепло Черникова,4.0,11372.0,13154.0,1642.0,68.0,2843.0
2025-11-10,Понедельник,9,Foodmarket Тепло Черникова,2.0,3177.0,3432.0,145.0,27.0,1588.5
2025-11-10,Понедельник,10,Foodmarket Тепло Черникова,4.0,6863.0,7326.0,173.0,47.0,1715.75
2025-11-10,Понедельник,11,Foodmarket Тепло Черникова,5.0,4326.0,9613.0,5177.0,42.0,865.2
2025-11-10,Понедельник,12,Foodmarket Тепло Черникова,5.0,7966.1,8737.0,770.9,33.0,1593.22
2025-11-10,Понедельник,13,Foodmarket Тепло Черникова,8.0,14871.0,16376.0,1145.0,57.0,1858.875
2025-11-10,Понедельник,14,Foodmarket Тепло Черникова,1.0,968.0,968.0,0.0,2.0,968.0
2025-11-10,Понедельник,15,Foodmarket Тепло Черникова,5.0,5867.0,6979.0,1112.0,31.0,1173.4
2025-11-10,Понедельник,16,Foodmarket Тепло Черникова,2.0,1761.0,2119.0,248.0,6.0,880.5
2025-11-10,Понедельник,17,Foodmarket Тепло Черникова,11.0,18230.0,28085.0,4069.0,67.0,1657.2727272727273
2025-11-10,Понедельник,18,Foodmarket Тепло Черникова,7.0,11674.0,13233.0,879.0,51.0,1667.7142857142858
2025-11-10,Понедельник,19,Foodmarket Тепло Черникова,7.0,11283.0,12724.0,1441.0,48.0,1611.857142857143
2025-11-10,Понедельник,20,Foodmarket Тепло Черникова,5.0,6001.0,7424.0,1313.0,26.0,1200.2
2025-11-10,Понедельник,21,Foodmarket Тепло Черникова,3.0,1804.0,2674.0,870.0,12.0,601.3333333333334
2025-11-11,Вторник,9,Foodmarket Тепло Черникова,1.0,3319.0,5807.0,2488.0,11.0,3319.0
2025-11-11,Вторник,10,Foodmarket Тепло Черникова,4.0,6588.0,7343.0,755.0,36.0,1647.0
2025-11-11,Вторник,11,Foodmarket Тепло Черникова,3.0,3696.0,3696.0,0.0,22.0,1232.0
2025-11-11,Вторник,12,Foodmarket Тепло Черникова,2.0,1595.0,1595.0,0.0,10.0,797.5
2025-11-11,Вторник,13,Foodmarket Тепло Черникова,4.0,5825.0,5966.0,141.0,27.0,1456.25
2025-11-11,Вторник,14,Foodmarket Тепло Черникова,9.0,14611.95,15779.0,1057.05,74.0,1623.5500000000002
2025-11-11,Вторник,15,Foodmarket Тепло Черникова,6.0,7391.0,9175.0,1194.0,31.0,1231.8333333333333
2025-11-11,Вторник,16,Foodmarket Тепло Черникова,4.0,9676.0,10912.0,1236.0,40.0,2419.0
2025-11-11,Вторник,17,Foodmarket Тепло Черникова,3.0,6938.0,7332.0,394.0,19.0,2312.6666666666665
2025-11-11,Вторник,18,Foodmarket Тепло Черникова,8.0,8916.0,10094.0,479.0,45.0,1114.5
2025-11-11,Вторник,19,Foodmarket Тепло Черникова,9.0,15313.97,17374.0,1821.03,64.0,1701.552222222222
2025-11-11,Вторник,20,Foodmarket Тепло Черникова,1.0,1245.0,1345.0,100.0,9.0,1245.0
2025-11-11,Вторник,21,Foodmarket Тепло Черникова,2.0,5618.0,5618.0,0.0,35.0,2809.0
2025-11-12,Среда,8,Foodmarket Тепло Черникова,1.0,679.0,870.0,81.0,4.0,679.0
2025-11-12,Среда,10,Foodmarket Тепло Черникова,4.0,4775.0,5584.0,699.0,19.0,1193.75
2025-11-12,Среда,11,Foodmarket Тепло Черникова,3.0,2972.0,3539.0,337.0,22.0,990.6666666666666
2025-11-12,Среда,12,Foodmarket Тепло Черникова,3.0,1468.0,1588.0,120.0,3.0,489.3333333333333
2025-11-12,Среда,14,Foodmarket Тепло Черникова,2.0,1921.0,2109.0,78.0,8.0,960.5
2025-11-12,Среда,15,Foodmarket Тепло Черникова,2.0,2897.0,3072.0,175.0,14.0,1448.5
2025-11-12,Среда,16,Foodmarket Тепло Черникова,7.0,8465.35,9419.0,953.65,43.0,1209.3357142857144
2025-11-12,Среда,17,Foodmarket Тепло Черникова,9.0,8283.0,11722.0,1306.0,63.0,920.3333333333334
2025-11-12,Среда,18,Foodmarket Тепло Черникова,6.0,7714.0,8578.0,754.0,32.0,1285.6666666666667
2025-11-12,Среда,19,Foodmarket Тепло Черникова,5.0,5899.95,6305.0,405.05,27.0,1179.99
2025-11-12,Среда,20,Foodmarket Тепло Черникова,3.0,3936.0,4370.0,434.0,18.0,1312.0
2025-11-12,Среда,21,Foodmarket Тепло Черникова,1.0,1278.0,1439.0,161.0,7.0,1278.0
2025-11-13,Четверг,10,Foodmarket Тепло Черникова,3.0,3301.15,3909.0,607.85,13.0,1100.3833333333334
2025-11-13,Четверг,11,Foodmarket Тепло Черникова,3.0,1253.0,4832.0,3049.0,11.0,417.6666666666667
2025-11-13,Четверг,12,Foodmarket Тепло Черникова,5.0,6681.0,6932.0,251.0,28.0,1336.2
2025-11-13,Четверг,13,Foodmarket Тепло Черникова,2.0,2184.0,2977.0,683.0,11.0,1092.0
2025-11-13,Четверг,14,Foodmarket Тепло Черникова,3.0,2842.0,3182.0,230.0,16.0,947.3333333333334
2025-11-13,Четверг,15,Foodmarket Тепло Черникова,4.0,5409.0,5797.0,388.0,36.0,1352.25
2025-11-13,Четверг,16,Foodmarket Тепло Черникова,4.0,4953.35,5803.0,615.65,24.0,1238.3375
2025-11-13,Четверг,17,Foodmarket Тепло Черникова,8.0,10806.0,11504.0,697.0,54.0,1350.75
2025-11-13,Четверг,18,Foodmarket Тепло Черникова,11.0,8145.0,11357.0,2512.0,45.0,740.4545454545455
2025-11-13,Четверг,19,Foodmarket Тепло Черникова,9.0,17465.6,19669.0,2093.4,92.0,1940.622222222222
2025-11-13,Четверг,20,Foodmarket Тепло Черникова,7.0,6565.0,8842.0,2057.0,42.0,937.8571428571429
2025-11-14,Пятница,8,Foodmarket Тепло Черникова,1.0,1536.0,1633.0,97.0,19.0,1536.0
2025-11-14,Пятница,9,Foodmarket Тепло Черникова,1.0,1209.0,1209.0,0.0,4.0,1209.0
2025-11-14,Пятница,10,Foodmarket Тепло Черникова,6.0,9254.9,15658.0,1198.1,68.0,1542.4833333333333
2025-11-14,Пятница,11,Foodmarket Тепло Черникова,3.0,4483.0,4723.0,240.0,22.0,1494.3333333333333
2025-11-14,Пятница,12,Foodmarket Тепло Черникова,1.0,320.0,320.0,0.0,2.0,320.0
2025-11-14,Пятница,13,Foodmarket Тепло Черникова,11.0,11087.0,12878.0,1271.0,53.0,1007.9090909090909
2025-11-14,Пятница,14,Foodmarket Тепло Черникова,4.0,4814.0,5083.0,159.0,24.0,1203.5
2025-11-14,Пятница,15,Foodmarket Тепло Черникова,8.0,14141.65,15996.0,1744.35,75.0,1767.70625
2025-11-14,Пятница,16,Foodmarket Тепло Черникова,13.0,16248.0,18195.0,1947.0,62.0,1249.8461538461538
2025-11-14,Пятница,17,Foodmarket Тепло Черникова,20.0,32142.0,34207.0,1845.0,167.0,1607.1
2025-11-14,Пятница,18,Foodmarket Тепло Черникова,26.0,42203.0,47522.0,4298.0,161.0,1623.1923076923076
2025-11-14,Пятница,19,Foodmarket Тепло Черникова,19.0,23388.0,26920.0,1461.0,127.0,1230.9473684210527
2025-11-14,Пятница,20,Foodmarket Тепло Черникова,10.0,21072.35,22982.0,1909.65,99.0,2107.2349999999997
2025-11-14,Пятница,21,Foodmarket Тепло Черникова,6.0,7377.0,7465.0,53.0,43.0,1229.5
2025-11-14,Пятница,22,Foodmarket Тепло Черникова,5.0,4536.0,7841.0,606.0,14.0,907.2
2025-11-15,Суббота,9,Foodmarket Тепло Черникова,4.0,4473.0,5027.0,424.0,28.0,1118.25
2025-11-15,Суббота,10,Foodmarket Тепло Черникова,5.0,6687.0,6922.0,165.0,42.0,1337.4
2025-11-15,Суббота,11,Foodmarket Тепло Черникова,5.0,7103.0,7852.0,749.0,42.0,1420.6
2025-11-15,Суббота,12,Foodmarket Тепло Черникова,8.0,10190.0,13076.0,1021.0,51.0,1273.75
2025-11-15,Суббота,13,Foodmarket Тепло Черникова,7.0,7593.3,10678.0,1584.7,39.0,1084.757142857143
2025-11-15,Суббота,14,Foodmarket Тепло Черникова,10.0,19975.0,20866.0,890.0,63.0,1997.5
2025-11-15,Суббота,15,Foodmarket Тепло Черникова,12.0,20110.0,21553.0,1443.0,93.0,1675.8333333333333
2025-11-15,Суббота,16,Foodmarket Тепло Черникова,12.0,21640.0,26209.0,1661.0,116.0,1803.3333333333333
2025-11-15,Суббота,17,Foodmarket Тепло Черникова,18.0,29678.0,32678.0,2391.0,143.0,1648.7777777777778
2025-11-15,Суббота,18,Foodmarket Тепло Черникова,19.0,32678.0,34625.0,1554.0,148.0,1719.8947368421052
2025-11-15,Суббота,19,Foodmarket Тепло Черникова,13.0,21541.0,23686.0,1852.0,102.0,1657.0
2025-11-15,Суббота,20,Foodmarket Тепло Черникова,8.0,10195.0,11128.0,573.0,40.0,1274.375
2025-11-15,Суббота,21,Foodmarket Тепло Черникова,10.0,28070.25,29433.0,322.75,185.0,2807.025
2025-11-15,Суббота,22,Foodmarket Тепло Черникова,4.0,4598.0,4860.0,262.0,23.0,1149.5
2025-11-16,Воскресенье,10,Foodmarket Тепло Черникова,9.0,15661.4,16565.0,793.6,64.0,1740.1555555555556
2025-11-16,Воскресенье,11,Foodmarket Тепло Черникова,1.0,1177.0,1177.0,0.0,6.0,1177.0
2025-11-16,Воскресенье,12,Foodmarket Тепло Черникова,4.0,5967.0,6981.0,904.0,29.0,1491.75
2025-11-16,Воскресенье,13,Foodmarket Тепло Черникова,6.0,6397.0,7236.0,729.0,24.0,1066.1666666666667
2025-11-16,Воскресенье,14,Foodmarket Тепло Черникова,3.0,5627.0,6096.0,359.0,38.0,1875.6666666666667
2025-11-16,Воскресенье,15,Foodmarket Тепло Черникова,5.0,8566.0,8921.0,354.0,40.0,1713.2
2025-11-16,Воскресенье,16,Foodmarket Тепло Черникова,18.0,24732.0,27305.0,2394.0,111.0,1374.0
2025-11-16,Воскресенье,17,Foodmarket Тепло Черникова,15.0,19748.7,24028.0,1954.3,114.0,1316.5800000000002
2025-11-16,Воскресенье,18,Foodmarket Тепло Черникова,7.0,9176.0,10061.0,885.0,55.0,1310.857142857143
2025-11-16,Воскресенье,19,Foodmarket Тепло Черникова,5.0,7130.0,7627.0,497.0,32.0,1426.0
2025-11-16,Воскресенье,20,Foodmarket Тепло Черникова,10.0,10018.0,11240.0,722.0,68.0,1001.8
2025-11-16,Воскресенье,21,Foodmarket Тепло Черникова,7.0,12556.0,13502.0,726.0,49.0,1793.7142857142858
2025-11-17,Понедельник,10,Foodmarket Тепло Черникова,1.0,3270.0,3270.0,0.0,8.0,3270.0
2025-11-17,Понедельник,11,Foodmarket Тепло Черникова,5.0,3793.0,4117.0,104.0,22.0,758.6
2025-11-17,Понедельник,12,Foodmarket Тепло Черникова,1.0,1501.0,1629.0,128.0,5.0,1501.0
2025-11-17,Понедельник,13,Foodmarket Тепло Черникова,3.0,2320.0,2874.0,554.0,10.0,773.3333333333334
2025-11-17,Понедельник,14,Foodmarket Тепло Черникова,5.0,5323.96,6150.0,616.04,22.0,1064.792
2025-11-17,Понедельник,15,Foodmarket Тепло Черникова,4.0,7337.0,8183.0,846.0,39.0,1834.25
2025-11-17,Понедельник,16,Foodmarket Тепло Черникова,6.0,10009.7,11044.0,1034.3,46.0,1668.2833333333335
2025-11-17,Понедельник,17,Foodmarket Тепло Черникова,6.0,7715.0,8401.0,650.0,40.0,1285.8333333333333
2025-11-17,Понедельник,18,Foodmarket Тепло Черникова,7.0,16272.0,17516.0,1244.0,82.0,2324.5714285714284
2025-11-17,Понедельник,19,Foodmarket Тепло Черникова,3.0,4903.0,6052.0,1149.0,30.0,1634.3333333333333
2025-11-17,Понедельник,20,Foodmarket Тепло Черникова,7.0,12052.0,12965.0,413.0,51.0,1721.7142857142858
2025-11-17,Понедельник,21,Foodmarket Тепло Черникова,1.0,2794.0,2794.0,0.0,7.0,2794.0
2025-11-17,Понедельник,22,Foodmarket Тепло Черникова,1.0,0.0,1299.0,1299.0,5.0,0.0
2025-11-18,Вторник,8,Foodmarket Тепло Черникова,1.0,2584.0,2861.0,277.0,10.0,2584.0
2025-11-18,Вторник,9,Foodmarket Тепло Черникова,2.0,1316.0,2881.0,1565.0,8.0,658.0
2025-11-18,Вторник,10,Foodmarket Тепло Черникова,3.0,3602.0,3801.0,199.0,17.0,1200.6666666666667
2025-11-18,Вторник,11,Foodmarket Тепло Черникова,3.0,3196.0,3488.0,292.0,10.0,1065.3333333333333
2025-11-18,Вторник,12,Foodmarket Тепло Черникова,2.0,2501.0,2601.0,100.0,12.0,1250.5
2025-11-18,Вторник,13,Foodmarket Тепло Черникова,6.0,8311.0,9362.0,1051.0,35.0,1385.1666666666667
2025-11-18,Вторник,14,Foodmarket Тепло Черникова,3.0,3382.0,3483.0,101.0,20.0,1127.3333333333333
2025-11-18,Вторник,15,Foodmarket Тепло Черникова,2.0,3595.0,4157.0,562.0,20.0,1797.5
2025-11-18,Вторник,16,Foodmarket Тепло Черникова,6.0,7733.9,8049.0,315.1,30.0,1288.9833333333333
2025-11-18,Вторник,17,Foodmarket Тепло Черникова,7.0,8462.55,10024.0,1561.45,31.0,1208.935714285714
2025-11-18,Вторник,18,Foodmarket Тепло Черникова,11.0,11331.85,12424.0,908.15,69.0,1030.168181818182
2025-11-18,Вторник,19,Foodmarket Тепло Черникова,6.0,4911.0,7412.0,2391.0,31.0,818.5
2025-11-18,Вторник,20,Foodmarket Тепло Черникова,7.0,6673.0,7195.0,412.0,24.0,953.2857142857143
2025-11-18,Вторник,21,Foodmarket Тепло Черникова,1.0,3243.0,3243.0,0.0,13.0,3243.0
2025-11-19,Среда,10,Foodmarket Тепло Черникова,2.0,881.0,1330.0,189.0,8.0,440.5
2025-11-19,Среда,11,Foodmarket Тепло Черникова,2.0,682.0,730.0,48.0,7.0,341.0
2025-11-19,Среда,12,Foodmarket Тепло Черникова,6.0,7890.0,10946.0,1155.0,62.0,1315.0
2025-11-19,Среда,13,Foodmarket Тепло Черникова,3.0,4222.0,4566.0,234.0,21.0,1407.3333333333333
2025-11-19,Среда,14,Foodmarket Тепло Черникова,7.0,12171.35,14945.0,2773.65,55.0,1738.7642857142857
2025-11-19,Среда,15,Foodmarket Тепло Черникова,6.0,9631.75,14419.0,2999.25,74.0,1605.2916666666667
2025-11-19,Среда,16,Foodmarket Тепло Черникова,4.0,4715.0,7139.0,825.0,25.0,1178.75
2025-11-19,Среда,17,Foodmarket Тепло Черникова,8.0,13875.0,15480.0,1605.0,68.0,1734.375
2025-11-19,Среда,18,Foodmarket Тепло Черникова,7.0,9017.0,13125.0,3778.0,49.0,1288.142857142857
2025-11-19,Среда,19,Foodmarket Тепло Черникова,7.0,8401.0,9462.0,831.0,50.0,1200.142857142857
2025-11-19,Среда,20,Foodmarket Тепло Черникова,4.0,6496.0,7327.0,831.0,38.0,1624.0
2025-11-19,Среда,21,Foodmarket Тепло Черникова,2.0,441.0,2616.0,179.0,11.0,220.5
2025-11-20,Четверг,8,Foodmarket Тепло Черникова,1.0,3198.0,3667.0,469.0,8.0,3198.0
2025-11-20,Четверг,9,Foodmarket Тепло Черникова,1.0,430.0,430.0,0.0,3.0,430.0
2025-11-20,Четверг,10,Foodmarket Тепло Черникова,3.0,3835.0,3945.0,110.0,15.0,1278.3333333333333
2025-11-20,Четверг,11,Foodmarket Тепло Черникова,5.0,5854.0,6658.0,804.0,24.0,1170.8
2025-11-20,Четверг,12,Foodmarket Тепло Черникова,3.0,4650.9,5395.0,714.1,21.0,1550.3
2025-11-20,Четверг,13,Foodmarket Тепло Черникова,3.0,3772.0,4659.0,777.0,19.0,1257.3333333333333
2025-11-20,Четверг,14,Foodmarket Тепло Черникова,6.0,2064.0,2686.0,621.0,18.0,344.0
2025-11-20,Четверг,15,Foodmarket Тепло Черникова,4.0,3276.0,4250.0,754.0,23.0,819.0
2025-11-20,Четверг,16,Foodmarket Тепло Черникова,9.0,12228.0,14118.0,986.0,59.0,1358.6666666666667
2025-11-20,Четверг,17,Foodmarket Тепло Черникова,8.0,12649.0,14419.0,1660.0,69.0,1581.125
2025-11-20,Четверг,18,Foodmarket Тепло Черникова,13.0,15686.0,17512.0,1556.0,81.0,1206.6153846153845
2025-11-20,Четверг,19,Foodmarket Тепло Черникова,8.0,7029.0,8134.0,924.0,29.0,878.625
2025-11-20,Четверг,20,Foodmarket Тепло Черникова,5.0,6115.0,6694.0,579.0,30.0,1223.0
2025-11-20,Четверг,21,Foodmarket Тепло Черникова,2.0,320.0,3374.0,1755.0,7.0,160.0
2025-11-21,Пятница,8,Foodmarket Тепло Черникова,1.0,2203.0,2492.0,289.0,15.0,2203.0
2025-11-21,Пятница,9,Foodmarket Тепло Черникова,1.0,1454.0,1454.0,0.0,13.0,1454.0
2025-11-21,Пятница,10,Foodmarket Тепло Черникова,7.0,13915.0,16268.0,2163.0,63.0,1987.857142857143
2025-11-21,Пятница,11,Foodmarket Тепло Черникова,4.0,7664.0,8219.0,555.0,31.0,1916.0
2025-11-21,Пятница,12,Foodmarket Тепло Черникова,2.0,1508.0,2627.0,1009.0,13.0,754.0
2025-11-21,Пятница,13,Foodmarket Тепло Черникова,3.0,3784.0,4461.0,677.0,20.0,1261.3333333333333
2025-11-21,Пятница,14,Foodmarket Тепло Черникова,12.0,13574.0,16238.0,2554.0,65.0,1131.1666666666667
2025-11-21,Пятница,15,Foodmarket Тепло Черникова,10.0,17953.65,20639.0,2396.35,100.0,1795.3650000000002
2025-11-21,Пятница,16,Foodmarket Тепло Черникова,12.0,16820.0,19207.0,2277.0,78.0,1401.6666666666667
2025-11-21,Пятница,17,Foodmarket Тепло Черникова,20.0,27952.0,37100.0,4572.0,187.0,1397.6
2025-11-21,Пятница,18,Foodmarket Тепло Черникова,18.0,25606.0,33424.0,4931.0,150.0,1422.5555555555557
2025-11-21,Пятница,19,Foodmarket Тепло Черникова,14.0,14701.0,21272.0,2956.0,86.0,1050.0714285714287
2025-11-21,Пятница,20,Foodmarket Тепло Черникова,10.0,11178.0,12467.0,1179.0,57.0,1117.8
2025-11-21,Пятница,21,Foodmarket Тепло Черникова,6.0,17543.0,18384.0,841.0,82.0,2923.8333333333335
2025-11-21,Пятница,22,Foodmarket Тепло Черникова,3.0,4338.0,5096.0,758.0,17.0,1446.0
2025-11-22,Суббота,8,Foodmarket Тепло Черникова,2.0,2808.0,3438.0,520.0,8.0,1404.0
2025-11-22,Суббота,9,Foodmarket Тепло Черникова,1.0,3976.0,4398.0,422.0,8.0,3976.0
2025-11-22,Суббота,10,Foodmarket Тепло Черникова,4.0,5564.0,6441.0,877.0,30.0,1391.0
2025-11-22,Суббота,11,Foodmarket Тепло Черникова,3.0,3140.0,3479.0,229.0,15.0,1046.6666666666667
2025-11-22,Суббота,12,Foodmarket Тепло Черникова,7.0,11655.65,13337.0,1571.35,56.0,1665.0928571428572
2025-11-22,Суббота,13,Foodmarket Тепло Черникова,8.0,8954.0,10510.0,1556.0,41.0,1119.25
2025-11-22,Суббота,14,Foodmarket Тепло Черникова,6.0,8205.0,10089.0,1444.0,45.0,1367.5
2025-11-22,Суббота,15,Foodmarket Тепло Черникова,9.0,12485.0,13825.0,1230.0,59.0,1387.2222222222222
2025-11-22,Суббота,16,Foodmarket Тепло Черникова,16.0,18332.0,27824.0,4475.0,99.0,1145.75
2025-11-22,Суббота,17,Foodmarket Тепло Черникова,13.0,22603.0,25473.0,2760.0,111.0,1738.6923076923076
2025-11-22,Суббота,18,Foodmarket Тепло Черникова,17.0,26393.0,30892.0,4159.0,146.0,1552.5294117647059
2025-11-22,Суббота,19,Foodmarket Тепло Черникова,16.0,25877.0,30580.0,4483.0,130.0,1617.3125
2025-11-22,Суббота,20,Foodmarket Тепло Черникова,11.0,20572.0,21588.0,726.0,88.0,1870.1818181818182
2025-11-22,Суббота,21,Foodmarket Тепло Черникова,10.0,10439.0,13926.0,849.0,71.0,1043.9
2025-11-22,Суббота,22,Foodmarket Тепло Черникова,1.0,1130.0,1130.0,0.0,5.0,1130.0
2025-11-23,Воскресенье,8,Foodmarket Тепло Черникова,1.0,2680.0,3149.0,469.0,10.0,2680.0
2025-11-23,Воскресенье,9,Foodmarket Тепло Черникова,2.0,3935.0,4004.0,69.0,27.0,1967.5
2025-11-23,Воскресенье,10,Foodmarket Тепло Черникова,4.0,6952.0,8590.0,1518.0,39.0,1738.0
2025-11-23,Воскресенье,11,Foodmarket Тепло Черникова,7.0,9620.15,16604.0,1128.85,50.0,1374.3071428571427
2025-11-23,Воскресенье,12,Foodmarket Тепло Черникова,5.0,6675.0,9232.0,1138.0,26.0,1335.0
2025-11-23,Воскресенье,13,Foodmarket Тепло Черникова,5.0,4849.0,5450.0,601.0,28.0,969.8
2025-11-23,Воскресенье,14,Foodmarket Тепло Черникова,7.0,9553.0,10853.0,1300.0,62.0,1364.7142857142858
2025-11-23,Воскресенье,15,Foodmarket Тепло Черникова,6.0,6763.0,11452.0,1562.0,59.0,1127.1666666666667
2025-11-23,Воскресенье,16,Foodmarket Тепло Черникова,8.0,13028.05,15241.0,1063.95,59.0,1628.50625
2025-11-23,Воскресенье,17,Foodmarket Тепло Черникова,12.0,17024.17,21273.0,4138.83,84.0,1418.680833333333
2025-11-23,Воскресенье,18,Foodmarket Тепло Черникова,6.0,9773.0,11857.0,1974.0,40.0,1628.8333333333333
2025-11-23,Воскресенье,19,Foodmarket Тепло Черникова,8.0,8730.5,10535.0,1344.5,32.0,1091.3125
2025-11-23,Воскресенье,20,Foodmarket Тепло Черникова,6.0,8902.0,11269.0,2037.0,44.0,1483.6666666666667
2025-11-23,Воскресенье,21,Foodmarket Тепло Черникова,3.0,2938.0,3407.0,469.0,16.0,979.3333333333334
2025-11-24,Понедельник,8,Foodmarket Тепло Черникова,1.0,2632.45,3097.0,464.55,5.0,2632.45
2025-11-24,Понедельник,9,Foodmarket Тепло Черникова,2.0,5857.0,6855.0,998.0,16.0,2928.5
2025-11-24,Понедельник,10,Foodmarket Тепло Черникова,2.0,5103.0,5694.0,591.0,13.0,2551.5
2025-11-24,Понедельник,11,Foodmarket Тепло Черникова,1.0,1819.85,2610.0,321.15,9.0,1819.85
2025-11-24,Понедельник,12,Foodmarket Тепло Черникова,3.0,3884.0,4691.0,777.0,29.0,1294.6666666666667
2025-11-24,Понедельник,13,Foodmarket Тепло Черникова,1.0,1559.0,1848.0,289.0,8.0,1559.0
2025-11-24,Понедельник,14,Foodmarket Тепло Черникова,6.0,8911.0,10409.0,1498.0,48.0,1485.1666666666667
2025-11-24,Понедельник,15,Foodmarket Тепло Черникова,3.0,3382.99,4475.0,693.01,22.0,1127.6633333333332
2025-11-24,Понедельник,16,Foodmarket Тепло Черникова,5.0,8032.45,10506.0,714.55,37.0,1606.49
2025-11-24,Понедельник,17,Foodmarket Тепло Черникова,6.0,8652.0,9811.0,1049.0,29.0,1442.0
2025-11-24,Понедельник,18,Foodmarket Тепло Черникова,11.0,16433.0,20381.0,1888.0,100.0,1493.909090909091
2025-11-24,Понедельник,19,Foodmarket Тепло Черникова,5.0,7904.85,9084.0,1179.15,35.0,1580.97
2025-11-24,Понедельник,20,Foodmarket Тепло Черникова,4.0,6415.0,6516.0,101.0,24.0,1603.75
2025-11-25,Вторник,9,Foodmarket Тепло Черникова,2.0,1648.0,2087.0,439.0,8.0,824.0
2025-11-25,Вторник,11,Foodmarket Тепло Черникова,4.0,4406.2,5074.0,477.8,27.0,1101.55
2025-11-25,Вторник,12,Foodmarket Тепло Черникова,5.0,9450.0,10787.0,1227.0,64.0,1890.0
2025-11-25,Вторник,13,Foodmarket Тепло Черникова,10.0,8890.06,13528.0,1181.94,51.0,889.006
2025-11-25,Вторник,14,Foodmarket Тепло Черникова,7.0,10450.0,11824.0,1374.0,50.0,1492.857142857143
2025-11-25,Вторник,15,Foodmarket Тепло Черникова,4.0,6199.0,7262.0,1063.0,29.0,1549.75
2025-11-25,Вторник,16,Foodmarket Тепло Черникова,5.0,7636.0,8949.0,1183.0,46.0,1527.2
2025-11-25,Вторник,17,Foodmarket Тепло Черникова,5.0,7194.0,9433.0,2015.0,43.0,1438.8
2025-11-25,Вторник,18,Foodmarket Тепло Черникова,8.0,10376.0,11913.0,1427.0,54.0,1297.0
2025-11-25,Вторник,19,Foodmarket Тепло Черникова,12.0,17301.0,18840.0,1299.0,99.0,1441.75
2025-11-25,Вторник,20,Foodmarket Тепло Черникова,9.0,25991.0,26624.0,632.0,146.0,2887.8888888888887
2025-11-25,Вторник,21,Foodmarket Тепло Черникова,3.0,3268.0,5476.0,699.0,18.0,1089.3333333333333
2025-11-26,Среда,2,Foodmarket Тепло Черникова,1.0,0.0,2867.0,2867.0,3.0,0.0
2025-11-26,Среда,6,Foodmarket Тепло Черникова,1.0,3088.0,3199.0,111.0,7.0,3088.0
2025-11-26,Среда,9,Foodmarket Тепло Черникова,1.0,1290.0,2062.0,472.0,14.0,1290.0
2025-11-26,Среда,10,Foodmarket Тепло Черникова,1.0,2493.0,3124.0,623.0,27.0,2493.0
2025-11-26,Среда,11,Foodmarket Тепло Черникова,3.0,1679.0,2279.0,490.0,16.0,559.6666666666666
2025-11-26,Среда,12,Foodmarket Тепло Черникова,3.0,4258.0,5087.0,609.0,43.0,1419.3333333333333
2025-11-26,Среда,13,Foodmarket Тепло Черникова,3.0,5519.0,6882.0,1363.0,28.0,1839.6666666666667
2025-11-26,Среда,14,Foodmarket Тепло Черникова,3.0,1931.19,2090.0,48.81,12.0,643.73
2025-11-26,Среда,16,Foodmarket Тепло Черникова,7.0,9945.15,11713.0,1158.85,56.0,1420.7357142857143
2025-11-26,Среда,17,Foodmarket Тепло Черникова,11.0,20664.55,24190.0,3055.45,106.0,1878.5954545454545
2025-11-26,Среда,18,Foodmarket Тепло Черникова,5.0,6932.0,7959.0,738.0,40.0,1386.4
2025-11-26,Среда,19,Foodmarket Тепло Черникова,7.0,15885.0,18773.0,2853.0,80.0,2269.285714285714
2025-11-26,Среда,20,Foodmarket Тепло Черникова,12.0,15221.0,18129.0,2568.0,74.0,1268.4166666666667
2025-11-26,Среда,21,Foodmarket Тепло Черникова,2.0,8826.0,9416.0,590.0,40.0,4413.0
2025-11-26,Среда,22,Foodmarket Тепло Черникова,1.0,0.0,2515.0,2515.0,14.0,0.0
2025-11-27,Четверг,6,Foodmarket Тепло Черникова,1.0,5582.0,6051.0,469.0,19.0,5582.0
2025-11-27,Четверг,8,Foodmarket Тепло Черникова,1.0,2199.0,2668.0,469.0,5.0,2199.0
2025-11-27,Четверг,9,Foodmarket Тепло Черникова,3.0,3152.0,3883.0,731.0,19.0,1050.6666666666667
2025-11-27,Четверг,10,Foodmarket Тепло Черникова,2.0,1850.0,1911.0,61.0,8.0,925.0
2025-11-27,Четверг,11,Foodmarket Тепло Черникова,2.0,2960.0,3354.0,394.0,17.0,1480.0
2025-11-27,Четверг,12,Foodmarket Тепло Черникова,2.0,3194.95,3547.0,352.05,18.0,1597.475
2025-11-27,Четверг,13,Foodmarket Тепло Черникова,1.0,2297.0,2766.0,469.0,15.0,2297.0
2025-11-27,Четверг,14,Foodmarket Тепло Черникова,5.0,7789.2,9057.0,1267.8,34.0,1557.84
2025-11-27,Четверг,15,Foodmarket Тепло Черникова,2.0,3302.0,3621.0,289.0,20.0,1651.0
2025-11-27,Четверг,16,Foodmarket Тепло Черникова,4.0,4311.0,4917.0,606.0,26.0,1077.75
2025-11-27,Четверг,17,Foodmarket Тепло Черникова,5.0,7082.0,7989.0,797.0,30.0,1416.4
2025-11-27,Четверг,18,Foodmarket Тепло Черникова,7.0,7831.0,9643.0,1483.0,65.0,1118.7142857142858
2025-11-27,Четверг,19,Foodmarket Тепло Черникова,5.0,6163.0,6575.0,382.0,37.0,1232.6
2025-11-27,Четверг,20,Foodmarket Тепло Черникова,10.0,13359.0,15681.0,1952.0,79.0,1335.9
2025-11-27,Четверг,21,Foodmarket Тепло Черникова,1.0,0.0,230.0,230.0,2.0,0.0
2025-11-28,Пятница,8,Foodmarket Тепло Черникова,1.0,2099.0,2568.0,469.0,13.0,2099.0
2025-11-28,Пятница,9,Foodmarket Тепло Черникова,1.0,0.0,150.0,150.0,1.0,0.0
2025-11-28,Пятница,10,Foodmarket Тепло Черникова,1.0,1433.0,1433.0,0.0,9.0,1433.0
2025-11-28,Пятница,11,Foodmarket Тепло Черникова,3.0,7180.0,7819.0,469.0,26.0,2393.3333333333335
2025-11-28,Пятница,12,Foodmarket Тепло Черникова,6.0,7732.0,9287.0,1335.0,56.0,1288.6666666666667
2025-11-28,Пятница,13,Foodmarket Тепло Черникова,6.0,6860.0,8091.0,1101.0,43.0,1143.3333333333333
2025-11-28,Пятница,14,Foodmarket Тепло Черникова,9.0,14639.0,16989.0,2020.0,79.0,1626.5555555555557
2025-11-28,Пятница,15,Foodmarket Тепло Черникова,15.0,19768.6,25188.0,3981.4,111.0,1317.9066666666665
2025-11-28,Пятница,16,Foodmarket Тепло Черникова,10.0,22582.0,24985.0,1803.0,104.0,2258.2
2025-11-28,Пятница,17,Foodmarket Тепло Черникова,19.0,33496.0,40529.0,5288.0,157.0,1762.9473684210527
2025-11-28,Пятница,18,Foodmarket Тепло Черникова,16.0,23825.0,27642.0,3308.0,113.0,1489.0625
2025-11-28,Пятница,19,Foodmarket Тепло Черникова,16.0,29355.0,34508.0,4813.0,125.0,1834.6875
2025-11-28,Пятница,20,Foodmarket Тепло Черникова,8.0,11495.0,14298.0,2733.0,61.0,1436.875
2025-11-28,Пятница,21,Foodmarket Тепло Черникова,6.0,8562.0,10029.0,1467.0,42.0,1427.0
2025-11-28,Пятница,22,Foodmarket Тепло Черникова,3.0,2036.0,3238.0,712.0,17.0,678.6666666666666
2025-11-28,Пятница,23,Foodmarket Тепло Черникова,1.0,0.0,1199.0,1199.0,1.0,0.0
2025-11-29,Суббота,7,Foodmarket Тепло Черникова,1.0,3731.0,4511.0,780.0,28.0,3731.0
2025-11-29,Суббота,9,Foodmarket Тепло Черникова,1.0,2283.0,2752.0,469.0,11.0,2283.0
2025-11-29,Суббота,10,Foodmarket Тепло Черникова,5.0,9620.0,18466.0,1340.0,71.0,1924.0
2025-11-29,Суббота,11,Foodmarket Тепло Черникова,7.0,9674.0,11451.0,1327.0,37.0,1382.0
2025-11-29,Суббота,12,Foodmarket Тепло Черникова,5.0,9898.0,11597.0,1699.0,34.0,1979.6
2025-11-29,Суббота,13,Foodmarket Тепло Черникова,10.0,12602.0,14567.0,1735.0,46.0,1260.2
2025-11-29,Суббота,14,Foodmarket Тепло Черникова,11.0,14648.0,18901.0,3079.0,87.0,1331.6363636363637
2025-11-29,Суббота,15,Foodmarket Тепло Черникова,13.0,17012.0,19463.0,2341.0,91.0,1308.6153846153845
2025-11-29,Суббота,16,Foodmarket Тепло Черникова,9.0,11056.0,12416.0,1110.0,63.0,1228.4444444444443
2025-11-29,Суббота,17,Foodmarket Тепло Черникова,13.0,27925.0,32360.0,4435.0,111.0,2148.076923076923
2025-11-29,Суббота,18,Foodmarket Тепло Черникова,11.0,15893.0,17754.0,1791.0,69.0,1444.8181818181818
2025-11-29,Суббота,19,Foodmarket Тепло Черникова,9.0,11445.0,12797.0,1022.0,59.0,1271.6666666666667
2025-11-29,Суббота,20,Foodmarket Тепло Черникова,9.0,14858.0,17129.0,1871.0,59.0,1650.888888888889
2025-11-29,Суббота,21,Foodmarket Тепло Черникова,6.0,8198.0,11853.0,1757.0,54.0,1366.3333333333333
2025-11-29,Суббота,22,Foodmarket Тепло Черникова,3.0,1022.0,1369.0,347.0,5.0,340.6666666666667
2025-11-30,Воскресенье,6,Foodmarket Тепло Черникова,1.0,1832.0,2121.0,289.0,8.0,1832.0
2025-11-30,Воскресенье,8,Foodmarket Тепло Черникова,1.0,1386.0,1557.0,171.0,8.0,1386.0
2025-11-30,Воскресенье,9,Foodmarket Тепло Черникова,1.0,1578.0,1867.0,289.0,5.0,1578.0
2025-11-30,Воскресенье,10,Foodmarket Тепло Черникова,8.0,13742.0,15458.0,1606.0,75.0,1717.75
2025-11-30,Воскресенье,11,Foodmarket Тепло Черникова,9.0,15259.0,19930.0,2493.0,63.0,1695.4444444444443
2025-11-30,Воскресенье,12,Foodmarket Тепло Черникова,4.0,5046.0,5995.0,589.0,22.0,1261.5
2025-11-30,Воскресенье,13,Foodmarket Тепло Черникова,12.0,22165.0,25446.0,3281.0,86.0,1847.0833333333333
2025-11-30,Воскресенье,14,Foodmarket Тепло Черникова,4.0,7459.0,9325.0,1866.0,42.0,1864.75
2025-11-30,Воскресенье,15,Foodmarket Тепло Черникова,15.0,27040.0,31223.0,4183.0,129.0,1802.6666666666667
2025-11-30,Воскресенье,16,Foodmarket Тепло Черникова,22.0,39170.0,50419.0,6162.0,217.0,1780.4545454545455
2025-11-30,Воскресенье,17,Foodmarket Тепло Черникова,14.0,16281.0,23728.0,1774.0,89.0,1162.9285714285713
2025-11-30,Воскресенье,18,Foodmarket Тепло Черникова,20.0,27907.0,33789.0,3973.0,137.0,1395.35
2025-11-30,Воскресенье,19,Foodmarket Тепло Черникова,8.0,4725.0,7476.0,1273.0,39.0,590.625
2025-11-30,Воскресенье,20,Foodmarket Тепло Черникова,9.0,11978.0,14064.0,1086.0,72.0,1330.888888888889
2025-11-30,Воскресенье,22,Foodmarket Тепло Черникова,1.0,3831.0,4092.0,261.0,11.0,3831.0
2025-12-01,Понедельник,7,Foodmarket Тепло Черникова,1.0,2255.0,2724.0,469.0,6.0,2255.0
2025-12-01,Понедельник,8,Foodmarket Тепло Черникова,2.0,4667.0,5605.0,938.0,26.0,2333.5
2025-12-01,Понедельник,10,Foodmarket Тепло Черникова,1.0,304.0,499.0,195.0,1.0,304.0
2025-12-01,Понедельник,11,Foodmarket Тепло Черникова,7.0,7789.0,12547.0,1388.0,59.0,1112.7142857142858
2025-12-01,Понедельник,12,Foodmarket Тепло Черникова,1.0,1219.0,1219.0,0.0,4.0,1219.0
2025-12-01,Понедельник,13,Foodmarket Тепло Черникова,1.0,1282.0,1419.0,137.0,3.0,1282.0
2025-12-01,Понедельник,14,Foodmarket Тепло Черникова,3.0,3359.0,3573.0,104.0,13.0,1119.6666666666667
2025-12-01,Понедельник,16,Foodmarket Тепло Черникова,8.0,9285.0,11100.0,1385.0,53.0,1160.625
2025-12-01,Понедельник,17,Foodmarket Тепло Черникова,15.0,21782.45,32634.0,5410.55,130.0,1452.1633333333334
2025-12-01,Понедельник,18,Foodmarket Тепло Черникова,11.0,10747.0,15150.0,3773.0,71.0,977.0
2025-12-01,Понедельник,19,Foodmarket Тепло Черникова,9.0,11900.0,14929.0,2569.0,66.0,1322.2222222222222
2025-12-01,Понедельник,20,Foodmarket Тепло Черникова,7.0,19042.0,20442.0,336.0,113.0,2720.285714285714
2025-12-02,Вторник,7,Foodmarket Тепло Черникова,1.0,2598.0,3067.0,469.0,3.0,2598.0
2025-12-02,Вторник,8,Foodmarket Тепло Черникова,2.0,4202.3,5385.0,783.7,10.0,2101.15
2025-12-02,Вторник,10,Foodmarket Тепло Черникова,2.0,5707.0,6176.0,469.0,38.0,2853.5
2025-12-02,Вторник,11,Foodmarket Тепло Черникова,5.0,13551.6,15822.0,2270.4,48.0,2710.32
2025-12-02,Вторник,12,Foodmarket Тепло Черникова,6.0,3775.0,5555.0,1450.0,27.0,629.1666666666666
2025-12-02,Вторник,13,Foodmarket Тепло Черникова,2.0,4673.0,6432.0,1649.0,33.0,2336.5
2025-12-02,Вторник,14,Foodmarket Тепло Черникова,2.0,872.0,2162.0,1180.0,11.0,436.0
2025-12-02,Вторник,15,Foodmarket Тепло Черникова,6.0,10623.0,12748.0,2125.0,45.0,1770.5
2025-12-02,Вторник,16,Foodmarket Тепло Черникова,8.0,13824.0,16110.0,2284.0,58.0,1728.0
2025-12-02,Вторник,17,Foodmarket Тепло Черникова,3.0,6114.0,7014.0,900.0,13.0,2038.0
2025-12-02,Вторник,18,Foodmarket Тепло Черникова,6.0,9331.0,11290.0,1959.0,58.0,1555.1666666666667
2025-12-02,Вторник,19,Foodmarket Тепло Черникова,4.0,3448.0,6572.0,3014.0,25.0,862.0
2025-12-02,Вторник,20,Foodmarket Тепло Черникова,4.0,2586.0,5469.0,2653.0,21.0,646.5
2025-12-02,Вторник,21,Foodmarket Тепло Черникова,4.0,11784.0,12524.0,740.0,59.0,2946.0
2025-12-02,Вторник,22,Foodmarket Тепло Черникова,1.0,2123.0,2498.0,375.0,2.0,2123.0
2025-12-03,Среда,10,Foodmarket Тепло Черникова,3.0,16235.0,16595.0,360.0,35.0,5411.666666666667
2025-12-03,Среда,11,Foodmarket Тепло Черникова,1.0,1617.55,2192.0,285.45,15.0,1617.55
2025-12-03,Среда,12,Foodmarket Тепло Черникова,2.0,2603.0,3070.0,337.0,18.0,1301.5
2025-12-03,Среда,13,Foodmarket Тепло Черникова,7.0,6320.0,7780.0,1240.0,35.0,902.8571428571429
2025-12-03,Среда,14,Foodmarket Тепло Черникова,2.0,4008.0,4821.0,813.0,19.0,2004.0
2025-12-03,Среда,15,Foodmarket Тепло Черникова,6.0,8235.95,10689.0,985.05,39.0,1372.6583333333335
2025-12-03,Среда,16,Foodmarket Тепло Черникова,3.0,4969.0,5548.0,469.0,17.0,1656.3333333333333
2025-12-03,Среда,17,Foodmarket Тепло Черникова,12.0,19229.55,21805.0,2135.45,90.0,1602.4624999999999
2025-12-03,Среда,18,Foodmarket Тепло Черникова,6.0,9540.0,10315.0,775.0,39.0,1590.0
2025-12-03,Среда,19,Foodmarket Тепло Черникова,5.0,5087.0,5934.0,737.0,26.0,1017.4
2025-12-03,Среда,20,Foodmarket Тепло Черникова,6.0,7290.0,8899.0,1539.0,39.0,1215.0
2025-12-03,Среда,21,Foodmarket Тепло Черникова,3.0,4048.0,4566.0,518.0,21.0,1349.3333333333333
2025-12-04,Четверг,9,Foodmarket Тепло Черникова,1.0,370.0,580.0,100.0,5.0,370.0
2025-12-04,Четверг,10,Foodmarket Тепло Черникова,3.0,3696.0,4604.0,908.0,13.0,1232.0
2025-12-04,Четверг,11,Foodmarket Тепло Черникова,1.0,1832.0,1897.0,65.0,9.0,1832.0
2025-12-04,Четверг,12,Foodmarket Тепло Черникова,1.0,693.0,965.0,162.0,6.0,693.0
2025-12-04,Четверг,13,Foodmarket Тепло Черникова,2.0,1990.0,2504.0,219.0,27.0,995.0
2025-12-04,Четверг,14,Foodmarket Тепло Черникова,5.0,5744.0,6613.0,869.0,30.0,1148.8
2025-12-04,Четверг,15,Foodmarket Тепло Черникова,6.0,6862.0,9045.0,1963.0,34.0,1143.6666666666667
2025-12-04,Четверг,16,Foodmarket Тепло Черникова,8.0,11916.2,14469.0,2083.8,81.0,1489.525
2025-12-04,Четверг,17,Foodmarket Тепло Черникова,9.0,11412.0,12869.0,1347.0,69.0,1268.0
2025-12-04,Четверг,18,Foodmarket Тепло Черникова,5.0,4855.0,6093.0,1238.0,19.0,971.0
2025-12-04,Четверг,19,Foodmarket Тепло Черникова,5.0,5663.0,7516.0,1633.0,33.0,1132.6
2025-12-04,Четверг,20,Foodmarket Тепло Черникова,8.0,18478.0,20580.0,578.0,102.0,2309.75
2025-12-04,Четверг,21,Foodmarket Тепло Черникова,1.0,1546.0,1835.0,289.0,14.0,1546.0
2025-12-05,Пятница,4,Foodmarket Тепло Черникова,1.0,2067.0,2466.0,399.0,6.0,2067.0
2025-12-05,Пятница,10,Foodmarket Тепло Черникова,3.0,5159.0,6192.0,923.0,20.0,1719.6666666666667
2025-12-05,Пятница,11,Foodmarket Тепло Черникова,4.0,6467.0,7249.0,672.0,40.0,1616.75
2025-12-05,Пятница,12,Foodmarket Тепло Черникова,6.0,3881.0,5217.0,1096.0,24.0,646.8333333333334
2025-12-05,Пятница,13,Foodmarket Тепло Черникова,7.0,7952.0,9351.0,1069.0,62.0,1136.0
2025-12-05,Пятница,14,Foodmarket Тепло Черникова,6.0,11139.0,13002.0,1863.0,40.0,1856.5
2025-12-05,Пятница,15,Foodmarket Тепло Черникова,8.0,13277.0,15361.0,2084.0,51.0,1659.625
2025-12-05,Пятница,16,Foodmarket Тепло Черникова,10.0,19732.0,23180.0,3448.0,97.0,1973.2
2025-12-05,Пятница,17,Foodmarket Тепло Черникова,21.0,35636.0,42122.0,6156.0,176.0,1696.952380952381
2025-12-05,Пятница,18,Foodmarket Тепло Черникова,18.0,26185.0,30119.0,3714.0,142.0,1454.7222222222222
2025-12-05,Пятница,19,Foodmarket Тепло Черникова,7.0,10412.0,11850.0,1368.0,47.0,1487.4285714285713
2025-12-05,Пятница,20,Foodmarket Тепло Черникова,14.0,30730.6,33716.0,2694.4,162.0,2195.042857142857
2025-12-05,Пятница,21,Foodmarket Тепло Черникова,4.0,3906.0,4267.0,231.0,21.0,976.5
2025-12-05,Пятница,22,Foodmarket Тепло Черникова,2.0,1812.0,2079.0,267.0,7.0,906.0
2025-12-05,Пятница,23,Foodmarket Тепло Черникова,1.0,1013.0,1519.0,506.0,9.0,1013.0
2025-12-06,Суббота,10,Foodmarket Тепло Черникова,3.0,3569.0,4807.0,1088.0,15.0,1189.6666666666667
2025-12-06,Суббота,11,Foodmarket Тепло Черникова,9.0,15998.15,20044.0,3526.85,71.0,1777.572222222222
2025-12-06,Суббота,12,Foodmarket Тепло Черникова,9.0,14184.85,16698.0,1264.15,73.0,1576.0944444444444
2025-12-06,Суббота,13,Foodmarket Тепло Черникова,9.0,15871.0,17340.0,1359.0,64.0,1763.4444444444443
2025-12-06,Суббота,14,Foodmarket Тепло Черникова,13.0,22240.0,25633.0,3393.0,109.0,1710.7692307692307
2025-12-06,Суббота,15,Foodmarket Тепло Черникова,17.0,22662.0,26533.0,3651.0,136.0,1333.0588235294117
2025-12-06,Суббота,16,Foodmarket Тепло Черникова,16.0,26425.0,30914.0,4049.0,131.0,1651.5625
2025-12-06,Суббота,17,Foodmarket Тепло Черникова,13.0,17716.0,23785.0,4259.0,96.0,1362.7692307692307
2025-12-06,Суббота,18,Foodmarket Тепло Черникова,13.0,23406.0,28095.0,4659.0,98.0,1800.4615384615386
2025-12-06,Суббота,19,Foodmarket Тепло Черникова,19.0,29383.0,36293.0,3657.0,135.0,1546.4736842105262
2025-12-06,Суббота,20,Foodmarket Тепло Черникова,17.0,33340.0,38958.0,3117.0,163.0,1961.1764705882354
2025-12-06,Суббота,21,Foodmarket Тепло Черникова,5.0,7690.0,8593.0,683.0,27.0,1538.0
2025-12-06,Суббота,22,Foodmarket Тепло Черникова,1.0,0.0,530.0,530.0,1.0,0.0
2025-12-07,Воскресенье,8,Foodmarket Тепло Черникова,1.0,3241.0,3710.0,469.0,20.0,3241.0
2025-12-07,Воскресенье,10,Foodmarket Тепло Черникова,4.0,11590.35,13375.0,1784.65,64.0,2897.5875
2025-12-07,Воскресенье,11,Foodmarket Тепло Черникова,3.0,3346.0,4231.0,885.0,19.0,1115.3333333333333
2025-12-07,Воскресенье,12,Foodmarket Тепло Черникова,2.0,3342.0,3940.0,598.0,15.0,1671.0
2025-12-07,Воскресенье,13,Foodmarket Тепло Черникова,8.0,7657.0,9612.0,1196.0,37.0,957.125
2025-12-07,Воскресенье,14,Foodmarket Тепло Черникова,2.0,4164.0,4962.0,798.0,18.0,2082.0
2025-12-07,Воскресенье,15,Foodmarket Тепло Черникова,7.0,10396.0,11944.0,1438.0,48.0,1485.142857142857
2025-12-07,Воскресенье,16,Foodmarket Тепло Черникова,15.0,22654.0,27034.0,3770.0,134.0,1510.2666666666667
2025-12-07,Воскресенье,17,Foodmarket Тепло Черникова,10.0,11919.5,14471.0,2441.5,51.0,1191.95
2025-12-07,Воскресенье,18,Foodmarket Тепло Черникова,11.0,15128.55,17062.0,1444.45,72.0,1375.3227272727272
2025-12-07,Воскресенье,19,Foodmarket Тепло Черникова,6.0,7863.0,8676.0,593.0,44.0,1310.5
2025-12-07,Воскресенье,20,Foodmarket Тепло Черникова,6.0,13409.94,14324.0,914.06,69.0,2234.9900000000002
2025-12-07,Воскресенье,21,Foodmarket Тепло Черникова,1.0,183.13,439.0,255.87,1.0,183.13
2025-12-08,Понедельник,9,Foodmarket Тепло Черникова,3.0,4824.0,8715.0,469.0,46.0,1608.0
2025-12-08,Понедельник,10,Foodmarket Тепло Черникова,3.0,3368.0,4164.0,796.0,24.0,1122.6666666666667
2025-12-08,Понедельник,11,Foodmarket Тепло Черникова,4.0,7930.0,8933.0,893.0,43.0,1982.5
2025-12-08,Понедельник,12,Foodmarket Тепло Черникова,6.0,4085.0,7138.0,3053.0,53.0,680.8333333333334
2025-12-08,Понедельник,13,Foodmarket Тепло Черникова,5.0,11111.0,12034.0,803.0,71.0,2222.2
2025-12-08,Понедельник,14,Foodmarket Тепло Черникова,5.0,5666.0,6407.0,631.0,31.0,1133.2
2025-12-08,Понедельник,15,Foodmarket Тепло Черникова,4.0,2189.0,6530.0,721.0,25.0,547.25
2025-12-08,Понедельник,16,Foodmarket Тепло Черникова,2.0,1891.0,2379.0,358.0,7.0,945.5
2025-12-08,Понедельник,17,Foodmarket Тепло Черникова,3.0,3288.0,4118.0,780.0,17.0,1096.0
2025-12-08,Понедельник,18,Foodmarket Тепло Черникова,8.0,11470.0,13382.0,1581.0,81.0,1433.75
2025-12-08,Понедельник,19,Foodmarket Тепло Черникова,5.0,6489.0,7507.0,1018.0,37.0,1297.8
2025-12-08,Понедельник,20,Foodmarket Тепло Черникова,7.0,10911.0,12598.0,888.0,48.0,1558.7142857142858
2025-12-08,Понедельник,22,Foodmarket Тепло Черникова,1.0,4617.0,5086.0,469.0,6.0,4617.0
2025-12-09,Вторник,9,Foodmarket Тепло Черникова,1.0,894.0,1429.0,295.0,7.0,894.0
2025-12-09,Вторник,10,Foodmarket Тепло Черникова,1.0,0.0,1.0,1.0,2.0,0.0
2025-12-09,Вторник,11,Foodmarket Тепло Черникова,4.0,7806.0,9410.0,1604.0,28.0,1951.5
2025-12-09,Вторник,12,Foodmarket Тепло Черникова,4.0,4153.0,5722.0,1259.0,27.0,1038.25
2025-12-09,Вторник,13,Foodmarket Тепло Черникова,6.0,10665.0,12620.0,1735.0,37.0,1777.5
2025-12-09,Вторник,14,Foodmarket Тепло Черникова,2.0,3200.95,4046.0,376.05,12.0,1600.475
2025-12-09,Вторник,15,Foodmarket Тепло Черникова,6.0,5990.05,7810.0,1310.95,40.0,998.3416666666667
2025-12-09,Вторник,16,Foodmarket Тепло Черникова,2.0,1416.0,2430.0,644.0,14.0,708.0
2025-12-09,Вторник,17,Foodmarket Тепло Черникова,10.0,18991.9,21475.0,2483.1,74.0,1899.19
2025-12-09,Вторник,18,Foodmarket Тепло Черникова,10.0,13472.0,14921.0,1229.0,65.0,1347.2
2025-12-09,Вторник,19,Foodmarket Тепло Черникова,6.0,6785.0,7784.0,999.0,41.0,1130.8333333333333
2025-12-09,Вторник,20,Foodmarket Тепло Черникова,12.0,11492.0,15974.0,3384.0,68.0,957.6666666666666
2025-12-09,Вторник,21,Foodmarket Тепло Черникова,2.0,282.0,494.0,212.0,14.0,141.0
2025-12-10,Среда,9,Foodmarket Тепло Черникова,2.0,6223.9,7188.0,495.1,29.0,3111.95
2025-12-10,Среда,10,Foodmarket Тепло Черникова,1.0,1416.0,1439.0,23.0,7.0,1416.0
2025-12-10,Среда,11,Foodmarket Тепло Черникова,2.0,4030.0,4088.0,58.0,36.0,2015.0
2025-12-10,Среда,12,Foodmarket Тепло Черникова,1.0,1943.0,2232.0,289.0,9.0,1943.0
2025-12-10,Среда,13,Foodmarket Тепло Черникова,2.0,2268.0,2364.0,96.0,13.0,1134.0
2025-12-10,Среда,14,Foodmarket Тепло Черникова,6.0,9391.0,10409.0,908.0,34.0,1565.1666666666667
2025-12-10,Среда,15,Foodmarket Тепло Черникова,10.0,19202.0,28659.0,3312.0,110.0,1920.2
2025-12-10,Среда,16,Foodmarket Тепло Черникова,9.0,10884.0,15921.0,4747.0,50.0,1209.3333333333333
2025-12-10,Среда,17,Foodmarket Тепло Черникова,11.0,12951.0,16970.0,1660.0,67.0,1177.3636363636363
2025-12-10,Среда,18,Foodmarket Тепло Черникова,10.0,16605.0,20748.0,2444.0,71.0,1660.5
2025-12-10,Среда,19,Foodmarket Тепло Черникова,10.0,12756.0,15084.0,2098.0,62.0,1275.6
2025-12-10,Среда,20,Foodmarket Тепло Черникова,3.0,7690.0,8789.0,1047.0,42.0,2563.3333333333335
2025-12-10,Среда,21,Foodmarket Тепло Черникова,2.0,2290.0,2999.0,469.0,18.0,1145.0
2025-12-11,Четверг,7,Foodmarket Тепло Черникова,1.0,2744.0,3213.0,469.0,22.0,2744.0
2025-12-11,Четверг,10,Foodmarket Тепло Черникова,2.0,1509.0,1948.0,439.0,12.0,754.5
2025-12-11,Четверг,11,Foodmarket Тепло Черникова,1.0,1299.0,1299.0,0.0,1.0,1299.0
2025-12-11,Четверг,12,Foodmarket Тепло Черникова,5.0,3715.0,4674.0,849.0,24.0,743.0
2025-12-11,Четверг,13,Foodmarket Тепло Черникова,5.0,4088.0,5512.0,1104.0,23.0,817.6
2025-12-11,Четверг,14,Foodmarket Тепло Черникова,7.0,6395.0,36105.0,25312.0,64.0,913.5714285714286
2025-12-11,Четверг,15,Foodmarket Тепло Черникова,6.0,8418.0,9587.0,1169.0,40.0,1403.0
2025-12-11,Четверг,16,Foodmarket Тепло Черникова,6.0,7423.0,12944.0,2063.0,57.0,1237.1666666666667
2025-12-11,Четверг,17,Foodmarket Тепло Черникова,7.0,9757.0,10928.0,1171.0,38.0,1393.857142857143
2025-12-11,Четверг,18,Foodmarket Тепло Черникова,8.0,7954.0,11632.0,3678.0,51.0,994.25
2025-12-11,Четверг,19,Foodmarket Тепло Черникова,8.0,13053.2,15257.0,1833.8,61.0,1631.65
2025-12-11,Четверг,20,Foodmarket Тепло Черникова,12.0,18988.15,27660.0,2433.85,87.0,1582.3458333333335
2025-12-11,Четверг,21,Foodmarket Тепло Черникова,9.0,28323.0,29654.0,840.0,156.0,3147.0
2025-12-12,Пятница,9,Foodmarket Тепло Черникова,1.0,2892.0,3361.0,469.0,13.0,2892.0
2025-12-12,Пятница,10,Foodmarket Тепло Черникова,4.0,7011.25,8495.0,1483.75,35.0,1752.8125
2025-12-12,Пятница,11,Foodmarket Тепло Черникова,1.0,1878.0,2167.0,289.0,7.0,1878.0
2025-12-12,Пятница,12,Foodmarket Тепло Черникова,3.0,5377.15,6355.0,517.85,33.0,1792.3833333333332
2025-12-12,Пятница,13,Foodmarket Тепло Черникова,9.0,9220.69,13166.0,2256.31,53.0,1024.5211111111112
2025-12-12,Пятница,14,Foodmarket Тепло Черникова,7.0,10290.5,11330.0,759.5,42.0,1470.0714285714287
2025-12-12,Пятница,15,Foodmarket Тепло Черникова,10.0,16784.65,20649.0,2405.35,81.0,1678.4650000000001
2025-12-12,Пятница,16,Foodmarket Тепло Черникова,25.0,41464.95,55379.0,10144.05,213.0,1658.598
2025-12-12,Пятница,17,Foodmarket Тепло Черникова,18.0,30828.0,41595.0,8156.0,142.0,1712.6666666666667
2025-12-12,Пятница,18,Foodmarket Тепло Черникова,15.0,19336.0,25250.0,2687.0,89.0,1289.0666666666666
2025-12-12,Пятница,19,Foodmarket Тепло Черникова,21.0,30949.0,34747.0,3798.0,137.0,1473.7619047619048
2025-12-12,Пятница,20,Foodmarket Тепло Черникова,7.0,12175.0,13886.0,1711.0,56.0,1739.2857142857142
2025-12-12,Пятница,21,Foodmarket Тепло Черникова,7.0,14814.19,15536.0,721.81,67.0,2116.3128571428574
2025-12-12,Пятница,22,Foodmarket Тепло Черникова,1.0,1034.0,1179.0,145.0,8.0,1034.0
2025-12-13,Суббота,8,Foodmarket Тепло Черникова,1.0,657.0,1160.0,263.0,7.0,657.0
2025-12-13,Суббота,9,Foodmarket Тепло Черникова,1.0,3417.0,3886.0,469.0,19.0,3417.0
2025-12-13,Суббота,10,Foodmarket Тепло Черникова,4.0,8725.0,9972.0,1227.0,30.0,2181.25
2025-12-13,Суббота,11,Foodmarket Тепло Черникова,5.0,9447.0,11594.0,1437.0,38.0,1889.4
2025-12-13,Суббота,12,Foodmarket Тепло Черникова,6.0,13342.0,15003.0,1661.0,50.0,2223.6666666666665
2025-12-13,Суббота,13,Foodmarket Тепло Черникова,8.0,13107.0,15908.0,2801.0,55.0,1638.375
2025-12-13,Суббота,14,Foodmarket Тепло Черникова,5.0,6933.0,8046.0,1113.0,33.0,1386.6
2025-12-13,Суббота,15,Foodmarket Тепло Черникова,16.0,27424.0,31184.0,3760.0,111.0,1714.0
2025-12-13,Суббота,16,Foodmarket Тепло Черникова,17.0,24278.0,29335.0,4947.0,136.0,1428.1176470588234
2025-12-13,Суббота,17,Foodmarket Тепло Черникова,20.0,32318.0,40756.0,6800.0,152.0,1615.9
2025-12-13,Суббота,18,Foodmarket Тепло Черникова,14.0,19785.0,23800.0,2696.0,88.0,1413.2142857142858
2025-12-13,Суббота,19,Foodmarket Тепло Черникова,12.0,15980.0,18507.0,2417.0,56.0,1331.6666666666667
2025-12-13,Суббота,20,Foodmarket Тепло Черникова,16.0,38506.0,44143.0,5187.0,186.0,2406.625
2025-12-13,Суббота,21,Foodmarket Тепло Черникова,6.0,8048.0,12163.0,2306.0,73.0,1341.3333333333333
2025-12-13,Суббота,22,Foodmarket Тепло Черникова,2.0,3429.0,4007.0,578.0,17.0,1714.5
2025-12-14,Воскресенье,10,Foodmarket Тепло Черникова,5.0,8179.0,9552.0,1113.0,31.0,1635.8
2025-12-14,Воскресенье,11,Foodmarket Тепло Черникова,3.0,3137.0,3990.0,853.0,23.0,1045.6666666666667
2025-12-14,Воскресенье,12,Foodmarket Тепло Черникова,8.0,10587.0,16788.0,1994.0,55.0,1323.375
2025-12-14,Воскресенье,13,Foodmarket Тепло Черникова,6.0,7496.0,8945.0,1449.0,43.0,1249.3333333333333
2025-12-14,Воскресенье,14,Foodmarket Тепло Черникова,5.0,8341.0,9298.0,957.0,42.0,1668.2
2025-12-14,Воскресенье,15,Foodmarket Тепло Черникова,11.0,14419.0,18970.0,2526.0,87.0,1310.8181818181818
2025-12-14,Воскресенье,16,Foodmarket Тепло Черникова,12.0,15278.0,18892.0,2955.0,71.0,1273.1666666666667
2025-12-14,Воскресенье,17,Foodmarket Тепло Черникова,17.0,23657.05,27899.0,3422.95,134.0,1391.5911764705882
2025-12-14,Воскресенье,18,Foodmarket Тепло Черникова,8.0,11343.0,15086.0,2363.0,41.0,1417.875
2025-12-14,Воскресенье,19,Foodmarket Тепло Черникова,3.0,8413.0,9850.0,938.0,34.0,2804.3333333333335
2025-12-14,Воскресенье,20,Foodmarket Тепло Черникова,6.0,10135.0,12650.0,2065.0,41.0,1689.1666666666667
2025-12-15,Понедельник,8,Foodmarket Тепло Черникова,2.0,7664.0,8764.0,1100.0,18.0,3832.0
2025-12-15,Понедельник,9,Foodmarket Тепло Черникова,1.0,3444.0,3913.0,469.0,20.0,3444.0
2025-12-15,Понедельник,10,Foodmarket Тепло Черникова,2.0,5167.0,6105.0,938.0,25.0,2583.5
2025-12-15,Понедельник,11,Foodmarket Тепло Черникова,8.0,7125.0,8636.0,1401.0,37.0,890.625
2025-12-15,Понедельник,12,Foodmarket Тепло Черникова,1.0,536.0,689.0,43.0,3.0,536.0
2025-12-15,Понедельник,13,Foodmarket Тепло Черникова,4.0,5945.0,6998.0,923.0,28.0,1486.25
2025-12-15,Понедельник,14,Foodmarket Тепло Черникова,4.0,5608.0,6854.0,1136.0,29.0,1402.0
2025-12-15,Понедельник,15,Foodmarket Тепло Черникова,2.0,2125.0,2439.0,184.0,9.0,1062.5
2025-12-15,Понедельник,16,Foodmarket Тепло Черникова,9.0,9740.0,12381.0,2421.0,60.0,1082.2222222222222
2025-12-15,Понедельник,17,Foodmarket Тепло Черникова,10.0,14330.0,18292.0,3622.0,65.0,1433.0
2025-12-15,Понедельник,18,Foodmarket Тепло Черникова,7.0,10233.3,12429.0,1726.7,71.0,1461.8999999999999
2025-12-15,Понедельник,19,Foodmarket Тепло Черникова,8.0,10251.0,14670.0,2215.0,58.0,1281.375
2025-12-15,Понедельник,20,Foodmarket Тепло Черникова,10.0,20108.0,22346.0,1857.0,102.0,2010.8
2025-12-15,Понедельник,21,Foodmarket Тепло Черникова,5.0,4545.0,9772.0,1918.0,40.0,909.0
2025-12-16,Вторник,1,Foodmarket Тепло Черникова,1.0,1598.0,1998.0,400.0,3.0,1598.0
2025-12-16,Вторник,8,Foodmarket Тепло Черникова,1.0,1007.0,1310.0,183.0,7.0,1007.0
2025-12-16,Вторник,9,Foodmarket Тепло Черникова,1.0,0.0,3678.0,3209.0,14.0,0.0
2025-12-16,Вторник,10,Foodmarket Тепло Черникова,1.0,2559.0,3028.0,469.0,12.0,2559.0
2025-12-16,Вторник,11,Foodmarket Тепло Черникова,1.0,150.0,150.0,0.0,1.0,150.0
2025-12-16,Вторник,12,Foodmarket Тепло Черникова,5.0,7076.0,9462.0,1887.0,31.0,1415.2
2025-12-16,Вторник,13,Foodmarket Тепло Черникова,2.0,3161.0,3571.0,410.0,11.0,1580.5
2025-12-16,Вторник,14,Foodmarket Тепло Черникова,3.0,5944.0,6967.0,1023.0,28.0,1981.3333333333333
2025-12-16,Вторник,15,Foodmarket Тепло Черникова,9.0,12492.0,14808.0,2086.0,61.0,1388.0
2025-12-16,Вторник,16,Foodmarket Тепло Черникова,11.0,18967.75,27104.0,3042.25,110.0,1724.340909090909
2025-12-16,Вторник,17,Foodmarket Тепло Черникова,12.0,15672.0,18118.0,2335.0,83.0,1306.0
2025-12-16,Вторник,18,Foodmarket Тепло Черникова,6.0,6114.0,8310.0,298.0,32.0,1019.0
2025-12-16,Вторник,19,Foodmarket Тепло Черникова,9.0,11138.0,17485.0,5048.0,64.0,1237.5555555555557
2025-12-16,Вторник,20,Foodmarket Тепло Черникова,4.0,3497.0,5109.0,1612.0,25.0,874.25
2025-12-16,Вторник,21,Foodmarket Тепло Черникова,6.0,10724.0,11335.0,581.0,50.0,1787.3333333333333
2025-12-17,Среда,9,Foodmarket Тепло Черникова,3.0,4248.7,6195.0,1288.3,20.0,1416.2333333333333
2025-12-17,Среда,10,Foodmarket Тепло Черникова,2.0,2704.0,3421.0,607.0,14.0,1352.0
2025-12-17,Среда,11,Foodmarket Тепло Черникова,3.0,2917.43,3364.0,226.57,28.0,972.4766666666666
2025-12-17,Среда,12,Foodmarket Тепло Черникова,3.0,6258.0,7067.0,809.0,33.0,2086.0
2025-12-17,Среда,13,Foodmarket Тепло Черникова,4.0,3416.1,3907.0,380.9,12.0,854.025
2025-12-17,Среда,14,Foodmarket Тепло Черникова,1.0,1700.0,2200.0,500.0,7.0,1700.0
2025-12-17,Среда,15,Foodmarket Тепло Черникова,5.0,10934.0,12399.0,1345.0,69.0,2186.8
2025-12-17,Среда,16,Foodmarket Тепло Черникова,10.0,18816.0,21635.0,2530.0,101.0,1881.6
2025-12-17,Среда,17,Foodmarket Тепло Черникова,9.0,16541.0,18205.0,1524.0,80.0,1837.888888888889
2025-12-17,Среда,18,Foodmarket Тепло Черникова,12.0,17708.0,20212.0,2504.0,80.0,1475.6666666666667
2025-12-17,Среда,19,Foodmarket Тепло Черникова,12.0,16674.0,19713.0,2490.0,94.0,1389.5
2025-12-17,Среда,20,Foodmarket Тепло Черникова,7.0,12673.0,14379.0,1506.0,64.0,1810.4285714285713
2025-12-18,Четверг,9,Foodmarket Тепло Черникова,1.0,80.0,150.0,70.0,1.0,80.0
2025-12-18,Четверг,10,Foodmarket Тепло Черникова,2.0,2674.0,2902.0,228.0,20.0,1337.0
2025-12-18,Четверг,11,Foodmarket Тепло Черникова,3.0,6748.0,7471.0,723.0,40.0,2249.3333333333335
2025-12-18,Четверг,12,Foodmarket Тепло Черникова,5.0,6735.0,7689.0,954.0,28.0,1347.0
2025-12-18,Четверг,13,Foodmarket Тепло Черникова,6.0,5746.08,6881.0,1024.92,28.0,957.68
2025-12-18,Четверг,15,Foodmarket Тепло Черникова,3.0,7003.0,8340.0,1337.0,26.0,2334.3333333333335
2025-12-18,Четверг,16,Foodmarket Тепло Черникова,8.0,10519.0,13263.0,2744.0,58.0,1314.875
2025-12-18,Четверг,17,Foodmarket Тепло Черникова,6.0,8213.0,9555.0,1342.0,34.0,1368.8333333333333
2025-12-18,Четверг,18,Foodmarket Тепло Черникова,5.0,5815.0,6619.0,804.0,23.0,1163.0
2025-12-18,Четверг,19,Foodmarket Тепло Черникова,5.0,5466.0,6405.0,709.0,41.0,1093.2
2025-12-18,Четверг,20,Foodmarket Тепло Черникова,16.0,24686.0,29050.0,3664.0,106.0,1542.875
2025-12-18,Четверг,21,Foodmarket Тепло Черникова,2.0,430.0,800.0,370.0,6.0,215.0
2025-12-19,Пятница,10,Foodmarket Тепло Черникова,2.0,3586.0,4509.0,923.0,17.0,1793.0
2025-12-19,Пятница,11,Foodmarket Тепло Черникова,2.0,2033.0,2233.0,200.0,10.0,1016.5
2025-12-19,Пятница,12,Foodmarket Тепло Черникова,7.0,7601.0,9430.0,1519.0,36.0,1085.857142857143
2025-12-19,Пятница,13,Foodmarket Тепло Черникова,6.0,8633.0,9952.0,1319.0,36.0,1438.8333333333333
2025-12-19,Пятница,14,Foodmarket Тепло Черникова,5.0,10501.0,12209.0,1708.0,42.0,2100.2
2025-12-19,Пятница,15,Foodmarket Тепло Черникова,5.0,8530.0,10127.0,1597.0,38.0,1706.0
2025-12-19,Пятница,16,Foodmarket Тепло Черникова,9.0,13681.0,16901.0,3220.0,66.0,1520.111111111111
2025-12-19,Пятница,17,Foodmarket Тепло Черникова,17.0,25884.0,31828.0,5824.0,132.0,1522.5882352941176
2025-12-19,Пятница,18,Foodmarket Тепло Черникова,13.0,17593.0,19769.0,2046.0,79.0,1353.3076923076924
2025-12-19,Пятница,19,Foodmarket Тепло Черникова,9.0,12310.0,15487.0,2407.0,53.0,1367.7777777777778
2025-12-19,Пятница,20,Foodmarket Тепло Черникова,13.0,22814.0,28076.0,3828.0,107.0,1754.923076923077
2025-12-19,Пятница,21,Foodmarket Тепло Черникова,5.0,5030.0,5141.0,76.0,17.0,1006.0
2025-12-19,Пятница,22,Foodmarket Тепло Черникова,3.0,2058.0,2353.0,295.0,5.0,686.0
2025-12-20,Суббота,8,Foodmarket Тепло Черникова,1.0,2115.0,2645.0,530.0,4.0,2115.0
2025-12-20,Суббота,9,Foodmarket Тепло Черникова,1.0,950.0,1190.0,120.0,8.0,950.0
2025-12-20,Суббота,10,Foodmarket Тепло Черникова,4.0,5961.0,7024.0,843.0,37.0,1490.25
2025-12-20,Суббота,11,Foodmarket Тепло Черникова,3.0,3671.0,4380.0,599.0,20.0,1223.6666666666667
2025-12-20,Суббота,12,Foodmarket Тепло Черникова,9.0,20633.0,23484.0,2851.0,83.0,2292.5555555555557
2025-12-20,Суббота,13,Foodmarket Тепло Черникова,10.0,23756.0,26326.0,2490.0,76.0,2375.6
2025-12-20,Суббота,14,Foodmarket Тепло Черникова,11.0,15877.0,18056.0,1690.0,66.0,1443.3636363636363
2025-12-20,Суббота,15,Foodmarket Тепло Черникова,6.0,7827.0,9802.0,1755.0,47.0,1304.5
2025-12-20,Суббота,16,Foodmarket Тепло Черникова,18.0,29750.0,40633.0,3847.0,150.0,1652.7777777777778
2025-12-20,Суббота,17,Foodmarket Тепло Черникова,12.0,22659.0,27030.0,4003.0,110.0,1888.25
2025-12-20,Суббота,18,Foodmarket Тепло Черникова,18.0,26451.0,33386.0,4304.0,136.0,1469.5
2025-12-20,Суббота,19,Foodmarket Тепло Черникова,7.0,13677.0,15959.0,2282.0,60.0,1953.857142857143
2025-12-20,Суббота,20,Foodmarket Тепло Черникова,8.0,13188.0,16696.0,1399.0,71.0,1648.5
2025-12-20,Суббота,21,Foodmarket Тепло Черникова,3.0,2226.0,3489.0,1153.0,16.0,742.0
2025-12-20,Суббота,22,Foodmarket Тепло Черникова,5.0,15194.0,16472.0,1133.0,80.0,3038.8
2025-12-21,Воскресенье,9,Foodmarket Тепло Черникова,3.0,3854.0,4508.0,654.0,18.0,1284.6666666666667
2025-12-21,Воскресенье,10,Foodmarket Тепло Черникова,2.0,3601.0,4231.0,630.0,17.0,1800.5
2025-12-21,Воскресенье,11,Foodmarket Тепло Черникова,5.0,8473.0,10159.0,1686.0,36.0,1694.6
2025-12-21,Воскресенье,12,Foodmarket Тепло Черникова,6.0,13931.0,16102.0,2171.0,70.0,2321.8333333333335
2025-12-21,Воскресенье,13,Foodmarket Тепло Черникова,3.0,5733.0,6552.0,819.0,20.0,1911.0
2025-12-21,Воскресенье,14,Foodmarket Тепло Черникова,5.0,12107.0,13399.0,1292.0,51.0,2421.4
2025-12-21,Воскресенье,15,Foodmarket Тепло Черникова,5.0,6564.0,8003.0,1040.0,37.0,1312.8
2025-12-21,Воскресенье,16,Foodmarket Тепло Черникова,8.0,11179.0,13260.0,1971.0,58.0,1397.375
2025-12-21,Воскресенье,17,Foodmarket Тепло Черникова,9.0,12734.0,15362.0,2298.0,66.0,1414.888888888889
2025-12-21,Воскресенье,18,Foodmarket Тепло Черникова,9.0,13484.0,15872.0,1913.0,50.0,1498.2222222222222
2025-12-21,Воскресенье,19,Foodmarket Тепло Черникова,9.0,17541.0,21788.0,4247.0,71.0,1949.0
2025-12-21,Воскресенье,20,Foodmarket Тепло Черникова,7.0,9399.0,11647.0,703.0,50.0,1342.7142857142858
2025-12-21,Воскресенье,21,Foodmarket Тепло Черникова,2.0,1740.0,2455.0,715.0,9.0,870.0
2025-12-22,Понедельник,9,Foodmarket Тепло Черникова,1.0,1456.0,2198.0,742.0,6.0,1456.0
2025-12-22,Понедельник,10,Foodmarket Тепло Черникова,5.0,7996.0,11095.0,700.0,34.0,1599.2
2025-12-22,Понедельник,11,Foodmarket Тепло Черникова,2.0,1527.0,1919.0,392.0,10.0,763.5
2025-12-22,Понедельник,12,Foodmarket Тепло Черникова,4.0,6395.0,7353.0,958.0,25.0,1598.75
2025-12-22,Понедельник,13,Foodmarket Тепло Черникова,4.0,6850.0,8200.0,1240.0,28.0,1712.5
2025-12-22,Понедельник,14,Foodmarket Тепло Черникова,4.0,6601.0,7611.0,1010.0,25.0,1650.25
2025-12-22,Понедельник,15,Foodmarket Тепло Черникова,1.0,1814.0,2103.0,289.0,18.0,1814.0
2025-12-22,Понедельник,16,Foodmarket Тепло Черникова,4.0,7787.0,9871.0,2084.0,28.0,1946.75
2025-12-22,Понедельник,17,Foodmarket Тепло Черникова,5.0,5658.0,6665.0,897.0,27.0,1131.6
2025-12-22,Понедельник,18,Foodmarket Тепло Черникова,7.0,11016.0,12578.0,1562.0,47.0,1573.7142857142858
2025-12-22,Понедельник,19,Foodmarket Тепло Черникова,10.0,15921.0,17501.0,1580.0,60.0,1592.1
2025-12-22,Понедельник,20,Foodmarket Тепло Черникова,2.0,3730.0,3840.0,110.0,16.0,1865.0
2025-12-22,Понедельник,21,Foodmarket Тепло Черникова,5.0,12125.0,13026.0,156.0,56.0,2425.0
2025-12-23,Вторник,7,Foodmarket Тепло Черникова,1.0,1441.0,1699.0,258.0,3.0,1441.0
2025-12-23,Вторник,9,Foodmarket Тепло Черникова,1.0,982.0,1195.0,103.0,8.0,982.0
2025-12-23,Вторник,10,Foodmarket Тепло Черникова,10.0,15137.0,25097.0,2530.0,83.0,1513.7
2025-12-23,Вторник,11,Foodmarket Тепло Черникова,4.0,3347.29,3672.0,35.71,14.0,836.8225
2025-12-23,Вторник,12,Foodmarket Тепло Черникова,2.0,6578.0,7108.0,530.0,31.0,3289.0
2025-12-23,Вторник,13,Foodmarket Тепло Черникова,6.0,16581.2,19127.0,2015.8,41.0,2763.5333333333333
2025-12-23,Вторник,14,Foodmarket Тепло Черникова,7.0,7928.0,9016.0,858.0,41.0,1132.5714285714287
2025-12-23,Вторник,15,Foodmarket Тепло Черникова,3.0,4556.0,5420.0,864.0,24.0,1518.6666666666667
2025-12-23,Вторник,16,Foodmarket Тепло Черникова,5.0,6037.0,6479.0,439.0,22.0,1207.4
2025-12-23,Вторник,17,Foodmarket Тепло Черникова,4.0,6876.0,8189.0,1313.0,29.0,1719.0
2025-12-23,Вторник,18,Foodmarket Тепло Черникова,12.0,23102.0,26699.0,3597.0,110.0,1925.1666666666667
2025-12-23,Вторник,19,Foodmarket Тепло Черникова,6.0,12839.0,14832.0,1993.0,38.0,2139.8333333333335
2025-12-23,Вторник,20,Foodmarket Тепло Черникова,9.0,26308.0,28708.0,1950.0,122.0,2923.1111111111113
2025-12-23,Вторник,21,Foodmarket Тепло Черникова,1.0,1159.0,1159.0,0.0,5.0,1159.0
2025-12-24,Среда,7,Foodmarket Тепло Черникова,1.0,2480.0,3010.0,530.0,15.0,2480.0
2025-12-24,Среда,8,Foodmarket Тепло Черникова,1.0,1279.0,1418.0,139.0,7.0,1279.0
2025-12-24,Среда,10,Foodmarket Тепло Черникова,2.0,3155.0,3882.0,727.0,13.0,1577.5
2025-12-24,Среда,11,Foodmarket Тепло Черникова,3.0,1771.0,2854.0,973.0,19.0,590.3333333333334
2025-12-24,Среда,12,Foodmarket Тепло Черникова,6.0,7031.4,9872.0,1211.6,54.0,1171.8999999999999
2025-12-24,Среда,13,Foodmarket Тепло Черникова,3.0,2469.0,2844.0,372.0,16.0,823.0
2025-12-24,Среда,14,Foodmarket Тепло Черникова,8.0,10046.67,12467.0,1970.33,57.0,1255.83375
2025-12-24,Среда,15,Foodmarket Тепло Черникова,2.0,4404.0,5133.0,530.0,16.0,2202.0
2025-12-24,Среда,16,Foodmarket Тепло Черникова,6.0,9762.15,11806.0,1513.85,31.0,1627.0249999999999
2025-12-24,Среда,17,Foodmarket Тепло Черникова,11.0,19742.3,23053.0,3310.7,85.0,1794.7545454545455
2025-12-24,Среда,18,Foodmarket Тепло Черникова,9.0,17965.0,20054.0,2089.0,65.0,1996.111111111111
2025-12-24,Среда,19,Foodmarket Тепло Черникова,6.0,9232.0,10588.0,1356.0,37.0,1538.6666666666667
2025-12-24,Среда,20,Foodmarket Тепло Черникова,4.0,5170.0,6274.0,904.0,22.0,1292.5
2025-12-24,Среда,21,Foodmarket Тепло Черникова,1.0,1297.0,1344.0,47.0,7.0,1297.0
2025-12-25,Четверг,9,Foodmarket Тепло Черникова,1.0,2525.0,2802.0,277.0,5.0,2525.0
2025-12-25,Четверг,10,Foodmarket Тепло Черникова,4.0,12089.05,14319.0,1589.95,63.0,3022.2625
2025-12-25,Четверг,11,Foodmarket Тепло Черникова,3.0,7753.0,8412.0,659.0,25.0,2584.3333333333335
2025-12-25,Четверг,12,Foodmarket Тепло Черникова,4.0,5517.0,6489.0,862.0,30.0,1379.25
2025-12-25,Четверг,13,Foodmarket Тепло Черникова,5.0,5933.0,6464.0,421.0,32.0,1186.6
2025-12-25,Четверг,14,Foodmarket Тепло Черникова,3.0,2574.0,3422.0,848.0,17.0,858.0
2025-12-25,Четверг,15,Foodmarket Тепло Черникова,7.0,7580.0,10391.0,1571.0,36.0,1082.857142857143
2025-12-25,Четверг,16,Foodmarket Тепло Черникова,8.0,12255.0,14426.0,2171.0,42.0,1531.875
2025-12-25,Четверг,17,Foodmarket Тепло Черникова,10.0,17145.0,19918.0,2773.0,76.0,1714.5
2025-12-25,Четверг,18,Foodmarket Тепло Черникова,15.0,20166.55,23521.0,2779.45,85.0,1344.4366666666667
2025-12-25,Четверг,19,Foodmarket Тепло Черникова,11.0,14349.0,18476.0,1474.0,74.0,1304.4545454545455
2025-12-25,Четверг,20,Foodmarket Тепло Черникова,8.0,8617.0,11980.0,2383.0,41.0,1077.125
2025-12-25,Четверг,21,Foodmarket Тепло Черникова,6.0,23971.0,30502.0,3402.0,126.0,3995.1666666666665
2025-12-26,Пятница,9,Foodmarket Тепло Черникова,5.0,16671.0,18519.0,1718.0,37.0,3334.2
2025-12-26,Пятница,10,Foodmarket Тепло Черникова,5.0,11029.0,12992.0,1963.0,43.0,2205.8
2025-12-26,Пятница,11,Foodmarket Тепло Черникова,3.0,3686.0,3975.0,289.0,24.0,1228.6666666666667
2025-12-26,Пятница,12,Foodmarket Тепло Черникова,9.0,19001.0,22413.0,3282.0,82.0,2111.222222222222
2025-12-26,Пятница,13,Foodmarket Тепло Черникова,15.0,26163.0,30063.0,3390.0,112.0,1744.2
2025-12-26,Пятница,14,Foodmarket Тепло Черникова,7.0,12334.0,13884.0,1372.0,49.0,1762.0
2025-12-26,Пятница,15,Foodmarket Тепло Черникова,11.0,20768.4,26750.0,3348.6,103.0,1888.0363636363638
2025-12-26,Пятница,16,Foodmarket Тепло Черникова,11.0,18197.6,21899.0,3698.4,86.0,1654.3272727272727
2025-12-26,Пятница,17,Foodmarket Тепло Черникова,21.0,32104.5,38265.0,5365.5,117.0,1528.7857142857142
2025-12-26,Пятница,18,Foodmarket Тепло Черникова,18.0,29760.0,35036.0,5056.0,121.0,1653.3333333333333
2025-12-26,Пятница,19,Foodmarket Тепло Черникова,18.0,27537.0,34871.0,3199.0,131.0,1529.8333333333333
2025-12-26,Пятница,20,Foodmarket Тепло Черникова,12.0,15326.0,20507.0,2058.0,81.0,1277.1666666666667
2025-12-26,Пятница,21,Foodmarket Тепло Черникова,9.0,33689.0,34159.0,250.0,156.0,3743.222222222222
2025-12-26,Пятница,22,Foodmarket Тепло Черникова,1.0,1379.0,1596.0,217.0,11.0,1379.0
2025-12-27,Суббота,8,Foodmarket Тепло Черникова,2.0,6998.0,7927.0,929.0,22.0,3499.0
2025-12-27,Суббота,9,Foodmarket Тепло Черникова,2.0,4338.0,4868.0,530.0,9.0,2169.0
2025-12-27,Суббота,10,Foodmarket Тепло Черникова,2.0,3287.0,3576.0,289.0,12.0,1643.5
2025-12-27,Суббота,11,Foodmarket Тепло Черникова,8.0,17974.0,20227.0,2143.0,79.0,2246.75
2025-12-27,Суббота,12,Foodmarket Тепло Черникова,4.0,5116.0,6198.0,424.0,22.0,1279.0
2025-12-27,Суббота,13,Foodmarket Тепло Черникова,12.0,21253.65,26574.0,4445.35,115.0,1771.1375
2025-12-27,Суббота,14,Foodmarket Тепло Черникова,6.0,8832.0,10847.0,1905.0,50.0,1472.0
2025-12-27,Суббота,15,Foodmarket Тепло Черникова,12.0,16103.0,19155.0,2789.0,80.0,1341.9166666666667
2025-12-27,Суббота,16,Foodmarket Тепло Черникова,17.0,29521.0,35052.0,4851.0,142.0,1736.5294117647059
2025-12-27,Суббота,17,Foodmarket Тепло Черникова,16.0,28030.65,32795.0,4654.35,122.0,1751.915625
2025-12-27,Суббота,18,Foodmarket Тепло Черникова,13.0,22813.0,26548.0,3314.0,98.0,1754.8461538461538
2025-12-27,Суббота,19,Foodmarket Тепло Черникова,15.0,26097.0,30776.0,4574.0,106.0,1739.8
2025-12-27,Суббота,20,Foodmarket Тепло Черникова,10.0,14977.0,18163.0,2048.0,69.0,1497.7
2025-12-27,Суббота,21,Foodmarket Тепло Черникова,4.0,3819.0,4768.0,829.0,20.0,954.75
2025-12-27,Суббота,22,Foodmarket Тепло Черникова,2.0,3721.0,5051.0,1330.0,19.0,1860.5
2025-12-28,Воскресенье,9,Foodmarket Тепло Черникова,3.0,4541.0,4541.0,0.0,13.0,1513.6666666666667
2025-12-28,Воскресенье,10,Foodmarket Тепло Черникова,2.0,3718.0,4321.0,578.0,16.0,1859.0
2025-12-28,Воскресенье,11,Foodmarket Тепло Черникова,2.0,9207.0,10261.0,1054.0,39.0,4603.5
2025-12-28,Воскресенье,12,Foodmarket Тепло Черникова,6.0,11797.0,14037.0,2130.0,64.0,1966.1666666666667
2025-12-28,Воскресенье,13,Foodmarket Тепло Черникова,10.0,15219.75,18315.0,2445.25,74.0,1521.975
2025-12-28,Воскресенье,14,Foodmarket Тепло Черникова,6.0,13320.0,15038.0,1583.0,33.0,2220.0
2025-12-28,Воскресенье,15,Foodmarket Тепло Черникова,4.0,10126.0,11219.0,1013.0,47.0,2531.5
2025-12-28,Воскресенье,16,Foodmarket Тепло Черникова,12.0,18127.0,21516.0,1789.0,90.0,1510.5833333333333
2025-12-28,Воскресенье,17,Foodmarket Тепло Черникова,7.0,11196.0,13269.0,1963.0,57.0,1599.4285714285713
2025-12-28,Воскресенье,18,Foodmarket Тепло Черникова,5.0,6936.0,7024.0,88.0,28.0,1387.2
2025-12-28,Воскресенье,19,Foodmarket Тепло Черникова,9.0,14780.0,16938.0,2003.0,72.0,1642.2222222222222
2025-12-28,Воскресенье,20,Foodmarket Тепло Черникова,12.0,17449.0,19979.0,2530.0,77.0,1454.0833333333333
2025-12-28,Воскресенье,21,Foodmarket Тепло Черникова,3.0,5944.0,8325.0,2381.0,32.0,1981.3333333333333
2025-12-29,Понедельник,1,Foodmarket Тепло Черникова,1.0,3214.0,3744.0,530.0,19.0,3214.0
2025-12-29,Понедельник,7,Foodmarket Тепло Черникова,1.0,859.0,1095.0,106.0,4.0,859.0
2025-12-29,Понедельник,8,Foodmarket Тепло Черникова,1.0,2598.0,3128.0,530.0,3.0,2598.0
2025-12-29,Понедельник,9,Foodmarket Тепло Черникова,3.0,4249.0,4754.0,505.0,21.0,1416.3333333333333
2025-12-29,Понедельник,10,Foodmarket Тепло Черникова,3.0,8687.0,9767.0,1080.0,41.0,2895.6666666666665
2025-12-29,Понедельник,11,Foodmarket Тепло Черникова,9.0,20081.9,22253.0,1861.1,92.0,2231.3222222222225
2025-12-29,Понедельник,12,Foodmarket Тепло Черникова,4.0,5212.0,5937.0,615.0,24.0,1303.0
2025-12-29,Понедельник,13,Foodmarket Тепло Черникова,3.0,4661.0,5199.0,538.0,21.0,1553.6666666666667
2025-12-29,Понедельник,14,Foodmarket Тепло Черникова,7.0,10376.0,13091.0,2715.0,41.0,1482.2857142857142
2025-12-29,Понедельник,15,Foodmarket Тепло Черникова,10.0,16054.0,18759.0,2485.0,82.0,1605.4
2025-12-29,Понедельник,16,Foodmarket Тепло Черникова,7.0,10784.0,12643.0,1859.0,42.0,1540.5714285714287
2025-12-29,Понедельник,17,Foodmarket Тепло Черникова,13.0,18745.0,20576.0,1721.0,90.0,1441.923076923077
2025-12-29,Понедельник,18,Foodmarket Тепло Черникова,12.0,18239.0,21355.0,2931.0,99.0,1519.9166666666667
2025-12-29,Понедельник,19,Foodmarket Тепло Черникова,17.0,33870.0,38200.0,4220.0,147.0,1992.3529411764705
2025-12-29,Понедельник,20,Foodmarket Тепло Черникова,7.0,4945.0,5817.0,762.0,23.0,706.4285714285714
2025-12-29,Понедельник,21,Foodmarket Тепло Черникова,3.0,2586.0,2893.0,197.0,9.0,862.0
2025-12-30,Вторник,8,Foodmarket Тепло Черникова,3.0,6781.0,8245.0,1464.0,30.0,2260.3333333333335
2025-12-30,Вторник,9,Foodmarket Тепло Черникова,4.0,11387.0,16196.0,3380.0,43.0,2846.75
2025-12-30,Вторник,10,Foodmarket Тепло Черникова,6.0,11972.0,12550.0,578.0,59.0,1995.3333333333333
2025-12-30,Вторник,11,Foodmarket Тепло Черникова,9.0,20946.0,23580.0,2631.0,92.0,2327.3333333333335
2025-12-30,Вторник,12,Foodmarket Тепло Черникова,4.0,8266.0,9369.0,1103.0,40.0,2066.5
2025-12-30,Вторник,13,Foodmarket Тепло Черникова,3.0,6100.0,6952.0,852.0,26.0,2033.3333333333333
2025-12-30,Вторник,14,Foodmarket Тепло Черникова,7.0,12371.0,17962.0,2568.0,47.0,1767.2857142857142
2025-12-30,Вторник,15,Foodmarket Тепло Черникова,8.0,13241.0,17958.0,2728.0,86.0,1655.125
2025-12-30,Вторник,16,Foodmarket Тепло Черникова,12.0,24783.0,29700.0,3593.0,115.0,2065.25
2025-12-30,Вторник,17,Foodmarket Тепло Черникова,11.0,20933.75,24515.0,3316.25,91.0,1903.0681818181818
2025-12-30,Вторник,18,Foodmarket Тепло Черникова,8.0,13522.0,15176.0,1619.0,62.0,1690.25
2025-12-30,Вторник,19,Foodmarket Тепло Черникова,12.0,18614.0,20822.0,1763.0,85.0,1551.1666666666667
2025-12-30,Вторник,20,Foodmarket Тепло Черникова,7.0,12348.0,14278.0,1930.0,55.0,1764.0
2025-12-30,Вторник,21,Foodmarket Тепло Черникова,2.0,1133.0,2523.0,91.0,4.0,566.5
2025-12-30,Вторник,22,Foodmarket Тепло Черникова,1.0,4228.0,5188.0,960.0,13.0,4228.0
2025-12-30,Вторник,23,Foodmarket Тепло Черникова,1.0,2831.0,3361.0,530.0,17.0,2831.0
2025-12-31,Среда,8,Foodmarket Тепло Черникова,1.0,2460.0,2990.0,530.0,6.0,2460.0
2025-12-31,Среда,9,Foodmarket Тепло Черникова,4.0,14059.0,15651.0,1592.0,41.0,3514.75
2025-12-31,Среда,10,Foodmarket Тепло Черникова,11.0,25965.0,31921.0,5950.0,109.0,2360.4545454545455
2025-12-31,Среда,11,Foodmarket Тепло Черникова,14.0,24751.0,26636.0,1850.0,95.0,1767.9285714285713
2025-12-31,Среда,12,Foodmarket Тепло Черникова,12.0,26146.0,29815.0,3669.0,104.0,2178.8333333333335
2025-12-31,Среда,13,Foodmarket Тепло Черникова,9.0,22150.0,23753.0,1523.0,65.0,2461.1111111111113
2025-12-31,Среда,14,Foodmarket Тепло Черникова,10.0,21589.2,25670.0,2981.8,70.0,2158.92
2025-12-31,Среда,15,Foodmarket Тепло Черникова,10.0,21799.0,25464.0,3665.0,74.0,2179.9
2025-12-31,Среда,16,Foodmarket Тепло Черникова,7.0,10483.0,12009.0,1526.0,33.0,1497.5714285714287
2025-12-31,Среда,17,Foodmarket Тепло Черникова,15.0,25960.9,35336.0,3518.1,96.0,1730.7266666666667
2025-12-31,Среда,18,Foodmarket Тепло Черникова,4.0,9782.0,12665.0,2803.0,53.0,2445.5
2025-12-31,Среда,19,Foodmarket Тепло Черникова,5.0,12377.0,14463.0,2086.0,45.0,2475.4
2025-12-31,Среда,20,Foodmarket Тепло Черникова,4.0,9296.0,13263.0,2637.0,29.0,2324.0
2025-12-31,Среда,21,Foodmarket Тепло Черникова,4.0,12291.0,13730.0,1439.0,39.0,3072.75
2025-12-31,Среда,22,Foodmarket Тепло Черникова,2.0,5151.0,5970.0,819.0,18.0,2575.5
2026-01-02,Пятница,1,Foodmarket Тепло Черникова,1.0,0.0,3384.0,3384.0,3.0,0.0
2026-01-02,Пятница,8,Foodmarket Тепло Черникова,1.0,2579.0,3109.0,530.0,13.0,2579.0
2026-01-02,Пятница,10,Foodmarket Тепло Черникова,2.0,7975.0,8794.0,819.0,36.0,3987.5
2026-01-02,Пятница,11,Foodmarket Тепло Черникова,6.0,8829.0,12627.0,700.0,31.0,1471.5
2026-01-02,Пятница,12,Foodmarket Тепло Черникова,5.0,11158.0,12893.0,1490.0,64.0,2231.6
2026-01-02,Пятница,13,Foodmarket Тепло Черникова,5.0,9943.0,10953.0,1010.0,34.0,1988.6
2026-01-02,Пятница,14,Foodmarket Тепло Черникова,8.0,9427.0,10581.0,1044.0,35.0,1178.375
2026-01-02,Пятница,15,Foodmarket Тепло Черникова,7.0,13248.0,15414.0,2166.0,59.0,1892.5714285714287
2026-01-02,Пятница,16,Foodmarket Тепло Черникова,11.0,17064.0,19460.0,2396.0,69.0,1551.2727272727273
2026-01-02,Пятница,17,Foodmarket Тепло Черникова,16.0,29473.0,33562.0,4089.0,121.0,1842.0625
2026-01-02,Пятница,18,Foodmarket Тепло Черникова,8.0,9993.0,17534.0,2332.0,70.0,1249.125
2026-01-02,Пятница,19,Foodmarket Тепло Черникова,9.0,14082.0,16219.0,1807.0,57.0,1564.6666666666667
2026-01-02,Пятница,20,Foodmarket Тепло Черникова,7.0,12060.0,13801.0,1706.0,50.0,1722.857142857143
2026-01-02,Пятница,21,Foodmarket Тепло Черникова,3.0,2090.0,2935.0,845.0,5.0,696.6666666666666
2026-01-02,Пятница,22,Foodmarket Тепло Черникова,2.0,1537.0,1660.0,123.0,7.0,768.5
2026-01-03,Суббота,10,Foodmarket Тепло Черникова,1.0,2692.0,2692.0,0.0,12.0,2692.0
2026-01-03,Суббота,11,Foodmarket Тепло Черникова,5.0,7779.0,9071.0,1292.0,26.0,1555.8
2026-01-03,Суббота,12,Foodmarket Тепло Черникова,5.0,7161.0,7923.0,762.0,35.0,1432.2
2026-01-03,Суббота,13,Foodmarket Тепло Черникова,7.0,14245.0,16191.0,1946.0,62.0,2035.0
2026-01-03,Суббота,14,Foodmarket Тепло Черникова,6.0,9561.0,10455.0,894.0,34.0,1593.5
2026-01-03,Суббота,15,Foodmarket Тепло Черникова,7.0,10726.0,12407.0,1511.0,39.0,1532.2857142857142
2026-01-03,Суббота,16,Foodmarket Тепло Черникова,7.0,11996.0,15207.0,3211.0,62.0,1713.7142857142858
2026-01-03,Суббота,17,Foodmarket Тепло Черникова,14.0,27410.0,37209.0,4545.0,139.0,1957.857142857143
2026-01-03,Суббота,18,Foodmarket Тепло Черникова,9.0,15815.0,17762.0,1947.0,72.0,1757.2222222222222
2026-01-03,Суббота,19,Foodmarket Тепло Черникова,7.0,8264.0,10321.0,1747.0,66.0,1180.5714285714287
2026-01-03,Суббота,20,Foodmarket Тепло Черникова,7.0,4390.0,6441.0,1941.0,38.0,627.1428571428571
2026-01-03,Суббота,21,Foodmarket Тепло Черникова,4.0,5395.0,5989.0,594.0,18.0,1348.75
2026-01-03,Суббота,22,Foodmarket Тепло Черникова,3.0,3230.0,3899.0,546.0,23.0,1076.6666666666667
2026-01-04,Воскресенье,2,Foodmarket Тепло Черникова,1.0,0.0,2634.0,2634.0,11.0,0.0
2026-01-04,Воскресенье,10,Foodmarket Тепло Черникова,3.0,7382.0,7960.0,578.0,15.0,2460.6666666666665
2026-01-04,Воскресенье,11,Foodmarket Тепло Черникова,5.0,8163.0,10139.0,1586.0,41.0,1632.6
2026-01-04,Воскресенье,12,Foodmarket Тепло Черникова,6.0,8408.0,9883.0,1145.0,50.0,1401.3333333333333
2026-01-04,Воскресенье,13,Foodmarket Тепло Черникова,6.0,13356.0,15145.0,1789.0,44.0,2226.0
2026-01-04,Воскресенье,14,Foodmarket Тепло Черникова,6.0,10347.0,12069.0,1722.0,49.0,1724.5
2026-01-04,Воскресенье,15,Foodmarket Тепло Черникова,5.0,8086.0,8870.0,784.0,39.0,1617.2
2026-01-04,Воскресенье,16,Foodmarket Тепло Черникова,14.0,20525.0,23287.0,2542.0,84.0,1466.0714285714287
2026-01-04,Воскресенье,17,Foodmarket Тепло Черникова,15.0,20662.0,26044.0,3629.0,105.0,1377.4666666666667
2026-01-04,Воскресенье,18,Foodmarket Тепло Черникова,10.0,18519.0,23297.0,1559.0,94.0,1851.9
2026-01-04,Воскресенье,19,Foodmarket Тепло Черникова,9.0,13493.0,18527.0,3479.0,54.0,1499.2222222222222
2026-01-04,Воскресенье,20,Foodmarket Тепло Черникова,5.0,6366.0,6991.0,625.0,26.0,1273.2
2026-01-04,Воскресенье,21,Foodmarket Тепло Черникова,5.0,2796.0,4197.0,293.0,24.0,559.2
2026-01-05,Понедельник,9,Foodmarket Тепло Черникова,2.0,1821.0,2662.0,841.0,11.0,910.5
2026-01-05,Понедельник,10,Foodmarket Тепло Черникова,4.0,10193.0,11591.0,1398.0,37.0,2548.25
2026-01-05,Понедельник,11,Foodmarket Тепло Черникова,2.0,200.0,1079.0,414.0,4.0,100.0
2026-01-05,Понедельник,12,Foodmarket Тепло Черникова,5.0,6150.0,7056.0,906.0,37.0,1230.0
2026-01-05,Понедельник,13,Foodmarket Тепло Черникова,6.0,7843.0,9357.0,1294.0,35.0,1307.1666666666667
2026-01-05,Понедельник,14,Foodmarket Тепло Черникова,2.0,6626.0,7686.0,1060.0,16.0,3313.0
2026-01-05,Понедельник,15,Foodmarket Тепло Черникова,8.0,10171.0,12149.0,1868.0,46.0,1271.375
2026-01-05,Понедельник,16,Foodmarket Тепло Черникова,15.0,24522.0,28943.0,4021.0,125.0,1634.8
2026-01-05,Понедельник,17,Foodmarket Тепло Черникова,11.0,17706.0,21045.0,2940.0,84.0,1609.6363636363637
2026-01-05,Понедельник,18,Foodmarket Тепло Черникова,10.0,15401.0,19131.0,3620.0,78.0,1540.1
2026-01-05,Понедельник,19,Foodmarket Тепло Черникова,2.0,1810.0,1810.0,0.0,10.0,905.0
2026-01-05,Понедельник,20,Foodmarket Тепло Черникова,10.0,13880.0,18201.0,2727.0,71.0,1388.0
2026-01-05,Понедельник,21,Foodmarket Тепло Черникова,6.0,31359.0,31757.0,398.0,150.0,5226.5
2026-01-06,Вторник,9,Foodmarket Тепло Черникова,2.0,5739.0,6558.0,819.0,20.0,2869.5
2026-01-06,Вторник,10,Foodmarket Тепло Черникова,2.0,1694.0,1824.0,130.0,7.0,847.0
2026-01-06,Вторник,11,Foodmarket Тепло Черникова,4.0,8776.55,10446.0,1139.45,34.0,2194.1375
2026-01-06,Вторник,12,Foodmarket Тепло Черникова,2.0,2433.0,2722.0,289.0,15.0,1216.5
2026-01-06,Вторник,13,Foodmarket Тепло Черникова,9.0,16524.15,20216.0,2047.85,50.0,1836.0166666666669
2026-01-06,Вторник,14,Foodmarket Тепло Черникова,10.0,13841.43,18572.0,4730.57,66.0,1384.143
2026-01-06,Вторник,15,Foodmarket Тепло Черникова,10.0,20911.0,24790.0,3769.0,82.0,2091.1
2026-01-06,Вторник,16,Foodmarket Тепло Черникова,11.0,20558.0,23447.0,2809.0,78.0,1868.909090909091
2026-01-06,Вторник,17,Foodmarket Тепло Черникова,14.0,20005.0,24191.0,1480.0,84.0,1428.9285714285713
2026-01-06,Вторник,18,Foodmarket Тепло Черникова,20.0,24604.0,33541.0,6207.0,108.0,1230.2
2026-01-06,Вторник,19,Foodmarket Тепло Черникова,8.0,5962.0,15425.0,1683.0,58.0,745.25
2026-01-06,Вторник,20,Foodmarket Тепло Черникова,5.0,9662.0,12588.0,2926.0,36.0,1932.4
2026-01-06,Вторник,21,Foodmarket Тепло Черникова,4.0,9381.0,9610.0,119.0,50.0,2345.25
2026-01-07,Среда,8,Foodmarket Тепло Черникова,1.0,0.0,4429.0,4429.0,5.0,0.0
2026-01-07,Среда,9,Foodmarket Тепло Черникова,1.0,3169.0,3699.0,530.0,15.0,3169.0
2026-01-07,Среда,10,Foodmarket Тепло Черникова,10.0,19799.0,23075.0,3067.0,89.0,1979.9
2026-01-07,Среда,11,Foodmarket Тепло Черникова,4.0,6410.0,6492.0,82.0,24.0,1602.5
2026-01-07,Среда,12,Foodmarket Тепло Черникова,10.0,19458.0,25655.0,3063.0,68.0,1945.8
2026-01-07,Среда,13,Foodmarket Тепло Черникова,6.0,13189.65,15339.0,1750.35,49.0,2198.275
2026-01-07,Среда,14,Foodmarket Тепло Черникова,12.0,17589.0,20035.0,2111.0,62.0,1465.75
2026-01-07,Среда,15,Foodmarket Тепло Черникова,8.0,10982.0,13783.0,1471.0,41.0,1372.75
2026-01-07,Среда,16,Foodmarket Тепло Черникова,14.0,27909.0,33367.0,4754.0,123.0,1993.5
2026-01-07,Среда,17,Foodmarket Тепло Черникова,23.0,31806.0,42203.0,5235.0,173.0,1382.8695652173913
2026-01-07,Среда,18,Foodmarket Тепло Черникова,13.0,13529.0,20109.0,2565.0,81.0,1040.6923076923076
2026-01-07,Среда,19,Foodmarket Тепло Черникова,10.0,12031.63,19996.0,2156.37,67.0,1203.163
2026-01-07,Среда,20,Foodmarket Тепло Черникова,14.0,18772.0,27209.0,6394.0,93.0,1340.857142857143
2026-01-07,Среда,21,Foodmarket Тепло Черникова,1.0,1799.0,3395.0,1596.0,10.0,1799.0
2026-01-08,Четверг,9,Foodmarket Тепло Черникова,1.0,2501.0,3950.0,1449.0,9.0,2501.0
2026-01-08,Четверг,10,Foodmarket Тепло Черникова,1.0,131.0,325.0,194.0,1.0,131.0
2026-01-08,Четверг,11,Foodmarket Тепло Черникова,2.0,3414.0,3728.0,289.0,14.0,1707.0
2026-01-08,Четверг,12,Foodmarket Тепло Черникова,3.0,3409.0,3578.0,169.0,10.0,1136.3333333333333
2026-01-08,Четверг,13,Foodmarket Тепло Черникова,3.0,2565.0,4174.0,584.0,8.0,855.0
2026-01-08,Четверг,14,Foodmarket Тепло Черникова,4.0,5475.0,6338.0,753.0,26.0,1368.75
2026-01-08,Четверг,15,Foodmarket Тепло Черникова,9.0,15792.75,18777.0,2085.25,76.0,1754.75
2026-01-08,Четверг,16,Foodmarket Тепло Черникова,12.0,17016.0,20355.0,2859.0,88.0,1418.0
2026-01-08,Четверг,17,Foodmarket Тепло Черникова,12.0,15179.0,19210.0,2422.0,76.0,1264.9166666666667
2026-01-08,Четверг,18,Foodmarket Тепло Черникова,8.0,15740.0,17457.0,1717.0,73.0,1967.5
2026-01-08,Четверг,19,Foodmarket Тепло Черникова,7.0,8974.0,9766.0,792.0,39.0,1282.0
2026-01-08,Четверг,20,Foodmarket Тепло Черникова,3.0,3780.15,4678.0,897.85,16.0,1260.05
2026-01-08,Четверг,21,Foodmarket Тепло Черникова,4.0,7271.0,8055.0,784.0,30.0,1817.75
2026-01-09,Пятница,9,Foodmarket Тепло Черникова,2.0,2759.0,2859.0,100.0,17.0,1379.5
2026-01-09,Пятница,10,Foodmarket Тепло Черникова,1.0,2808.0,2808.0,0.0,9.0,2808.0
2026-01-09,Пятница,11,Foodmarket Тепло Черникова,2.0,675.0,2020.0,1235.0,8.0,337.5
2026-01-09,Пятница,12,Foodmarket Тепло Черникова,8.0,14404.0,16569.0,1770.0,66.0,1800.5
2026-01-09,Пятница,13,Foodmarket Тепло Черникова,6.0,8054.0,9537.0,953.0,43.0,1342.3333333333333
2026-01-09,Пятница,14,Foodmarket Тепло Черникова,3.0,9372.0,10733.0,1349.0,44.0,3124.0
2026-01-09,Пятница,15,Foodmarket Тепло Черникова,10.0,14708.55,17864.0,2398.45,76.0,1470.855
2026-01-09,Пятница,16,Foodmarket Тепло Черникова,10.0,11875.0,14429.0,2422.0,64.0,1187.5
2026-01-09,Пятница,17,Foodmarket Тепло Черникова,17.0,23423.0,28841.0,2943.0,125.0,1377.8235294117646
2026-01-09,Пятница,18,Foodmarket Тепло Черникова,9.0,9970.0,12151.0,1691.0,52.0,1107.7777777777778
2026-01-09,Пятница,19,Foodmarket Тепло Черникова,8.0,12613.0,15102.0,1022.0,48.0,1576.625
2026-01-09,Пятница,20,Foodmarket Тепло Черникова,9.0,18583.0,19235.0,652.0,56.0,2064.777777777778
2026-01-09,Пятница,21,Foodmarket Тепло Черникова,3.0,2717.0,3085.0,248.0,21.0,905.6666666666666
2026-01-09,Пятница,22,Foodmarket Тепло Черникова,2.0,29.0,1583.0,1554.0,5.0,14.5
2026-01-10,Суббота,9,Foodmarket Тепло Черникова,1.0,1799.0,2088.0,289.0,5.0,1799.0
2026-01-10,Суббота,10,Foodmarket Тепло Черникова,2.0,3024.0,3689.0,665.0,7.0,1512.0
2026-01-10,Суббота,11,Foodmarket Тепло Черникова,6.0,7762.0,8168.0,251.0,34.0,1293.6666666666667
2026-01-10,Суббота,12,Foodmarket Тепло Черникова,5.0,4555.0,6114.0,1429.0,24.0,911.0
2026-01-10,Суббота,13,Foodmarket Тепло Черникова,9.0,10798.0,11879.0,908.0,50.0,1199.7777777777778
2026-01-10,Суббота,14,Foodmarket Тепло Черникова,4.0,5617.0,7975.0,2248.0,28.0,1404.25
2026-01-10,Суббота,15,Foodmarket Тепло Черникова,11.0,18483.0,23542.0,4949.0,78.0,1680.2727272727273
2026-01-10,Суббота,16,Foodmarket Тепло Черникова,9.0,20181.8,25308.0,2363.2,73.0,2242.422222222222
2026-01-10,Суббота,17,Foodmarket Тепло Черникова,14.0,31219.5,37572.0,4522.5,122.0,2229.964285714286
2026-01-10,Суббота,18,Foodmarket Тепло Черникова,3.0,4035.0,4292.0,257.0,14.0,1345.0
2026-01-10,Суббота,19,Foodmarket Тепло Черникова,11.0,26353.0,30852.0,3941.0,143.0,2395.7272727272725
2026-01-10,Суббота,20,Foodmarket Тепло Черникова,4.0,5806.0,9140.0,736.0,33.0,1451.5
2026-01-10,Суббота,21,Foodmarket Тепло Черникова,6.0,6086.0,7667.0,1451.0,37.0,1014.3333333333334
2026-01-10,Суббота,22,Foodmarket Тепло Черникова,3.0,3600.0,4385.0,750.0,19.0,1200.0
2026-01-11,Воскресенье,0,Foodmarket Тепло Черникова,1.0,2084.0,2373.0,289.0,8.0,2084.0
2026-01-11,Воскресенье,2,Foodmarket Тепло Черникова,1.0,2014.0,2303.0,289.0,5.0,2014.0
2026-01-11,Воскресенье,10,Foodmarket Тепло Черникова,2.0,4558.0,5377.0,819.0,22.0,2279.0
2026-01-11,Воскресенье,11,Foodmarket Тепло Черникова,4.0,11027.0,12123.0,1071.0,63.0,2756.75
2026-01-11,Воскресенье,12,Foodmarket Тепло Черникова,10.0,16516.0,18231.0,1605.0,68.0,1651.6
2026-01-11,Воскресенье,13,Foodmarket Тепло Черникова,9.0,14770.0,18375.0,3605.0,73.0,1641.111111111111
2026-01-11,Воскресенье,14,Foodmarket Тепло Черникова,8.0,8612.0,10998.0,2276.0,35.0,1076.5
2026-01-11,Воскресенье,15,Foodmarket Тепло Черникова,6.0,11355.0,14047.0,2352.0,64.0,1892.5
2026-01-11,Воскресенье,16,Foodmarket Тепло Черникова,10.0,20889.65,23943.0,2764.35,92.0,2088.965
2026-01-11,Воскресенье,17,Foodmarket Тепло Черникова,8.0,10596.0,12888.0,2162.0,55.0,1324.5
2026-01-11,Воскресенье,18,Foodmarket Тепло Черникова,9.0,10019.9,11721.0,1371.1,52.0,1113.322222222222
2026-01-11,Воскресенье,19,Foodmarket Тепло Черникова,5.0,6158.0,7870.0,1582.0,28.0,1231.6
2026-01-11,Воскресенье,20,Foodmarket Тепло Черникова,4.0,6091.0,7929.0,1533.0,38.0,1522.75
2026-01-11,Воскресенье,21,Foodmarket Тепло Черникова,6.0,8234.0,8812.0,343.0,34.0,1372.3333333333333
2026-01-12,Понедельник,8,Foodmarket Тепло Черникова,1.0,2399.0,2929.0,530.0,5.0,2399.0
2026-01-12,Понедельник,9,Foodmarket Тепло Черникова,5.0,15300.0,35148.0,867.0,98.0,3060.0
2026-01-12,Понедельник,10,Foodmarket Тепло Черникова,6.0,16558.0,18224.0,1381.0,62.0,2759.6666666666665
2026-01-12,Понедельник,11,Foodmarket Тепло Черникова,3.0,8888.0,10478.0,1590.0,41.0,2962.6666666666665
2026-01-12,Понедельник,12,Foodmarket Тепло Черникова,5.0,4798.0,6372.0,614.0,15.0,959.6
2026-01-12,Понедельник,13,Foodmarket Тепло Черникова,4.0,5571.0,6629.0,938.0,31.0,1392.75
2026-01-12,Понедельник,14,Foodmarket Тепло Черникова,4.0,6853.0,7207.0,354.0,24.0,1713.25
2026-01-12,Понедельник,15,Foodmarket Тепло Черникова,4.0,7515.0,8820.0,1195.0,33.0,1878.75
2026-01-12,Понедельник,16,Foodmarket Тепло Черникова,5.0,7201.0,8170.0,969.0,44.0,1440.2
2026-01-12,Понедельник,17,Foodmarket Тепло Черникова,9.0,11053.0,14855.0,2253.0,79.0,1228.111111111111
2026-01-12,Понедельник,18,Foodmarket Тепло Черникова,9.0,7441.0,9975.0,1205.0,54.0,826.7777777777778
2026-01-12,Понедельник,19,Foodmarket Тепло Черникова,8.0,9453.0,12775.0,2152.0,52.0,1181.625
2026-01-12,Понедельник,20,Foodmarket Тепло Черникова,5.0,7954.0,9185.0,1011.0,25.0,1590.8
2026-01-12,Понедельник,21,Foodmarket Тепло Черникова,1.0,4469.0,4999.0,530.0,9.0,4469.0
2026-01-13,Вторник,9,Foodmarket Тепло Черникова,1.0,2164.0,2164.0,0.0,10.0,2164.0
2026-01-13,Вторник,10,Foodmarket Тепло Черникова,3.0,5029.0,6743.0,1454.0,26.0,1676.3333333333333
2026-01-13,Вторник,11,Foodmarket Тепло Черникова,2.0,3148.0,4107.0,849.0,20.0,1574.0
2026-01-13,Вторник,12,Foodmarket Тепло Черникова,4.0,3441.0,4138.0,577.0,21.0,860.25
2026-01-13,Вторник,14,Foodmarket Тепло Черникова,3.0,3805.0,5152.0,1347.0,17.0,1268.3333333333333
2026-01-13,Вторник,15,Foodmarket Тепло Черникова,5.0,13363.0,15243.0,1880.0,54.0,2672.6
2026-01-13,Вторник,16,Foodmarket Тепло Черникова,10.0,18142.0,22243.0,3721.0,66.0,1814.2
2026-01-13,Вторник,17,Foodmarket Тепло Черникова,11.0,16027.0,20680.0,2540.0,79.0,1457.0
2026-01-13,Вторник,18,Foodmarket Тепло Черникова,16.0,29242.0,35627.0,4262.0,131.0,1827.625
2026-01-13,Вторник,19,Foodmarket Тепло Черникова,9.0,12610.0,16305.0,3695.0,56.0,1401.111111111111
2026-01-13,Вторник,20,Foodmarket Тепло Черникова,1.0,1717.0,2006.0,289.0,11.0,1717.0
2026-01-13,Вторник,21,Foodmarket Тепло Черникова,1.0,1719.0,2127.0,408.0,7.0,1719.0
2026-01-14,Среда,9,Foodmarket Тепло Черникова,1.0,3173.0,3703.0,530.0,11.0,3173.0
2026-01-14,Среда,10,Foodmarket Тепло Черникова,1.0,1699.0,1988.0,289.0,5.0,1699.0
2026-01-14,Среда,11,Foodmarket Тепло Черникова,4.0,2429.0,3389.0,830.0,19.0,607.25
2026-01-14,Среда,12,Foodmarket Тепло Черникова,2.0,2876.0,3001.0,125.0,16.0,1438.0
2026-01-14,Среда,13,Foodmarket Тепло Черникова,2.0,1909.0,2043.0,24.0,13.0,954.5
2026-01-14,Среда,14,Foodmarket Тепло Черникова,4.0,8341.0,8970.0,629.0,46.0,2085.25
2026-01-14,Среда,15,Foodmarket Тепло Черникова,4.0,5023.0,5335.0,312.0,22.0,1255.75
2026-01-14,Среда,16,Foodmarket Тепло Черникова,4.0,5530.0,6541.0,1011.0,20.0,1382.5
2026-01-14,Среда,17,Foodmarket Тепло Черникова,12.0,21770.15,26165.0,3754.85,98.0,1814.1791666666668
2026-01-14,Среда,18,Foodmarket Тепло Черникова,10.0,17733.0,20681.0,2818.0,65.0,1773.3
2026-01-14,Среда,19,Foodmarket Тепло Черникова,7.0,10985.75,13090.0,1285.25,50.0,1569.392857142857
2026-01-14,Среда,20,Foodmarket Тепло Черникова,8.0,16670.0,17883.0,998.0,74.0,2083.75
2026-01-14,Среда,21,Foodmarket Тепло Черникова,2.0,2829.0,3073.0,244.0,11.0,1414.5
2026-01-15,Четверг,9,Foodmarket Тепло Черникова,1.0,2654.0,3184.0,530.0,6.0,2654.0
2026-01-15,Четверг,10,Foodmarket Тепло Черникова,2.0,2539.0,2775.0,236.0,12.0,1269.5
2026-01-15,Четверг,11,Foodmarket Тепло Черникова,3.0,7193.0,8112.0,919.0,24.0,2397.6666666666665
2026-01-15,Четверг,12,Foodmarket Тепло Черникова,5.0,13163.05,14936.0,1737.95,59.0,2632.6099999999997
2026-01-15,Четверг,13,Foodmarket Тепло Черникова,4.0,8160.9,9472.0,781.1,32.0,2040.225
2026-01-15,Четверг,14,Foodmarket Тепло Черникова,5.0,4481.3,7347.0,1600.7,25.0,896.26
2026-01-15,Четверг,15,Foodmarket Тепло Черникова,2.0,2081.0,2505.0,129.0,9.0,1040.5
2026-01-15,Четверг,16,Foodmarket Тепло Черникова,5.0,7780.15,9315.0,1534.85,40.0,1556.03
2026-01-15,Четверг,17,Foodmarket Тепло Черникова,12.0,23393.0,27611.0,3298.0,96.0,1949.4166666666667
2026-01-15,Четверг,18,Foodmarket Тепло Черникова,9.0,15796.0,19342.0,1445.0,83.0,1755.111111111111
2026-01-15,Четверг,19,Foodmarket Тепло Черникова,12.0,15101.0,22641.0,3438.0,81.0,1258.4166666666667
2026-01-15,Четверг,20,Foodmarket Тепло Черникова,6.0,12285.0,13468.0,1183.0,51.0,2047.5
2026-01-15,Четверг,21,Foodmarket Тепло Черникова,7.0,17948.0,18715.0,622.0,94.0,2564.0
2026-01-16,Пятница,8,Foodmarket Тепло Черникова,1.0,560.0,820.0,150.0,8.0,560.0
2026-01-16,Пятница,9,Foodmarket Тепло Черникова,2.0,5992.0,7052.0,1060.0,19.0,2996.0
2026-01-16,Пятница,10,Foodmarket Тепло Черникова,3.0,6831.0,7939.0,1108.0,33.0,2277.0
2026-01-16,Пятница,11,Foodmarket Тепло Черникова,1.0,350.0,895.0,435.0,7.0,350.0
2026-01-16,Пятница,12,Foodmarket Тепло Черникова,7.0,8320.15,11069.0,1099.85,31.0,1188.5928571428572
2026-01-16,Пятница,13,Foodmarket Тепло Черникова,2.0,2905.0,3188.0,283.0,9.0,1452.5
2026-01-16,Пятница,14,Foodmarket Тепло Черникова,8.0,14248.0,16167.0,1659.0,72.0,1781.0
2026-01-16,Пятница,15,Foodmarket Тепло Черникова,9.0,18914.0,21775.0,2092.0,73.0,2101.5555555555557
2026-01-16,Пятница,16,Foodmarket Тепло Черникова,8.0,19658.0,22075.0,2382.0,90.0,2457.25
2026-01-16,Пятница,17,Foodmarket Тепло Черникова,21.0,26911.15,32764.0,2984.85,135.0,1281.4833333333333
2026-01-16,Пятница,18,Foodmarket Тепло Черникова,21.0,35695.0,42756.0,5451.0,182.0,1699.7619047619048
2026-01-16,Пятница,19,Foodmarket Тепло Черникова,14.0,26083.0,30906.0,4290.0,98.0,1863.0714285714287
2026-01-16,Пятница,20,Foodmarket Тепло Черникова,13.0,20005.0,23066.0,2421.0,83.0,1538.8461538461538
2026-01-16,Пятница,21,Foodmarket Тепло Черникова,8.0,16155.0,18200.0,1925.0,66.0,2019.375
2026-01-16,Пятница,22,Foodmarket Тепло Черникова,1.0,2356.0,2680.0,289.0,14.0,2356.0
2026-01-17,Суббота,8,Foodmarket Тепло Черникова,1.0,2300.0,3254.0,530.0,18.0,2300.0
2026-01-17,Суббота,9,Foodmarket Тепло Черникова,1.0,629.0,759.0,130.0,4.0,629.0
2026-01-17,Суббота,10,Foodmarket Тепло Черникова,5.0,8083.0,9164.0,1072.0,34.0,1616.6
2026-01-17,Суббота,11,Foodmarket Тепло Черникова,7.0,11061.6,13251.0,1419.4,67.0,1580.2285714285715
2026-01-17,Суббота,12,Foodmarket Тепло Черникова,9.0,13290.1,19561.0,1939.9,77.0,1476.677777777778
2026-01-17,Суббота,13,Foodmarket Тепло Черникова,11.0,20374.0,24788.0,4204.0,105.0,1852.1818181818182
2026-01-17,Суббота,14,Foodmarket Тепло Черникова,9.0,11642.5,15191.0,2614.5,66.0,1293.611111111111
2026-01-17,Суббота,15,Foodmarket Тепло Черникова,9.0,19911.0,22824.0,2913.0,77.0,2212.3333333333335
2026-01-17,Суббота,16,Foodmarket Тепло Черникова,10.0,21556.0,26139.0,4580.0,97.0,2155.6
2026-01-17,Суббота,17,Foodmarket Тепло Черникова,20.0,28243.0,33746.0,5163.0,160.0,1412.15
2026-01-17,Суббота,18,Foodmarket Тепло Черникова,16.0,27666.0,31845.0,4179.0,91.0,1729.125
2026-01-17,Суббота,19,Foodmarket Тепло Черникова,12.0,17770.0,21299.0,1619.0,68.0,1480.8333333333333
2026-01-17,Суббота,20,Foodmarket Тепло Черникова,6.0,7514.0,9386.0,1363.0,27.0,1252.3333333333333
2026-01-17,Суббота,21,Foodmarket Тепло Черникова,8.0,10903.0,12762.0,1649.0,49.0,1362.875
2026-01-17,Суббота,22,Foodmarket Тепло Черникова,1.0,0.0,325.0,325.0,1.0,0.0
2026-01-18,Воскресенье,8,Foodmarket Тепло Черникова,1.0,2068.0,2423.0,355.0,5.0,2068.0
2026-01-18,Воскресенье,10,Foodmarket Тепло Черникова,1.0,2090.0,2379.0,289.0,14.0,2090.0
2026-01-18,Воскресенье,11,Foodmarket Тепло Черникова,3.0,3428.0,3538.0,110.0,21.0,1142.6666666666667
2026-01-18,Воскресенье,12,Foodmarket Тепло Черникова,10.0,11691.0,12904.0,1093.0,46.0,1169.1
2026-01-18,Воскресенье,13,Foodmarket Тепло Черникова,6.0,9147.0,10125.0,978.0,35.0,1524.5
2026-01-18,Воскресенье,14,Foodmarket Тепло Черникова,6.0,8150.0,14679.0,1346.0,41.0,1358.3333333333333
2026-01-18,Воскресенье,15,Foodmarket Тепло Черникова,8.0,14757.75,17721.0,2178.25,59.0,1844.71875
2026-01-18,Воскресенье,16,Foodmarket Тепло Черникова,6.0,12402.0,15067.0,2665.0,44.0,2067.0
2026-01-18,Воскресенье,17,Foodmarket Тепло Черникова,13.0,22444.0,30094.0,3513.0,105.0,1726.4615384615386
2026-01-18,Воскресенье,18,Foodmarket Тепло Черникова,5.0,7072.0,8159.0,1087.0,34.0,1414.4
2026-01-18,Воскресенье,19,Foodmarket Тепло Черникова,9.0,12650.0,16684.0,3504.0,75.0,1405.5555555555557
2026-01-18,Воскресенье,20,Foodmarket Тепло Черникова,5.0,7078.0,8565.0,1487.0,29.0,1415.6
2026-01-19,Понедельник,8,Foodmarket Тепло Черникова,1.0,2481.0,3449.0,968.0,5.0,2481.0
2026-01-19,Понедельник,10,Foodmarket Тепло Черникова,5.0,14007.4,16580.0,2042.6,39.0,2801.48
2026-01-19,Понедельник,11,Foodmarket Тепло Черникова,5.0,6459.0,8532.0,864.0,32.0,1291.8
2026-01-19,Понедельник,12,Foodmarket Тепло Черникова,4.0,5518.0,6420.0,572.0,21.0,1379.5
2026-01-19,Понедельник,13,Foodmarket Тепло Черникова,5.0,5459.0,6059.0,430.0,28.0,1091.8
2026-01-19,Понедельник,14,Foodmarket Тепло Черникова,1.0,2400.0,2689.0,289.0,5.0,2400.0
2026-01-19,Понедельник,15,Foodmarket Тепло Черникова,3.0,4747.0,5624.0,767.0,20.0,1582.3333333333333
2026-01-19,Понедельник,16,Foodmarket Тепло Черникова,8.0,12903.0,15125.0,1986.0,61.0,1612.875
2026-01-19,Понедельник,17,Foodmarket Тепло Черникова,12.0,18649.0,23114.0,3411.0,95.0,1554.0833333333333
2026-01-19,Понедельник,18,Foodmarket Тепло Черникова,5.0,7819.0,8573.0,649.0,38.0,1563.8
2026-01-19,Понедельник,19,Foodmarket Тепло Черникова,5.0,6434.0,8551.0,2007.0,24.0,1286.8
2026-01-19,Понедельник,20,Foodmarket Тепло Черникова,2.0,1537.0,1811.0,274.0,11.0,768.5
2026-01-19,Понедельник,21,Foodmarket Тепло Черникова,5.0,7178.0,8872.0,1494.0,25.0,1435.6
2026-01-20,Вторник,9,Foodmarket Тепло Черникова,2.0,8242.0,8772.0,530.0,17.0,4121.0
2026-01-20,Вторник,10,Foodmarket Тепло Черникова,1.0,1273.0,1599.0,326.0,4.0,1273.0
2026-01-20,Вторник,11,Foodmarket Тепло Черникова,2.0,2755.0,3044.0,289.0,9.0,1377.5
2026-01-20,Вторник,12,Foodmarket Тепло Черникова,3.0,5501.0,6769.0,1268.0,23.0,1833.6666666666667
2026-01-20,Вторник,13,Foodmarket Тепло Черникова,3.0,5404.0,5913.0,509.0,18.0,1801.3333333333333
2026-01-20,Вторник,14,Foodmarket Тепло Черникова,3.0,4543.0,5104.0,561.0,18.0,1514.3333333333333
2026-01-20,Вторник,16,Foodmarket Тепло Черникова,4.0,4894.0,5483.0,544.0,24.0,1223.5
2026-01-20,Вторник,17,Foodmarket Тепло Черникова,8.0,11828.0,13561.0,1653.0,57.0,1478.5
2026-01-20,Вторник,18,Foodmarket Тепло Черникова,10.0,16631.0,19767.0,1337.0,73.0,1663.1
2026-01-20,Вторник,19,Foodmarket Тепло Черникова,11.0,18618.0,21435.0,2052.0,86.0,1692.5454545454545
2026-01-20,Вторник,20,Foodmarket Тепло Черникова,5.0,8936.0,9935.0,964.0,37.0,1787.2
2026-01-20,Вторник,21,Foodmarket Тепло Черникова,2.0,1535.0,1568.0,33.0,2.0,767.5
2026-01-21,Среда,8,Foodmarket Тепло Черникова,1.0,709.0,1025.0,196.0,5.0,709.0
2026-01-21,Среда,10,Foodmarket Тепло Черникова,4.0,6013.0,7314.0,691.0,25.0,1503.25
2026-01-21,Среда,11,Foodmarket Тепло Черникова,1.0,3623.0,4153.0,530.0,13.0,3623.0
2026-01-21,Среда,12,Foodmarket Тепло Черникова,4.0,6572.0,7110.0,538.0,26.0,1643.0
2026-01-21,Среда,13,Foodmarket Тепло Черникова,4.0,6323.0,7189.0,866.0,25.0,1580.75
2026-01-21,Среда,14,Foodmarket Тепло Черникова,3.0,5303.0,5978.0,675.0,22.0,1767.6666666666667
2026-01-21,Среда,15,Foodmarket Тепло Черникова,7.0,8313.0,12629.0,949.0,54.0,1187.5714285714287
2026-01-21,Среда,16,Foodmarket Тепло Черникова,4.0,4181.0,7905.0,3614.0,31.0,1045.25
2026-01-21,Среда,17,Foodmarket Тепло Черникова,8.0,11941.0,13431.0,1490.0,55.0,1492.625
2026-01-21,Среда,18,Foodmarket Тепло Черникова,6.0,7041.0,8789.0,640.0,32.0,1173.5
2026-01-21,Среда,19,Foodmarket Тепло Черникова,10.0,15068.0,16935.0,1641.0,75.0,1506.8
2026-01-21,Среда,20,Foodmarket Тепло Черникова,3.0,4764.0,5053.0,289.0,22.0,1588.0
2026-01-22,Четверг,6,Foodmarket Тепло Черникова,1.0,2147.0,2343.0,196.0,5.0,2147.0
2026-01-22,Четверг,9,Foodmarket Тепло Черникова,2.0,5324.0,6143.0,819.0,18.0,2662.0
2026-01-22,Четверг,10,Foodmarket Тепло Черникова,4.0,6815.3,8524.0,1068.7,31.0,1703.825
2026-01-22,Четверг,11,Foodmarket Тепло Черникова,2.0,1547.0,2127.0,336.0,22.0,773.5
2026-01-22,Четверг,12,Foodmarket Тепло Черникова,4.0,6013.0,7478.0,1335.0,25.0,1503.25
2026-01-22,Четверг,13,Foodmarket Тепло Черникова,1.0,1572.0,1849.0,277.0,6.0,1572.0
2026-01-22,Четверг,14,Foodmarket Тепло Черникова,1.0,385.0,385.0,0.0,3.0,385.0
2026-01-22,Четверг,15,Foodmarket Тепло Черникова,2.0,4604.0,5663.0,819.0,18.0,2302.0
2026-01-22,Четверг,16,Foodmarket Тепло Черникова,9.0,9611.0,14645.0,3125.0,59.0,1067.888888888889
2026-01-22,Четверг,17,Foodmarket Тепло Черникова,8.0,14671.0,17540.0,2759.0,70.0,1833.875
2026-01-22,Четверг,18,Foodmarket Тепло Черникова,11.0,19802.75,22866.0,2933.25,83.0,1800.25
2026-01-22,Четверг,19,Foodmarket Тепло Черникова,9.0,9463.0,12824.0,2031.0,37.0,1051.4444444444443
2026-01-22,Четверг,20,Foodmarket Тепло Черникова,10.0,12727.0,15924.0,3197.0,63.0,1272.7
2026-01-22,Четверг,21,Foodmarket Тепло Черникова,1.0,246.0,555.0,309.0,1.0,246.0
2026-01-23,Пятница,9,Foodmarket Тепло Черникова,2.0,9808.0,10566.0,758.0,48.0,4904.0
2026-01-23,Пятница,10,Foodmarket Тепло Черникова,2.0,2811.0,2955.0,144.0,12.0,1405.5
2026-01-23,Пятница,12,Foodmarket Тепло Черникова,6.0,13727.0,15844.0,2007.0,55.0,2287.8333333333335
2026-01-23,Пятница,13,Foodmarket Тепло Черникова,6.0,10160.0,11691.0,1421.0,45.0,1693.3333333333333
2026-01-23,Пятница,14,Foodmarket Тепло Черникова,4.0,6767.0,7897.0,1130.0,28.0,1691.75
2026-01-23,Пятница,15,Foodmarket Тепло Черникова,9.0,23341.0,25657.0,2301.0,105.0,2593.4444444444443
2026-01-23,Пятница,16,Foodmarket Тепло Черникова,13.0,18531.0,21478.0,2664.0,101.0,1425.4615384615386
2026-01-23,Пятница,17,Foodmarket Тепло Черникова,14.0,21527.0,26673.0,5026.0,101.0,1537.642857142857
2026-01-23,Пятница,18,Foodmarket Тепло Черникова,21.0,36481.0,41033.0,4332.0,151.0,1737.1904761904761
2026-01-23,Пятница,19,Foodmarket Тепло Черникова,6.0,9740.0,11473.0,1733.0,40.0,1623.3333333333333
2026-01-23,Пятница,20,Foodmarket Тепло Черникова,10.0,21305.0,23944.0,2439.0,92.0,2130.5
2026-01-23,Пятница,21,Foodmarket Тепло Черникова,5.0,5657.0,6762.0,995.0,24.0,1131.4
2026-01-24,Суббота,4,Foodmarket Тепло Черникова,1.0,2594.0,3124.0,530.0,18.0,2594.0
2026-01-24,Суббота,9,Foodmarket Тепло Черникова,1.0,1234.0,1400.0,166.0,4.0,1234.0
2026-01-24,Суббота,10,Foodmarket Тепло Черникова,2.0,7268.0,7798.0,530.0,29.0,3634.0
2026-01-24,Суббота,11,Foodmarket Тепло Черникова,5.0,3663.55,6442.0,1899.45,20.0,732.71
2026-01-24,Суббота,12,Foodmarket Тепло Черникова,3.0,4785.0,5308.0,523.0,23.0,1595.0
2026-01-24,Суббота,13,Foodmarket Тепло Черникова,3.0,5129.0,6108.0,819.0,24.0,1709.6666666666667
2026-01-24,Суббота,14,Foodmarket Тепло Черникова,12.0,22897.0,26142.0,3025.0,101.0,1908.0833333333333
2026-01-24,Суббота,15,Foodmarket Тепло Черникова,9.0,18564.3,21440.0,2225.7,71.0,2062.7
2026-01-24,Суббота,16,Foodmarket Тепло Черникова,10.0,20324.0,23550.0,3226.0,92.0,2032.4
2026-01-24,Суббота,17,Foodmarket Тепло Черникова,18.0,31464.65,34807.0,3307.35,130.0,1748.0361111111113
2026-01-24,Суббота,18,Foodmarket Тепло Черникова,6.0,10001.0,10731.0,730.0,42.0,1666.8333333333333
2026-01-24,Суббота,19,Foodmarket Тепло Черникова,15.0,36413.05,37756.0,1342.95,153.0,2427.536666666667
2026-01-24,Суббота,20,Foodmarket Тепло Черникова,10.0,19435.0,22707.0,3227.0,92.0,1943.5
2026-01-24,Суббота,21,Foodmarket Тепло Черникова,3.0,2372.0,3310.0,818.0,17.0,790.6666666666666
2026-01-25,Воскресенье,10,Foodmarket Тепло Черникова,2.0,2168.0,2449.0,171.0,8.0,1084.0
2026-01-25,Воскресенье,11,Foodmarket Тепло Черникова,5.0,7785.0,9394.0,1329.0,33.0,1557.0
2026-01-25,Воскресенье,12,Foodmarket Тепло Черникова,4.0,6331.0,7935.0,574.0,37.0,1582.75
2026-01-25,Воскресенье,13,Foodmarket Тепло Черникова,6.0,9585.0,10901.0,1146.0,39.0,1597.5
2026-01-25,Воскресенье,14,Foodmarket Тепло Черникова,8.0,12464.65,18805.0,1562.35,59.0,1558.08125
2026-01-25,Воскресенье,15,Foodmarket Тепло Черникова,15.0,31327.0,36201.0,4606.0,121.0,2088.4666666666667
2026-01-25,Воскресенье,16,Foodmarket Тепло Черникова,14.0,21384.0,27094.0,4380.0,92.0,1527.4285714285713
2026-01-25,Воскресенье,17,Foodmarket Тепло Черникова,10.0,22520.0,25937.0,2870.0,104.0,2252.0
2026-01-25,Воскресенье,18,Foodmarket Тепло Черникова,6.0,9347.0,10940.0,1593.0,36.0,1557.8333333333333
2026-01-25,Воскресенье,19,Foodmarket Тепло Черникова,8.0,13590.0,15300.0,1710.0,71.0,1698.75
2026-01-25,Воскресенье,20,Foodmarket Тепло Черникова,6.0,18114.0,18493.0,379.0,76.0,3019.0
2026-01-25,Воскресенье,21,Foodmarket Тепло Черникова,4.0,5901.0,6542.0,641.0,15.0,1475.25
2026-01-26,Понедельник,8,Foodmarket Тепло Черникова,1.0,1516.0,1599.0,83.0,4.0,1516.0
2026-01-26,Понедельник,10,Foodmarket Тепло Черникова,8.0,19337.0,22139.0,2692.0,56.0,2417.125
2026-01-26,Понедельник,11,Foodmarket Тепло Черникова,3.0,4466.0,5951.0,1024.0,74.0,1488.6666666666667
2026-01-26,Понедельник,12,Foodmarket Тепло Черникова,1.0,1743.0,1843.0,100.0,8.0,1743.0
2026-01-26,Понедельник,13,Foodmarket Тепло Черникова,2.0,1441.0,2112.0,551.0,8.0,720.5
2026-01-26,Понедельник,14,Foodmarket Тепло Черникова,7.0,8867.0,11520.0,1236.0,66.0,1266.7142857142858
2026-01-26,Понедельник,15,Foodmarket Тепло Черникова,4.0,7841.0,9411.0,1570.0,28.0,1960.25
2026-01-26,Понедельник,16,Foodmarket Тепло Черникова,8.0,11273.0,14045.0,2532.0,61.0,1409.125
2026-01-26,Понедельник,17,Foodmarket Тепло Черникова,4.0,10325.0,11661.0,1336.0,43.0,2581.25
2026-01-26,Понедельник,18,Foodmarket Тепло Черникова,9.0,15840.0,18546.0,2706.0,58.0,1760.0
2026-01-26,Понедельник,19,Foodmarket Тепло Черникова,7.0,10574.0,11554.0,750.0,48.0,1510.5714285714287
2026-01-26,Понедельник,20,Foodmarket Тепло Черникова,5.0,9379.0,10766.0,1256.0,58.0,1875.8
2026-01-26,Понедельник,21,Foodmarket Тепло Черникова,2.0,2116.0,3165.0,1049.0,13.0,1058.0
2026-01-27,Вторник,9,Foodmarket Тепло Черникова,1.0,2002.0,2341.0,289.0,11.0,2002.0
2026-01-27,Вторник,10,Foodmarket Тепло Черникова,2.0,6828.3,9467.0,479.7,20.0,3414.15
2026-01-27,Вторник,11,Foodmarket Тепло Черникова,1.0,1299.0,1299.0,0.0,1.0,1299.0
2026-01-27,Вторник,12,Foodmarket Тепло Черникова,4.0,6065.0,7696.0,1281.0,24.0,1516.25
2026-01-27,Вторник,13,Foodmarket Тепло Черникова,7.0,5861.0,6667.0,476.0,36.0,837.2857142857143
2026-01-27,Вторник,14,Foodmarket Тепло Черникова,5.0,10722.0,12678.0,1710.0,54.0,2144.4
2026-01-27,Вторник,15,Foodmarket Тепло Черникова,2.0,2134.0,2323.0,189.0,11.0,1067.0
2026-01-27,Вторник,16,Foodmarket Тепло Черникова,7.0,14793.0,16870.0,2077.0,53.0,2113.285714285714
2026-01-27,Вторник,17,Foodmarket Тепло Черникова,5.0,9203.0,10834.0,1631.0,39.0,1840.6
2026-01-27,Вторник,18,Foodmarket Тепло Черникова,12.0,22294.0,27162.0,4498.0,100.0,1857.8333333333333
2026-01-27,Вторник,19,Foodmarket Тепло Черникова,8.0,16075.45,18382.0,2196.55,48.0,2009.43125
2026-01-27,Вторник,20,Foodmarket Тепло Черникова,4.0,5109.0,5590.0,371.0,29.0,1277.25
2026-01-27,Вторник,21,Foodmarket Тепло Черникова,4.0,5822.0,7308.0,212.0,27.0,1455.5
2026-01-28,Среда,10,Foodmarket Тепло Черникова,3.0,5033.0,5922.0,819.0,28.0,1677.6666666666667
2026-01-28,Среда,11,Foodmarket Тепло Черникова,2.0,4102.0,4463.0,361.0,21.0,2051.0
2026-01-28,Среда,12,Foodmarket Тепло Черникова,2.0,2258.0,2894.0,526.0,21.0,1129.0
2026-01-28,Среда,13,Foodmarket Тепло Черникова,5.0,12156.0,13637.0,1481.0,49.0,2431.2
2026-01-28,Среда,14,Foodmarket Тепло Черникова,2.0,1352.0,1607.0,252.0,11.0,676.0
2026-01-28,Среда,15,Foodmarket Тепло Черникова,1.0,1099.0,1099.0,0.0,2.0,1099.0
2026-01-28,Среда,17,Foodmarket Тепло Черникова,8.0,17196.0,18956.0,1760.0,90.0,2149.5
2026-01-28,Среда,18,Foodmarket Тепло Черникова,13.0,29469.2,34065.0,3444.8,156.0,2266.8615384615387
2026-01-28,Среда,19,Foodmarket Тепло Черникова,10.0,11235.0,13262.0,1907.0,68.0,1123.5
2026-01-28,Среда,20,Foodmarket Тепло Черникова,4.0,3585.0,4937.0,763.0,24.0,896.25
2026-01-28,Среда,21,Foodmarket Тепло Черникова,3.0,2339.0,3149.0,665.0,12.0,779.6666666666666
2026-01-29,Четверг,0,Foodmarket Тепло Черникова,1.0,4637.0,4737.0,100.0,6.0,4637.0
2026-01-29,Четверг,9,Foodmarket Тепло Черникова,2.0,3809.0,4339.0,530.0,23.0,1904.5
2026-01-29,Четверг,10,Foodmarket Тепло Черникова,3.0,4077.0,4876.0,609.0,21.0,1359.0
2026-01-29,Четверг,11,Foodmarket Тепло Черникова,3.0,3676.0,4283.0,607.0,19.0,1225.3333333333333
2026-01-29,Четверг,12,Foodmarket Тепло Черникова,7.0,10353.75,12206.0,1742.25,50.0,1479.107142857143
2026-01-29,Четверг,13,Foodmarket Тепло Черникова,8.0,7947.0,11435.0,3488.0,48.0,993.375
2026-01-29,Четверг,14,Foodmarket Тепло Черникова,4.0,4869.75,5940.0,1070.25,22.0,1217.4375
2026-01-29,Четверг,15,Foodmarket Тепло Черникова,3.0,4610.0,5322.0,712.0,23.0,1536.6666666666667
2026-01-29,Четверг,16,Foodmarket Тепло Черникова,9.0,13338.0,15387.0,1929.0,61.0,1482.0
2026-01-29,Четверг,17,Foodmarket Тепло Черникова,10.0,18329.0,20941.0,2532.0,66.0,1832.9
2026-01-29,Четверг,18,Foodmarket Тепло Черникова,8.0,9436.0,11219.0,1563.0,52.0,1179.5
2026-01-29,Четверг,19,Foodmarket Тепло Черникова,6.0,7483.0,8417.0,934.0,31.0,1247.1666666666667
2026-01-29,Четверг,20,Foodmarket Тепло Черникова,4.0,9607.0,10956.0,1349.0,43.0,2401.75
2026-01-29,Четверг,21,Foodmarket Тепло Черникова,3.0,2094.0,5443.0,1550.0,19.0,698.0
2026-01-29,Четверг,22,Foodmarket Тепло Черникова,1.0,1142.0,1629.0,487.0,6.0,1142.0
2026-01-30,Пятница,9,Foodmarket Тепло Черникова,1.0,3495.0,4074.0,579.0,16.0,3495.0
2026-01-30,Пятница,10,Foodmarket Тепло Черникова,7.0,17586.0,21127.0,1878.0,62.0,2512.285714285714
2026-01-30,Пятница,11,Foodmarket Тепло Черникова,3.0,3334.0,4131.0,597.0,18.0,1111.3333333333333
2026-01-30,Пятница,12,Foodmarket Тепло Черникова,8.0,17617.0,22903.0,2318.0,79.0,2202.125
2026-01-30,Пятница,13,Foodmarket Тепло Черникова,7.0,7970.85,9403.0,1322.15,30.0,1138.6928571428573
2026-01-30,Пятница,14,Foodmarket Тепло Черникова,7.0,12505.0,14580.0,2075.0,46.0,1786.4285714285713
2026-01-30,Пятница,15,Foodmarket Тепло Черникова,5.0,8524.0,12839.0,2616.0,40.0,1704.8
2026-01-30,Пятница,16,Foodmarket Тепло Черникова,9.0,17298.0,18979.0,1481.0,72.0,1922.0
2026-01-30,Пятница,17,Foodmarket Тепло Черникова,12.0,19063.0,22476.0,3303.0,77.0,1588.5833333333333
2026-01-30,Пятница,18,Foodmarket Тепло Черникова,14.0,24727.25,29135.0,4042.75,84.0,1766.232142857143
2026-01-30,Пятница,19,Foodmarket Тепло Черникова,7.0,11578.0,14442.0,2864.0,41.0,1654.0
2026-01-30,Пятница,20,Foodmarket Тепло Черникова,14.0,24309.0,30071.0,4584.0,87.0,1736.357142857143
2026-01-30,Пятница,21,Foodmarket Тепло Черникова,8.0,30001.0,30737.0,736.0,116.0,3750.125
2026-01-30,Пятница,22,Foodmarket Тепло Черникова,1.0,90.0,280.0,190.0,2.0,90.0
2026-01-31,Суббота,9,Foodmarket Тепло Черникова,1.0,914.0,1024.0,110.0,7.0,914.0
2026-01-31,Суббота,10,Foodmarket Тепло Черникова,4.0,5829.0,7287.0,1458.0,24.0,1457.25
2026-01-31,Суббота,11,Foodmarket Тепло Черникова,5.0,12448.0,14881.0,2433.0,49.0,2489.6
2026-01-31,Суббота,12,Foodmarket Тепло Черникова,9.0,18203.35,20639.0,2325.65,62.0,2022.5944444444442
2026-01-31,Суббота,13,Foodmarket Тепло Черникова,13.0,24220.0,27775.0,3445.0,96.0,1863.076923076923
2026-01-31,Суббота,14,Foodmarket Тепло Черникова,7.0,11501.55,13162.0,1550.45,34.0,1643.0785714285714
2026-01-31,Суббота,15,Foodmarket Тепло Черникова,7.0,13534.15,17633.0,1758.85,43.0,1933.45
2026-01-31,Суббота,16,Foodmarket Тепло Черникова,8.0,12431.0,14148.0,1607.0,58.0,1553.875
2026-01-31,Суббота,17,Foodmarket Тепло Черникова,11.0,16168.0,20205.0,3167.0,74.0,1469.8181818181818
2026-01-31,Суббота,18,Foodmarket Тепло Черникова,18.0,26913.0,31297.0,4044.0,113.0,1495.1666666666667
2026-01-31,Суббота,19,Foodmarket Тепло Черникова,8.0,11528.0,12875.0,1347.0,46.0,1441.0
2026-01-31,Суббота,20,Foodmarket Тепло Черникова,12.0,21234.6,23806.0,2461.4,99.0,1769.55
2026-01-31,Суббота,21,Foodmarket Тепло Черникова,4.0,9835.0,10016.0,146.0,61.0,2458.75
2026-01-31,Суббота,22,Foodmarket Тепло Черникова,2.0,3621.0,4539.0,918.0,15.0,1810.5
2026-02-01,Воскресенье,7,Foodmarket Тепло Черникова,1.0,1326.0,1999.0,673.0,4.0,1326.0
2026-02-01,Воскресенье,10,Foodmarket Тепло Черникова,1.0,2179.0,2539.0,360.0,7.0,2179.0
2026-02-01,Воскресенье,11,Foodmarket Тепло Черникова,8.0,14242.0,16655.0,2413.0,41.0,1780.25
2026-02-01,Воскресенье,12,Foodmarket Тепло Черникова,4.0,6346.0,7432.0,1086.0,28.0,1586.5
2026-02-01,Воскресенье,13,Foodmarket Тепло Черникова,6.0,9805.0,13202.0,699.0,31.0,1634.1666666666667
2026-02-01,Воскресенье,14,Foodmarket Тепло Черникова,1.0,911.0,1399.0,488.0,5.0,911.0
2026-02-01,Воскресенье,15,Foodmarket Тепло Черникова,8.0,15088.0,17002.0,1724.0,82.0,1886.0
2026-02-01,Воскресенье,16,Foodmarket Тепло Черникова,7.0,9567.0,12047.0,1771.0,42.0,1366.7142857142858
2026-02-01,Воскресенье,17,Foodmarket Тепло Черникова,7.0,8653.0,10296.0,1643.0,41.0,1236.142857142857
2026-02-01,Воскресенье,18,Foodmarket Тепло Черникова,8.0,13661.0,15702.0,2041.0,59.0,1707.625
2026-02-01,Воскресенье,19,Foodmarket Тепло Черникова,8.0,16475.0,18876.0,2211.0,77.0,2059.375
2026-02-01,Воскресенье,20,Foodmarket Тепло Черникова,9.0,25391.0,26967.0,437.0,114.0,2821.222222222222
2026-02-01,Воскресенье,21,Foodmarket Тепло Черникова,6.0,16010.0,17507.0,1497.0,90.0,2668.3333333333335
2026-02-02,Понедельник,9,Foodmarket Тепло Черникова,2.0,6232.0,7390.0,1158.0,21.0,3116.0
2026-02-02,Понедельник,10,Foodmarket Тепло Черникова,2.0,5913.0,6806.0,893.0,17.0,2956.5
2026-02-02,Понедельник,11,Foodmarket Тепло Черникова,4.0,2405.0,2623.0,218.0,11.0,601.25
2026-02-02,Понедельник,12,Foodmarket Тепло Черникова,5.0,4809.0,6253.0,1334.0,23.0,961.8
2026-02-02,Понедельник,13,Foodmarket Тепло Черникова,4.0,3753.0,4843.0,1086.0,21.0,938.25
2026-02-02,Понедельник,14,Foodmarket Тепло Черникова,2.0,3029.0,3608.0,579.0,17.0,1514.5
2026-02-02,Понедельник,15,Foodmarket Тепло Черникова,3.0,3427.0,4158.0,507.0,15.0,1142.3333333333333
2026-02-02,Понедельник,16,Foodmarket Тепло Черникова,3.0,6731.0,8093.0,1264.0,35.0,2243.6666666666665
2026-02-02,Понедельник,17,Foodmarket Тепло Черникова,8.0,17116.0,20951.0,3725.0,69.0,2139.5
2026-02-02,Понедельник,18,Foodmarket Тепло Черникова,8.0,13246.0,18989.0,4333.0,77.0,1655.75
2026-02-02,Понедельник,19,Foodmarket Тепло Черникова,10.0,18453.0,21708.0,3023.0,58.0,1845.3
2026-02-02,Понедельник,20,Foodmarket Тепло Черникова,5.0,3706.0,7070.0,3254.0,21.0,741.2
2026-02-02,Понедельник,21,Foodmarket Тепло Черникова,2.0,2189.0,2879.0,690.0,5.0,1094.5
2026-02-02,Понедельник,22,Foodmarket Тепло Черникова,1.0,3655.0,4569.0,914.0,12.0,3655.0
2026-02-03,Вторник,10,Foodmarket Тепло Черникова,2.0,1925.0,2650.0,725.0,12.0,962.5
2026-02-03,Вторник,11,Foodmarket Тепло Черникова,1.0,1285.0,1285.0,0.0,4.0,1285.0
2026-02-03,Вторник,12,Foodmarket Тепло Черникова,2.0,2213.0,2907.0,694.0,11.0,1106.5
2026-02-03,Вторник,13,Foodmarket Тепло Черникова,3.0,2167.0,4256.0,2089.0,12.0,722.3333333333334
2026-02-03,Вторник,14,Foodmarket Тепло Черникова,4.0,6675.0,8231.0,1556.0,25.0,1668.75
2026-02-03,Вторник,15,Foodmarket Тепло Черникова,6.0,8375.0,9726.0,1351.0,26.0,1395.8333333333333
2026-02-03,Вторник,16,Foodmarket Тепло Черникова,4.0,8153.0,8613.0,460.0,22.0,2038.25
2026-02-03,Вторник,17,Foodmarket Тепло Черникова,2.0,2784.0,3408.0,624.0,9.0,1392.0
2026-02-03,Вторник,18,Foodmarket Тепло Черникова,13.0,23972.0,37470.0,4197.0,92.0,1844.0
2026-02-03,Вторник,19,Foodmarket Тепло Черникова,12.0,17245.0,20190.0,2945.0,59.0,1437.0833333333333
2026-02-03,Вторник,20,Foodmarket Тепло Черникова,5.0,3765.0,7169.0,3404.0,24.0,753.0
2026-02-03,Вторник,21,Foodmarket Тепло Черникова,3.0,3441.0,4573.0,1132.0,22.0,1147.0
2026-02-03,Вторник,22,Foodmarket Тепло Черникова,1.0,0.0,160.0,160.0,2.0,0.0
2026-02-04,Среда,10,Foodmarket Тепло Черникова,5.0,5908.85,6985.0,966.15,23.0,1181.77
2026-02-04,Среда,11,Foodmarket Тепло Черникова,3.0,2294.0,2705.0,301.0,10.0,764.6666666666666
2026-02-04,Среда,12,Foodmarket Тепло Черникова,7.0,7358.0,11447.0,1792.0,37.0,1051.142857142857
2026-02-04,Среда,13,Foodmarket Тепло Черникова,4.0,5357.0,9195.0,199.0,30.0,1339.25
2026-02-04,Среда,14,Foodmarket Тепло Черникова,3.0,1552.0,2972.0,1420.0,13.0,517.3333333333334
2026-02-04,Среда,15,Foodmarket Тепло Черникова,4.0,5466.0,6535.0,1029.0,26.0,1366.5
2026-02-04,Среда,16,Foodmarket Тепло Черникова,4.0,7171.0,7578.0,407.0,25.0,1792.75
2026-02-04,Среда,17,Foodmarket Тепло Черникова,7.0,9690.0,13040.0,3350.0,50.0,1384.2857142857142
2026-02-04,Среда,18,Foodmarket Тепло Черникова,11.0,23208.0,27884.0,4486.0,92.0,2109.818181818182
2026-02-04,Среда,19,Foodmarket Тепло Черникова,9.0,15684.0,18148.0,2404.0,70.0,1742.6666666666667
2026-02-04,Среда,20,Foodmarket Тепло Черникова,7.0,11729.5,13228.0,1494.5,52.0,1675.642857142857
2026-02-04,Среда,21,Foodmarket Тепло Черникова,2.0,3677.0,3823.0,36.0,19.0,1838.5
2026-02-05,Четверг,8,Foodmarket Тепло Черникова,1.0,1281.0,1281.0,0.0,8.0,1281.0
2026-02-05,Четверг,10,Foodmarket Тепло Черникова,4.0,9402.0,10995.0,1483.0,37.0,2350.5
2026-02-05,Четверг,11,Foodmarket Тепло Черникова,3.0,6137.0,7282.0,1145.0,16.0,2045.6666666666667
2026-02-05,Четверг,12,Foodmarket Тепло Черникова,2.0,1774.0,3122.0,308.0,17.0,887.0
2026-02-05,Четверг,13,Foodmarket Тепло Черникова,2.0,2920.65,3558.0,277.35,10.0,1460.325
2026-02-05,Четверг,14,Foodmarket Тепло Черникова,6.0,8269.0,11519.0,3000.0,32.0,1378.1666666666667
2026-02-05,Четверг,15,Foodmarket Тепло Черникова,3.0,4611.0,7930.0,2594.0,18.0,1537.0
2026-02-05,Четверг,16,Foodmarket Тепло Черникова,4.0,7757.0,9334.0,1447.0,29.0,1939.25
2026-02-05,Четверг,17,Foodmarket Тепло Черникова,7.0,16345.0,19545.0,3200.0,63.0,2335.0
2026-02-05,Четверг,18,Foodmarket Тепло Черникова,7.0,13770.0,15722.0,1952.0,49.0,1967.142857142857
2026-02-05,Четверг,19,Foodmarket Тепло Черникова,8.0,9864.0,10451.0,587.0,36.0,1233.0
2026-02-05,Четверг,20,Foodmarket Тепло Черникова,4.0,5445.65,8149.0,1834.35,27.0,1361.4125
2026-02-05,Четверг,21,Foodmarket Тепло Черникова,4.0,5532.0,6747.0,1025.0,17.0,1383.0
2026-02-06,Пятница,8,Foodmarket Тепло Черникова,1.0,2632.0,4369.0,579.0,14.0,2632.0
2026-02-06,Пятница,9,Foodmarket Тепло Черникова,3.0,6852.0,7785.0,803.0,29.0,2284.0
2026-02-06,Пятница,11,Foodmarket Тепло Черникова,5.0,11095.0,17815.0,1566.0,54.0,2219.0
2026-02-06,Пятница,12,Foodmarket Тепло Черникова,4.0,5413.0,6886.0,1473.0,32.0,1353.25
2026-02-06,Пятница,13,Foodmarket Тепло Черникова,6.0,7462.0,9198.0,1736.0,27.0,1243.6666666666667
2026-02-06,Пятница,14,Foodmarket Тепло Черникова,13.0,29685.4,34891.0,4855.6,114.0,2283.492307692308
2026-02-06,Пятница,15,Foodmarket Тепло Черникова,9.0,21145.9,24146.0,2886.1,96.0,2349.5444444444447
2026-02-06,Пятница,16,Foodmarket Тепло Черникова,15.0,26083.0,30063.0,3840.0,115.0,1738.8666666666666
2026-02-06,Пятница,17,Foodmarket Тепло Черникова,22.0,38760.0,47385.0,8511.0,152.0,1761.8181818181818
2026-02-06,Пятница,18,Foodmarket Тепло Черникова,12.0,22895.0,26914.0,4019.0,90.0,1907.9166666666667
2026-02-06,Пятница,19,Foodmarket Тепло Черникова,15.0,22553.0,29761.0,5158.0,102.0,1503.5333333333333
2026-02-06,Пятница,20,Foodmarket Тепло Черникова,5.0,13611.0,15157.0,1546.0,53.0,2722.2
2026-02-06,Пятница,21,Foodmarket Тепло Черникова,3.0,5065.0,5644.0,579.0,21.0,1688.3333333333333
2026-02-06,Пятница,22,Foodmarket Тепло Черникова,2.0,2754.0,3114.0,360.0,7.0,1377.0
2026-02-07,Суббота,9,Foodmarket Тепло Черникова,1.0,1177.0,1250.0,73.0,2.0,1177.0
2026-02-07,Суббота,10,Foodmarket Тепло Черникова,7.0,14847.0,16683.0,1836.0,52.0,2121.0
2026-02-07,Суббота,11,Foodmarket Тепло Черникова,7.0,10479.0,13162.0,2683.0,34.0,1497.0
2026-02-07,Суббота,12,Foodmarket Тепло Черникова,6.0,10506.0,12533.0,1917.0,36.0,1751.0
2026-02-07,Суббота,13,Foodmarket Тепло Черникова,8.0,15280.0,17629.0,1200.0,57.0,1910.0
2026-02-07,Суббота,14,Foodmarket Тепло Черникова,6.0,18237.0,21208.0,2971.0,69.0,3039.5
2026-02-07,Суббота,15,Foodmarket Тепло Черникова,15.0,28589.0,33864.0,3666.0,91.0,1905.9333333333334
2026-02-07,Суббота,16,Foodmarket Тепло Черникова,10.0,14300.0,18571.0,4211.0,75.0,1430.0
2026-02-07,Суббота,17,Foodmarket Тепло Черникова,11.0,18886.85,22706.0,3274.15,83.0,1716.9863636363634
2026-02-07,Суббота,18,Foodmarket Тепло Черникова,13.0,21421.0,24385.0,2964.0,77.0,1647.7692307692307
2026-02-07,Суббота,19,Foodmarket Тепло Черникова,15.0,22150.0,30687.0,2741.0,110.0,1476.6666666666667
2026-02-07,Суббота,20,Foodmarket Тепло Черникова,9.0,17360.0,20456.0,3096.0,64.0,1928.888888888889
2026-02-07,Суббота,21,Foodmarket Тепло Черникова,14.0,35181.0,36610.0,1429.0,124.0,2512.9285714285716
2026-02-07,Суббота,22,Foodmarket Тепло Черникова,1.0,1004.0,1233.0,221.0,9.0,1004.0
2026-02-08,Воскресенье,0,Foodmarket Тепло Черникова,1.0,3398.0,3649.0,251.0,3.0,3398.0
2026-02-08,Воскресенье,9,Foodmarket Тепло Черникова,1.0,3337.0,3832.0,495.0,19.0,3337.0
2026-02-08,Воскресенье,10,Foodmarket Тепло Черникова,5.0,10167.75,11542.0,1374.25,28.0,2033.55
2026-02-08,Воскресенье,11,Foodmarket Тепло Черникова,8.0,10140.0,14089.0,3619.0,48.0,1267.5
2026-02-08,Воскресенье,12,Foodmarket Тепло Черникова,4.0,5390.0,5930.0,540.0,12.0,1347.5
2026-02-08,Воскресенье,13,Foodmarket Тепло Черникова,7.0,9804.0,12733.0,2059.0,39.0,1400.5714285714287
2026-02-08,Воскресенье,14,Foodmarket Тепло Черникова,2.0,2043.0,2964.0,921.0,9.0,1021.5
2026-02-08,Воскресенье,15,Foodmarket Тепло Черникова,6.0,11663.0,13799.0,2096.0,58.0,1943.8333333333333
2026-02-08,Воскресенье,16,Foodmarket Тепло Черникова,14.0,19885.0,23470.0,3085.0,80.0,1420.357142857143
2026-02-08,Воскресенье,17,Foodmarket Тепло Черникова,5.0,11613.0,13342.0,1489.0,47.0,2322.6
2026-02-08,Воскресенье,18,Foodmarket Тепло Черникова,9.0,12155.0,12888.0,589.0,52.0,1350.5555555555557
2026-02-08,Воскресенье,19,Foodmarket Тепло Черникова,4.0,5523.0,7136.0,1503.0,17.0,1380.75
2026-02-08,Воскресенье,20,Foodmarket Тепло Черникова,5.0,6574.0,7829.0,1135.0,22.0,1314.8
2026-02-08,Воскресенье,21,Foodmarket Тепло Черникова,6.0,20880.0,22140.0,1260.0,94.0,3480.0
2026-02-09,Понедельник,9,Foodmarket Тепло Черникова,1.0,1475.0,1574.0,99.0,7.0,1475.0
2026-02-09,Понедельник,10,Foodmarket Тепло Черникова,1.0,2383.0,2708.0,325.0,13.0,2383.0
2026-02-09,Понедельник,11,Foodmarket Тепло Черникова,2.0,870.0,1940.0,1070.0,8.0,435.0
2026-02-09,Понедельник,12,Foodmarket Тепло Черникова,2.0,5586.0,6315.0,619.0,16.0,2793.0
2026-02-09,Понедельник,13,Foodmarket Тепло Черникова,4.0,6017.0,6518.0,501.0,20.0,1504.25
2026-02-09,Понедельник,14,Foodmarket Тепло Черникова,5.0,5312.16,7177.0,1864.84,25.0,1062.432
2026-02-09,Понедельник,15,Foodmarket Тепло Черникова,1.0,1629.0,1829.0,200.0,4.0,1629.0
2026-02-09,Понедельник,16,Foodmarket Тепло Черникова,5.0,7231.0,8190.0,959.0,40.0,1446.2
2026-02-09,Понедельник,17,Foodmarket Тепло Черникова,5.0,6911.51,8260.0,1238.49,29.0,1382.3020000000001
2026-02-09,Понедельник,18,Foodmarket Тепло Черникова,10.0,10177.0,15029.0,4702.0,49.0,1017.7
2026-02-09,Понедельник,19,Foodmarket Тепло Черникова,2.0,4196.0,4196.0,0.0,22.0,2098.0
2026-02-09,Понедельник,20,Foodmarket Тепло Черникова,6.0,14108.0,16420.0,2312.0,88.0,2351.3333333333335
2026-02-09,Понедельник,21,Foodmarket Тепло Черникова,6.0,6573.0,7946.0,1249.0,33.0,1095.5
2026-02-10,Вторник,10,Foodmarket Тепло Черникова,3.0,5340.8,5942.0,601.2,29.0,1780.2666666666667
2026-02-10,Вторник,11,Foodmarket Тепло Черникова,2.0,3650.0,4580.0,480.0,14.0,1825.0
2026-02-10,Вторник,12,Foodmarket Тепло Черникова,1.0,372.0,889.0,407.0,3.0,372.0
2026-02-10,Вторник,13,Foodmarket Тепло Черникова,2.0,2502.0,3154.0,532.0,14.0,1251.0
2026-02-10,Вторник,14,Foodmarket Тепло Черникова,2.0,4736.0,5277.0,541.0,9.0,2368.0
2026-02-10,Вторник,15,Foodmarket Тепло Черникова,6.0,7937.0,9217.0,826.0,50.0,1322.8333333333333
2026-02-10,Вторник,16,Foodmarket Тепло Черникова,4.0,4860.0,7118.0,2148.0,28.0,1215.0
2026-02-10,Вторник,17,Foodmarket Тепло Черникова,2.0,3639.0,4258.0,579.0,11.0,1819.5
2026-02-10,Вторник,18,Foodmarket Тепло Черникова,13.0,25804.0,33232.0,5384.0,112.0,1984.923076923077
2026-02-10,Вторник,19,Foodmarket Тепло Черникова,7.0,13723.0,16018.0,2185.0,80.0,1960.4285714285713
2026-02-10,Вторник,20,Foodmarket Тепло Черникова,7.0,11256.0,15668.0,2903.0,55.0,1608.0
2026-02-10,Вторник,21,Foodmarket Тепло Черникова,1.0,2325.0,2904.0,579.0,12.0,2325.0
2026-02-11,Среда,9,Foodmarket Тепло Черникова,2.0,3641.0,6764.0,1724.0,13.0,1820.5
2026-02-11,Среда,10,Foodmarket Тепло Черникова,4.0,7645.0,8878.0,973.0,42.0,1911.25
2026-02-11,Среда,12,Foodmarket Тепло Черникова,5.0,6125.0,12651.0,5127.0,42.0,1225.0
2026-02-11,Среда,13,Foodmarket Тепло Черникова,4.0,4367.0,10383.0,4617.0,16.0,1091.75
2026-02-11,Среда,14,Foodmarket Тепло Черникова,5.0,3083.0,7743.0,4660.0,12.0,616.6
2026-02-11,Среда,15,Foodmarket Тепло Черникова,7.0,7120.0,14367.0,5848.0,34.0,1017.1428571428571
2026-02-11,Среда,16,Foodmarket Тепло Черникова,9.0,12527.0,22972.0,8547.0,73.0,1391.888888888889
2026-02-11,Среда,17,Foodmarket Тепло Черникова,10.0,2537.63,18913.0,16233.37,86.0,253.763
2026-02-11,Среда,18,Foodmarket Тепло Черникова,24.0,30529.0,52616.0,17320.0,179.0,1272.0416666666667
2026-02-11,Среда,19,Foodmarket Тепло Черникова,7.0,9978.0,11363.0,1145.0,49.0,1425.4285714285713
2026-02-11,Среда,20,Foodmarket Тепло Черникова,3.0,2333.0,2562.0,119.0,15.0,777.6666666666666
2026-02-11,Среда,21,Foodmarket Тепло Черникова,4.0,12459.0,12509.0,50.0,55.0,3114.75
2026-02-12,Четверг,8,Foodmarket Тепло Черникова,1.0,1372.0,1499.0,127.0,1.0,1372.0
2026-02-12,Четверг,10,Foodmarket Тепло Черникова,1.0,850.0,850.0,0.0,2.0,850.0
2026-02-12,Четверг,11,Foodmarket Тепло Черникова,3.0,4121.0,5057.0,826.0,14.0,1373.6666666666667
2026-02-12,Четверг,12,Foodmarket Тепло Черникова,1.0,868.0,885.0,17.0,5.0,868.0
2026-02-12,Четверг,13,Foodmarket Тепло Черникова,3.0,7278.0,8240.0,962.0,16.0,2426.0
2026-02-12,Четверг,14,Foodmarket Тепло Черникова,4.0,7919.0,13325.0,2338.0,37.0,1979.75
2026-02-12,Четверг,15,Foodmarket Тепло Черникова,5.0,8898.3,18679.0,2832.7,36.0,1779.6599999999999
2026-02-12,Четверг,16,Foodmarket Тепло Черникова,8.0,9722.0,14025.0,2933.0,43.0,1215.25
2026-02-12,Четверг,17,Foodmarket Тепло Черникова,9.0,22031.0,27250.0,4765.0,76.0,2447.8888888888887
2026-02-12,Четверг,18,Foodmarket Тепло Черникова,7.0,7808.0,10310.0,2502.0,29.0,1115.4285714285713
2026-02-12,Четверг,19,Foodmarket Тепло Черникова,7.0,9244.0,15193.0,2976.0,54.0,1320.5714285714287
2026-02-12,Четверг,20,Foodmarket Тепло Черникова,6.0,6302.0,6896.0,594.0,23.0,1050.3333333333333
2026-02-12,Четверг,21,Foodmarket Тепло Черникова,3.0,4460.0,5263.0,803.0,22.0,1486.6666666666667
2026-02-13,Пятница,8,Foodmarket Тепло Черникова,2.0,4451.0,5179.0,728.0,19.0,2225.5
2026-02-13,Пятница,9,Foodmarket Тепло Черникова,1.0,0.0,8240.0,8240.0,20.0,0.0
2026-02-13,Пятница,10,Foodmarket Тепло Черникова,5.0,14293.0,16561.0,2268.0,53.0,2858.6
2026-02-13,Пятница,11,Foodmarket Тепло Черникова,6.0,12208.0,14552.0,2234.0,43.0,2034.6666666666667
2026-02-13,Пятница,12,Foodmarket Тепло Черникова,4.0,7168.0,7463.0,235.0,36.0,1792.0
2026-02-13,Пятница,13,Foodmarket Тепло Черникова,6.0,9061.0,11413.0,1512.0,44.0,1510.1666666666667
2026-02-13,Пятница,14,Foodmarket Тепло Черникова,6.0,8390.0,9375.0,765.0,41.0,1398.3333333333333
2026-02-13,Пятница,15,Foodmarket Тепло Черникова,17.0,34758.2,41305.0,6482.8,167.0,2044.6
2026-02-13,Пятница,16,Foodmarket Тепло Черникова,16.0,23986.0,34862.0,9514.0,122.0,1499.125
2026-02-13,Пятница,17,Foodmarket Тепло Черникова,15.0,21214.0,24188.0,2974.0,102.0,1414.2666666666667
2026-02-13,Пятница,18,Foodmarket Тепло Черникова,14.0,27696.0,32188.0,3762.0,110.0,1978.2857142857142
2026-02-13,Пятница,19,Foodmarket Тепло Черникова,23.0,41865.0,48084.0,5999.0,177.0,1820.2173913043478
2026-02-13,Пятница,20,Foodmarket Тепло Черникова,11.0,33722.0,42771.0,8419.0,145.0,3065.6363636363635
2026-02-13,Пятница,21,Foodmarket Тепло Черникова,4.0,7705.0,10313.0,1079.0,31.0,1926.25
2026-02-13,Пятница,22,Foodmarket Тепло Черникова,2.0,2754.0,2754.0,0.0,3.0,1377.0
2026-02-14,Суббота,0,Foodmarket Тепло Черникова,1.0,2600.0,2800.0,200.0,7.0,2600.0
2026-02-14,Суббота,8,Foodmarket Тепло Черникова,1.0,1947.0,2047.0,100.0,7.0,1947.0
2026-02-14,Суббота,9,Foodmarket Тепло Черникова,3.0,4727.0,5324.0,597.0,15.0,1575.6666666666667
2026-02-14,Суббота,10,Foodmarket Тепло Черникова,7.0,20945.0,23921.0,2976.0,69.0,2992.1428571428573
2026-02-14,Суббота,11,Foodmarket Тепло Черникова,8.0,12849.0,15332.0,2363.0,71.0,1606.125
2026-02-14,Суббота,12,Foodmarket Тепло Черникова,11.0,19770.0,22536.0,2536.0,77.0,1797.2727272727273
2026-02-14,Суббота,13,Foodmarket Тепло Черникова,17.0,27207.0,39259.0,5419.0,168.0,1600.4117647058824
2026-02-14,Суббота,14,Foodmarket Тепло Черникова,10.0,18510.0,22125.0,3611.0,93.0,1851.0
2026-02-14,Суббота,15,Foodmarket Тепло Черникова,21.0,46625.0,54408.0,7639.0,165.0,2220.2380952380954
2026-02-14,Суббота,16,Foodmarket Тепло Черникова,18.0,28727.0,33808.0,5081.0,127.0,1595.9444444444443
2026-02-14,Суббота,17,Foodmarket Тепло Черникова,17.0,27726.0,36723.0,8437.0,107.0,1630.9411764705883
2026-02-14,Суббота,18,Foodmarket Тепло Черникова,27.0,36535.0,50205.0,8864.0,176.0,1353.148148148148
2026-02-14,Суббота,19,Foodmarket Тепло Черникова,18.0,24736.0,34798.0,3321.0,126.0,1374.2222222222222
2026-02-14,Суббота,20,Foodmarket Тепло Черникова,12.0,20608.0,24497.0,3849.0,102.0,1717.3333333333333
2026-02-14,Суббота,21,Foodmarket Тепло Черникова,12.0,26885.0,28368.0,1483.0,87.0,2240.4166666666665
2026-02-14,Суббота,22,Foodmarket Тепло Черникова,4.0,5102.0,5517.0,375.0,18.0,1275.5
2026-02-15,Воскресенье,8,Foodmarket Тепло Черникова,1.0,4511.0,5090.0,579.0,19.0,4511.0
2026-02-15,Воскресенье,9,Foodmarket Тепло Черникова,1.0,809.0,919.0,110.0,3.0,809.0
2026-02-15,Воскресенье,10,Foodmarket Тепло Черникова,3.0,7874.0,9117.0,1243.0,31.0,2624.6666666666665
2026-02-15,Воскресенье,11,Foodmarket Тепло Черникова,4.0,9842.0,10842.0,1000.0,42.0,2460.5
2026-02-15,Воскресенье,12,Foodmarket Тепло Черникова,4.0,8794.0,10312.0,1518.0,22.0,2198.5
2026-02-15,Воскресенье,13,Foodmarket Тепло Черникова,3.0,7505.0,8443.0,828.0,39.0,2501.6666666666665
2026-02-15,Воскресенье,14,Foodmarket Тепло Черникова,11.0,17252.0,22337.0,4865.0,64.0,1568.3636363636363
2026-02-15,Воскресенье,15,Foodmarket Тепло Черникова,4.0,7408.0,8347.0,939.0,22.0,1852.0
2026-02-15,Воскресенье,16,Foodmarket Тепло Черникова,12.0,19791.0,26199.0,2411.0,74.0,1649.25
2026-02-15,Воскресенье,17,Foodmarket Тепло Черникова,11.0,18302.0,21228.0,2612.0,85.0,1663.8181818181818
2026-02-15,Воскресенье,18,Foodmarket Тепло Черникова,8.0,11913.0,14081.0,1948.0,53.0,1489.125
2026-02-15,Воскресенье,19,Foodmarket Тепло Черникова,5.0,8172.0,10086.0,1804.0,31.0,1634.4
2026-02-15,Воскресенье,20,Foodmarket Тепло Черникова,4.0,6079.0,7249.0,1170.0,34.0,1519.75
2026-02-15,Воскресенье,21,Foodmarket Тепло Черникова,3.0,7076.0,7177.0,101.0,25.0,2358.6666666666665
2026-02-16,Понедельник,10,Foodmarket Тепло Черникова,2.0,933.0,5042.0,276.0,10.0,466.5
2026-02-16,Понедельник,11,Foodmarket Тепло Черникова,2.0,1904.0,2384.0,480.0,7.0,952.0
2026-02-16,Понедельник,12,Foodmarket Тепло Черникова,2.0,7613.0,8192.0,579.0,46.0,3806.5
2026-02-16,Понедельник,13,Foodmarket Тепло Черникова,2.0,3656.0,4091.0,325.0,19.0,1828.0
2026-02-16,Понедельник,14,Foodmarket Тепло Черникова,2.0,4425.0,5364.0,939.0,15.0,2212.5
2026-02-16,Понедельник,15,Foodmarket Тепло Черникова,4.0,8002.0,9119.0,1117.0,17.0,2000.5
2026-02-16,Понедельник,16,Foodmarket Тепло Черникова,8.0,13115.0,14731.0,1356.0,70.0,1639.375
2026-02-16,Понедельник,17,Foodmarket Тепло Черникова,7.0,14795.0,24123.0,6850.0,72.0,2113.5714285714284
2026-02-16,Понедельник,18,Foodmarket Тепло Черникова,3.0,5051.0,5877.0,826.0,20.0,1683.6666666666667
2026-02-16,Понедельник,19,Foodmarket Тепло Черникова,9.0,13473.0,19766.0,4670.0,55.0,1497.0
2026-02-16,Понедельник,20,Foodmarket Тепло Черникова,3.0,5152.0,6026.0,874.0,18.0,1717.3333333333333
2026-02-16,Понедельник,21,Foodmarket Тепло Черникова,1.0,2366.0,2751.0,385.0,11.0,2366.0
2026-02-17,Вторник,9,Foodmarket Тепло Черникова,1.0,343.0,810.0,337.0,3.0,343.0
2026-02-17,Вторник,10,Foodmarket Тепло Черникова,2.0,4337.0,4916.0,579.0,20.0,2168.5
2026-02-17,Вторник,11,Foodmarket Тепло Черникова,1.0,1897.0,2085.0,188.0,4.0,1897.0
2026-02-17,Вторник,12,Foodmarket Тепло Черникова,2.0,1584.0,1694.0,110.0,6.0,792.0
2026-02-17,Вторник,13,Foodmarket Тепло Черникова,2.0,1010.0,1530.0,400.0,10.0,505.0
2026-02-17,Вторник,14,Foodmarket Тепло Черникова,7.0,9686.85,17184.0,5024.15,41.0,1383.8357142857144
2026-02-17,Вторник,15,Foodmarket Тепло Черникова,4.0,5430.0,10863.0,2840.0,31.0,1357.5
2026-02-17,Вторник,16,Foodmarket Тепло Черникова,1.0,3149.0,3728.0,579.0,6.0,3149.0
2026-02-17,Вторник,17,Foodmarket Тепло Черникова,5.0,10225.0,11730.0,1505.0,31.0,2045.0
2026-02-17,Вторник,18,Foodmarket Тепло Черникова,9.0,12582.0,15895.0,1944.0,53.0,1398.0
2026-02-17,Вторник,19,Foodmarket Тепло Черникова,2.0,2234.0,2420.0,186.0,8.0,1117.0
2026-02-17,Вторник,20,Foodmarket Тепло Черникова,9.0,8867.0,12780.0,3913.0,42.0,985.2222222222222
2026-02-17,Вторник,21,Foodmarket Тепло Черникова,3.0,4671.0,5413.0,742.0,21.0,1557.0
2026-02-18,Среда,9,Foodmarket Тепло Черникова,1.0,1114.0,1114.0,0.0,4.0,1114.0
2026-02-18,Среда,10,Foodmarket Тепло Черникова,1.0,3591.0,4225.0,634.0,9.0,3591.0
2026-02-18,Среда,11,Foodmarket Тепло Черникова,2.0,4903.0,7813.0,2910.0,22.0,2451.5
2026-02-18,Среда,12,Foodmarket Тепло Черникова,5.0,3909.0,4771.0,862.0,7.0,781.8
2026-02-18,Среда,13,Foodmarket Тепло Черникова,3.0,3604.0,4074.0,470.0,22.0,1201.3333333333333
2026-02-18,Среда,14,Foodmarket Тепло Черникова,4.0,10374.0,11791.0,1417.0,43.0,2593.5
2026-02-18,Среда,15,Foodmarket Тепло Черникова,2.0,2355.0,2825.0,360.0,16.0,1177.5
2026-02-18,Среда,16,Foodmarket Тепло Черникова,2.0,3015.0,3415.0,360.0,15.0,1507.5
2026-02-18,Среда,17,Foodmarket Тепло Черникова,9.0,11479.0,15587.0,3003.0,45.0,1275.4444444444443
2026-02-18,Среда,18,Foodmarket Тепло Черникова,4.0,6937.0,7605.0,668.0,17.0,1734.25
2026-02-18,Среда,19,Foodmarket Тепло Черникова,4.0,3653.0,4452.0,799.0,15.0,913.25
2026-02-18,Среда,20,Foodmarket Тепло Черникова,5.0,11880.0,13477.0,1597.0,55.0,2376.0
2026-02-18,Среда,22,Foodmarket Тепло Черникова,1.0,3778.0,4357.0,579.0,6.0,3778.0
2026-02-19,Четверг,6,Foodmarket Тепло Черникова,1.0,2902.0,3581.0,679.0,17.0,2902.0
2026-02-19,Четверг,8,Foodmarket Тепло Черникова,2.0,1977.0,4170.0,409.0,23.0,988.5
2026-02-19,Четверг,9,Foodmarket Тепло Черникова,1.0,1479.0,2878.0,1399.0,5.0,1479.0
2026-02-19,Четверг,10,Foodmarket Тепло Черникова,2.0,2886.47,3712.0,705.53,13.0,1443.235
2026-02-19,Четверг,11,Foodmarket Тепло Черникова,5.0,6361.4,8037.0,1385.6,31.0,1272.28
2026-02-19,Четверг,12,Foodmarket Тепло Черникова,6.0,8499.0,9559.0,1060.0,24.0,1416.5
2026-02-19,Четверг,13,Foodmarket Тепло Черникова,4.0,9610.0,10691.0,1081.0,23.0,2402.5
2026-02-19,Четверг,14,Foodmarket Тепло Черникова,6.0,6672.0,10534.0,3712.0,33.0,1112.0
2026-02-19,Четверг,15,Foodmarket Тепло Черникова,3.0,3203.0,6001.0,2798.0,8.0,1067.6666666666667
2026-02-19,Четверг,16,Foodmarket Тепло Черникова,6.0,6633.0,7949.0,1206.0,29.0,1105.5
2026-02-19,Четверг,17,Foodmarket Тепло Черникова,8.0,12438.0,15673.0,2656.0,58.0,1554.75
2026-02-19,Четверг,18,Foodmarket Тепло Черникова,4.0,5317.0,6172.0,855.0,20.0,1329.25
2026-02-19,Четверг,19,Foodmarket Тепло Черникова,5.0,8040.0,10472.0,2302.0,40.0,1608.0
2026-02-19,Четверг,20,Foodmarket Тепло Черникова,5.0,9766.0,11050.0,1284.0,48.0,1953.2
2026-02-19,Четверг,21,Foodmarket Тепло Черникова,1.0,90.0,90.0,0.0,1.0,90.0
2026-02-20,Пятница,7,Foodmarket Тепло Черникова,1.0,1550.0,1550.0,0.0,5.0,1550.0
2026-02-20,Пятница,8,Foodmarket Тепло Черникова,1.0,2379.0,2958.0,579.0,5.0,2379.0
2026-02-20,Пятница,9,Foodmarket Тепло Черникова,4.0,5775.0,7785.0,611.0,17.0,1443.75
2026-02-20,Пятница,10,Foodmarket Тепло Черникова,8.0,20236.0,25121.0,3476.0,66.0,2529.5
2026-02-20,Пятница,11,Foodmarket Тепло Черникова,2.0,3694.0,4187.0,493.0,20.0,1847.0
2026-02-20,Пятница,12,Foodmarket Тепло Черникова,2.0,3750.0,4573.0,823.0,17.0,1875.0
2026-02-20,Пятница,13,Foodmarket Тепло Черникова,4.0,5850.0,6744.0,754.0,36.0,1462.5
2026-02-20,Пятница,14,Foodmarket Тепло Черникова,6.0,7423.0,10230.0,2697.0,41.0,1237.1666666666667
2026-02-20,Пятница,15,Foodmarket Тепло Черникова,9.0,19932.0,22274.0,2342.0,61.0,2214.6666666666665
2026-02-20,Пятница,16,Foodmarket Тепло Черникова,7.0,13982.0,17661.0,3679.0,56.0,1997.4285714285713
2026-02-20,Пятница,17,Foodmarket Тепло Черникова,9.0,11338.0,13762.0,2374.0,45.0,1259.7777777777778
2026-02-20,Пятница,18,Foodmarket Тепло Черникова,10.0,21033.0,23016.0,1983.0,71.0,2103.3
2026-02-20,Пятница,19,Foodmarket Тепло Черникова,10.0,15603.0,18224.0,2621.0,65.0,1560.3
2026-02-20,Пятница,20,Foodmarket Тепло Черникова,6.0,12840.0,13715.0,875.0,62.0,2140.0
2026-02-20,Пятница,21,Foodmarket Тепло Черникова,3.0,2474.0,3479.0,1005.0,10.0,824.6666666666666
2026-02-20,Пятница,22,Foodmarket Тепло Черникова,1.0,1329.0,1709.0,380.0,3.0,1329.0
2026-02-21,Суббота,0,Foodmarket Тепло Черникова,1.0,2493.0,3072.0,579.0,5.0,2493.0
2026-02-21,Суббота,9,Foodmarket Тепло Черникова,2.0,3359.0,3719.0,360.0,7.0,1679.5
2026-02-21,Суббота,10,Foodmarket Тепло Черникова,2.0,3497.0,3597.0,100.0,17.0,1748.5
2026-02-21,Суббота,11,Foodmarket Тепло Черникова,7.0,11854.75,13600.0,1745.25,34.0,1693.5357142857142
2026-02-21,Суббота,12,Foodmarket Тепло Черникова,7.0,9395.0,11767.0,1633.0,44.0,1342.142857142857
2026-02-21,Суббота,13,Foodmarket Тепло Черникова,5.0,7949.0,14342.0,6253.0,30.0,1589.8
2026-02-21,Суббота,14,Foodmarket Тепло Черникова,4.0,6661.0,8078.0,1417.0,22.0,1665.25
2026-02-21,Суббота,15,Foodmarket Тепло Черникова,6.0,8728.85,9641.0,900.15,35.0,1454.8083333333334
2026-02-21,Суббота,16,Foodmarket Тепло Черникова,12.0,26118.0,29450.0,3332.0,99.0,2176.5
2026-02-21,Суббота,17,Foodmarket Тепло Черникова,10.0,18425.0,22779.0,4154.0,67.0,1842.5
2026-02-21,Суббота,18,Foodmarket Тепло Черникова,7.0,13484.0,14535.0,1051.0,37.0,1926.2857142857142
2026-02-21,Суббота,19,Foodmarket Тепло Черникова,10.0,15824.0,19730.0,3786.0,76.0,1582.4
2026-02-21,Суббота,20,Foodmarket Тепло Черникова,18.0,43343.0,47392.0,3275.0,188.0,2407.9444444444443
2026-02-21,Суббота,21,Foodmarket Тепло Черникова,2.0,2909.0,3539.0,630.0,18.0,1454.5
2026-02-21,Суббота,22,Foodmarket Тепло Черникова,2.0,3569.0,5262.0,1368.0,11.0,1784.5
2026-02-22,Воскресенье,0,Foodmarket Тепло Черникова,1.0,1999.0,2324.0,325.0,5.0,1999.0
2026-02-22,Воскресенье,9,Foodmarket Тепло Черникова,1.0,3499.0,4078.0,579.0,10.0,3499.0
2026-02-22,Воскресенье,10,Foodmarket Тепло Черникова,2.0,6973.0,7552.0,579.0,23.0,3486.5
2026-02-22,Воскресенье,11,Foodmarket Тепло Черникова,6.0,9830.0,10519.0,559.0,40.0,1638.3333333333333
2026-02-22,Воскресенье,12,Foodmarket Тепло Черникова,4.0,5942.0,6779.0,837.0,30.0,1485.5
2026-02-22,Воскресенье,13,Foodmarket Тепло Черникова,8.0,10093.0,12248.0,1915.0,38.0,1261.625
2026-02-22,Воскресенье,14,Foodmarket Тепло Черникова,7.0,12072.0,15019.0,2947.0,35.0,1724.5714285714287
2026-02-22,Воскресенье,15,Foodmarket Тепло Черникова,7.0,17019.0,19482.0,2363.0,54.0,2431.285714285714
2026-02-22,Воскресенье,16,Foodmarket Тепло Черникова,10.0,18053.0,26682.0,4213.0,88.0,1805.3
2026-02-22,Воскресенье,17,Foodmarket Тепло Черникова,3.0,4026.0,5234.0,1098.0,17.0,1342.0
2026-02-22,Воскресенье,18,Foodmarket Тепло Черникова,13.0,19647.0,23622.0,3611.0,82.0,1511.3076923076924
2026-02-22,Воскресенье,20,Foodmarket Тепло Черникова,9.0,12985.0,15145.0,2160.0,48.0,1442.7777777777778
2026-02-22,Воскресенье,21,Foodmarket Тепло Черникова,6.0,13357.0,15103.0,1596.0,59.0,2226.1666666666665
2026-02-23,Понедельник,0,Foodmarket Тепло Черникова,1.0,3624.0,4203.0,579.0,6.0,3624.0
2026-02-23,Понедельник,8,Foodmarket Тепло Черникова,3.0,6068.0,7568.0,1500.0,29.0,2022.6666666666667
2026-02-23,Понедельник,9,Foodmarket Тепло Черникова,5.0,12369.0,15116.0,2297.0,34.0,2473.8
2026-02-23,Понедельник,10,Foodmarket Тепло Черникова,16.0,31295.0,36998.0,4998.0,130.0,1955.9375
2026-02-23,Понедельник,11,Foodmarket Тепло Черникова,14.0,33141.0,41386.0,7445.0,136.0,2367.214285714286
2026-02-23,Понедельник,12,Foodmarket Тепло Черникова,17.0,33057.0,40922.0,7631.0,120.0,1944.5294117647059
2026-02-23,Понедельник,13,Foodmarket Тепло Черникова,14.0,28549.0,33437.0,4778.0,108.0,2039.2142857142858
2026-02-23,Понедельник,14,Foodmarket Тепло Черникова,19.0,35725.0,41677.0,5382.0,130.0,1880.2631578947369
2026-02-23,Понедельник,15,Foodmarket Тепло Черникова,19.0,45427.0,54484.0,8500.0,177.0,2390.8947368421054
2026-02-23,Понедельник,16,Foodmarket Тепло Черникова,14.0,27819.0,32387.0,4568.0,85.0,1987.0714285714287
2026-02-23,Понедельник,17,Foodmarket Тепло Черникова,14.0,23364.0,29909.0,4906.0,103.0,1668.857142857143
2026-02-23,Понедельник,18,Foodmarket Тепло Черникова,11.0,20802.0,30253.0,6128.0,81.0,1891.090909090909
2026-02-23,Понедельник,19,Foodmarket Тепло Черникова,9.0,13306.0,15790.0,2484.0,37.0,1478.4444444444443
2026-02-23,Понедельник,20,Foodmarket Тепло Черникова,5.0,7638.0,8981.0,1343.0,26.0,1527.6
2026-02-23,Понедельник,21,Foodmarket Тепло Черникова,3.0,1792.0,4077.0,2285.0,16.0,597.3333333333334
2026-02-23,Понедельник,22,Foodmarket Тепло Черникова,1.0,1696.0,2091.0,395.0,10.0,1696.0
2026-02-23,Понедельник,23,Foodmarket Тепло Черникова,1.0,1665.0,2129.0,464.0,6.0,1665.0
2026-02-24,Вторник,8,Foodmarket Тепло Черникова,1.0,7068.0,8345.0,579.0,70.0,7068.0
2026-02-24,Вторник,9,Foodmarket Тепло Черникова,5.0,15185.0,17610.0,2425.0,82.0,3037.0
2026-02-24,Вторник,10,Foodmarket Тепло Черникова,1.0,1403.0,2348.0,945.0,11.0,1403.0
2026-02-24,Вторник,11,Foodmarket Тепло Черникова,2.0,1381.0,1700.0,99.0,8.0,690.5
2026-02-24,Вторник,12,Foodmarket Тепло Черникова,2.0,3084.0,3829.0,745.0,13.0,1542.0
2026-02-24,Вторник,13,Foodmarket Тепло Черникова,1.0,1439.0,1439.0,0.0,6.0,1439.0
2026-02-24,Вторник,14,Foodmarket Тепло Черникова,1.0,2035.0,3900.0,1865.0,14.0,2035.0
2026-02-24,Вторник,15,Foodmarket Тепло Черникова,1.0,2344.0,2344.0,0.0,2.0,2344.0
2026-02-24,Вторник,16,Foodmarket Тепло Черникова,9.0,19148.0,21121.0,1973.0,72.0,2127.5555555555557
2026-02-24,Вторник,17,Foodmarket Тепло Черникова,9.0,10728.0,18991.0,2800.0,70.0,1192.0
2026-02-24,Вторник,18,Foodmarket Тепло Черникова,10.0,14704.0,19298.0,4474.0,50.0,1470.4
2026-02-24,Вторник,19,Foodmarket Тепло Черникова,8.0,10875.0,14099.0,2854.0,40.0,1359.375
2026-02-24,Вторник,20,Foodmarket Тепло Черникова,1.0,1281.0,1281.0,0.0,11.0,1281.0
2026-02-24,Вторник,21,Foodmarket Тепло Черникова,2.0,2749.0,3438.0,689.0,10.0,1374.5
2026-02-25,Среда,9,Foodmarket Тепло Черникова,2.0,5266.0,6205.0,939.0,21.0,2633.0
2026-02-25,Среда,10,Foodmarket Тепло Черникова,2.0,7784.9,8837.0,1052.1,25.0,3892.45
2026-02-25,Среда,12,Foodmarket Тепло Черникова,1.0,365.0,365.0,0.0,2.0,365.0
2026-02-25,Среда,13,Foodmarket Тепло Черникова,4.0,4347.0,7154.0,2697.0,23.0,1086.75
2026-02-25,Среда,14,Foodmarket Тепло Черникова,1.0,2406.35,3410.0,1003.65,22.0,2406.35
2026-02-25,Среда,15,Foodmarket Тепло Черникова,6.0,5884.0,13529.0,2398.0,62.0,980.6666666666666
2026-02-25,Среда,16,Foodmarket Тепло Черникова,4.0,6435.0,10445.0,4002.0,24.0,1608.75
2026-02-25,Среда,17,Foodmarket Тепло Черникова,6.0,8567.0,10264.0,887.0,38.0,1427.8333333333333
2026-02-25,Среда,18,Foodmarket Тепло Черникова,6.0,8337.0,12324.0,3957.0,44.0,1389.5
2026-02-25,Среда,19,Foodmarket Тепло Черникова,7.0,17207.0,19197.0,1760.0,71.0,2458.1428571428573
2026-02-25,Среда,20,Foodmarket Тепло Черникова,4.0,5671.0,6731.0,1060.0,26.0,1417.75
2026-02-26,Четверг,9,Foodmarket Тепло Черникова,1.0,3358.0,4198.0,840.0,5.0,3358.0
2026-02-26,Четверг,11,Foodmarket Тепло Черникова,2.0,2405.0,2405.0,0.0,7.0,1202.5
2026-02-26,Четверг,12,Foodmarket Тепло Черникова,3.0,4295.0,5269.0,854.0,21.0,1431.6666666666667
2026-02-26,Четверг,13,Foodmarket Тепло Черникова,1.0,844.0,1173.0,329.0,10.0,844.0
2026-02-26,Четверг,14,Foodmarket Тепло Черникова,2.0,2562.5,2945.0,382.5,3.0,1281.25
2026-02-26,Четверг,16,Foodmarket Тепло Черникова,3.0,4319.0,5372.0,833.0,26.0,1439.6666666666667
2026-02-26,Четверг,17,Foodmarket Тепло Черникова,6.0,8936.0,13237.0,1365.0,45.0,1489.3333333333333
2026-02-26,Четверг,18,Foodmarket Тепло Черникова,12.0,20382.0,26678.0,4795.0,94.0,1698.5
2026-02-26,Четверг,19,Foodmarket Тепло Черникова,7.0,13423.0,18169.0,2340.0,88.0,1917.5714285714287
2026-02-26,Четверг,20,Foodmarket Тепло Черникова,8.0,13034.0,17216.0,4182.0,57.0,1629.25
2026-02-26,Четверг,21,Foodmarket Тепло Черникова,1.0,0.0,1699.0,1699.0,2.0,0.0
2026-02-27,Пятница,9,Foodmarket Тепло Черникова,1.0,3963.0,4546.0,579.0,14.0,3963.0
2026-02-27,Пятница,10,Foodmarket Тепло Черникова,3.0,7675.0,8993.0,1318.0,14.0,2558.3333333333335
2026-02-27,Пятница,11,Foodmarket Тепло Черникова,3.0,4939.0,5744.0,805.0,26.0,1646.3333333333333
2026-02-27,Пятница,12,Foodmarket Тепло Черникова,3.0,3577.0,6031.0,2454.0,12.0,1192.3333333333333
2026-02-27,Пятница,13,Foodmarket Тепло Черникова,5.0,9383.0,11903.0,2070.0,37.0,1876.6
2026-02-27,Пятница,14,Foodmarket Тепло Черникова,4.0,3496.0,4078.0,362.0,24.0,874.0
2026-02-27,Пятница,15,Foodmarket Тепло Черникова,6.0,7930.0,10206.0,1062.0,45.0,1321.6666666666667
2026-02-27,Пятница,16,Foodmarket Тепло Черникова,10.0,20133.0,27189.0,5392.0,64.0,2013.3
2026-02-27,Пятница,17,Foodmarket Тепло Черникова,8.0,18882.0,23008.0,2109.0,85.0,2360.25
2026-02-27,Пятница,18,Foodmarket Тепло Черникова,22.0,41840.0,48631.0,6457.0,191.0,1901.8181818181818
2026-02-27,Пятница,19,Foodmarket Тепло Черникова,10.0,15494.0,17887.0,2348.0,52.0,1549.4
2026-02-27,Пятница,20,Foodmarket Тепло Черникова,6.0,9844.0,11709.0,1425.0,43.0,1640.6666666666667
2026-02-27,Пятница,21,Foodmarket Тепло Черникова,5.0,6391.0,9725.0,3154.0,27.0,1278.2
2026-02-28,Суббота,7,Foodmarket Тепло Черникова,1.0,1404.0,1810.0,406.0,7.0,1404.0
2026-02-28,Суббота,9,Foodmarket Тепло Черникова,4.0,5963.0,8950.0,2857.0,33.0,1490.75
2026-02-28,Суббота,10,Foodmarket Тепло Черникова,5.0,20657.0,25657.0,5000.0,94.0,4131.4
2026-02-28,Суббота,11,Foodmarket Тепло Черникова,3.0,4660.0,6420.0,1760.0,14.0,1553.3333333333333
2026-02-28,Суббота,12,Foodmarket Тепло Черникова,17.0,42903.0,48304.0,2603.0,149.0,2523.705882352941
2026-02-28,Суббота,13,Foodmarket Тепло Черникова,10.0,21040.9,24961.0,3810.1,88.0,2104.09
2026-02-28,Суббота,14,Foodmarket Тепло Черникова,4.0,7485.0,10083.0,1975.0,38.0,1871.25
2026-02-28,Суббота,15,Foodmarket Тепло Черникова,7.0,12662.0,14513.0,1851.0,47.0,1808.857142857143
2026-02-28,Суббота,16,Foodmarket Тепло Черникова,11.0,17088.0,20199.0,3051.0,77.0,1553.4545454545455
2026-02-28,Суббота,17,Foodmarket Тепло Черникова,13.0,21540.0,26598.0,4057.0,103.0,1656.923076923077
2026-02-28,Суббота,18,Foodmarket Тепло Черникова,11.0,18685.7,21098.0,2368.3,72.0,1698.7
2026-02-28,Суббота,19,Foodmarket Тепло Черникова,9.0,15781.0,17680.0,1761.0,67.0,1753.4444444444443
2026-02-28,Суббота,20,Foodmarket Тепло Черникова,7.0,6580.0,9810.0,2835.0,29.0,940.0
2026-02-28,Суббота,21,Foodmarket Тепло Черникова,3.0,2225.0,3068.0,843.0,15.0,741.6666666666666
2026-02-28,Суббота,22,Foodmarket Тепло Черникова,2.0,1079.0,1699.0,140.0,7.0,539.5
2026-03-01,Воскресенье,10,Foodmarket Тепло Черникова,3.0,3857.0,5238.0,1381.0,20.0,1285.6666666666667
2026-03-01,Воскресенье,11,Foodmarket Тепло Черникова,7.0,7428.0,9933.0,701.0,32.0,1061.142857142857
2026-03-01,Воскресенье,12,Foodmarket Тепло Черникова,7.0,3684.0,7129.0,3445.0,27.0,526.2857142857143
2026-03-01,Воскресенье,13,Foodmarket Тепло Черникова,6.0,14113.0,16058.0,1937.0,57.0,2352.1666666666665
2026-03-01,Воскресенье,14,Foodmarket Тепло Черникова,7.0,13706.0,16213.0,2427.0,53.0,1958.0
2026-03-01,Воскресенье,15,Foodmarket Тепло Черникова,12.0,16061.0,20367.0,4066.0,80.0,1338.4166666666667
2026-03-01,Воскресенье,16,Foodmarket Тепло Черникова,6.0,7254.0,8162.0,401.0,26.0,1209.0
2026-03-01,Воскресенье,17,Foodmarket Тепло Черникова,16.0,21788.0,28089.0,2797.0,95.0,1361.75
2026-03-01,Воскресенье,18,Foodmarket Тепло Черникова,19.0,28247.0,32478.0,3897.0,124.0,1486.6842105263158
2026-03-01,Воскресенье,19,Foodmarket Тепло Черникова,11.0,11872.0,13841.0,1639.0,62.0,1079.2727272727273
2026-03-01,Воскресенье,20,Foodmarket Тепло Черникова,7.0,5306.0,7810.0,2394.0,23.0,758.0
2026-03-01,Воскресенье,21,Foodmarket Тепло Черникова,5.0,8819.0,11509.0,480.0,36.0,1763.8
2026-03-02,Понедельник,9,Foodmarket Тепло Черникова,1.0,7993.0,8572.0,579.0,9.0,7993.0
2026-03-02,Понедельник,10,Foodmarket Тепло Черникова,1.0,1342.0,1579.0,237.0,5.0,1342.0
2026-03-02,Понедельник,11,Foodmarket Тепло Черникова,3.0,4105.0,5187.0,972.0,20.0,1368.3333333333333
2026-03-02,Понедельник,12,Foodmarket Тепло Черникова,5.0,5616.0,6561.0,945.0,29.0,1123.2
2026-03-02,Понедельник,13,Foodmarket Тепло Черникова,2.0,372.0,723.0,351.0,5.0,186.0
2026-03-02,Понедельник,14,Foodmarket Тепло Черникова,1.0,1545.0,1864.0,319.0,5.0,1545.0
2026-03-02,Понедельник,15,Foodmarket Тепло Черникова,2.0,2292.89,2780.0,367.11,12.0,1146.445
2026-03-02,Понедельник,16,Foodmarket Тепло Черникова,5.0,10204.0,11568.0,1229.0,43.0,2040.8
2026-03-02,Понедельник,17,Foodmarket Тепло Черникова,1.0,3144.0,3699.0,555.0,16.0,3144.0
2026-03-02,Понедельник,18,Foodmarket Тепло Черникова,5.0,6193.0,8776.0,2583.0,34.0,1238.6
2026-03-02,Понедельник,19,Foodmarket Тепло Черникова,5.0,6346.0,9756.0,3300.0,25.0,1269.2
2026-03-02,Понедельник,20,Foodmarket Тепло Черникова,5.0,9068.0,12348.0,3040.0,34.0,1813.6
2026-03-02,Понедельник,21,Foodmarket Тепло Черникова,5.0,15907.0,15907.0,0.0,58.0,3181.4
2026-03-03,Вторник,9,Foodmarket Тепло Черникова,2.0,2949.0,5847.0,1499.0,14.0,1474.5
2026-03-03,Вторник,10,Foodmarket Тепло Черникова,5.0,13825.0,17146.0,2221.0,56.0,2765.0
2026-03-03,Вторник,11,Foodmarket Тепло Черникова,3.0,2641.0,2858.0,107.0,18.0,880.3333333333334
2026-03-03,Вторник,13,Foodmarket Тепло Черникова,3.0,5432.0,9548.0,2717.0,14.0,1810.6666666666667
2026-03-03,Вторник,14,Foodmarket Тепло Черникова,1.0,1068.0,1140.0,72.0,5.0,1068.0
2026-03-03,Вторник,15,Foodmarket Тепло Черникова,2.0,4956.0,6265.0,1309.0,15.0,2478.0
2026-03-03,Вторник,16,Foodmarket Тепло Черникова,3.0,2734.0,6817.0,2604.0,15.0,911.3333333333334
2026-03-03,Вторник,17,Foodmarket Тепло Черникова,5.0,7966.0,10170.0,2094.0,40.0,1593.2
2026-03-03,Вторник,18,Foodmarket Тепло Черникова,9.0,11557.0,16676.0,3570.0,44.0,1284.111111111111
2026-03-03,Вторник,19,Foodmarket Тепло Черникова,8.0,10556.0,16351.0,3985.0,64.0,1319.5
2026-03-03,Вторник,20,Foodmarket Тепло Черникова,9.0,19611.0,24437.0,3651.0,95.0,2179.0
2026-03-03,Вторник,21,Foodmarket Тепло Черникова,1.0,1800.0,2160.0,360.0,10.0,1800.0
2026-03-04,Среда,0,Foodmarket Тепло Черникова,1.0,2488.0,3076.0,588.0,7.0,2488.0
2026-03-04,Среда,8,Foodmarket Тепло Черникова,1.0,3992.0,4697.0,705.0,3.0,3992.0
2026-03-04,Среда,10,Foodmarket Тепло Черникова,1.0,4415.0,4415.0,0.0,21.0,4415.0
2026-03-04,Среда,11,Foodmarket Тепло Черникова,1.0,1516.0,1620.0,104.0,2.0,1516.0
2026-03-04,Среда,12,Foodmarket Тепло Черникова,6.0,9360.0,11666.0,2306.0,21.0,1560.0
2026-03-04,Среда,13,Foodmarket Тепло Черникова,2.0,1319.0,2917.0,1598.0,9.0,659.5
2026-03-04,Среда,14,Foodmarket Тепло Черникова,3.0,3153.0,4030.0,767.0,18.0,1051.0
2026-03-04,Среда,15,Foodmarket Тепло Черникова,4.0,5436.0,6010.0,464.0,33.0,1359.0
2026-03-04,Среда,16,Foodmarket Тепло Черникова,5.0,7762.0,10536.0,2774.0,24.0,1552.4
2026-03-04,Среда,17,Foodmarket Тепло Черникова,8.0,15884.0,18867.0,2184.0,70.0,1985.5
2026-03-04,Среда,18,Foodmarket Тепло Черникова,7.0,10738.0,17770.0,4826.0,42.0,1534.0
2026-03-04,Среда,19,Foodmarket Тепло Черникова,4.0,7379.0,8268.0,889.0,30.0,1844.75
2026-03-04,Среда,20,Foodmarket Тепло Черникова,4.0,9307.0,11189.0,1882.0,37.0,2326.75
2026-03-04,Среда,21,Foodmarket Тепло Черникова,1.0,1648.0,2060.0,412.0,6.0,1648.0
2026-03-05,Четверг,8,Foodmarket Тепло Черникова,1.0,2204.0,3988.0,1784.0,17.0,2204.0
2026-03-05,Четверг,9,Foodmarket Тепло Черникова,1.0,3669.0,4233.0,564.0,22.0,3669.0
2026-03-05,Четверг,10,Foodmarket Тепло Черникова,1.0,2194.0,2519.0,325.0,8.0,2194.0
2026-03-05,Четверг,11,Foodmarket Тепло Черникова,2.0,2380.25,2984.0,363.75,16.0,1190.125
2026-03-05,Четверг,12,Foodmarket Тепло Черникова,1.0,0.0,365.0,365.0,1.0,0.0
2026-03-05,Четверг,13,Foodmarket Тепло Черникова,6.0,8138.0,13461.0,5323.0,39.0,1356.3333333333333
2026-03-05,Четверг,14,Foodmarket Тепло Черникова,4.0,7872.0,11015.0,1393.0,38.0,1968.0
2026-03-05,Четверг,15,Foodmarket Тепло Черникова,3.0,2937.0,3302.0,365.0,7.0,979.0
2026-03-05,Четверг,16,Foodmarket Тепло Черникова,7.0,11232.0,17193.0,2882.0,62.0,1604.5714285714287
2026-03-05,Четверг,17,Foodmarket Тепло Черникова,11.0,14433.8,18885.0,3664.2,59.0,1312.1636363636362
2026-03-05,Четверг,18,Foodmarket Тепло Черникова,9.0,13431.0,19211.0,4367.0,60.0,1492.3333333333333
2026-03-05,Четверг,19,Foodmarket Тепло Черникова,15.0,17585.4,45416.0,5640.6,183.0,1172.3600000000001
2026-03-05,Четверг,20,Foodmarket Тепло Черникова,6.0,7521.0,9869.0,2348.0,34.0,1253.5
2026-03-05,Четверг,21,Foodmarket Тепло Черникова,4.0,15288.0,16005.0,717.0,61.0,3822.0
2026-03-06,Пятница,8,Foodmarket Тепло Черникова,4.0,9430.0,10558.0,1128.0,41.0,2357.5
2026-03-06,Пятница,9,Foodmarket Тепло Черникова,4.0,13397.0,13537.0,140.0,29.0,3349.25
2026-03-06,Пятница,10,Foodmarket Тепло Черникова,8.0,20439.0,24444.0,1358.0,84.0,2554.875
2026-03-06,Пятница,11,Foodmarket Тепло Черникова,6.0,12586.0,13421.0,725.0,41.0,2097.6666666666665
2026-03-06,Пятница,12,Foodmarket Тепло Черникова,5.0,7944.0,9700.0,1251.0,27.0,1588.8
2026-03-06,Пятница,13,Foodmarket Тепло Черникова,8.0,13182.0,17853.0,1837.0,67.0,1647.75
2026-03-06,Пятница,14,Foodmarket Тепло Черникова,7.0,10667.0,16212.0,438.0,50.0,1523.857142857143
2026-03-06,Пятница,15,Foodmarket Тепло Черникова,12.0,24298.0,29517.0,3016.0,77.0,2024.8333333333333
2026-03-06,Пятница,16,Foodmarket Тепло Черникова,6.0,12308.0,15603.0,1096.0,29.0,2051.3333333333335
2026-03-06,Пятница,17,Foodmarket Тепло Черникова,11.0,19213.0,21140.0,1867.0,78.0,1746.6363636363637
2026-03-06,Пятница,18,Foodmarket Тепло Черникова,13.0,25724.0,28585.0,2861.0,91.0,1978.7692307692307
2026-03-06,Пятница,19,Foodmarket Тепло Черникова,7.0,11771.0,16182.0,1021.0,50.0,1681.5714285714287
2026-03-06,Пятница,20,Foodmarket Тепло Черникова,13.0,34124.6,37879.0,2945.4,128.0,2624.9692307692308
2026-03-06,Пятница,21,Foodmarket Тепло Черникова,1.0,1479.0,1479.0,0.0,2.0,1479.0
2026-03-06,Пятница,22,Foodmarket Тепло Черникова,1.0,0.0,575.0,575.0,2.0,0.0
2026-03-06,Пятница,23,Foodmarket Тепло Черникова,1.0,10716.0,10716.0,0.0,10.0,10716.0
2026-03-07,Суббота,7,Foodmarket Тепло Черникова,1.0,3689.0,4253.0,564.0,27.0,3689.0
2026-03-07,Суббота,8,Foodmarket Тепло Черникова,3.0,7434.0,8763.0,1329.0,39.0,2478.0
2026-03-07,Суббота,9,Foodmarket Тепло Черникова,2.0,4916.0,5631.0,715.0,21.0,2458.0
2026-03-07,Суббота,10,Foodmarket Тепло Черникова,6.0,13978.0,15199.0,1221.0,47.0,2329.6666666666665
2026-03-07,Суббота,11,Foodmarket Тепло Черникова,4.0,8077.0,9542.0,1355.0,40.0,2019.25
2026-03-07,Суббота,12,Foodmarket Тепло Черникова,7.0,19373.0,21788.0,2415.0,59.0,2767.5714285714284
2026-03-07,Суббота,13,Foodmarket Тепло Черникова,5.0,6737.0,8987.0,1630.0,18.0,1347.4
2026-03-07,Суббота,14,Foodmarket Тепло Черникова,7.0,19238.0,21887.0,2645.0,57.0,2748.285714285714
2026-03-07,Суббота,15,Foodmarket Тепло Черникова,12.0,22431.0,27362.0,4467.0,97.0,1869.25
2026-03-07,Суббота,16,Foodmarket Тепло Черникова,7.0,10153.0,12619.0,1487.0,47.0,1450.4285714285713
2026-03-07,Суббота,17,Foodmarket Тепло Черникова,13.0,26437.0,30305.0,3828.0,93.0,2033.6153846153845
2026-03-07,Суббота,18,Foodmarket Тепло Черникова,7.0,13843.0,15468.0,1585.0,68.0,1977.5714285714287
2026-03-07,Суббота,19,Foodmarket Тепло Черникова,23.0,9896.0,47058.0,25920.0,149.0,430.2608695652174
2026-03-07,Суббота,20,Foodmarket Тепло Черникова,16.0,25624.0,34529.0,7515.0,153.0,1601.5
2026-03-07,Суббота,21,Foodmarket Тепло Черникова,3.0,12107.0,12675.0,564.0,26.0,4035.6666666666665
2026-03-07,Суббота,22,Foodmarket Тепло Черникова,1.0,1837.0,2197.0,360.0,9.0,1837.0
2026-03-08,Воскресенье,7,Foodmarket Тепло Черникова,1.0,2687.0,3279.0,592.0,6.0,2687.0
2026-03-08,Воскресенье,8,Foodmarket Тепло Черникова,3.0,2732.0,4309.0,1577.0,13.0,910.6666666666666
2026-03-08,Воскресенье,9,Foodmarket Тепло Черникова,11.0,18603.0,21779.0,1489.0,67.0,1691.1818181818182
2026-03-08,Воскресенье,10,Foodmarket Тепло Черникова,17.0,39971.0,44325.0,3904.0,138.0,2351.235294117647
2026-03-08,Воскресенье,11,Foodmarket Тепло Черникова,27.0,47599.0,56808.0,8404.0,174.0,1762.9259259259259
2026-03-08,Воскресенье,12,Foodmarket Тепло Черникова,23.0,49445.0,57136.0,5302.0,188.0,2149.782608695652
2026-03-08,Воскресенье,13,Foodmarket Тепло Черникова,32.0,61675.0,68383.0,6510.0,228.0,1927.34375
2026-03-08,Воскресенье,14,Foodmarket Тепло Черникова,24.0,44194.0,50538.0,4145.0,164.0,1841.4166666666667
2026-03-08,Воскресенье,15,Foodmarket Тепло Черникова,21.0,41007.0,50498.0,9381.0,186.0,1952.7142857142858
2026-03-08,Воскресенье,16,Foodmarket Тепло Черникова,27.0,43642.48,64235.0,8882.52,236.0,1616.3881481481483
2026-03-08,Воскресенье,17,Foodmarket Тепло Черникова,38.0,43037.0,79037.0,16190.0,243.0,1132.5526315789473
2026-03-08,Воскресенье,18,Foodmarket Тепло Черникова,29.0,31177.0,58711.0,7883.0,202.0,1075.0689655172414
2026-03-08,Воскресенье,19,Foodmarket Тепло Черникова,17.0,22509.0,40688.0,2581.0,106.0,1324.0588235294117
2026-03-08,Воскресенье,20,Foodmarket Тепло Черникова,18.0,32122.0,40807.0,5072.0,123.0,1784.5555555555557
2026-03-08,Воскресенье,21,Foodmarket Тепло Черникова,5.0,9988.05,12661.0,1391.95,47.0,1997.61
2026-03-08,Воскресенье,22,Foodmarket Тепло Черникова,2.0,8650.0,8650.0,0.0,35.0,4325.0
2026-03-08,Воскресенье,23,Foodmarket Тепло Черникова,2.0,3665.0,5748.0,445.0,18.0,1832.5
2026-03-09,Понедельник,9,Foodmarket Тепло Черникова,2.0,3866.0,4551.0,685.0,14.0,1933.0
2026-03-09,Понедельник,10,Foodmarket Тепло Черникова,5.0,7998.0,9701.0,1703.0,21.0,1599.6
2026-03-09,Понедельник,11,Foodmarket Тепло Черникова,6.0,10734.0,15132.0,1200.0,49.0,1789.0
2026-03-09,Понедельник,12,Foodmarket Тепло Черникова,6.0,8272.0,10566.0,2294.0,33.0,1378.6666666666667
2026-03-09,Понедельник,13,Foodmarket Тепло Черникова,4.0,5925.0,7014.0,1089.0,23.0,1481.25
2026-03-09,Понедельник,14,Foodmarket Тепло Черникова,5.0,6105.0,6493.0,388.0,28.0,1221.0
2026-03-09,Понедельник,15,Foodmarket Тепло Черникова,10.0,13743.0,15933.0,2190.0,55.0,1374.3
2026-03-09,Понедельник,16,Foodmarket Тепло Черникова,6.0,8280.0,9861.0,1471.0,35.0,1380.0
2026-03-09,Понедельник,17,Foodmarket Тепло Черникова,5.0,5589.0,8430.0,2841.0,30.0,1117.8
2026-03-09,Понедельник,18,Foodmarket Тепло Черникова,6.0,6950.0,11136.0,2799.0,52.0,1158.3333333333333
2026-03-09,Понедельник,19,Foodmarket Тепло Черникова,9.0,12229.0,15384.0,3045.0,48.0,1358.7777777777778
2026-03-09,Понедельник,20,Foodmarket Тепло Черникова,4.0,2842.0,3609.0,767.0,20.0,710.5
2026-03-09,Понедельник,21,Foodmarket Тепло Черникова,2.0,3859.0,4544.0,685.0,13.0,1929.5
2026-03-10,Вторник,9,Foodmarket Тепло Черникова,1.0,8074.0,8638.0,564.0,9.0,8074.0
2026-03-10,Вторник,10,Foodmarket Тепло Черникова,3.0,9423.55,10805.0,1336.45,47.0,3141.183333333333
2026-03-10,Вторник,11,Foodmarket Тепло Черникова,3.0,2219.0,2609.0,280.0,12.0,739.6666666666666
2026-03-10,Вторник,13,Foodmarket Тепло Черникова,2.0,1626.0,2360.0,734.0,14.0,813.0
2026-03-10,Вторник,14,Foodmarket Тепло Черникова,2.0,1560.0,1560.0,0.0,6.0,780.0
2026-03-10,Вторник,15,Foodmarket Тепло Черникова,3.0,3979.0,4202.0,223.0,12.0,1326.3333333333333
2026-03-10,Вторник,16,Foodmarket Тепло Черникова,3.0,6131.0,7552.0,1421.0,22.0,2043.6666666666667
2026-03-10,Вторник,17,Foodmarket Тепло Черникова,7.0,7334.0,10894.0,3060.0,36.0,1047.7142857142858
2026-03-10,Вторник,18,Foodmarket Тепло Черникова,8.0,14300.0,17321.0,2911.0,63.0,1787.5
2026-03-10,Вторник,19,Foodmarket Тепло Черникова,8.0,15137.65,21880.0,4464.35,54.0,1892.20625
2026-03-10,Вторник,20,Foodmarket Тепло Черникова,5.0,10016.0,11292.0,1236.0,44.0,2003.2
2026-03-10,Вторник,21,Foodmarket Тепло Черникова,3.0,4753.0,6117.0,1364.0,24.0,1584.3333333333333
2026-03-11,Среда,9,Foodmarket Тепло Черникова,1.0,6184.0,6748.0,564.0,13.0,6184.0
2026-03-11,Среда,12,Foodmarket Тепло Черникова,6.0,10870.0,12972.0,1582.0,65.0,1811.6666666666667
2026-03-11,Среда,13,Foodmarket Тепло Черникова,3.0,4228.0,7748.0,1940.0,28.0,1409.3333333333333
2026-03-11,Среда,14,Foodmarket Тепло Черникова,1.0,679.0,679.0,0.0,1.0,679.0
2026-03-11,Среда,15,Foodmarket Тепло Черникова,7.0,6797.0,9852.0,2725.0,49.0,971.0
2026-03-11,Среда,17,Foodmarket Тепло Черникова,10.0,16589.0,24942.0,2728.0,68.0,1658.9
2026-03-11,Среда,18,Foodmarket Тепло Черникова,8.0,13992.0,22334.0,8232.0,65.0,1749.0
2026-03-11,Среда,19,Foodmarket Тепло Черникова,3.0,4092.0,4902.0,700.0,18.0,1364.0
2026-03-11,Среда,20,Foodmarket Тепло Черникова,5.0,7374.0,9289.0,1555.0,47.0,1474.8
2026-03-11,Среда,21,Foodmarket Тепло Черникова,3.0,3840.0,9952.0,6112.0,24.0,1280.0
2026-03-12,Четверг,10,Foodmarket Тепло Черникова,1.0,4019.75,4394.0,374.25,20.0,4019.75
2026-03-12,Четверг,11,Foodmarket Тепло Черникова,3.0,3159.0,3619.0,460.0,16.0,1053.0
2026-03-12,Четверг,12,Foodmarket Тепло Черникова,6.0,10940.0,13035.0,1985.0,44.0,1823.3333333333333
2026-03-12,Четверг,13,Foodmarket Тепло Черникова,5.0,5636.0,6202.0,566.0,18.0,1127.2
2026-03-12,Четверг,14,Foodmarket Тепло Черникова,4.0,8197.0,9197.0,1000.0,31.0,2049.25
2026-03-12,Четверг,15,Foodmarket Тепло Черникова,2.0,4497.0,8619.0,810.0,15.0,2248.5
2026-03-12,Четверг,16,Foodmarket Тепло Черникова,8.0,10851.0,15592.0,4162.0,53.0,1356.375
2026-03-12,Четверг,17,Foodmarket Тепло Черникова,12.0,22296.0,26246.0,3950.0,62.0,1858.0
2026-03-12,Четверг,18,Foodmarket Тепло Черникова,10.0,17830.0,21714.0,3734.0,74.0,1783.0
2026-03-12,Четверг,19,Foodmarket Тепло Черникова,8.0,16629.0,19610.0,2821.0,67.0,2078.625
2026-03-12,Четверг,20,Foodmarket Тепло Черникова,8.0,12334.0,16763.0,4319.0,64.0,1541.75
2026-03-12,Четверг,21,Foodmarket Тепло Черникова,3.0,8691.0,9051.0,360.0,48.0,2897.0
2026-03-13,Пятница,8,Foodmarket Тепло Черникова,1.0,2594.0,3158.0,564.0,3.0,2594.0
2026-03-13,Пятница,9,Foodmarket Тепло Черникова,2.0,1215.0,5553.0,4098.0,16.0,607.5
2026-03-13,Пятница,10,Foodmarket Тепло Черникова,2.0,2256.0,2743.0,487.0,12.0,1128.0
2026-03-13,Пятница,11,Foodmarket Тепло Черникова,1.0,1791.0,3490.0,1699.0,12.0,1791.0
2026-03-13,Пятница,12,Foodmarket Тепло Черникова,3.0,5805.0,6521.0,716.0,20.0,1935.0
2026-03-13,Пятница,13,Foodmarket Тепло Черникова,5.0,407.0,1900.0,348.0,10.0,81.4
2026-03-13,Пятница,14,Foodmarket Тепло Черникова,7.0,7994.0,9749.0,1315.0,45.0,1142.0
2026-03-13,Пятница,15,Foodmarket Тепло Черникова,5.0,6424.0,9047.0,2513.0,26.0,1284.8
2026-03-13,Пятница,16,Foodmarket Тепло Черникова,8.0,12786.0,15104.0,2318.0,56.0,1598.25
2026-03-13,Пятница,17,Foodmarket Тепло Черникова,7.0,12064.0,14082.0,1978.0,87.0,1723.4285714285713
2026-03-13,Пятница,18,Foodmarket Тепло Черникова,14.0,29153.0,34969.0,2768.0,100.0,2082.3571428571427
2026-03-13,Пятница,19,Foodmarket Тепло Черникова,16.0,26793.0,31646.0,4853.0,111.0,1674.5625
2026-03-13,Пятница,20,Foodmarket Тепло Черникова,9.0,17585.0,23966.0,2840.0,68.0,1953.888888888889
2026-03-13,Пятница,21,Foodmarket Тепло Черникова,8.0,16005.0,17586.0,1471.0,63.0,2000.625
2026-03-13,Пятница,22,Foodmarket Тепло Черникова,1.0,2236.0,2795.0,559.0,7.0,2236.0
2026-03-14,Суббота,8,Foodmarket Тепло Черникова,1.0,3510.0,3870.0,360.0,16.0,3510.0
2026-03-14,Суббота,10,Foodmarket Тепло Черникова,5.0,12509.1,15706.0,2033.9,75.0,2501.82
2026-03-14,Суббота,11,Foodmarket Тепло Черникова,3.0,3384.0,5627.0,1083.0,19.0,1128.0
2026-03-14,Суббота,12,Foodmarket Тепло Черникова,5.0,4300.0,5064.0,764.0,30.0,860.0
2026-03-14,Суббота,13,Foodmarket Тепло Черникова,6.0,7560.0,8542.0,872.0,38.0,1260.0
2026-03-14,Суббота,14,Foodmarket Тепло Черникова,9.0,22546.0,26041.0,3495.0,63.0,2505.1111111111113
2026-03-14,Суббота,15,Foodmarket Тепло Черникова,3.0,5288.0,5892.0,564.0,31.0,1762.6666666666667
2026-03-14,Суббота,16,Foodmarket Тепло Черникова,11.0,16859.0,20950.0,4091.0,73.0,1532.6363636363637
2026-03-14,Суббота,17,Foodmarket Тепло Черникова,14.0,24956.0,32760.0,7074.0,103.0,1782.5714285714287
2026-03-14,Суббота,18,Foodmarket Тепло Черникова,15.0,20507.0,22806.0,2299.0,76.0,1367.1333333333334
2026-03-14,Суббота,19,Foodmarket Тепло Черникова,7.0,8806.0,10847.0,992.0,49.0,1258.0
2026-03-14,Суббота,20,Foodmarket Тепло Черникова,8.0,11257.0,14453.0,3086.0,52.0,1407.125
2026-03-14,Суббота,21,Foodmarket Тепло Черникова,12.0,37034.0,42335.0,2602.0,152.0,3086.1666666666665
2026-03-14,Суббота,22,Foodmarket Тепло Черникова,1.0,1148.0,1179.0,31.0,7.0,1148.0
2026-03-15,Воскресенье,10,Foodmarket Тепло Черникова,1.0,2807.0,3371.0,564.0,10.0,2807.0
2026-03-15,Воскресенье,11,Foodmarket Тепло Черникова,6.0,10777.0,14279.0,3262.0,34.0,1796.1666666666667
2026-03-15,Воскресенье,12,Foodmarket Тепло Черникова,3.0,5825.0,7092.0,1047.0,31.0,1941.6666666666667
2026-03-15,Воскресенье,13,Foodmarket Тепло Черникова,4.0,5536.0,6203.0,663.0,30.0,1384.0
2026-03-15,Воскресенье,14,Foodmarket Тепло Черникова,3.0,7417.0,8733.0,1316.0,33.0,2472.3333333333335
2026-03-15,Воскресенье,15,Foodmarket Тепло Черникова,3.0,7090.0,7841.0,751.0,25.0,2363.3333333333335
2026-03-15,Воскресенье,16,Foodmarket Тепло Черникова,17.0,26270.0,43112.0,7852.0,125.0,1545.2941176470588
2026-03-15,Воскресенье,17,Foodmarket Тепло Черникова,11.0,17264.28,19256.0,1991.72,62.0,1569.4799999999998
2026-03-15,Воскресенье,18,Foodmarket Тепло Черникова,8.0,10745.0,12966.0,2221.0,40.0,1343.125
2026-03-15,Воскресенье,19,Foodmarket Тепло Черникова,7.0,15782.0,18920.0,3138.0,65.0,2254.5714285714284
2026-03-15,Воскресенье,20,Foodmarket Тепло Черникова,4.0,5374.0,6227.0,743.0,25.0,1343.5
2026-03-15,Воскресенье,21,Foodmarket Тепло Черникова,4.0,5570.0,8530.0,2960.0,22.0,1392.5
2026-03-16,Понедельник,9,Foodmarket Тепло Черникова,1.0,2600.0,3999.0,1399.0,8.0,2600.0
2026-03-16,Понедельник,11,Foodmarket Тепло Черникова,1.0,1365.0,1365.0,0.0,9.0,1365.0
2026-03-16,Понедельник,12,Foodmarket Тепло Черникова,5.0,13352.0,14990.0,1638.0,37.0,2670.4
2026-03-16,Понедельник,14,Foodmarket Тепло Черникова,4.0,6814.0,7602.0,788.0,20.0,1703.5
2026-03-16,Понедельник,15,Foodmarket Тепло Черникова,1.0,2620.0,3184.0,564.0,9.0,2620.0
2026-03-16,Понедельник,16,Foodmarket Тепло Черникова,5.0,9919.0,11592.0,1673.0,37.0,1983.8
2026-03-16,Понедельник,17,Foodmarket Тепло Черникова,10.0,14972.0,18539.0,1837.0,72.0,1497.2
2026-03-16,Понедельник,18,Foodmarket Тепло Черникова,8.0,11624.0,18221.0,3899.0,57.0,1453.0
2026-03-16,Понедельник,19,Foodmarket Тепло Черникова,7.0,12543.0,14599.0,2056.0,60.0,1791.857142857143
2026-03-16,Понедельник,20,Foodmarket Тепло Черникова,7.0,11629.0,13683.0,2054.0,59.0,1661.2857142857142
2026-03-16,Понедельник,21,Foodmarket Тепло Черникова,1.0,16796.0,16796.0,0.0,82.0,16796.0
2026-03-17,Вторник,9,Foodmarket Тепло Черникова,1.0,3513.0,3647.0,134.0,21.0,3513.0
2026-03-17,Вторник,11,Foodmarket Тепло Черникова,2.0,1669.0,1669.0,0.0,4.0,834.5
2026-03-17,Вторник,12,Foodmarket Тепло Черникова,3.0,8973.0,9647.0,674.0,41.0,2991.0
2026-03-17,Вторник,13,Foodmarket Тепло Черникова,1.0,1174.0,1219.0,45.0,6.0,1174.0
2026-03-17,Вторник,14,Foodmarket Тепло Черникова,2.0,1306.0,1805.0,379.0,11.0,653.0
2026-03-17,Вторник,15,Foodmarket Тепло Черникова,2.0,2433.0,6009.0,3576.0,23.0,1216.5
2026-03-17,Вторник,16,Foodmarket Тепло Черникова,2.0,2833.0,3452.0,619.0,15.0,1416.5
2026-03-17,Вторник,17,Foodmarket Тепло Черникова,5.0,7658.0,8871.0,888.0,30.0,1531.6
2026-03-17,Вторник,18,Foodmarket Тепло Черникова,6.0,9124.0,13394.0,4258.0,36.0,1520.6666666666667
2026-03-17,Вторник,19,Foodmarket Тепло Черникова,6.0,7787.0,9173.0,1268.0,34.0,1297.8333333333333
2026-03-17,Вторник,20,Foodmarket Тепло Черникова,4.0,1461.0,3291.0,412.0,14.0,365.25
2026-03-17,Вторник,21,Foodmarket Тепло Черникова,2.0,6937.0,8596.0,1659.0,26.0,3468.5
2026-03-18,Среда,10,Foodmarket Тепло Черникова,1.0,1099.0,1099.0,0.0,2.0,1099.0
2026-03-18,Среда,11,Foodmarket Тепло Черникова,2.0,3226.0,3947.0,611.0,9.0,1613.0
2026-03-18,Среда,12,Foodmarket Тепло Черникова,4.0,3599.0,4371.0,662.0,20.0,899.75
2026-03-18,Среда,13,Foodmarket Тепло Черникова,2.0,2904.0,2944.0,40.0,15.0,1452.0
2026-03-18,Среда,14,Foodmarket Тепло Черникова,3.0,4048.0,6954.0,1507.0,11.0,1349.3333333333333
2026-03-18,Среда,15,Foodmarket Тепло Черникова,6.0,10455.0,13000.0,2145.0,56.0,1742.5
2026-03-18,Среда,16,Foodmarket Тепло Черникова,2.0,4496.0,7858.0,1963.0,14.0,2248.0
2026-03-18,Среда,17,Foodmarket Тепло Черникова,5.0,9831.0,14025.0,2889.0,58.0,1966.2
2026-03-18,Среда,18,Foodmarket Тепло Черникова,8.0,13510.0,19818.0,4179.0,55.0,1688.75
2026-03-18,Среда,19,Foodmarket Тепло Черникова,6.0,8137.0,10033.0,1778.0,35.0,1356.1666666666667
2026-03-18,Среда,20,Foodmarket Тепло Черникова,5.0,3566.0,4698.0,967.0,19.0,713.2
2026-03-18,Среда,21,Foodmarket Тепло Черникова,3.0,7974.0,11743.0,3769.0,33.0,2658.0
2026-03-19,Четверг,7,Foodmarket Тепло Черникова,1.0,4092.0,4656.0,564.0,17.0,4092.0
2026-03-19,Четверг,9,Foodmarket Тепло Черникова,1.0,4984.0,11470.0,3243.0,46.0,4984.0
2026-03-19,Четверг,10,Foodmarket Тепло Черникова,1.0,0.0,110.0,110.0,2.0,0.0
2026-03-19,Четверг,11,Foodmarket Тепло Черникова,1.0,1671.0,1779.0,108.0,6.0,1671.0
2026-03-19,Четверг,12,Foodmarket Тепло Черникова,4.0,6812.0,7497.0,685.0,32.0,1703.0
2026-03-19,Четверг,13,Foodmarket Тепло Черникова,4.0,5237.7,6264.0,756.3,22.0,1309.425
2026-03-19,Четверг,14,Foodmarket Тепло Черникова,5.0,9210.0,10610.0,1400.0,42.0,1842.0
2026-03-19,Четверг,15,Foodmarket Тепло Черникова,3.0,2590.0,3117.0,307.0,19.0,863.3333333333334
2026-03-19,Четверг,16,Foodmarket Тепло Черникова,7.0,11182.0,16759.0,4068.0,42.0,1597.4285714285713
2026-03-19,Четверг,17,Foodmarket Тепло Черникова,7.0,14527.0,19826.0,3455.0,53.0,2075.285714285714
2026-03-19,Четверг,18,Foodmarket Тепло Черникова,5.0,9285.0,11255.0,1645.0,38.0,1857.0
2026-03-19,Четверг,19,Foodmarket Тепло Черникова,5.0,5788.0,12366.0,4000.0,32.0,1157.6
2026-03-19,Четверг,20,Foodmarket Тепло Черникова,2.0,2882.0,5680.0,1399.0,9.0,1441.0
2026-03-19,Четверг,21,Foodmarket Тепло Черникова,4.0,3390.0,5030.0,431.0,15.0,847.5
2026-03-20,Пятница,7,Foodmarket Тепло Черникова,2.0,3058.0,6127.0,540.0,20.0,1529.0
2026-03-20,Пятница,11,Foodmarket Тепло Черникова,3.0,8722.0,9316.0,564.0,29.0,2907.3333333333335
2026-03-20,Пятница,12,Foodmarket Тепло Черникова,1.0,45.0,45.0,0.0,1.0,45.0
2026-03-20,Пятница,13,Foodmarket Тепло Черникова,4.0,8203.0,10236.0,2033.0,39.0,2050.75
2026-03-20,Пятница,14,Foodmarket Тепло Черникова,5.0,4864.0,5945.0,971.0,28.0,972.8
2026-03-20,Пятница,15,Foodmarket Тепло Черникова,7.0,11256.0,12462.0,1206.0,42.0,1608.0
2026-03-20,Пятница,16,Foodmarket Тепло Черникова,8.0,14357.0,16416.0,1839.0,55.0,1794.625
2026-03-20,Пятница,17,Foodmarket Тепло Черникова,14.0,26062.0,30052.0,3960.0,107.0,1861.5714285714287
2026-03-20,Пятница,18,Foodmarket Тепло Черникова,18.0,29956.0,42905.0,8416.0,132.0,1664.2222222222222
2026-03-20,Пятница,19,Foodmarket Тепло Черникова,13.0,22550.0,29087.0,3798.0,84.0,1734.6153846153845
2026-03-20,Пятница,20,Foodmarket Тепло Черникова,4.0,5331.0,6225.0,894.0,26.0,1332.75
2026-03-20,Пятница,21,Foodmarket Тепло Черникова,3.0,7690.0,8408.0,718.0,33.0,2563.3333333333335
2026-03-20,Пятница,22,Foodmarket Тепло Черникова,2.0,1599.0,1599.0,0.0,3.0,799.5
2026-03-21,Суббота,9,Foodmarket Тепло Черникова,2.0,4802.0,5727.0,925.0,10.0,2401.0
2026-03-21,Суббота,10,Foodmarket Тепло Черникова,6.0,9513.5,11336.0,1322.5,38.0,1585.5833333333333
2026-03-21,Суббота,11,Foodmarket Тепло Черникова,4.0,8772.0,9707.0,935.0,25.0,2193.0
2026-03-21,Суббота,12,Foodmarket Тепло Черникова,4.0,6796.35,8456.0,1095.65,43.0,1699.0875
2026-03-21,Суббота,13,Foodmarket Тепло Черникова,4.0,8396.0,9823.0,1427.0,37.0,2099.0
2026-03-21,Суббота,14,Foodmarket Тепло Черникова,4.0,5211.0,5850.0,529.0,28.0,1302.75
2026-03-21,Суббота,15,Foodmarket Тепло Черникова,4.0,6872.0,7322.0,450.0,28.0,1718.0
2026-03-21,Суббота,16,Foodmarket Тепло Черникова,14.0,23947.0,27806.0,3534.0,90.0,1710.5
2026-03-21,Суббота,17,Foodmarket Тепло Черникова,9.0,14966.0,17064.0,1878.0,58.0,1662.888888888889
2026-03-21,Суббота,18,Foodmarket Тепло Черникова,9.0,14509.0,24061.0,1915.0,80.0,1612.111111111111
2026-03-21,Суббота,19,Foodmarket Тепло Черникова,15.0,29314.0,32136.0,2602.0,125.0,1954.2666666666667
2026-03-21,Суббота,20,Foodmarket Тепло Черникова,9.0,10236.0,11325.0,1089.0,49.0,1137.3333333333333
2026-03-21,Суббота,21,Foodmarket Тепло Черникова,6.0,9693.0,10804.0,855.0,43.0,1615.5
2026-03-22,Воскресенье,8,Foodmarket Тепло Черникова,1.0,2803.0,3114.0,311.0,2.0,2803.0
2026-03-22,Воскресенье,9,Foodmarket Тепло Черникова,1.0,946.0,1114.0,168.0,2.0,946.0
2026-03-22,Воскресенье,10,Foodmarket Тепло Черникова,2.0,3051.0,3551.0,440.0,17.0,1525.5
2026-03-22,Воскресенье,11,Foodmarket Тепло Черникова,4.0,6519.0,7640.0,1121.0,22.0,1629.75
2026-03-22,Воскресенье,12,Foodmarket Тепло Черникова,2.0,1476.0,1755.0,169.0,7.0,738.0
2026-03-22,Воскресенье,14,Foodmarket Тепло Черникова,3.0,6317.0,6902.0,585.0,27.0,2105.6666666666665
2026-03-22,Воскресенье,15,Foodmarket Тепло Черникова,4.0,10965.0,12601.0,1636.0,54.0,2741.25
2026-03-22,Воскресенье,16,Foodmarket Тепло Черникова,7.0,6390.0,9775.0,3155.0,36.0,912.8571428571429
2026-03-22,Воскресенье,17,Foodmarket Тепло Черникова,7.0,7912.0,10380.0,2468.0,29.0,1130.2857142857142
2026-03-22,Воскресенье,18,Foodmarket Тепло Черникова,6.0,9375.0,11132.0,1647.0,36.0,1562.5
2026-03-22,Воскресенье,19,Foodmarket Тепло Черникова,10.0,17123.0,19815.0,2692.0,57.0,1712.3
2026-03-22,Воскресенье,20,Foodmarket Тепло Черникова,3.0,5718.0,7082.0,1364.0,27.0,1906.0
2026-03-22,Воскресенье,21,Foodmarket Тепло Черникова,6.0,22809.0,23338.0,119.0,98.0,3801.5
2026-03-23,Понедельник,3,Foodmarket Тепло Черникова,1.0,4430.0,4994.0,564.0,20.0,4430.0
2026-03-23,Понедельник,8,Foodmarket Тепло Черникова,1.0,2520.0,3164.0,564.0,11.0,2520.0
2026-03-23,Понедельник,9,Foodmarket Тепло Черникова,1.0,1279.0,1279.0,0.0,7.0,1279.0
2026-03-23,Понедельник,10,Foodmarket Тепло Черникова,2.0,1388.0,1790.0,402.0,6.0,694.0
2026-03-23,Понедельник,11,Foodmarket Тепло Черникова,2.0,2787.0,3442.0,535.0,15.0,1393.5
2026-03-23,Понедельник,13,Foodmarket Тепло Черникова,2.0,4795.0,6255.0,730.0,14.0,2397.5
2026-03-23,Понедельник,14,Foodmarket Тепло Черникова,1.0,0.0,1979.0,1979.0,2.0,0.0
2026-03-23,Понедельник,15,Foodmarket Тепло Черникова,5.0,8354.15,10601.0,1087.85,27.0,1670.83
2026-03-23,Понедельник,16,Foodmarket Тепло Черникова,1.0,3085.0,3616.0,531.0,11.0,3085.0
2026-03-23,Понедельник,17,Foodmarket Тепло Черникова,7.0,12312.0,14305.0,1993.0,44.0,1758.857142857143
2026-03-23,Понедельник,18,Foodmarket Тепло Черникова,8.0,11408.0,14235.0,1506.0,60.0,1426.0
2026-03-23,Понедельник,19,Foodmarket Тепло Черникова,9.0,12909.0,16367.0,3158.0,63.0,1434.3333333333333
2026-03-23,Понедельник,20,Foodmarket Тепло Черникова,5.0,9930.0,12884.0,1899.0,37.0,1986.0
2026-03-23,Понедельник,21,Foodmarket Тепло Черникова,3.0,4309.0,10159.0,1399.0,19.0,1436.3333333333333
2026-03-24,Вторник,7,Foodmarket Тепло Черникова,1.0,3382.0,3946.0,564.0,16.0,3382.0
2026-03-24,Вторник,8,Foodmarket Тепло Черникова,1.0,4743.0,6307.0,564.0,19.0,4743.0
2026-03-24,Вторник,9,Foodmarket Тепло Черникова,1.0,1649.0,1649.0,0.0,7.0,1649.0
2026-03-24,Вторник,11,Foodmarket Тепло Черникова,2.0,6671.0,8572.0,1901.0,18.0,3335.5
2026-03-24,Вторник,12,Foodmarket Тепло Черникова,4.0,6307.0,7545.0,1128.0,32.0,1576.75
2026-03-24,Вторник,13,Foodmarket Тепло Черникова,3.0,3970.0,4884.0,914.0,12.0,1323.3333333333333
2026-03-24,Вторник,14,Foodmarket Тепло Черникова,2.0,2888.0,5838.0,1250.0,21.0,1444.0
2026-03-24,Вторник,15,Foodmarket Тепло Черникова,6.0,5161.0,16088.0,2950.0,30.0,860.1666666666666
2026-03-24,Вторник,16,Foodmarket Тепло Черникова,4.0,13304.0,16991.0,2288.0,37.0,3326.0
2026-03-24,Вторник,17,Foodmarket Тепло Черникова,4.0,5148.0,6079.0,711.0,28.0,1287.0
2026-03-24,Вторник,18,Foodmarket Тепло Черникова,6.0,10831.0,12104.0,1273.0,47.0,1805.1666666666667
2026-03-24,Вторник,19,Foodmarket Тепло Черникова,5.0,11212.0,15244.0,2623.0,56.0,2242.4
2026-03-24,Вторник,20,Foodmarket Тепло Черникова,2.0,4509.0,5634.0,1125.0,17.0,2254.5
2026-03-24,Вторник,21,Foodmarket Тепло Черникова,5.0,5138.0,8574.0,1907.0,27.0,1027.6
2026-03-25,Среда,8,Foodmarket Тепло Черникова,1.0,2594.0,3158.0,564.0,3.0,2594.0
2026-03-25,Среда,10,Foodmarket Тепло Черникова,2.0,2400.0,2530.0,130.0,11.0,1200.0
2026-03-25,Среда,11,Foodmarket Тепло Черникова,2.0,4112.0,4975.0,753.0,18.0,2056.0
2026-03-25,Среда,12,Foodmarket Тепло Черникова,3.0,1332.08,1735.0,182.92,11.0,444.02666666666664
2026-03-25,Среда,13,Foodmarket Тепло Черникова,1.0,1103.0,1499.0,396.0,1.0,1103.0
2026-03-25,Среда,14,Foodmarket Тепло Черникова,4.0,6530.0,9237.0,1977.0,31.0,1632.5
2026-03-25,Среда,15,Foodmarket Тепло Черникова,2.0,1415.0,1735.0,100.0,14.0,707.5
2026-03-25,Среда,16,Foodmarket Тепло Черникова,6.0,6114.0,9721.0,733.0,23.0,1019.0
2026-03-25,Среда,17,Foodmarket Тепло Черникова,7.0,7639.0,9683.0,1914.0,33.0,1091.2857142857142
2026-03-25,Среда,18,Foodmarket Тепло Черникова,7.0,10988.0,15485.0,2878.0,49.0,1569.7142857142858
2026-03-25,Среда,19,Foodmarket Тепло Черникова,6.0,8754.0,10733.0,1979.0,39.0,1459.0
2026-03-25,Среда,20,Foodmarket Тепло Черникова,12.0,13851.0,16156.0,1706.0,55.0,1154.25
2026-03-25,Среда,21,Foodmarket Тепло Черникова,1.0,1111.0,1211.0,100.0,6.0,1111.0
2026-03-26,Четверг,10,Foodmarket Тепло Черникова,2.0,3480.9,4529.0,723.1,16.0,1740.45
2026-03-26,Четверг,11,Foodmarket Тепло Черникова,5.0,6495.0,8382.0,1777.0,31.0,1299.0
2026-03-26,Четверг,12,Foodmarket Тепло Черникова,4.0,4869.0,5782.0,913.0,23.0,1217.25
2026-03-26,Четверг,13,Foodmarket Тепло Черникова,6.0,9036.0,11948.0,2802.0,55.0,1506.0
2026-03-26,Четверг,14,Foodmarket Тепло Черникова,8.0,7768.0,9313.0,1431.0,31.0,971.0
2026-03-26,Четверг,15,Foodmarket Тепло Черникова,5.0,9578.0,11365.0,1527.0,38.0,1915.6
2026-03-26,Четверг,16,Foodmarket Тепло Черникова,1.0,3374.0,4549.0,1175.0,6.0,3374.0
2026-03-26,Четверг,17,Foodmarket Тепло Черникова,5.0,8388.0,10756.0,2138.0,39.0,1677.6
2026-03-26,Четверг,18,Foodmarket Тепло Черникова,11.0,20521.0,23876.0,3125.0,74.0,1865.5454545454545
2026-03-26,Четверг,19,Foodmarket Тепло Черникова,6.0,6267.0,8343.0,1966.0,31.0,1044.5
2026-03-26,Четверг,20,Foodmarket Тепло Черникова,8.0,12345.0,15839.0,3384.0,43.0,1543.125
2026-03-26,Четверг,21,Foodmarket Тепло Черникова,3.0,3988.0,4753.0,765.0,12.0,1329.3333333333333
2026-03-27,Пятница,1,Foodmarket Тепло Черникова,1.0,1363.0,2419.0,1056.0,6.0,1363.0
2026-03-27,Пятница,7,Foodmarket Тепло Черникова,1.0,4913.0,5477.0,564.0,21.0,4913.0
2026-03-27,Пятница,10,Foodmarket Тепло Черникова,3.0,3228.0,4774.0,1046.0,10.0,1076.0
2026-03-27,Пятница,11,Foodmarket Тепло Черникова,5.0,10213.0,11621.0,1408.0,31.0,2042.6
2026-03-27,Пятница,12,Foodmarket Тепло Черникова,7.0,12146.0,14113.0,1857.0,42.0,1735.142857142857
2026-03-27,Пятница,13,Foodmarket Тепло Черникова,7.0,6808.0,8587.0,1779.0,27.0,972.5714285714286
2026-03-27,Пятница,14,Foodmarket Тепло Черникова,5.0,9147.0,10789.0,1522.0,40.0,1829.4
2026-03-27,Пятница,15,Foodmarket Тепло Черникова,9.0,13319.0,15617.0,2228.0,62.0,1479.888888888889
2026-03-27,Пятница,16,Foodmarket Тепло Черникова,10.0,16650.0,19722.0,3072.0,67.0,1665.0
2026-03-27,Пятница,17,Foodmarket Тепло Черникова,14.0,21959.0,24977.0,2908.0,67.0,1568.5
2026-03-27,Пятница,18,Foodmarket Тепло Черникова,10.0,14721.0,18671.0,3730.0,72.0,1472.1
2026-03-27,Пятница,19,Foodmarket Тепло Черникова,11.0,20162.0,26661.0,3829.0,73.0,1832.909090909091
2026-03-27,Пятница,20,Foodmarket Тепло Черникова,13.0,21382.0,24879.0,3387.0,75.0,1644.7692307692307
2026-03-27,Пятница,21,Foodmarket Тепло Черникова,2.0,1037.0,1220.0,183.0,4.0,518.5
2026-03-28,Суббота,9,Foodmarket Тепло Черникова,2.0,2433.0,2789.0,356.0,4.0,1216.5
2026-03-28,Суббота,10,Foodmarket Тепло Черникова,5.0,11826.0,13870.0,2044.0,50.0,2365.2
2026-03-28,Суббота,11,Foodmarket Тепло Черникова,6.0,12539.0,15733.0,1191.0,64.0,2089.8333333333335
2026-03-28,Суббота,12,Foodmarket Тепло Черникова,9.0,13009.0,15777.0,2658.0,62.0,1445.4444444444443
2026-03-28,Суббота,13,Foodmarket Тепло Черникова,5.0,10075.0,14285.0,4210.0,42.0,2015.0
2026-03-28,Суббота,14,Foodmarket Тепло Черникова,13.0,27088.0,31675.0,4477.0,91.0,2083.6923076923076
2026-03-28,Суббота,15,Foodmarket Тепло Черникова,7.0,12543.75,15868.0,2594.25,49.0,1791.9642857142858
2026-03-28,Суббота,16,Foodmarket Тепло Черникова,9.0,16602.0,19286.0,2684.0,75.0,1844.6666666666667
2026-03-28,Суббота,17,Foodmarket Тепло Черникова,9.0,17482.0,20003.0,2521.0,75.0,1942.4444444444443
2026-03-28,Суббота,18,Foodmarket Тепло Черникова,15.0,26865.0,30881.0,3971.0,105.0,1791.0
2026-03-28,Суббота,19,Foodmarket Тепло Черникова,15.0,21378.0,25825.0,4303.0,83.0,1425.2
2026-03-28,Суббота,20,Foodmarket Тепло Черникова,11.0,15807.0,19051.0,3244.0,78.0,1437.0
2026-03-28,Суббота,21,Foodmarket Тепло Черникова,12.0,34520.0,37573.0,2903.0,135.0,2876.6666666666665
2026-03-28,Суббота,23,Foodmarket Тепло Черникова,1.0,1841.0,2201.0,360.0,8.0,1841.0
2026-03-29,Воскресенье,0,Foodmarket Тепло Черникова,1.0,0.0,3770.0,3770.0,8.0,0.0
2026-03-29,Воскресенье,9,Foodmarket Тепло Черникова,1.0,5009.0,5893.0,884.0,22.0,5009.0
2026-03-29,Воскресенье,10,Foodmarket Тепло Черникова,2.0,2651.0,2928.0,277.0,6.0,1325.5
2026-03-29,Воскресенье,11,Foodmarket Тепло Черникова,7.0,12602.0,14235.0,1519.0,47.0,1800.2857142857142
2026-03-29,Воскресенье,13,Foodmarket Тепло Черникова,5.0,9716.0,11306.0,1590.0,28.0,1943.2
2026-03-29,Воскресенье,14,Foodmarket Тепло Черникова,6.0,11048.0,13235.0,2187.0,44.0,1841.3333333333333
2026-03-29,Воскресенье,15,Foodmarket Тепло Черникова,3.0,3515.0,3633.0,118.0,15.0,1171.6666666666667
2026-03-29,Воскресенье,16,Foodmarket Тепло Черникова,4.0,9444.0,11334.0,1890.0,34.0,2361.0
2026-03-29,Воскресенье,17,Foodmarket Тепло Черникова,7.0,12659.0,14646.0,1987.0,47.0,1808.4285714285713
2026-03-29,Воскресенье,18,Foodmarket Тепло Черникова,3.0,3193.0,4010.0,707.0,17.0,1064.3333333333333
2026-03-29,Воскресенье,19,Foodmarket Тепло Черникова,9.0,17490.0,20714.0,2971.0,85.0,1943.3333333333333
2026-03-29,Воскресенье,20,Foodmarket Тепло Черникова,7.0,10402.0,11843.0,1241.0,33.0,1486.0
2026-03-29,Воскресенье,21,Foodmarket Тепло Черникова,5.0,11958.55,13492.0,1485.45,48.0,2391.71
2026-03-30,Понедельник,5,Foodmarket Тепло Черникова,1.0,3582.0,4146.0,564.0,13.0,3582.0
2026-03-30,Понедельник,7,Foodmarket Тепло Черникова,1.0,1013.0,2079.0,1066.0,6.0,1013.0
2026-03-30,Понедельник,8,Foodmarket Тепло Черникова,1.0,5208.0,9361.0,2099.0,31.0,5208.0
2026-03-30,Понедельник,9,Foodmarket Тепло Черникова,1.0,1811.0,2171.0,360.0,11.0,1811.0
2026-03-30,Понедельник,10,Foodmarket Тепло Черникова,3.0,2598.0,6732.0,140.0,23.0,866.0
2026-03-30,Понедельник,11,Foodmarket Тепло Черникова,3.0,7849.0,13559.0,2912.0,31.0,2616.3333333333335
2026-03-30,Понедельник,12,Foodmarket Тепло Черникова,3.0,6421.0,7294.0,873.0,21.0,2140.3333333333335
2026-03-30,Понедельник,13,Foodmarket Тепло Черникова,2.0,1848.0,1848.0,0.0,7.0,924.0
2026-03-30,Понедельник,14,Foodmarket Тепло Черникова,1.0,2079.0,2079.0,0.0,4.0,2079.0
2026-03-30,Понедельник,15,Foodmarket Тепло Черникова,3.0,9079.0,11142.0,2063.0,38.0,3026.3333333333335
2026-03-30,Понедельник,16,Foodmarket Тепло Черникова,2.0,6421.0,7549.0,1128.0,23.0,3210.5
2026-03-30,Понедельник,17,Foodmarket Тепло Черникова,7.0,8691.0,11077.0,2166.0,50.0,1241.5714285714287
2026-03-30,Понедельник,18,Foodmarket Тепло Черникова,9.0,11532.0,13571.0,1884.0,58.0,1281.3333333333333
2026-03-30,Понедельник,19,Foodmarket Тепло Черникова,11.0,14093.0,19087.0,3375.0,65.0,1281.1818181818182
2026-03-30,Понедельник,20,Foodmarket Тепло Черникова,4.0,4997.0,6028.0,1031.0,16.0,1249.25
2026-03-30,Понедельник,21,Foodmarket Тепло Черникова,2.0,2710.0,7361.0,609.0,24.0,1355.0
2026-03-30,Понедельник,22,Foodmarket Тепло Черникова,1.0,2094.0,4892.0,1399.0,13.0,2094.0
2026-03-31,Вторник,10,Foodmarket Тепло Черникова,2.0,372.0,3673.0,123.0,13.0,186.0
2026-03-31,Вторник,11,Foodmarket Тепло Черникова,3.0,5270.0,6339.0,939.0,29.0,1756.6666666666667
2026-03-31,Вторник,12,Foodmarket Тепло Черникова,1.0,3609.0,4574.0,965.0,33.0,3609.0
2026-03-31,Вторник,13,Foodmarket Тепло Черникова,1.0,2844.0,6532.0,2289.0,12.0,2844.0
2026-03-31,Вторник,14,Foodmarket Тепло Черникова,4.0,4657.0,5414.0,639.0,22.0,1164.25
2026-03-31,Вторник,15,Foodmarket Тепло Черникова,6.0,12109.0,21794.0,5267.0,50.0,2018.1666666666667
2026-03-31,Вторник,16,Foodmarket Тепло Черникова,5.0,9399.0,13623.0,2690.0,51.0,1879.8
2026-03-31,Вторник,17,Foodmarket Тепло Черникова,7.0,13464.0,16598.0,3104.0,64.0,1923.4285714285713
2026-03-31,Вторник,18,Foodmarket Тепло Черникова,8.0,12563.0,15054.0,1646.0,40.0,1570.375
2026-03-31,Вторник,19,Foodmarket Тепло Черникова,12.0,20715.0,26936.0,4712.0,93.0,1726.25
2026-03-31,Вторник,20,Foodmarket Тепло Черникова,12.0,36047.0,43466.0,7375.0,184.0,3003.9166666666665
2026-03-31,Вторник,21,Foodmarket Тепло Черникова,4.0,6229.0,11107.0,2729.0,25.0,1557.25
2026-04-01,Среда,7,Foodmarket Тепло Черникова,1.0,0.0,10219.0,10219.0,17.0,0.0
2026-04-01,Среда,10,Foodmarket Тепло Черникова,2.0,9519.0,10967.0,1448.0,23.0,4759.5
2026-04-01,Среда,11,Foodmarket Тепло Черникова,4.0,9542.0,11405.0,1818.0,38.0,2385.5
2026-04-01,Среда,12,Foodmarket Тепло Черникова,2.0,2973.3,3119.0,145.7,12.0,1486.65
2026-04-01,Среда,13,Foodmarket Тепло Черникова,4.0,330.0,1460.0,1130.0,6.0,82.5
2026-04-01,Среда,14,Foodmarket Тепло Черникова,1.0,2100.0,2425.0,325.0,9.0,2100.0
2026-04-01,Среда,15,Foodmarket Тепло Черникова,5.0,8004.0,11195.0,3071.0,31.0,1600.8
2026-04-01,Среда,16,Foodmarket Тепло Черникова,5.0,7916.0,9757.0,1841.0,38.0,1583.2
2026-04-01,Среда,17,Foodmarket Тепло Черникова,7.0,11462.0,16706.0,5244.0,48.0,1637.4285714285713
2026-04-01,Среда,18,Foodmarket Тепло Черникова,2.0,1758.0,1930.0,172.0,8.0,879.0
2026-04-01,Среда,19,Foodmarket Тепло Черникова,14.0,16648.0,38833.0,5253.0,116.0,1189.142857142857
2026-04-01,Среда,20,Foodmarket Тепло Черникова,10.0,17433.0,26234.0,6171.0,101.0,1743.3
2026-04-01,Среда,21,Foodmarket Тепло Черникова,2.0,1873.0,2649.0,776.0,6.0,936.5
2026-04-02,Четверг,10,Foodmarket Тепло Черникова,2.0,4738.0,5765.0,1027.0,16.0,2369.0
2026-04-02,Четверг,11,Foodmarket Тепло Черникова,4.0,4845.0,6252.0,843.0,24.0,1211.25
2026-04-02,Четверг,12,Foodmarket Тепло Черникова,4.0,4137.0,6690.0,2553.0,29.0,1034.25
2026-04-02,Четверг,13,Foodmarket Тепло Черникова,4.0,8652.0,10796.0,1904.0,51.0,2163.0
2026-04-02,Четверг,14,Foodmarket Тепло Черникова,2.0,1959.0,2495.0,536.0,10.0,979.5
2026-04-02,Четверг,15,Foodmarket Тепло Черникова,1.0,0.0,469.0,469.0,1.0,0.0
2026-04-02,Четверг,16,Foodmarket Тепло Черникова,4.0,4285.0,9538.0,4808.0,25.0,1071.25
2026-04-02,Четверг,17,Foodmarket Тепло Черникова,7.0,9542.65,11472.0,1929.35,39.0,1363.2357142857143
2026-04-02,Четверг,18,Foodmarket Тепло Черникова,9.0,15597.0,17435.0,1568.0,69.0,1733.0
2026-04-02,Четверг,19,Foodmarket Тепло Черникова,8.0,12414.0,15919.0,3505.0,37.0,1551.75
2026-04-02,Четверг,20,Foodmarket Тепло Черникова,5.0,6811.0,8428.0,1507.0,35.0,1362.2
2026-04-02,Четверг,21,Foodmarket Тепло Черникова,3.0,1790.0,3439.0,1649.0,14.0,596.6666666666666
2026-04-03,Пятница,6,Foodmarket Тепло Черникова,1.0,2369.0,2948.0,579.0,6.0,2369.0
2026-04-03,Пятница,8,Foodmarket Тепло Черникова,1.0,1134.0,1541.0,137.0,11.0,1134.0
2026-04-03,Пятница,9,Foodmarket Тепло Черникова,1.0,1771.0,2510.0,739.0,11.0,1771.0
2026-04-03,Пятница,10,Foodmarket Тепло Черникова,1.0,2984.0,3203.0,219.0,7.0,2984.0
2026-04-03,Пятница,11,Foodmarket Тепло Черникова,2.0,3778.0,4342.0,564.0,12.0,1889.0
2026-04-03,Пятница,12,Foodmarket Тепло Черникова,6.0,5237.0,6631.0,1394.0,28.0,872.8333333333334
2026-04-03,Пятница,13,Foodmarket Тепло Черникова,5.0,6585.0,8081.0,1492.0,38.0,1317.0
2026-04-03,Пятница,14,Foodmarket Тепло Черникова,5.0,6159.0,7628.0,1469.0,32.0,1231.8
2026-04-03,Пятница,15,Foodmarket Тепло Черникова,3.0,6348.0,7631.0,1283.0,31.0,2116.0
2026-04-03,Пятница,16,Foodmarket Тепло Черникова,9.0,17642.0,21061.0,3024.0,63.0,1960.2222222222222
2026-04-03,Пятница,17,Foodmarket Тепло Черникова,13.0,25640.0,30197.0,4557.0,89.0,1972.3076923076924
2026-04-03,Пятница,18,Foodmarket Тепло Черникова,11.0,17382.0,20441.0,3059.0,66.0,1580.1818181818182
2026-04-03,Пятница,19,Foodmarket Тепло Черникова,16.0,28887.0,38634.0,6277.0,117.0,1805.4375
2026-04-03,Пятница,20,Foodmarket Тепло Черникова,8.0,14624.0,16648.0,1984.0,57.0,1828.0
2026-04-03,Пятница,21,Foodmarket Тепло Черникова,5.0,8265.0,9599.0,1334.0,28.0,1653.0
2026-04-03,Пятница,23,Foodmarket Тепло Черникова,1.0,1488.0,1768.0,280.0,9.0,1488.0
2026-04-04,Суббота,10,Foodmarket Тепло Черникова,3.0,3539.9,5320.0,1780.1,18.0,1179.9666666666667
2026-04-04,Суббота,11,Foodmarket Тепло Черникова,6.0,8267.75,12490.0,1168.25,26.0,1377.9583333333333
2026-04-04,Суббота,12,Foodmarket Тепло Черникова,7.0,6824.0,14886.0,2438.0,34.0,974.8571428571429
2026-04-04,Суббота,13,Foodmarket Тепло Черникова,6.0,5445.0,11931.0,3307.0,42.0,907.5
2026-04-04,Суббота,14,Foodmarket Тепло Черникова,2.0,5222.0,6403.0,1181.0,27.0,2611.0
2026-04-04,Суббота,15,Foodmarket Тепло Черникова,10.0,17220.0,20185.0,2965.0,67.0,1722.0
2026-04-04,Суббота,16,Foodmarket Тепло Черникова,7.0,6794.0,10076.0,3172.0,28.0,970.5714285714286
2026-04-04,Суббота,17,Foodmarket Тепло Черникова,7.0,9338.0,11539.0,1196.0,47.0,1334.0
2026-04-04,Суббота,18,Foodmarket Тепло Черникова,10.0,18398.0,23226.0,4334.0,69.0,1839.8
2026-04-04,Суббота,19,Foodmarket Тепло Черникова,13.0,23209.0,26909.0,2285.0,99.0,1785.3076923076924
2026-04-04,Суббота,20,Foodmarket Тепло Черникова,8.0,10245.0,14740.0,4495.0,54.0,1280.625
2026-04-04,Суббота,21,Foodmarket Тепло Черникова,3.0,8170.0,9663.0,1489.0,33.0,2723.3333333333335
2026-04-04,Суббота,22,Foodmarket Тепло Черникова,1.0,929.0,1039.0,110.0,7.0,929.0
2026-04-05,Воскресенье,9,Foodmarket Тепло Черникова,2.0,4701.0,5201.0,500.0,15.0,2350.5
2026-04-05,Воскресенье,10,Foodmarket Тепло Черникова,6.0,16647.15,19372.0,2120.85,86.0,2774.525
2026-04-05,Воскресенье,11,Foodmarket Тепло Черникова,1.0,0.0,1139.0,1139.0,3.0,0.0
2026-04-05,Воскресенье,12,Foodmarket Тепло Черникова,2.0,2170.0,2292.0,122.0,10.0,1085.0
2026-04-05,Воскресенье,13,Foodmarket Тепло Черникова,4.0,1583.0,3878.0,2185.0,17.0,395.75
2026-04-05,Воскресенье,14,Foodmarket Тепло Черникова,5.0,8327.15,9881.0,1553.85,19.0,1665.4299999999998
2026-04-05,Воскресенье,15,Foodmarket Тепло Черникова,6.0,12341.0,13673.0,1222.0,54.0,2056.8333333333335
2026-04-05,Воскресенье,16,Foodmarket Тепло Черникова,6.0,11345.0,13457.0,2112.0,55.0,1890.8333333333333
2026-04-05,Воскресенье,17,Foodmarket Тепло Черникова,6.0,9118.0,12867.0,3749.0,45.0,1519.6666666666667
2026-04-05,Воскресенье,18,Foodmarket Тепло Черникова,5.0,7960.0,9702.0,1632.0,33.0,1592.0
2026-04-05,Воскресенье,19,Foodmarket Тепло Черникова,11.0,16163.0,19423.0,2825.0,66.0,1469.3636363636363
2026-04-05,Воскресенье,20,Foodmarket Тепло Черникова,5.0,7704.0,11437.0,3733.0,39.0,1540.8
2026-04-05,Воскресенье,21,Foodmarket Тепло Черникова,1.0,1532.0,2062.0,530.0,12.0,1532.0
2026-04-06,Понедельник,10,Foodmarket Тепло Черникова,5.0,10117.0,11924.0,1547.0,44.0,2023.4
2026-04-06,Понедельник,12,Foodmarket Тепло Черникова,3.0,2711.0,3562.0,851.0,9.0,903.6666666666666
2026-04-06,Понедельник,13,Foodmarket Тепло Черникова,4.0,7090.0,8198.0,998.0,37.0,1772.5
2026-04-06,Понедельник,15,Foodmarket Тепло Черникова,2.0,2664.0,2664.0,0.0,9.0,1332.0
2026-04-06,Понедельник,16,Foodmarket Тепло Черникова,6.0,10490.0,15601.0,3501.0,42.0,1748.3333333333333
2026-04-06,Понедельник,17,Foodmarket Тепло Черникова,3.0,4381.8,7086.0,471.2,35.0,1460.6000000000001
2026-04-06,Понедельник,18,Foodmarket Тепло Черникова,4.0,6625.0,8509.0,1884.0,25.0,1656.25
2026-04-06,Понедельник,19,Foodmarket Тепло Черникова,9.0,22140.0,23058.0,674.0,79.0,2460.0
2026-04-06,Понедельник,20,Foodmarket Тепло Черникова,6.0,5151.0,14786.0,6466.0,55.0,858.5
2026-04-06,Понедельник,21,Foodmarket Тепло Черникова,1.0,322.0,735.0,293.0,6.0,322.0
2026-04-07,Вторник,10,Foodmarket Тепло Черникова,2.0,2244.0,2354.0,110.0,7.0,1122.0
2026-04-07,Вторник,11,Foodmarket Тепло Черникова,6.0,13051.0,16498.0,3447.0,50.0,2175.1666666666665
2026-04-07,Вторник,12,Foodmarket Тепло Черникова,4.0,9164.0,11626.0,1347.0,29.0,2291.0
2026-04-07,Вторник,13,Foodmarket Тепло Черникова,2.0,1374.0,1690.0,316.0,10.0,687.0
2026-04-07,Вторник,14,Foodmarket Тепло Черникова,1.0,225.0,365.0,140.0,2.0,225.0
2026-04-07,Вторник,15,Foodmarket Тепло Черникова,4.0,3681.0,5017.0,616.0,18.0,920.25
2026-04-07,Вторник,17,Foodmarket Тепло Черникова,7.0,10590.0,14848.0,4038.0,49.0,1512.857142857143
2026-04-07,Вторник,18,Foodmarket Тепло Черникова,10.0,11699.0,16739.0,5040.0,57.0,1169.9
2026-04-07,Вторник,19,Foodmarket Тепло Черникова,5.0,9841.0,11853.0,2012.0,49.0,1968.2
2026-04-07,Вторник,20,Foodmarket Тепло Черникова,7.0,19310.38,20736.0,1425.62,87.0,2758.6257142857144
2026-04-07,Вторник,21,Foodmarket Тепло Черникова,2.0,3439.0,3700.0,261.0,14.0,1719.5
2026-04-08,Среда,8,Foodmarket Тепло Черникова,1.0,0.0,1702.0,1702.0,6.0,0.0
2026-04-08,Среда,10,Foodmarket Тепло Черникова,1.0,3106.0,3296.0,190.0,13.0,3106.0
2026-04-08,Среда,11,Foodmarket Тепло Черникова,4.0,4434.0,5034.0,400.0,26.0,1108.5
2026-04-08,Среда,12,Foodmarket Тепло Черникова,2.0,2039.0,2404.0,365.0,6.0,1019.5
2026-04-08,Среда,13,Foodmarket Тепло Черникова,3.0,4709.0,5648.0,939.0,23.0,1569.6666666666667
2026-04-08,Среда,14,Foodmarket Тепло Черникова,4.0,7302.0,9848.0,2546.0,27.0,1825.5
2026-04-08,Среда,15,Foodmarket Тепло Черникова,2.0,5808.0,6881.0,1073.0,19.0,2904.0
2026-04-08,Среда,16,Foodmarket Тепло Черникова,1.0,664.0,850.0,186.0,2.0,664.0
2026-04-08,Среда,17,Foodmarket Тепло Черникова,3.0,3836.0,5270.0,994.0,27.0,1278.6666666666667
2026-04-08,Среда,18,Foodmarket Тепло Черникова,11.0,15331.5,18387.0,2945.5,64.0,1393.7727272727273
2026-04-08,Среда,19,Foodmarket Тепло Черникова,9.0,14004.0,19374.0,3046.0,56.0,1556.0
2026-04-08,Среда,20,Foodmarket Тепло Черникова,4.0,4036.0,11116.0,6920.0,43.0,1009.0
2026-04-09,Четверг,9,Foodmarket Тепло Черникова,1.0,3457.0,4021.0,564.0,6.0,3457.0
2026-04-09,Четверг,10,Foodmarket Тепло Черникова,1.0,3107.0,4506.0,1399.0,10.0,3107.0
2026-04-09,Четверг,11,Foodmarket Тепло Черникова,4.0,8446.15,11394.0,2947.85,22.0,2111.5375
2026-04-09,Четверг,12,Foodmarket Тепло Черникова,2.0,2294.0,2414.0,120.0,9.0,1147.0
2026-04-09,Четверг,13,Foodmarket Тепло Черникова,5.0,4920.0,5789.0,869.0,24.0,984.0
2026-04-09,Четверг,14,Foodmarket Тепло Черникова,2.0,3431.0,3663.0,232.0,10.0,1715.5
2026-04-09,Четверг,15,Foodmarket Тепло Черникова,2.0,6068.0,7202.0,1134.0,27.0,3034.0
2026-04-09,Четверг,16,Foodmarket Тепло Черникова,5.0,7063.0,7642.0,579.0,30.0,1412.6
2026-04-09,Четверг,17,Foodmarket Тепло Черникова,6.0,13797.0,16677.0,2770.0,68.0,2299.5
2026-04-09,Четверг,18,Foodmarket Тепло Черникова,5.0,7772.0,10001.0,2229.0,27.0,1554.4
2026-04-09,Четверг,19,Foodmarket Тепло Черникова,9.0,11619.0,14183.0,2324.0,59.0,1291.0
2026-04-09,Четверг,20,Foodmarket Тепло Черникова,5.0,6937.0,9055.0,2118.0,22.0,1387.4
2026-04-09,Четверг,21,Foodmarket Тепло Черникова,3.0,10093.0,10093.0,0.0,34.0,3364.3333333333335
2026-04-10,Пятница,8,Foodmarket Тепло Черникова,1.0,4233.0,4812.0,579.0,25.0,4233.0
2026-04-10,Пятница,9,Foodmarket Тепло Черникова,4.0,7931.0,9738.0,1697.0,50.0,1982.75
2026-04-10,Пятница,10,Foodmarket Тепло Черникова,1.0,1449.0,1649.0,200.0,2.0,1449.0
2026-04-10,Пятница,11,Foodmarket Тепло Черникова,3.0,1983.0,2194.0,211.0,6.0,661.0
2026-04-10,Пятница,12,Foodmarket Тепло Черникова,4.0,7198.0,10505.0,1539.0,25.0,1799.5
2026-04-10,Пятница,13,Foodmarket Тепло Черникова,1.0,1135.0,1279.0,144.0,5.0,1135.0
2026-04-10,Пятница,14,Foodmarket Тепло Черникова,4.0,7597.0,8875.0,1278.0,19.0,1899.25
2026-04-10,Пятница,15,Foodmarket Тепло Черникова,3.0,9720.0,10356.0,636.0,34.0,3240.0
2026-04-10,Пятница,16,Foodmarket Тепло Черникова,10.0,24365.0,27049.0,2684.0,77.0,2436.5
2026-04-10,Пятница,17,Foodmarket Тепло Черникова,8.0,21494.0,23446.0,1838.0,87.0,2686.75
2026-04-10,Пятница,18,Foodmarket Тепло Черникова,9.0,12745.0,18127.0,1852.0,65.0,1416.111111111111
2026-04-10,Пятница,19,Foodmarket Тепло Черникова,15.0,25229.0,30101.0,4808.0,104.0,1681.9333333333334
2026-04-10,Пятница,20,Foodmarket Тепло Черникова,5.0,5810.0,7292.0,1372.0,37.0,1162.0
2026-04-10,Пятница,21,Foodmarket Тепло Черникова,10.0,15227.0,17433.0,2206.0,55.0,1522.7
2026-04-10,Пятница,22,Foodmarket Тепло Черникова,1.0,0.0,750.0,750.0,2.0,0.0
2026-04-11,Суббота,9,Foodmarket Тепло Черникова,2.0,5847.0,7005.0,1158.0,18.0,2923.5
2026-04-11,Суббота,10,Foodmarket Тепло Черникова,1.0,1894.0,2169.0,275.0,9.0,1894.0
2026-04-11,Суббота,11,Foodmarket Тепло Черникова,6.0,11712.0,13025.0,1103.0,25.0,1952.0
2026-04-11,Суббота,12,Foodmarket Тепло Черникова,5.0,9602.0,11800.0,1838.0,37.0,1920.4
2026-04-11,Суббота,13,Foodmarket Тепло Черникова,1.0,2207.0,2759.0,552.0,8.0,2207.0
2026-04-11,Суббота,14,Foodmarket Тепло Черникова,2.0,2573.0,4971.0,2398.0,16.0,1286.5
2026-04-11,Суббота,15,Foodmarket Тепло Черникова,3.0,4123.0,5365.0,1022.0,22.0,1374.3333333333333
2026-04-11,Суббота,16,Foodmarket Тепло Черникова,7.0,12133.0,15504.0,2657.0,44.0,1733.2857142857142
2026-04-11,Суббота,17,Foodmarket Тепло Черникова,10.0,17178.0,20721.0,3539.0,83.0,1717.8
2026-04-11,Суббота,18,Foodmarket Тепло Черникова,10.0,18337.0,22646.0,4109.0,81.0,1833.7
2026-04-11,Суббота,19,Foodmarket Тепло Черникова,3.0,5185.0,5715.0,530.0,25.0,1728.3333333333333
2026-04-11,Суббота,20,Foodmarket Тепло Черникова,7.0,13569.0,16338.0,2655.0,59.0,1938.4285714285713
2026-04-11,Суббота,21,Foodmarket Тепло Черникова,4.0,7545.0,8964.0,1359.0,33.0,1886.25
2026-04-11,Суббота,22,Foodmarket Тепло Черникова,1.0,2573.0,2898.0,325.0,14.0,2573.0
2026-04-12,Воскресенье,7,Foodmarket Тепло Черникова,1.0,2329.0,2908.0,579.0,5.0,2329.0
2026-04-12,Воскресенье,9,Foodmarket Тепло Черникова,1.0,1794.0,2055.0,261.0,6.0,1794.0
2026-04-12,Воскресенье,10,Foodmarket Тепло Черникова,1.0,2449.0,3028.0,579.0,10.0,2449.0
2026-04-12,Воскресенье,11,Foodmarket Тепло Черникова,1.0,2331.0,2910.0,579.0,9.0,2331.0
2026-04-12,Воскресенье,12,Foodmarket Тепло Черникова,6.0,20192.0,22904.0,2712.0,69.0,3365.3333333333335
2026-04-12,Воскресенье,13,Foodmarket Тепло Черникова,7.0,9885.0,11411.0,1526.0,39.0,1412.142857142857
2026-04-12,Воскресенье,14,Foodmarket Тепло Черникова,3.0,3125.0,4932.0,1697.0,10.0,1041.6666666666667
2026-04-12,Воскресенье,15,Foodmarket Тепло Черникова,7.0,13790.0,15945.0,2155.0,49.0,1970.0
2026-04-12,Воскресенье,16,Foodmarket Тепло Черникова,8.0,12012.0,18879.0,3975.0,30.0,1501.5
2026-04-12,Воскресенье,17,Foodmarket Тепло Черникова,5.0,15851.0,17793.0,1698.0,50.0,3170.2
2026-04-12,Воскресенье,18,Foodmarket Тепло Черникова,6.0,12014.0,14946.0,2916.0,63.0,2002.3333333333333
2026-04-12,Воскресенье,19,Foodmarket Тепло Черникова,8.0,14847.0,16275.0,1428.0,56.0,1855.875
2026-04-12,Воскресенье,20,Foodmarket Тепло Черникова,11.0,28764.0,31330.0,2526.0,117.0,2614.909090909091
2026-04-13,Понедельник,8,Foodmarket Тепло Черникова,1.0,1005.0,1354.0,349.0,3.0,1005.0
2026-04-13,Понедельник,9,Foodmarket Тепло Черникова,1.0,1439.0,2838.0,1399.0,4.0,1439.0
2026-04-13,Понедельник,10,Foodmarket Тепло Черникова,5.0,6939.0,11784.0,1198.0,46.0,1387.8
2026-04-13,Понедельник,11,Foodmarket Тепло Черникова,2.0,2855.0,3060.0,205.0,7.0,1427.5
2026-04-13,Понедельник,12,Foodmarket Тепло Черникова,6.0,4060.86,5793.0,1502.14,20.0,676.8100000000001
2026-04-13,Понедельник,13,Foodmarket Тепло Черникова,4.0,7115.0,8344.0,1229.0,31.0,1778.75
2026-04-13,Понедельник,14,Foodmarket Тепло Черникова,2.0,4006.0,4597.0,591.0,10.0,2003.0
2026-04-13,Понедельник,15,Foodmarket Тепло Черникова,2.0,998.0,2207.0,1099.0,11.0,499.0
2026-04-13,Понедельник,16,Foodmarket Тепло Черникова,2.0,2963.0,3555.0,592.0,14.0,1481.5
2026-04-13,Понедельник,17,Foodmarket Тепло Черникова,10.0,21282.0,24454.0,3172.0,75.0,2128.2
2026-04-13,Понедельник,18,Foodmarket Тепло Черникова,10.0,11182.0,16108.0,4426.0,52.0,1118.2
2026-04-13,Понедельник,19,Foodmarket Тепло Черникова,7.0,8412.0,12258.0,3656.0,38.0,1201.7142857142858
2026-04-13,Понедельник,20,Foodmarket Тепло Черникова,5.0,8433.0,11371.0,2938.0,28.0,1686.6
2026-04-13,Понедельник,21,Foodmarket Тепло Черникова,2.0,863.0,1824.0,741.0,12.0,431.5
2026-04-14,Вторник,8,Foodmarket Тепло Черникова,1.0,1763.0,2048.0,285.0,2.0,1763.0
2026-04-14,Вторник,10,Foodmarket Тепло Черникова,3.0,8184.0,9508.0,1324.0,53.0,2728.0
2026-04-14,Вторник,11,Foodmarket Тепло Черникова,1.0,337.0,375.0,38.0,3.0,337.0
2026-04-14,Вторник,12,Foodmarket Тепло Черникова,4.0,4136.0,5278.0,1142.0,22.0,1034.0
2026-04-14,Вторник,13,Foodmarket Тепло Черникова,4.0,7460.0,8288.0,828.0,29.0,1865.0
2026-04-14,Вторник,14,Foodmarket Тепло Черникова,5.0,7999.0,10540.0,2541.0,25.0,1599.8
2026-04-14,Вторник,15,Foodmarket Тепло Черникова,4.0,9073.8,10404.0,1330.2,24.0,2268.45
2026-04-14,Вторник,16,Foodmarket Тепло Черникова,6.0,6458.0,8058.0,1555.0,27.0,1076.3333333333333
2026-04-14,Вторник,17,Foodmarket Тепло Черникова,10.0,13803.0,21724.0,4979.0,77.0,1380.3
2026-04-14,Вторник,18,Foodmarket Тепло Черникова,8.0,14629.3,18221.0,3591.7,41.0,1828.6625
2026-04-14,Вторник,19,Foodmarket Тепло Черникова,9.0,13867.0,17940.0,3963.0,49.0,1540.7777777777778
2026-04-14,Вторник,20,Foodmarket Тепло Черникова,7.0,9595.0,11432.0,1682.0,46.0,1370.7142857142858
2026-04-14,Вторник,21,Foodmarket Тепло Черникова,1.0,2009.0,2334.0,325.0,8.0,2009.0
2026-04-15,Среда,9,Foodmarket Тепло Черникова,2.0,2379.0,2836.0,457.0,12.0,1189.5
2026-04-15,Среда,10,Foodmarket Тепло Черникова,1.0,7168.0,7903.0,735.0,26.0,7168.0
2026-04-15,Среда,11,Foodmarket Тепло Черникова,3.0,3107.0,4586.0,1479.0,11.0,1035.6666666666667
2026-04-15,Среда,12,Foodmarket Тепло Черникова,2.0,4456.0,5193.0,737.0,13.0,2228.0
2026-04-15,Среда,13,Foodmarket Тепло Черникова,3.0,4305.0,4543.0,128.0,15.0,1435.0
2026-04-15,Среда,14,Foodmarket Тепло Черникова,4.0,9861.0,14376.0,4515.0,40.0,2465.25
2026-04-15,Среда,15,Foodmarket Тепло Черникова,2.0,1589.0,2988.0,1399.0,4.0,794.5
2026-04-15,Среда,16,Foodmarket Тепло Черникова,5.0,10058.0,13060.0,3002.0,39.0,2011.6
2026-04-15,Среда,17,Foodmarket Тепло Черникова,7.0,16208.0,20690.0,4262.0,82.0,2315.4285714285716
2026-04-15,Среда,18,Foodmarket Тепло Черникова,7.0,9105.0,14111.0,4896.0,37.0,1300.7142857142858
2026-04-15,Среда,19,Foodmarket Тепло Черникова,9.0,13573.0,16245.0,2672.0,65.0,1508.111111111111
2026-04-15,Среда,20,Foodmarket Тепло Черникова,8.0,14037.0,17324.0,3287.0,53.0,1754.625
2026-04-15,Среда,21,Foodmarket Тепло Черникова,5.0,11791.0,13890.0,2067.0,63.0,2358.2
2026-04-16,Четверг,5,Foodmarket Тепло Черникова,1.0,2190.0,2738.0,548.0,11.0,2190.0
2026-04-16,Четверг,10,Foodmarket Тепло Черникова,3.0,4727.0,5517.0,680.0,15.0,1575.6666666666667
2026-04-16,Четверг,12,Foodmarket Тепло Черникова,2.0,8334.0,8924.0,115.0,35.0,4167.0
2026-04-16,Четверг,13,Foodmarket Тепло Черникова,3.0,5614.0,9128.0,2115.0,22.0,1871.3333333333333
2026-04-16,Четверг,14,Foodmarket Тепло Черникова,3.0,3903.0,6791.0,2848.0,33.0,1301.0
2026-04-16,Четверг,15,Foodmarket Тепло Черникова,3.0,3645.0,6132.0,1257.0,20.0,1215.0
2026-04-16,Четверг,16,Foodmarket Тепло Черникова,7.0,13433.0,17283.0,3850.0,56.0,1919.0
2026-04-16,Четверг,17,Foodmarket Тепло Черникова,8.0,11942.0,18152.0,4066.0,57.0,1492.75
2026-04-16,Четверг,18,Foodmarket Тепло Черникова,14.0,24591.0,32081.0,5775.0,110.0,1756.5
2026-04-16,Четверг,19,Foodmarket Тепло Черникова,9.0,15029.0,21594.0,5166.0,56.0,1669.888888888889
2026-04-16,Четверг,20,Foodmarket Тепло Черникова,4.0,9379.0,11591.0,2102.0,38.0,2344.75
2026-04-16,Четверг,21,Foodmarket Тепло Черникова,4.0,10003.8,11591.0,1262.2,37.0,2500.95
2026-04-17,Пятница,10,Foodmarket Тепло Черникова,5.0,11369.0,13240.0,1761.0,38.0,2273.8
2026-04-17,Пятница,11,Foodmarket Тепло Черникова,5.0,8093.0,9492.0,1399.0,31.0,1618.6
2026-04-17,Пятница,12,Foodmarket Тепло Черникова,3.0,4551.0,5488.0,937.0,16.0,1517.0
2026-04-17,Пятница,13,Foodmarket Тепло Черникова,3.0,4970.19,5918.0,837.81,21.0,1656.7299999999998
2026-04-17,Пятница,14,Foodmarket Тепло Черникова,3.0,4784.0,5880.0,1096.0,21.0,1594.6666666666667
2026-04-17,Пятница,15,Foodmarket Тепло Черникова,6.0,9137.0,9733.0,596.0,26.0,1522.8333333333333
2026-04-17,Пятница,16,Foodmarket Тепло Черникова,8.0,11491.0,13048.0,1427.0,41.0,1436.375
2026-04-17,Пятница,17,Foodmarket Тепло Черникова,10.0,19951.0,22653.0,2694.0,78.0,1995.1
2026-04-17,Пятница,18,Foodmarket Тепло Черникова,12.0,20282.0,24334.0,4052.0,91.0,1690.1666666666667
2026-04-17,Пятница,19,Foodmarket Тепло Черникова,20.0,43225.9,54138.0,7024.1,173.0,2161.295
2026-04-17,Пятница,20,Foodmarket Тепло Черникова,9.0,15589.0,18673.0,2954.0,49.0,1732.111111111111
2026-04-17,Пятница,21,Foodmarket Тепло Черникова,5.0,13729.0,14564.0,835.0,49.0,2745.8
2026-04-17,Пятница,22,Foodmarket Тепло Черникова,2.0,5558.0,6137.0,579.0,16.0,2779.0
2026-04-18,Суббота,8,Foodmarket Тепло Черникова,2.0,5726.59,8094.0,1155.41,19.0,2863.295
2026-04-18,Суббота,10,Foodmarket Тепло Черникова,4.0,8498.65,10333.0,1744.35,42.0,2124.6625
2026-04-18,Суббота,11,Foodmarket Тепло Черникова,3.0,8357.5,11885.0,3523.5,42.0,2785.8333333333335
2026-04-18,Суббота,12,Foodmarket Тепло Черникова,3.0,9993.0,11313.0,692.0,41.0,3331.0
2026-04-18,Суббота,13,Foodmarket Тепло Черникова,5.0,9221.0,11209.0,1793.0,48.0,1844.2
2026-04-18,Суббота,14,Foodmarket Тепло Черникова,6.0,4447.0,5935.0,1268.0,30.0,741.1666666666666
2026-04-18,Суббота,15,Foodmarket Тепло Черникова,7.0,15817.0,18631.0,2814.0,38.0,2259.5714285714284
2026-04-18,Суббота,16,Foodmarket Тепло Черникова,11.0,15773.0,20522.0,4704.0,65.0,1433.909090909091
2026-04-18,Суббота,17,Foodmarket Тепло Черникова,7.0,10015.0,11627.0,1612.0,54.0,1430.7142857142858
2026-04-18,Суббота,18,Foodmarket Тепло Черникова,8.0,12689.0,14518.0,1629.0,45.0,1586.125
2026-04-18,Суббота,19,Foodmarket Тепло Черникова,14.0,26844.0,30897.0,3417.0,106.0,1917.4285714285713
2026-04-18,Суббота,20,Foodmarket Тепло Черникова,5.0,6495.0,7949.0,1144.0,25.0,1299.0
2026-04-18,Суббота,21,Foodmarket Тепло Черникова,5.0,5633.0,6385.0,622.0,29.0,1126.6
2026-04-18,Суббота,22,Foodmarket Тепло Черникова,3.0,5152.0,5152.0,0.0,25.0,1717.3333333333333
2026-04-18,Суббота,23,Foodmarket Тепло Черникова,1.0,2352.0,2931.0,579.0,12.0,2352.0
2026-04-19,Воскресенье,10,Foodmarket Тепло Черникова,2.0,4865.0,6023.0,1158.0,7.0,2432.5
2026-04-19,Воскресенье,11,Foodmarket Тепло Черникова,5.0,6841.0,8238.0,1287.0,24.0,1368.2
2026-04-19,Воскресенье,12,Foodmarket Тепло Черникова,11.0,14490.0,17518.0,2798.0,57.0,1317.2727272727273
2026-04-19,Воскресенье,13,Foodmarket Тепло Черникова,2.0,3439.0,3799.0,360.0,10.0,1719.5
2026-04-19,Воскресенье,14,Foodmarket Тепло Черникова,4.0,9958.0,11586.0,1518.0,38.0,2489.5
2026-04-19,Воскресенье,15,Foodmarket Тепло Черникова,3.0,5140.0,5802.0,662.0,9.0,1713.3333333333333
2026-04-19,Воскресенье,16,Foodmarket Тепло Черникова,10.0,13326.0,16337.0,3011.0,82.0,1332.6
2026-04-19,Воскресенье,17,Foodmarket Тепло Черникова,6.0,9399.0,13083.0,3684.0,42.0,1566.5
2026-04-19,Воскресенье,18,Foodmarket Тепло Черникова,10.0,14765.0,21609.0,2115.0,66.0,1476.5
2026-04-19,Воскресенье,19,Foodmarket Тепло Черникова,6.0,14934.0,19009.0,1518.0,79.0,2489.0
2026-04-19,Воскресенье,20,Foodmarket Тепло Черникова,4.0,8962.0,10131.0,1169.0,31.0,2240.5
2026-04-20,Понедельник,7,Foodmarket Тепло Черникова,1.0,3039.0,3618.0,579.0,7.0,3039.0
2026-04-20,Понедельник,10,Foodmarket Тепло Черникова,3.0,4721.0,5515.0,794.0,17.0,1573.6666666666667
2026-04-20,Понедельник,12,Foodmarket Тепло Черникова,6.0,12882.4,15626.0,2743.6,54.0,2147.0666666666666
2026-04-20,Понедельник,13,Foodmarket Тепло Черникова,2.0,1876.0,2374.0,498.0,6.0,938.0
2026-04-20,Понедельник,14,Foodmarket Тепло Черникова,2.0,2849.0,3948.0,1099.0,11.0,1424.5
2026-04-20,Понедельник,15,Foodmarket Тепло Черникова,2.0,3897.0,4040.0,143.0,16.0,1948.5
2026-04-20,Понедельник,16,Foodmarket Тепло Черникова,6.0,11390.7,15311.0,3920.3,22.0,1898.45
2026-04-20,Понедельник,17,Foodmarket Тепло Черникова,2.0,765.0,1065.0,190.0,4.0,382.5
2026-04-20,Понедельник,18,Foodmarket Тепло Черникова,9.0,15760.0,20763.0,4799.0,69.0,1751.111111111111
2026-04-20,Понедельник,19,Foodmarket Тепло Черникова,9.0,16139.0,19994.0,3735.0,51.0,1793.2222222222222
2026-04-20,Понедельник,20,Foodmarket Тепло Черникова,9.0,14496.0,18003.0,3507.0,50.0,1610.6666666666667
2026-04-20,Понедельник,21,Foodmarket Тепло Черникова,3.0,2461.0,3248.0,537.0,20.0,820.3333333333334
2026-04-21,Вторник,6,Foodmarket Тепло Черникова,1.0,2359.0,2569.0,210.0,7.0,2359.0
2026-04-21,Вторник,8,Foodmarket Тепло Черникова,1.0,2684.0,3263.0,579.0,12.0,2684.0
2026-04-21,Вторник,9,Foodmarket Тепло Черникова,1.0,1180.0,1180.0,0.0,4.0,1180.0
2026-04-21,Вторник,10,Foodmarket Тепло Черникова,2.0,3454.0,4332.0,878.0,13.0,1727.0
2026-04-21,Вторник,11,Foodmarket Тепло Черникова,3.0,5461.95,6925.0,884.05,21.0,1820.6499999999999
2026-04-21,Вторник,12,Foodmarket Тепло Черникова,2.0,1185.0,2419.0,1234.0,9.0,592.5
2026-04-21,Вторник,13,Foodmarket Тепло Черникова,3.0,4675.0,6098.0,1423.0,21.0,1558.3333333333333
2026-04-21,Вторник,14,Foodmarket Тепло Черникова,5.0,7187.0,10175.0,2833.0,37.0,1437.4
2026-04-21,Вторник,15,Foodmarket Тепло Черникова,7.0,10163.15,14054.0,3890.85,45.0,1451.8785714285714
2026-04-21,Вторник,16,Foodmarket Тепло Черникова,7.0,13107.0,15787.0,2680.0,54.0,1872.4285714285713
2026-04-21,Вторник,17,Foodmarket Тепло Черникова,6.0,10846.0,12343.0,1497.0,38.0,1807.6666666666667
2026-04-21,Вторник,18,Foodmarket Тепло Черникова,7.0,7072.0,8457.0,1265.0,26.0,1010.2857142857143
2026-04-21,Вторник,19,Foodmarket Тепло Черникова,3.0,5669.0,8252.0,2583.0,15.0,1889.6666666666667
2026-04-21,Вторник,20,Foodmarket Тепло Черникова,5.0,6823.0,9106.0,2283.0,26.0,1364.6
2026-04-22,Среда,7,Foodmarket Тепло Черникова,1.0,2077.0,2622.0,545.0,6.0,2077.0
2026-04-22,Среда,9,Foodmarket Тепло Черникова,1.0,2347.0,2730.0,383.0,11.0,2347.0
2026-04-22,Среда,10,Foodmarket Тепло Черникова,2.0,933.0,1020.0,87.0,4.0,466.5
2026-04-22,Среда,11,Foodmarket Тепло Черникова,2.0,2247.0,2368.0,121.0,12.0,1123.5
2026-04-22,Среда,12,Foodmarket Тепло Черникова,2.0,1171.0,1359.0,78.0,8.0,585.5
2026-04-22,Среда,13,Foodmarket Тепло Черникова,2.0,2147.0,2950.0,763.0,14.0,1073.5
2026-04-22,Среда,15,Foodmarket Тепло Черникова,10.0,8006.0,22491.0,6197.0,51.0,800.6
2026-04-22,Среда,16,Foodmarket Тепло Черникова,5.0,5990.0,10009.0,1418.0,52.0,1198.0
2026-04-22,Среда,17,Foodmarket Тепло Черникова,8.0,20099.3,23335.0,3220.7,61.0,2512.4125
2026-04-22,Среда,18,Foodmarket Тепло Черникова,9.0,15394.0,20308.0,4030.0,78.0,1710.4444444444443
2026-04-22,Среда,19,Foodmarket Тепло Черникова,9.0,12625.0,15554.0,2454.0,49.0,1402.7777777777778
2026-04-22,Среда,20,Foodmarket Тепло Черникова,5.0,6604.0,8543.0,710.0,28.0,1320.8
2026-04-22,Среда,21,Foodmarket Тепло Черникова,8.0,18678.0,22909.0,1891.0,67.0,2334.75
2026-04-23,Четверг,10,Foodmarket Тепло Черникова,4.0,4878.0,5890.0,902.0,27.0,1219.5
2026-04-23,Четверг,11,Foodmarket Тепло Черникова,5.0,4395.0,21612.0,856.0,54.0,879.0
2026-04-23,Четверг,12,Foodmarket Тепло Черникова,6.0,2369.0,12420.0,1652.0,60.0,394.8333333333333
2026-04-23,Четверг,13,Foodmarket Тепло Черникова,3.0,1120.0,10968.0,9848.0,65.0,373.3333333333333
2026-04-23,Четверг,14,Foodmarket Тепло Черникова,3.0,3476.0,4055.0,579.0,17.0,1158.6666666666667
2026-04-23,Четверг,15,Foodmarket Тепло Черникова,5.0,9649.1,12225.0,1417.9,53.0,1929.8200000000002
2026-04-23,Четверг,16,Foodmarket Тепло Черникова,3.0,3743.0,3917.0,174.0,12.0,1247.6666666666667
2026-04-23,Четверг,17,Foodmarket Тепло Черникова,5.0,5816.0,9820.0,2605.0,30.0,1163.2
2026-04-23,Четверг,18,Foodmarket Тепло Черникова,9.0,10040.0,13551.0,2756.0,43.0,1115.5555555555557
2026-04-23,Четверг,19,Foodmarket Тепло Черникова,12.0,15438.0,25460.0,3980.0,87.0,1286.5
2026-04-23,Четверг,20,Foodmarket Тепло Черникова,3.0,3729.0,4534.0,515.0,12.0,1243.0
2026-04-23,Четверг,21,Foodmarket Тепло Черникова,4.0,11807.0,12746.0,360.0,48.0,2951.75
2026-04-24,Пятница,8,Foodmarket Тепло Черникова,1.0,2852.0,3910.0,579.0,20.0,2852.0
2026-04-24,Пятница,9,Foodmarket Тепло Черникова,3.0,3187.0,3314.0,127.0,9.0,1062.3333333333333
2026-04-24,Пятница,10,Foodmarket Тепло Черникова,1.0,461.0,595.0,24.0,5.0,461.0
2026-04-24,Пятница,11,Foodmarket Тепло Черникова,5.0,8272.0,10088.0,1676.0,45.0,1654.4
2026-04-24,Пятница,12,Foodmarket Тепло Черникова,2.0,1878.0,1878.0,0.0,10.0,939.0
2026-04-24,Пятница,13,Foodmarket Тепло Черникова,8.0,13953.0,17421.0,3248.0,68.0,1744.125
2026-04-24,Пятница,14,Foodmarket Тепло Черникова,8.0,12266.0,13943.0,1567.0,49.0,1533.25
2026-04-24,Пятница,15,Foodmarket Тепло Черникова,4.0,10481.0,12155.0,1674.0,31.0,2620.25
2026-04-24,Пятница,16,Foodmarket Тепло Черникова,13.0,24259.0,29674.0,5070.0,95.0,1866.076923076923
2026-04-24,Пятница,17,Foodmarket Тепло Черникова,7.0,12469.0,15086.0,2507.0,46.0,1781.2857142857142
2026-04-24,Пятница,18,Foodmarket Тепло Черникова,12.0,18965.0,21271.0,2196.0,80.0,1580.4166666666667
2026-04-24,Пятница,19,Foodmarket Тепло Черникова,7.0,10902.0,13225.0,2219.0,36.0,1557.4285714285713
2026-04-24,Пятница,20,Foodmarket Тепло Черникова,5.0,7068.0,7925.0,812.0,37.0,1413.6
2026-04-24,Пятница,21,Foodmarket Тепло Черникова,8.0,14082.0,15049.0,857.0,54.0,1760.25
2026-04-24,Пятница,22,Foodmarket Тепло Черникова,2.0,3604.0,4059.0,425.0,4.0,1802.0
2026-04-25,Суббота,8,Foodmarket Тепло Черникова,1.0,2692.0,3548.0,856.0,17.0,2692.0
2026-04-25,Суббота,9,Foodmarket Тепло Черникова,1.0,2181.0,2409.0,228.0,6.0,2181.0
2026-04-25,Суббота,10,Foodmarket Тепло Черникова,8.0,22292.05,27516.0,4644.95,120.0,2786.50625
2026-04-25,Суббота,11,Foodmarket Тепло Черникова,7.0,11004.0,15283.0,2220.0,71.0,1572.0
2026-04-25,Суббота,12,Foodmarket Тепло Черникова,4.0,6231.0,6768.0,377.0,23.0,1557.75
2026-04-25,Суббота,13,Foodmarket Тепло Черникова,6.0,10933.0,12443.0,1400.0,35.0,1822.1666666666667
2026-04-25,Суббота,14,Foodmarket Тепло Черникова,7.0,14175.0,16952.0,2777.0,49.0,2025.0
2026-04-25,Суббота,15,Foodmarket Тепло Черникова,4.0,8618.04,9746.0,1127.96,24.0,2154.51
2026-04-25,Суббота,16,Foodmarket Тепло Черникова,9.0,13921.0,18293.0,2763.0,45.0,1546.7777777777778
2026-04-25,Суббота,17,Foodmarket Тепло Черникова,7.0,10484.0,11371.0,887.0,44.0,1497.7142857142858
2026-04-25,Суббота,18,Foodmarket Тепло Черникова,5.0,8229.0,10366.0,2137.0,30.0,1645.8
2026-04-25,Суббота,19,Foodmarket Тепло Черникова,14.0,21060.0,24764.0,3474.0,96.0,1504.2857142857142
2026-04-25,Суббота,20,Foodmarket Тепло Черникова,20.0,47597.0,52799.0,5202.0,212.0,2379.85
2026-04-25,Суббота,21,Foodmarket Тепло Черникова,3.0,6000.0,6325.0,325.0,19.0,2000.0
2026-04-25,Суббота,22,Foodmarket Тепло Черникова,1.0,2018.0,2378.0,360.0,5.0,2018.0
2026-04-26,Воскресенье,10,Foodmarket Тепло Черникова,4.0,8036.25,9306.0,1159.75,29.0,2009.0625
2026-04-26,Воскресенье,11,Foodmarket Тепло Черникова,6.0,15337.0,18861.0,1809.0,61.0,2556.1666666666665
2026-04-26,Воскресенье,12,Foodmarket Тепло Черникова,5.0,3276.0,5494.0,2218.0,15.0,655.2
2026-04-26,Воскресенье,13,Foodmarket Тепло Черникова,6.0,8055.0,9461.0,1406.0,33.0,1342.5
2026-04-26,Воскресенье,14,Foodmarket Тепло Черникова,4.0,10315.0,13387.0,288.0,38.0,2578.75
2026-04-26,Воскресенье,15,Foodmarket Тепло Черникова,5.0,8914.0,9572.0,658.0,28.0,1782.8
2026-04-26,Воскресенье,16,Foodmarket Тепло Черникова,4.0,7899.0,9521.0,1622.0,26.0,1974.75
2026-04-26,Воскресенье,17,Foodmarket Тепло Черникова,6.0,11960.0,13350.0,1280.0,42.0,1993.3333333333333
2026-04-26,Воскресенье,18,Foodmarket Тепло Черникова,12.0,22802.0,27318.0,4516.0,95.0,1900.1666666666667
2026-04-26,Воскресенье,19,Foodmarket Тепло Черникова,6.0,7767.0,9184.0,1307.0,44.0,1294.5
2026-04-26,Воскресенье,20,Foodmarket Тепло Черникова,2.0,2464.0,3163.0,699.0,18.0,1232.0
2026-04-26,Воскресенье,21,Foodmarket Тепло Черникова,5.0,12642.0,14951.0,2199.0,58.0,2528.4
2026-04-27,Понедельник,8,Foodmarket Тепло Черникова,1.0,1844.0,2305.0,461.0,7.0,1844.0
2026-04-27,Понедельник,9,Foodmarket Тепло Черникова,1.0,1538.0,1882.0,344.0,7.0,1538.0
2026-04-27,Понедельник,10,Foodmarket Тепло Черникова,4.0,11824.0,15345.0,3521.0,39.0,2956.0
2026-04-27,Понедельник,11,Foodmarket Тепло Черникова,3.0,10075.2,11662.0,1586.8,77.0,3358.4
2026-04-27,Понедельник,12,Foodmarket Тепло Черникова,5.0,9536.0,11109.0,1573.0,39.0,1907.2
2026-04-27,Понедельник,13,Foodmarket Тепло Черникова,4.0,6688.85,9532.0,2733.15,27.0,1672.2125
2026-04-27,Понедельник,14,Foodmarket Тепло Черникова,3.0,5242.0,6068.0,826.0,30.0,1747.3333333333333
2026-04-27,Понедельник,15,Foodmarket Тепло Черникова,4.0,8279.0,9979.0,1590.0,37.0,2069.75
2026-04-27,Понедельник,16,Foodmarket Тепло Черникова,3.0,8236.0,10273.0,2037.0,32.0,2745.3333333333335
2026-04-27,Понедельник,17,Foodmarket Тепло Черникова,6.0,7639.0,11866.0,2869.0,36.0,1273.1666666666667
2026-04-27,Понедельник,18,Foodmarket Тепло Черникова,8.0,13128.0,18820.0,3918.0,58.0,1641.0
2026-04-27,Понедельник,19,Foodmarket Тепло Черникова,4.0,2207.0,2804.0,487.0,9.0,551.75
2026-04-27,Понедельник,20,Foodmarket Тепло Черникова,7.0,9519.0,10617.0,1098.0,27.0,1359.857142857143
2026-04-27,Понедельник,21,Foodmarket Тепло Черникова,6.0,21512.0,22275.0,763.0,98.0,3585.3333333333335
2026-04-28,Вторник,9,Foodmarket Тепло Черникова,1.0,4147.0,4726.0,579.0,16.0,4147.0
2026-04-28,Вторник,10,Foodmarket Тепло Черникова,4.0,7754.0,9530.0,1636.0,17.0,1938.5
2026-04-28,Вторник,11,Foodmarket Тепло Черникова,1.0,850.0,945.0,95.0,4.0,850.0
2026-04-28,Вторник,12,Foodmarket Тепло Черникова,3.0,3195.0,3674.0,479.0,12.0,1065.0
2026-04-28,Вторник,13,Foodmarket Тепло Черникова,4.0,5592.0,6636.0,824.0,27.0,1398.0
2026-04-28,Вторник,14,Foodmarket Тепло Черникова,2.0,2006.0,2299.0,248.0,12.0,1003.0
2026-04-28,Вторник,15,Foodmarket Тепло Черникова,5.0,10606.0,12071.0,1465.0,35.0,2121.2
2026-04-28,Вторник,16,Foodmarket Тепло Черникова,3.0,1704.0,2455.0,501.0,9.0,568.0
2026-04-28,Вторник,17,Foodmarket Тепло Черникова,7.0,9818.0,15955.0,3738.0,45.0,1402.5714285714287
2026-04-28,Вторник,18,Foodmarket Тепло Черникова,11.0,15252.0,19871.0,3550.0,50.0,1386.5454545454545
2026-04-28,Вторник,19,Foodmarket Тепло Черникова,12.0,20855.0,31637.0,6285.0,80.0,1737.9166666666667
2026-04-28,Вторник,20,Foodmarket Тепло Черникова,5.0,6725.0,8267.0,1087.0,40.0,1345.0
2026-04-28,Вторник,21,Foodmarket Тепло Черникова,2.0,6843.0,6987.0,144.0,31.0,3421.5
2026-04-29,Среда,9,Foodmarket Тепло Черникова,2.0,4589.0,5828.0,1239.0,8.0,2294.5
2026-04-29,Среда,10,Foodmarket Тепло Черникова,2.0,2546.0,2790.0,134.0,14.0,1273.0
2026-04-29,Среда,12,Foodmarket Тепло Черникова,2.0,3802.0,4381.0,579.0,12.0,1901.0
2026-04-29,Среда,13,Foodmarket Тепло Черникова,3.0,10690.0,11584.0,894.0,34.0,3563.3333333333335
2026-04-29,Среда,14,Foodmarket Тепло Черникова,7.0,8573.0,10913.0,2340.0,26.0,1224.7142857142858
2026-04-29,Среда,15,Foodmarket Тепло Черникова,5.0,7651.0,8170.0,409.0,31.0,1530.2
2026-04-29,Среда,16,Foodmarket Тепло Черникова,2.0,8061.0,8599.0,538.0,31.0,4030.5
2026-04-29,Среда,17,Foodmarket Тепло Черникова,5.0,7272.0,13944.0,3429.0,30.0,1454.4
2026-04-29,Среда,18,Foodmarket Тепло Черникова,6.0,9015.0,12175.0,3160.0,47.0,1502.5
2026-04-29,Среда,19,Foodmarket Тепло Черникова,4.0,6109.0,6664.0,555.0,28.0,1527.25
2026-04-29,Среда,20,Foodmarket Тепло Черникова,10.0,20825.0,29377.0,4956.0,88.0,2082.5
2026-04-29,Среда,21,Foodmarket Тепло Черникова,2.0,1802.0,2314.0,398.0,6.0,901.0
2026-04-30,Четверг,8,Foodmarket Тепло Черникова,1.0,3540.0,4119.0,579.0,7.0,3540.0
2026-04-30,Четверг,10,Foodmarket Тепло Черникова,3.0,12962.0,14118.0,1016.0,50.0,4320.666666666667
2026-04-30,Четверг,11,Foodmarket Тепло Черникова,1.0,0.0,9251.0,9251.0,36.0,0.0
2026-04-30,Четверг,12,Foodmarket Тепло Черникова,6.0,10135.0,13948.0,2270.0,46.0,1689.1666666666667
2026-04-30,Четверг,13,Foodmarket Тепло Черникова,2.0,1565.0,1970.0,285.0,11.0,782.5
2026-04-30,Четверг,14,Foodmarket Тепло Черникова,6.0,4897.0,6512.0,1145.0,23.0,816.1666666666666
2026-04-30,Четверг,15,Foodmarket Тепло Черникова,7.0,11148.0,17099.0,2458.0,92.0,1592.5714285714287
2026-04-30,Четверг,16,Foodmarket Тепло Черникова,5.0,7243.0,8527.0,1254.0,28.0,1448.6
2026-04-30,Четверг,17,Foodmarket Тепло Черникова,22.0,37023.0,43661.0,6418.0,137.0,1682.8636363636363
2026-04-30,Четверг,18,Foodmarket Тепло Черникова,8.0,18899.0,22528.0,3515.0,81.0,2362.375
2026-04-30,Четверг,19,Foodmarket Тепло Черникова,11.0,15059.0,18315.0,2546.0,60.0,1369.0
2026-04-30,Четверг,20,Foodmarket Тепло Черникова,13.0,18295.0,23015.0,2636.0,73.0,1407.3076923076924
2026-04-30,Четверг,21,Foodmarket Тепло Черникова,6.0,7773.0,8466.0,579.0,18.0,1295.5
2026-05-01,Пятница,9,Foodmarket Тепло Черникова,3.0,6009.0,7383.0,1374.0,14.0,2003.0
2026-05-01,Пятница,10,Foodmarket Тепло Черникова,7.0,25962.5,31036.0,4494.5,118.0,3708.9285714285716
2026-05-01,Пятница,11,Foodmarket Тепло Черникова,7.0,14265.0,16621.0,2246.0,33.0,2037.857142857143
2026-05-01,Пятница,12,Foodmarket Тепло Черникова,8.0,8078.0,10332.0,2224.0,32.0,1009.75
2026-05-01,Пятница,13,Foodmarket Тепло Черникова,11.0,15932.0,23473.0,3063.0,70.0,1448.3636363636363
2026-05-01,Пятница,14,Foodmarket Тепло Черникова,9.0,14482.05,17683.0,3200.95,71.0,1609.1166666666666
2026-05-01,Пятница,15,Foodmarket Тепло Черникова,4.0,4988.0,7034.0,1826.0,35.0,1247.0
2026-05-01,Пятница,16,Foodmarket Тепло Черникова,10.0,10709.0,16872.0,5724.0,48.0,1070.9
2026-05-01,Пятница,17,Foodmarket Тепло Черникова,11.0,12409.0,18327.0,3129.0,59.0,1128.090909090909
2026-05-01,Пятница,18,Foodmarket Тепло Черникова,14.0,30467.45,35976.0,4614.55,138.0,2176.2464285714286
2026-05-01,Пятница,19,Foodmarket Тепло Черникова,8.0,11192.0,13795.0,2493.0,45.0,1399.0
2026-05-01,Пятница,20,Foodmarket Тепло Черникова,9.0,13141.0,19125.0,4884.0,50.0,1460.111111111111
2026-05-01,Пятница,21,Foodmarket Тепло Черникова,10.0,17587.0,19180.0,983.0,72.0,1758.7
2026-05-01,Пятница,22,Foodmarket Тепло Черникова,3.0,1664.0,3379.0,1715.0,8.0,554.6666666666666
2026-05-02,Суббота,8,Foodmarket Тепло Черникова,1.0,2459.0,3315.0,856.0,8.0,2459.0
2026-05-02,Суббота,9,Foodmarket Тепло Черникова,1.0,2079.0,2404.0,325.0,8.0,2079.0
2026-05-02,Суббота,10,Foodmarket Тепло Черникова,1.0,800.0,855.0,55.0,1.0,800.0
2026-05-02,Суббота,11,Foodmarket Тепло Черникова,3.0,4896.0,5252.0,356.0,18.0,1632.0
2026-05-02,Суббота,12,Foodmarket Тепло Черникова,3.0,5005.0,6465.0,1340.0,20.0,1668.3333333333333
2026-05-02,Суббота,13,Foodmarket Тепло Черникова,6.0,9260.0,11054.0,1574.0,40.0,1543.3333333333333
2026-05-02,Суббота,14,Foodmarket Тепло Черникова,4.0,7450.0,8977.0,1392.0,40.0,1862.5
2026-05-02,Суббота,15,Foodmarket Тепло Черникова,4.0,8184.0,9448.0,1264.0,25.0,2046.0
2026-05-02,Суббота,16,Foodmarket Тепло Черникова,10.0,16538.0,21078.0,3690.0,53.0,1653.8
2026-05-02,Суббота,17,Foodmarket Тепло Черникова,6.0,6048.0,7044.0,956.0,32.0,1008.0
2026-05-02,Суббота,18,Foodmarket Тепло Черникова,13.0,21736.0,24802.0,2487.0,88.0,1672.0
2026-05-02,Суббота,19,Foodmarket Тепло Черникова,10.0,18475.0,22649.0,3374.0,90.0,1847.5
2026-05-02,Суббота,20,Foodmarket Тепло Черникова,7.0,5666.0,7168.0,1332.0,33.0,809.4285714285714
2026-05-02,Суббота,21,Foodmarket Тепло Черникова,8.0,14924.0,16021.0,987.0,66.0,1865.5
2026-05-02,Суббота,22,Foodmarket Тепло Черникова,4.0,5648.0,7088.0,1410.0,22.0,1412.0
2026-05-03,Воскресенье,10,Foodmarket Тепло Черникова,2.0,2783.0,2889.0,106.0,11.0,1391.5
2026-05-03,Воскресенье,11,Foodmarket Тепло Черникова,4.0,10189.0,12019.0,1830.0,31.0,2547.25
2026-05-03,Воскресенье,12,Foodmarket Тепло Черникова,2.0,3022.3,5201.0,179.7,9.0,1511.15
2026-05-03,Воскресенье,13,Foodmarket Тепло Черникова,3.0,4387.0,4947.0,556.0,16.0,1462.3333333333333
2026-05-03,Воскресенье,14,Foodmarket Тепло Черникова,7.0,10869.0,12049.0,1180.0,42.0,1552.7142857142858
2026-05-03,Воскресенье,15,Foodmarket Тепло Черникова,5.0,9927.0,10972.0,1045.0,32.0,1985.4
2026-05-03,Воскресенье,16,Foodmarket Тепло Черникова,7.0,8673.0,9712.0,1039.0,42.0,1239.0
2026-05-03,Воскресенье,17,Foodmarket Тепло Черникова,4.0,3738.0,4263.0,415.0,12.0,934.5
2026-05-03,Воскресенье,18,Foodmarket Тепло Черникова,11.0,19478.1,22702.0,3223.9,62.0,1770.7363636363634
2026-05-03,Воскресенье,19,Foodmarket Тепло Черникова,2.0,4538.0,6147.0,1185.0,25.0,2269.0
2026-05-03,Воскресенье,20,Foodmarket Тепло Черникова,6.0,6753.0,10600.0,3367.0,41.0,1125.5
2026-05-03,Воскресенье,21,Foodmarket Тепло Черникова,3.0,6095.0,7657.0,1562.0,30.0,2031.6666666666667
2026-05-04,Понедельник,0,Foodmarket Тепло Черникова,1.0,2567.0,3146.0,579.0,10.0,2567.0
2026-05-04,Понедельник,8,Foodmarket Тепло Черникова,1.0,2798.0,3377.0,579.0,5.0,2798.0
2026-05-04,Понедельник,9,Foodmarket Тепло Черникова,1.0,93.0,595.0,392.0,6.0,93.0
2026-05-04,Понедельник,10,Foodmarket Тепло Черникова,3.0,5565.0,6570.0,785.0,36.0,1855.0
2026-05-04,Понедельник,11,Foodmarket Тепло Черникова,8.0,8588.0,10805.0,1262.0,42.0,1073.5
2026-05-04,Понедельник,12,Foodmarket Тепло Черникова,5.0,4170.0,7774.0,3554.0,20.0,834.0
2026-05-04,Понедельник,13,Foodmarket Тепло Черникова,2.0,2257.0,2727.0,360.0,15.0,1128.5
2026-05-04,Понедельник,14,Foodmarket Тепло Черникова,2.0,560.0,560.0,0.0,6.0,280.0
2026-05-04,Понедельник,15,Foodmarket Тепло Черникова,3.0,5573.0,7761.0,689.0,25.0,1857.6666666666667
2026-05-04,Понедельник,16,Foodmarket Тепло Черникова,8.0,15998.0,19396.0,3168.0,78.0,1999.75
2026-05-04,Понедельник,17,Foodmarket Тепло Черникова,6.0,12441.0,21130.0,1380.0,56.0,2073.5
2026-05-04,Понедельник,18,Foodmarket Тепло Черникова,3.0,4841.0,5457.0,506.0,24.0,1613.6666666666667
2026-05-04,Понедельник,19,Foodmarket Тепло Черникова,6.0,7943.0,9861.0,1918.0,34.0,1323.8333333333333
2026-05-04,Понедельник,20,Foodmarket Тепло Черникова,6.0,5587.0,6862.0,911.0,29.0,931.1666666666666
2026-05-04,Понедельник,21,Foodmarket Тепло Черникова,7.0,19375.0,20251.0,876.0,82.0,2767.8571428571427
2026-05-05,Вторник,9,Foodmarket Тепло Черникова,5.0,14137.0,19246.0,1354.0,66.0,2827.4
2026-05-05,Вторник,10,Foodmarket Тепло Черникова,4.0,10472.0,11692.0,1208.0,43.0,2618.0
2026-05-05,Вторник,11,Foodmarket Тепло Черникова,3.0,3675.0,8949.0,2705.0,28.0,1225.0
2026-05-05,Вторник,13,Foodmarket Тепло Черникова,1.0,825.0,979.0,44.0,8.0,825.0
2026-05-05,Вторник,14,Foodmarket Тепло Черникова,4.0,3461.0,7101.0,647.0,20.0,865.25
2026-05-05,Вторник,15,Foodmarket Тепло Черникова,5.0,8863.0,13195.0,2254.0,45.0,1772.6
2026-05-05,Вторник,16,Foodmarket Тепло Черникова,7.0,10152.0,12462.0,1835.0,41.0,1450.2857142857142
2026-05-05,Вторник,17,Foodmarket Тепло Черникова,5.0,6931.0,8550.0,1619.0,26.0,1386.2
2026-05-05,Вторник,18,Foodmarket Тепло Черникова,8.0,5533.0,9855.0,3942.0,34.0,691.625
2026-05-05,Вторник,19,Foodmarket Тепло Черникова,11.0,10495.94,13854.0,2318.06,46.0,954.1763636363637
2026-05-05,Вторник,20,Foodmarket Тепло Черникова,2.0,3147.0,3957.0,810.0,13.0,1573.5
2026-05-05,Вторник,21,Foodmarket Тепло Черникова,10.0,28872.0,30040.0,850.0,136.0,2887.2
2026-05-06,Среда,7,Foodmarket Тепло Черникова,1.0,3993.0,4572.0,579.0,7.0,3993.0
2026-05-06,Среда,10,Foodmarket Тепло Черникова,4.0,10847.0,12795.0,1948.0,44.0,2711.75
2026-05-06,Среда,11,Foodmarket Тепло Черникова,4.0,6804.0,8420.0,1486.0,33.0,1701.0
2026-05-06,Среда,13,Foodmarket Тепло Черникова,3.0,5111.15,6399.0,1207.85,17.0,1703.7166666666665
2026-05-06,Среда,14,Foodmarket Тепло Черникова,3.0,5680.0,6584.0,904.0,21.0,1893.3333333333333
2026-05-06,Среда,15,Foodmarket Тепло Черникова,2.0,925.0,925.0,0.0,8.0,462.5
2026-05-06,Среда,16,Foodmarket Тепло Черникова,4.0,5969.0,6457.0,488.0,25.0,1492.25
2026-05-06,Среда,17,Foodmarket Тепло Черникова,5.0,10711.0,13812.0,3101.0,43.0,2142.2
2026-05-06,Среда,18,Foodmarket Тепло Черникова,10.0,21895.05,32152.0,6879.95,93.0,2189.505
2026-05-06,Среда,19,Foodmarket Тепло Черникова,6.0,11238.0,16775.0,3408.0,44.0,1873.0
2026-05-06,Среда,20,Foodmarket Тепло Черникова,8.0,10458.0,17623.0,4867.0,50.0,1307.25
2026-05-06,Среда,21,Foodmarket Тепло Черникова,4.0,3969.0,4712.0,609.0,11.0,992.25
2026-05-07,Четверг,9,Foodmarket Тепло Черникова,1.0,0.0,165.0,165.0,1.0,0.0
2026-05-07,Четверг,10,Foodmarket Тепло Черникова,2.0,3021.0,3534.0,513.0,12.0,1510.5
2026-05-07,Четверг,11,Foodmarket Тепло Черникова,3.0,634.0,870.0,126.0,6.0,211.33333333333334
2026-05-07,Четверг,12,Foodmarket Тепло Черникова,2.0,4711.0,5550.0,579.0,21.0,2355.5
2026-05-07,Четверг,13,Foodmarket Тепло Черникова,4.0,12037.0,14099.0,1952.0,76.0,3009.25
2026-05-07,Четверг,14,Foodmarket Тепло Черникова,3.0,3011.0,3339.0,268.0,13.0,1003.6666666666666
2026-05-07,Четверг,15,Foodmarket Тепло Черникова,2.0,1447.0,4585.0,1589.0,9.0,723.5
2026-05-07,Четверг,16,Foodmarket Тепло Черникова,5.0,8682.4,12864.0,3191.6,42.0,1736.48
2026-05-07,Четверг,17,Foodmarket Тепло Черникова,4.0,5238.0,6533.0,1295.0,22.0,1309.5
2026-05-07,Четверг,18,Foodmarket Тепло Черникова,5.0,10591.0,12139.0,1548.0,56.0,2118.2
2026-05-07,Четверг,19,Foodmarket Тепло Черникова,5.0,8825.0,11231.0,2206.0,46.0,1765.0
2026-05-07,Четверг,20,Foodmarket Тепло Черникова,8.0,9634.0,11996.0,2252.0,36.0,1204.25
2026-05-07,Четверг,21,Foodmarket Тепло Черникова,6.0,7827.0,10298.0,2361.0,36.0,1304.5
2026-05-08,Пятница,8,Foodmarket Тепло Черникова,2.0,3466.0,3791.0,325.0,13.0,1733.0
2026-05-08,Пятница,9,Foodmarket Тепло Черникова,4.0,7509.0,8975.0,1466.0,29.0,1877.25
2026-05-08,Пятница,10,Foodmarket Тепло Черникова,7.0,12194.0,14044.0,1850.0,50.0,1742.0
2026-05-08,Пятница,11,Foodmarket Тепло Черникова,2.0,2841.0,3487.0,536.0,21.0,1420.5
2026-05-08,Пятница,12,Foodmarket Тепло Черникова,1.0,840.0,950.0,110.0,6.0,840.0
2026-05-08,Пятница,13,Foodmarket Тепло Черникова,5.0,7955.18,9537.0,1581.82,27.0,1591.036
2026-05-08,Пятница,14,Foodmarket Тепло Черникова,5.0,8269.34,9731.0,1401.66,30.0,1653.868
2026-05-08,Пятница,15,Foodmarket Тепло Черникова,7.0,9185.0,10386.0,1051.0,43.0,1312.142857142857
2026-05-08,Пятница,16,Foodmarket Тепло Черникова,9.0,13090.0,27056.0,13186.0,68.0,1454.4444444444443
2026-05-08,Пятница,17,Foodmarket Тепло Черникова,5.0,10694.0,13158.0,2464.0,37.0,2138.8
2026-05-08,Пятница,18,Foodmarket Тепло Черникова,8.0,12582.0,14710.0,1978.0,67.0,1572.75
2026-05-08,Пятница,19,Foodmarket Тепло Черникова,11.0,21950.0,29058.0,3830.0,87.0,1995.4545454545455
2026-05-08,Пятница,20,Foodmarket Тепло Черникова,4.0,8390.0,9545.0,166.0,35.0,2097.5
2026-05-08,Пятница,21,Foodmarket Тепло Черникова,8.0,10737.0,13088.0,2023.0,45.0,1342.125
2026-05-08,Пятница,22,Foodmarket Тепло Черникова,1.0,577.0,679.0,102.0,5.0,577.0
2026-05-09,Суббота,9,Foodmarket Тепло Черникова,2.0,4350.0,5289.0,939.0,21.0,2175.0
2026-05-09,Суббота,10,Foodmarket Тепло Черникова,7.0,12932.0,15445.0,2513.0,46.0,1847.4285714285713
2026-05-09,Суббота,11,Foodmarket Тепло Черникова,7.0,16914.95,19850.0,2871.05,62.0,2416.421428571429
2026-05-09,Суббота,12,Foodmarket Тепло Черникова,6.0,10023.0,11384.0,1311.0,35.0,1670.5
2026-05-09,Суббота,13,Foodmarket Тепло Черникова,9.0,16476.0,18748.0,2092.0,53.0,1830.6666666666667
2026-05-09,Суббота,14,Foodmarket Тепло Черникова,8.0,12368.0,18593.0,2736.0,55.0,1546.0
2026-05-09,Суббота,15,Foodmarket Тепло Черникова,9.0,20440.0,23752.0,3312.0,75.0,2271.1111111111113
2026-05-09,Суббота,16,Foodmarket Тепло Черникова,9.0,18016.0,23445.0,2769.0,51.0,2001.7777777777778
2026-05-09,Суббота,17,Foodmarket Тепло Черникова,21.0,44405.0,54430.0,9860.0,181.0,2114.5238095238096
2026-05-09,Суббота,18,Foodmarket Тепло Черникова,12.0,12776.0,20416.0,7018.0,82.0,1064.6666666666667
2026-05-09,Суббота,19,Foodmarket Тепло Черникова,6.0,7207.0,8824.0,1493.0,39.0,1201.1666666666667
2026-05-09,Суббота,20,Foodmarket Тепло Черникова,8.0,14913.0,17520.0,2562.0,49.0,1864.125
2026-05-09,Суббота,21,Foodmarket Тепло Черникова,4.0,6716.0,8257.0,1181.0,23.0,1679.0
2026-05-10,Воскресенье,9,Foodmarket Тепло Черникова,3.0,12893.0,14630.0,1737.0,42.0,4297.666666666667
2026-05-10,Воскресенье,10,Foodmarket Тепло Черникова,5.0,14757.65,17420.0,2662.35,54.0,2951.5299999999997
2026-05-10,Воскресенье,11,Foodmarket Тепло Черникова,3.0,7012.0,8470.0,1158.0,33.0,2337.3333333333335
2026-05-10,Воскресенье,12,Foodmarket Тепло Черникова,4.0,5861.0,6526.0,360.0,22.0,1465.25
2026-05-10,Воскресенье,13,Foodmarket Тепло Черникова,4.0,7055.0,8221.0,1056.0,25.0,1763.75
2026-05-10,Воскресенье,14,Foodmarket Тепло Черникова,11.0,24430.0,29898.0,3050.0,91.0,2220.909090909091
2026-05-10,Воскресенье,15,Foodmarket Тепло Черникова,2.0,4135.0,4969.0,834.0,16.0,2067.5
2026-05-10,Воскресенье,16,Foodmarket Тепло Черникова,11.0,12721.0,15530.0,1630.0,44.0,1156.4545454545455
2026-05-10,Воскресенье,17,Foodmarket Тепло Черникова,5.0,9471.0,10228.0,757.0,39.0,1894.2
2026-05-10,Воскресенье,18,Foodmarket Тепло Черникова,6.0,10223.0,11576.0,1308.0,44.0,1703.8333333333333
2026-05-10,Воскресенье,19,Foodmarket Тепло Черникова,10.0,14115.0,18678.0,4343.0,64.0,1411.5
2026-05-10,Воскресенье,20,Foodmarket Тепло Черникова,7.0,16917.0,18683.0,1376.0,67.0,2416.714285714286
2026-05-10,Воскресенье,21,Foodmarket Тепло Черникова,4.0,5492.0,6360.0,868.0,24.0,1373.0
2026-05-10,Воскресенье,22,Foodmarket Тепло Черникова,1.0,2017.0,2457.0,440.0,16.0,2017.0
2026-05-11,Понедельник,6,Foodmarket Тепло Черникова,1.0,3025.0,3938.0,913.0,9.0,3025.0
2026-05-11,Понедельник,9,Foodmarket Тепло Черникова,1.0,2859.0,3938.0,579.0,8.0,2859.0
2026-05-11,Понедельник,10,Foodmarket Тепло Черникова,3.0,7931.5,9248.0,1312.5,32.0,2643.8333333333335
2026-05-11,Понедельник,11,Foodmarket Тепло Черникова,2.0,5381.0,6539.0,1158.0,20.0,2690.5
2026-05-11,Понедельник,12,Foodmarket Тепло Черникова,4.0,5102.0,6404.0,1147.0,26.0,1275.5
2026-05-11,Понедельник,13,Foodmarket Тепло Черникова,4.0,7008.0,8538.0,1485.0,33.0,1752.0
2026-05-11,Понедельник,14,Foodmarket Тепло Черникова,6.0,11396.7,14106.0,2709.3,46.0,1899.45
2026-05-11,Понедельник,15,Foodmarket Тепло Черникова,6.0,14228.0,20270.0,4027.0,70.0,2371.3333333333335
2026-05-11,Понедельник,16,Foodmarket Тепло Черникова,10.0,17985.0,22141.0,3936.0,66.0,1798.5
2026-05-11,Понедельник,17,Foodmarket Тепло Черникова,2.0,1698.0,2302.0,494.0,11.0,849.0
2026-05-11,Понедельник,18,Foodmarket Тепло Черникова,6.0,9346.0,11397.0,1941.0,30.0,1557.6666666666667
2026-05-11,Понедельник,19,Foodmarket Тепло Черникова,4.0,6954.0,8181.0,1219.0,28.0,1738.5
2026-05-11,Понедельник,20,Foodmarket Тепло Черникова,14.0,22593.0,26850.0,3477.0,123.0,1613.7857142857142
2026-05-11,Понедельник,21,Foodmarket Тепло Черникова,3.0,6144.0,8395.0,2251.0,23.0,2048.0
2026-05-12,Вторник,8,Foodmarket Тепло Черникова,1.0,1274.0,1499.0,225.0,1.0,1274.0
2026-05-12,Вторник,10,Foodmarket Тепло Черникова,5.0,26689.0,30665.0,3976.0,59.0,5337.8
2026-05-12,Вторник,11,Foodmarket Тепло Черникова,3.0,742.0,3319.0,418.0,18.0,247.33333333333334
2026-05-12,Вторник,12,Foodmarket Тепло Черникова,4.0,5236.0,5953.0,607.0,24.0,1309.0
2026-05-12,Вторник,13,Foodmarket Тепло Черникова,3.0,4655.0,5788.0,913.0,21.0,1551.6666666666667
2026-05-12,Вторник,14,Foodmarket Тепло Черникова,3.0,3816.0,5200.0,1274.0,26.0,1272.0
2026-05-12,Вторник,15,Foodmarket Тепло Черникова,4.0,7069.0,7889.0,670.0,26.0,1767.25
2026-05-12,Вторник,16,Foodmarket Тепло Черникова,6.0,6805.0,12184.0,1644.0,34.0,1134.1666666666667
2026-05-12,Вторник,17,Foodmarket Тепло Черникова,6.0,11198.0,13641.0,2208.0,60.0,1866.3333333333333
2026-05-12,Вторник,18,Foodmarket Тепло Черникова,8.0,11732.0,18431.0,4996.0,55.0,1466.5
2026-05-12,Вторник,19,Foodmarket Тепло Черникова,5.0,6377.0,10889.0,2753.0,34.0,1275.4
2026-05-12,Вторник,20,Foodmarket Тепло Черникова,6.0,4646.0,5276.0,547.0,22.0,774.3333333333334
2026-05-12,Вторник,21,Foodmarket Тепло Черникова,1.0,311.0,439.0,128.0,1.0,311.0
2026-05-13,Среда,10,Foodmarket Тепло Черникова,2.0,1533.0,1772.0,129.0,10.0,766.5
2026-05-13,Среда,11,Foodmarket Тепло Черникова,3.0,9558.0,13753.0,2796.0,26.0,3186.0
2026-05-13,Среда,12,Foodmarket Тепло Черникова,4.0,6860.0,7889.0,919.0,32.0,1715.0
2026-05-13,Среда,13,Foodmarket Тепло Черникова,6.0,10124.0,11843.0,1719.0,44.0,1687.3333333333333
2026-05-13,Среда,14,Foodmarket Тепло Черникова,3.0,3793.0,7634.0,2271.0,24.0,1264.3333333333333
2026-05-13,Среда,15,Foodmarket Тепло Черникова,6.0,7052.0,10249.0,1757.0,40.0,1175.3333333333333
2026-05-13,Среда,16,Foodmarket Тепло Черникова,1.0,2287.0,2612.0,325.0,10.0,2287.0
2026-05-13,Среда,17,Foodmarket Тепло Черникова,4.0,6400.0,7673.0,1273.0,19.0,1600.0
2026-05-13,Среда,18,Foodmarket Тепло Черникова,7.0,12400.0,15473.0,2313.0,57.0,1771.4285714285713
2026-05-13,Среда,19,Foodmarket Тепло Черникова,4.0,8183.0,9087.0,904.0,30.0,2045.75
2026-05-13,Среда,20,Foodmarket Тепло Черникова,7.0,11090.0,12399.0,1269.0,53.0,1584.2857142857142
2026-05-13,Среда,21,Foodmarket Тепло Черникова,5.0,7153.0,7818.0,665.0,27.0,1430.6
2026-05-14,Четверг,5,Foodmarket Тепло Черникова,1.0,2263.0,2588.0,325.0,8.0,2263.0
2026-05-14,Четверг,9,Foodmarket Тепло Черникова,2.0,2450.0,3198.0,518.0,9.0,1225.0
2026-05-14,Четверг,10,Foodmarket Тепло Черникова,2.0,1189.0,1189.0,0.0,3.0,594.5
2026-05-14,Четверг,11,Foodmarket Тепло Черникова,1.0,960.0,960.0,0.0,3.0,960.0
2026-05-14,Четверг,12,Foodmarket Тепло Черникова,3.0,3579.0,5696.0,1037.0,19.0,1193.0
2026-05-14,Четверг,13,Foodmarket Тепло Черникова,4.0,5770.0,10643.0,3009.0,34.0,1442.5
2026-05-14,Четверг,14,Foodmarket Тепло Черникова,4.0,4526.0,5368.0,842.0,21.0,1131.5
2026-05-14,Четверг,15,Foodmarket Тепло Черникова,3.0,3894.0,4954.0,730.0,19.0,1298.0
2026-05-14,Четверг,16,Foodmarket Тепло Черникова,4.0,4791.0,5490.0,695.0,20.0,1197.75
2026-05-14,Четверг,17,Foodmarket Тепло Черникова,5.0,6498.0,7133.0,635.0,20.0,1299.6
2026-05-14,Четверг,18,Foodmarket Тепло Черникова,10.0,17746.0,24369.0,4870.0,72.0,1774.6
2026-05-14,Четверг,19,Foodmarket Тепло Черникова,10.0,14335.0,19480.0,3616.0,72.0,1433.5
2026-05-14,Четверг,20,Foodmarket Тепло Черникова,6.0,16607.0,18783.0,2001.0,62.0,2767.8333333333335
2026-05-14,Четверг,21,Foodmarket Тепло Черникова,6.0,4725.0,7590.0,918.0,33.0,787.5
2026-05-15,Пятница,8,Foodmarket Тепло Черникова,1.0,0.0,2478.0,2478.0,22.0,0.0
2026-05-15,Пятница,9,Foodmarket Тепло Черникова,1.0,1858.0,2218.0,360.0,6.0,1858.0
2026-05-15,Пятница,10,Foodmarket Тепло Черникова,2.0,3844.0,4462.0,618.0,15.0,1922.0
2026-05-15,Пятница,11,Foodmarket Тепло Черникова,5.0,4801.0,6175.0,1264.0,19.0,960.2
2026-05-15,Пятница,12,Foodmarket Тепло Черникова,7.0,9859.0,11166.0,977.0,50.0,1408.4285714285713
2026-05-15,Пятница,13,Foodmarket Тепло Черникова,4.0,3768.0,4761.0,993.0,12.0,942.0
2026-05-15,Пятница,14,Foodmarket Тепло Черникова,8.0,11643.0,14717.0,2954.0,42.0,1455.375
2026-05-15,Пятница,15,Foodmarket Тепло Черникова,6.0,7440.7,10412.0,1542.3,40.0,1240.1166666666666
2026-05-15,Пятница,16,Foodmarket Тепло Черникова,11.0,23379.0,27228.0,3849.0,77.0,2125.3636363636365
2026-05-15,Пятница,17,Foodmarket Тепло Черникова,10.0,17132.0,20153.0,3021.0,76.0,1713.2
2026-05-15,Пятница,18,Foodmarket Тепло Черникова,17.0,35464.0,43950.0,5837.0,158.0,2086.1176470588234
2026-05-15,Пятница,19,Foodmarket Тепло Черникова,14.0,17187.0,26172.0,5211.0,86.0,1227.642857142857
2026-05-15,Пятница,20,Foodmarket Тепло Черникова,9.0,19824.0,21313.0,1459.0,78.0,2202.6666666666665
2026-05-15,Пятница,21,Foodmarket Тепло Черникова,3.0,2891.0,3222.0,331.0,10.0,963.6666666666666
2026-05-15,Пятница,22,Foodmarket Тепло Черникова,2.0,8.05,354.0,231.95,4.0,4.025
2026-05-16,Суббота,9,Foodmarket Тепло Черникова,1.0,1229.0,1229.0,0.0,4.0,1229.0
2026-05-16,Суббота,10,Foodmarket Тепло Черникова,3.0,7931.0,9298.0,1367.0,25.0,2643.6666666666665
2026-05-16,Суббота,11,Foodmarket Тепло Черникова,3.0,6933.0,8532.0,1254.0,21.0,2311.0
2026-05-16,Суббота,12,Foodmarket Тепло Черникова,3.0,2044.0,3853.0,1699.0,11.0,681.3333333333334
2026-05-16,Суббота,13,Foodmarket Тепло Черникова,1.0,3461.0,4040.0,579.0,17.0,3461.0
2026-05-16,Суббота,14,Foodmarket Тепло Черникова,4.0,4763.0,5926.0,1163.0,22.0,1190.75
2026-05-16,Суббота,15,Foodmarket Тепло Черникова,6.0,14238.0,16293.0,2055.0,54.0,2373.0
2026-05-16,Суббота,16,Foodmarket Тепло Черникова,8.0,16226.0,19994.0,3448.0,79.0,2028.25
2026-05-16,Суббота,17,Foodmarket Тепло Черникова,10.0,17569.0,20304.0,2535.0,72.0,1756.9
2026-05-16,Суббота,18,Foodmarket Тепло Черникова,9.0,12092.0,14183.0,1777.0,71.0,1343.5555555555557
2026-05-16,Суббота,19,Foodmarket Тепло Черникова,12.0,20929.0,24700.0,3759.0,81.0,1744.0833333333333
2026-05-16,Суббота,20,Foodmarket Тепло Черникова,12.0,14850.0,17659.0,2809.0,59.0,1237.5
2026-05-16,Суббота,21,Foodmarket Тепло Черникова,5.0,17934.0,18397.0,463.0,77.0,3586.8
2026-05-16,Суббота,22,Foodmarket Тепло Черникова,1.0,3454.0,8162.0,4708.0,8.0,3454.0
2026-05-17,Воскресенье,8,Foodmarket Тепло Черникова,1.0,4055.0,4634.0,579.0,14.0,4055.0
2026-05-17,Воскресенье,9,Foodmarket Тепло Черникова,1.0,505.0,735.0,100.0,6.0,505.0
2026-05-17,Воскресенье,10,Foodmarket Тепло Черникова,4.0,12153.0,13438.0,1285.0,35.0,3038.25
2026-05-17,Воскресенье,11,Foodmarket Тепло Черникова,3.0,5663.0,6602.0,939.0,28.0,1887.6666666666667
2026-05-17,Воскресенье,12,Foodmarket Тепло Черникова,3.0,3248.0,3486.0,128.0,16.0,1082.6666666666667
2026-05-17,Воскресенье,13,Foodmarket Тепло Черникова,3.0,3358.0,3908.0,550.0,10.0,1119.3333333333333
2026-05-17,Воскресенье,14,Foodmarket Тепло Черникова,4.0,5709.0,6144.0,435.0,31.0,1427.25
2026-05-17,Воскресенье,15,Foodmarket Тепло Черникова,12.0,26199.5,31800.0,4930.5,106.0,2183.2916666666665
2026-05-17,Воскресенье,16,Foodmarket Тепло Черникова,6.0,9107.0,10673.0,1566.0,42.0,1517.8333333333333
2026-05-17,Воскресенье,17,Foodmarket Тепло Черникова,9.0,15492.0,17649.0,2157.0,62.0,1721.3333333333333
2026-05-17,Воскресенье,18,Foodmarket Тепло Черникова,8.0,11127.0,12570.0,1333.0,50.0,1390.875
2026-05-17,Воскресенье,19,Foodmarket Тепло Черникова,7.0,11548.0,13986.0,2438.0,47.0,1649.7142857142858
2026-05-17,Воскресенье,20,Foodmarket Тепло Черникова,7.0,20516.0,22238.0,1632.0,87.0,2930.8571428571427
2026-05-17,Воскресенье,21,Foodmarket Тепло Черникова,4.0,3482.0,4299.0,727.0,19.0,870.5
