№,Наименование,Инв. № ,Кол-во ОС,Цена ед.,Ответственный,Помещение,Тип ОС,Дата введения ,Месяц введения в эксплуатацию,Дата покупки или постановки,Месяц покупки,Текущая стоимость,Срок полезного использования (лет),Срок полезного использования (месяц),Переоценка ОС,Сумма,дата переоценки,Месяц переоценки,Дата продажи,Месяц продажи,цена продажи,Количество Проданных ОС,1,2,3,4,5,6,7,8,9,10,11,12,Оставшийся срок ПИ,Оставшаяся стоимость,Прибыль/убыток от продажи,1,2,3,4,5,6,7,8,9,10,11,12,Год покупки,Сумма проданного
1,Стелаж 198х150х70,,"3,00",9 750,Технический директор,Склад Гагарина,Мебель и предметы интерьера,01.01.2025,1,21.12.2020,12,29 250,10,117,,0,,0,,0,,,-250,-250,-250,-250,-250,-250,-250,-250,-250,-250,-250,-250,105,26 250,0,29 000,28 750,28 500,28 250,28 000,27 750,27 500,27 250,27 000,26 750,26 500,26 250,,
2,Мойка 1 секционная 87х50х50,,"1,00",4 875,Технический директор,ТЗ Гагарина,Вспомогательное оборудование,01.01.2025,1,10.03.2020,3,4 875,10,117,,0,,0,16.10.2024,10,"5 000,00","1,00",-42,-42,-42,-42,-42,-42,-42,-42,-42,0,0,0,0,0,458,4 833,4 792,4 750,4 708,4 667,4 625,4 583,4 542,4 500,0,0,0,,
3,Стелаж 160х155х35,,"1,00",7 800,Технический директор,Склад Гагарина,Вспомогательное оборудование,01.01.2025,1,01.10.2020,10,7 800,10,117,,0,,0,,0,,,-67,-67,-67,-67,-67,-67,-67,-67,-67,-67,-67,-67,105,7 000,0,7 733,7 667,7 600,7 533,7 467,7 400,7 333,7 267,7 200,7 133,7 067,7 000,,
4,Холодильник Капри МХМ 700 л,,"2,00",47 500,Технический директор,ТЗ Гагарина,Холодильное/морозильное оборудование,01.01.2025,1,21.12.2020,12,95 000,5,57,,0,,0,,0,,,-1 667,-1 667,-1 667,-1 667,-1 667,-1 667,-1 667,-1 667,-1 667,-1 667,-1 667,-1 667,45,75 000,0,93 333,91 667,90 000,88 333,86 667,85 000,83 333,81 667,80 000,78 333,76 667,75 000,,
5,Холодильник Polair CM 107-S,,"1,00",60 375,Технический директор,Склад Гагарина,Холодильное/морозильное оборудование,01.01.2025,1,10.03.2020,3,60 375,6,69,,0,,0,,0,,,-875,-875,-875,-875,-875,-875,-875,-875,-875,-875,-875,-875,57,49 875,0,59 500,58 625,57 750,56 875,56 000,55 125,54 250,53 375,52 500,51 625,50 750,49 875,,
6,Фритюрница Airhot EF6+6 (Ремонт),,"1,00",7 600,Технический директор,Склад Гагарина,Тепловое оборудование,01.01.2025,1,21.12.2020,12,7 600,5,57,,0,,0,,0,,,-133,-133,-133,-133,-133,-133,-133,-133,-133,-133,-133,-133,45,6 000,0,7 467,7 333,7 200,7 067,6 933,6 800,6 667,6 533,6 400,6 267,6 133,6 000,,
7,Гриль саламандра AIRHOT SGE-938,,"1,00",9 444,Технический директор,ТЗ Гагарина,Тепловое оборудование,01.01.2025,1,20.04.2023,4,9 444,3,34,,0,,0,,0,,,-278,-278,-278,-278,-278,-278,-278,-278,-278,-278,-278,-278,22,6 111,0,9 166,8 888,8 611,8 333,8 055,7 777,7 500,7 222,6 944,6 666,6 389,6 111,,
8,Блендер Bosh погружной,,"1,00",0,Технический директор,ТЗ Гагарина,Электромеханическое оборудование,01.01.2025,1,10.06.2020,6,0,,0,,0,,0,,0,,,0,0,0,0,0,0,0,0,0,0,0,0,0,0,0,0,0,0,0,0,0,0,0,0,0,0,0,,
9,Тестомес спиральный Hurakan HKN-30SN2V,,"1,00",67 813,Технический директор,ТЗ Гагарина,Электромеханическое оборудование,01.01.2025,1,21.12.2020,12,67 813,8,93,,0,,0,,0,,,-729,-729,-729,-729,-729,-729,-729,-729,-729,-729,-729,-729,81,59 063,0,67 084,66 355,65 625,64 896,64 167,63 438,62 709,61 980,61 250,60 521,59 792,59 063,,
10,Слайсер Airhot SL-220,,"1,00",14 250,Технический директор,ТЗ Гагарина,Электромеханическое оборудование,01.01.2025,1,21.12.2020,12,14 250,5,57,,0,,0,,0,,,-250,-250,-250,-250,-250,-250,-250,-250,-250,-250,-250,-250,45,11 250,0,14 000,13 750,13 500,13 250,13 000,12 750,12 500,12 250,12 000,11 750,11 500,11 250,,
11,Фритюрница Airhot EF10+10,,"1,00",16 685,Технический директор,ТЗ Гагарина,Тепловое оборудование,01.01.2025,1,04.09.2023,9,16 685,9,106,,0,,0,,0,,,-157,-157,-157,-157,-157,-157,-157,-157,-157,-157,-157,-157,94,14 796,0,16 528,16 370,16 213,16 055,15 898,15 741,15 583,15 426,15 268,15 111,14 954,14 796,,
12,Рисоварка Харукан IR1944 5.6 л,,"3,00",5 667,Технический директор,Склад Гагарина,Тепловое оборудование,01.01.2025,1,18.01.2023,1,17 001,3,34,,0,,0,,0,,,-500,-500,-500,-500,-500,-500,-500,-500,-500,-500,-500,-500,22,11 001,0,16 501,16 001,15 501,15 001,14 501,14 001,13 501,13 001,12 501,12 001,11 501,11 001,,
13,рисоварка Россо ERC-10L,,"1,00",2 833,Технический директор,Склад Гагарина,Тепловое оборудование,01.01.2025,1,14.09.2023,9,2 833,3,34,,0,,0,,0,,,-83,-83,-83,-83,-83,-83,-83,-83,-83,-83,-83,-83,22,1 833,0,2 750,2 666,2 583,2 500,2 416,2 333,2 250,2 166,2 083,2 000,1 916,1 833,,
14,Термос для риса Indokor IR-1120,,"1,00",9 500,Технический директор,ТЗ Гагарина,Тепловое оборудование,01.01.2025,1,01.03.2021,3,9 500,5,57,,0,,0,,0,,,-167,-167,-167,-167,-167,-167,-167,-167,-167,-167,-167,-167,45,7 500,0,9 333,9 167,9 000,8 833,8 667,8 500,8 333,8 167,8 000,7 833,7 667,7 500,,
15,весы MER 326afulcd,,"1,00",1 125,Технический директор,ТЗ Гагарина,Вспомогательное оборудование,01.01.2025,1,01.02.2021,2,1 125,1,9,,0,,0,,0,,,-125,-125,-125,-125,-125,-125,-125,-125,-125,0,0,0,0,0,0,1 000,875,750,625,500,375,250,125,0,0,0,0,,
16,весы форт-т 769,,"1,00",1 125,Технический директор,ТЗ Гагарина,Вспомогательное оборудование,01.01.2025,1,01.02.2021,2,1 125,1,9,,0,,0,,0,,,-125,-125,-125,-125,-125,-125,-125,-125,-125,0,0,0,0,0,0,1 000,875,750,625,500,375,250,125,0,0,0,0,,
17,Контактный гриль Airhot CGL (хорошоее состояние),,"1,00",9 500,Технический директор,ТЗ Гагарина,Тепловое оборудование,01.01.2025,1,21.12.2020,12,9 500,5,57,,0,,0,,0,,,-167,-167,-167,-167,-167,-167,-167,-167,-167,-167,-167,-167,45,7 500,0,9 333,9 167,9 000,8 833,8 667,8 500,8 333,8 167,8 000,7 833,7 667,7 500,,
18,Контактный гриль Airhot CGL (плохое состояние),,"2,00",4 375,Технический директор,Склад Гагарина,Тепловое оборудование,01.01.2025,1,10.03.2020,3,8 750,2,21,,0,,0,,0,,,-417,-417,-417,-417,-417,-417,-417,-417,-417,-417,-417,-417,9,3 750,0,8 333,7 917,7 500,7 083,6 667,6 250,5 833,5 417,5 000,4 583,4 167,3 750,,
19,Стол разделочный с бортом 100х60 см,,"2,00",7 800,Технический директор,ТЗ Гагарина,Вспомогательное оборудование,01.01.2025,1,10.03.2020,3,15 600,10,117,,0,,0,,0,,,-133,-133,-133,-133,-133,-133,-133,-133,-133,-133,-133,-133,105,14 000,0,15 467,15 333,15 200,15 067,14 933,14 800,14 667,14 533,14 400,14 267,14 133,14 000,,
20,Стол холодильный для пиццы Hicold PZ2-1122GN,,"1,00",105 417,Технический директор,ТЗ Гагарина,Холодильное/морозильное оборудование,01.01.2025,1,21.12.2020,12,105 417,6,69,,0,,0,,0,,,-1 528,-1 528,-1 528,-1 528,-1 528,-1 528,-1 528,-1 528,-1 528,-1 528,-1 528,-1 528,57,87 084,0,103 889,102 361,100 834,99 306,97 778,96 250,94 723,93 195,91 667,90 139,88 611,87 084,,
21,Стол разделочный с бортом 150х60 см,,"1,00",17 550,Технический директор,ТЗ Гагарина,Вспомогательное оборудование,01.01.2025,1,10.03.2020,3,17 550,10,117,,0,,0,,0,,,-150,-150,-150,-150,-150,-150,-150,-150,-150,-150,-150,-150,105,15 750,0,17 400,17 250,17 100,16 950,16 800,16 650,16 500,16 350,16 200,16 050,15 900,15 750,,
22,Пицца печь IT PIZZA ML44,,"1,00",95 000,Технический директор,ТЗ Гагарина,Тепловое оборудование,01.01.2025,1,10.03.2020,3,95 000,5,57,,0,,0,,0,,,-1 667,-1 667,-1 667,-1 667,-1 667,-1 667,-1 667,-1 667,-1 667,-1 667,-1 667,-1 667,45,75 000,0,93 333,91 667,90 000,88 333,86 667,85 000,83 333,81 667,80 000,78 333,76 667,75 000,,
23,Стол для салатов HICOLD SLE2-11GN,,"2,00",47 500,Технический директор,ТЗ Гагарина,Холодильное/морозильное оборудование,01.01.2025,1,21.12.2020,12,95 000,5,57,,0,,0,,0,,,-1 667,-1 667,-1 667,-1 667,-1 667,-1 667,-1 667,-1 667,-1 667,-1 667,-1 667,-1 667,45,75 000,0,93 333,91 667,90 000,88 333,86 667,85 000,83 333,81 667,80 000,78 333,76 667,75 000,,
24,Стол для салатов HICOLD SLE2-111SN,,"1,00",61 750,Технический директор,ТЗ Гагарина,Холодильное/морозильное оборудование,01.01.2025,1,20.08.2020,8,61 750,5,57,,0,,0,,0,,,-1 083,-1 083,-1 083,-1 083,-1 083,-1 083,-1 083,-1 083,-1 083,-1 083,-1 083,-1 083,45,48 750,0,60 667,59 583,58 500,57 417,56 333,55 250,54 167,53 083,52 000,50 917,49 833,48 750,,
25,Мангал профессиональный,,"1,00",39 231,Технический директор,Склад (гараж),Тепловое оборудование,01.01.2025,1,21.12.2020,12,39 231,13,153,,0,,0,,0,,,-256,-256,-256,-256,-256,-256,-256,-256,-256,-256,-256,-256,141,36 154,0,38 975,38 718,38 462,38 205,37 949,37 693,37 436,37 180,36 923,36 667,36 410,36 154,,
26,Стол разделочный с бортом 120х60 см,,"3,00",13 650,Технический директор,ТЗ Гагарина,Вспомогательное оборудование,01.01.2025,1,12.05.2020,5,40 950,10,117,,0,,0,,0,,,-350,-350,-350,-350,-350,-350,-350,-350,-350,-350,-350,-350,105,36 750,0,40 600,40 250,39 900,39 550,39 200,38 850,38 500,38 150,37 800,37 450,37 100,36 750,,
27,Стелаж 260х79х49,,"1,00",8 775,Технический директор,Склад Гагарина,Вспомогательное оборудование,01.01.2025,1,21.12.2020,12,8 775,10,117,,0,,0,,0,,,-75,-75,-75,-75,-75,-75,-75,-75,-75,-75,-75,-75,105,7 875,0,8 700,8 625,8 550,8 475,8 400,8 325,8 250,8 175,8 100,8 025,7 950,7 875,,
28,Вытяжной зонт 123х50,,"1,00",4 904,Технический директор,ТЗ Гагарина,Вспомогательное оборудование,01.01.2025,1,21.12.2020,12,4 904,13,153,,0,,0,,0,,,-32,-32,-32,-32,-32,-32,-32,-32,-32,-32,-32,-32,141,4 519,0,4 872,4 840,4 808,4 776,4 744,4 712,4 680,4 648,4 616,4 583,4 551,4 519,,
29,Вытяжной зонт 150х60,,"1,00",8 827,Технический директор,ТЗ Гагарина,Вспомогательное оборудование,01.01.2025,1,21.12.2020,12,8 827,13,153,,0,,0,,0,,,-58,-58,-58,-58,-58,-58,-58,-58,-58,-58,-58,-58,141,8 135,0,8 769,8 712,8 654,8 596,8 539,8 481,8 423,8 365,8 308,8 250,8 192,8 135,,
30,Вентилятор радиальный BP8075 с асинхронным двигатилем 1Ф IP 55,,"1,00",23 438,Технический директор,ТЗ Гагарина,Вспомогательное оборудование,01.01.2025,1,21.12.2020,12,23 438,4,45,,0,,0,,0,,,-521,-521,-521,-521,-521,-521,-521,-521,-521,-521,-521,-521,33,17 188,0,22 917,22 396,21 875,21 355,20 834,20 313,19 792,19 271,18 750,18 230,17 709,17 188,,
31,Мойка 2 секция,,"2,00",9 722,Технический директор,ТЗ Гагарина,Вспомогательное оборудование,01.01.2025,1,21.12.2020,12,19 444,9,105,,0,,0,,0,,,-185,-185,-185,-185,-185,-185,-185,-185,-185,-185,-185,-185,93,17 222,0,19 259,19 074,18 888,18 703,18 518,18 333,18 148,17 963,17 777,17 592,17 407,17 222,,
32,Овощерезка Airhot VC- 300,,"1,00",39 048,Технический директор,ТЗ Гагарина,Электромеханическое оборудование,01.01.2025,1,19.01.2023,1,39 048,7,82,,0,,0,,0,,,-476,-476,-476,-476,-476,-476,-476,-476,-476,-476,-476,-476,70,33 334,0,38 572,38 096,37 619,37 143,36 667,36 191,35 715,35 238,34 762,34 286,33 810,33 334,,
33,Морозильная ларь Бирюса 200VK,,"1,00",10 450,Технический директор,ТЗ Гагарина,Холодильное/морозильное оборудование,01.01.2025,1,10.03.2020,3,10 450,5,57,,0,,0,,0,,,-183,-183,-183,-183,-183,-183,-183,-183,-183,-183,-183,-183,45,8 250,0,10 267,10 083,9 900,9 717,9 533,9 350,9 167,8 983,8 800,8 617,8 433,8 250,,
34,Морозильный ларь Pozis FH-250-1,,"1,00",24 107,Технический директор,ТЗ Гагарина,Холодильное/морозильное оборудование,01.01.2025,1,10.03.2020,3,24 107,7,81,,0,,0,,0,,,-298,-298,-298,-298,-298,-298,-298,-298,-298,-298,-298,-298,69,20 536,0,23 809,23 512,23 214,22 917,22 619,22 321,22 024,21 726,21 428,21 131,20 833,20 536,,
35,Морозильная ларь Frostor F500S 135х78х62,,"2,00",30 857,Технический директор,Склад Гагарина,Холодильное/морозильное оборудование,01.01.2025,1,21.12.2020,12,61 714,7,81,,0,,0,,0,,,-762,-762,-762,-762,-762,-762,-762,-762,-762,-762,-762,-762,69,52 571,0,60 952,60 190,59 428,58 666,57 904,57 143,56 381,55 619,54 857,54 095,53 333,52 571,,
36,Стелаж 220х106х60,,"3,00",8 775,Технический директор,Склад Гагарина,Вспомогательное оборудование,01.01.2025,1,21.12.2020,12,26 325,10,117,,0,,0,,0,,,-225,-225,-225,-225,-225,-225,-225,-225,-225,-225,-225,-225,105,23 625,0,26 100,25 875,25 650,25 425,25 200,24 975,24 750,24 525,24 300,24 075,23 850,23 625,,
37,Зонт вытяжной CK00 Новый,,"1,00",24 679,Технический директор,ТЗ Гагарина,Вспомогательное оборудование,01.01.2025,1,24.10.2023,10,24 679,13,154,,0,,0,,0,,,-160,-160,-160,-160,-160,-160,-160,-160,-160,-160,-160,-160,142,22 756,0,24 519,24 358,24 198,24 038,23 878,23 717,23 557,23 397,23 237,23 076,22 916,22 756,,
38,Сплит система Берлингтон BR-18CST1/IN,,"1,00",39 048,Технический директор,ТЗ Гагарина,Системы кондиционирования,01.01.2025,1,08.05.2023,5,39 048,7,82,,0,,0,,0,,,-476,-476,-476,-476,-476,-476,-476,-476,-476,-476,-476,-476,70,33 334,0,38 572,38 096,37 619,37 143,36 667,36 191,35 715,35 238,34 762,34 286,33 810,33 334,,
39,Кастрюля 10л,,"2,00",4 750,Технический директор,ТЗ Гагарина,Вспомогательное оборудование,01.01.2025,1,21.12.2020,12,9 500,5,57,,0,,0,,0,,,-167,-167,-167,-167,-167,-167,-167,-167,-167,-167,-167,-167,45,7 500,0,9 333,9 167,9 000,8 833,8 667,8 500,8 333,8 167,8 000,7 833,7 667,7 500,,
40,Плита индукционная Airhot IP3500 (Лениградская),,"1,00",0,Технический директор,ТЗ Гагарина,Тепловое оборудование,01.01.2025,1,16.03.2020,3,0,4,,,0,,0,,0,,,,,,,,,,,,,,,,,,,,,,,,,,,,,,,
41,Плита индукционная Airhot IP3500 (Гагарина),,"1,00",7 500,Технический директор,ТЗ Гагарина,Тепловое оборудование,01.01.2025,1,21.12.2020,12,7 500,4,45,,0,,0,,0,,,-167,-167,-167,-167,-167,-167,-167,-167,-167,-167,-167,-167,33,5 500,0,7 333,7 167,7 000,6 833,6 667,6 500,6 333,6 167,6 000,5 833,5 667,5 500,,
42,Холодильный шкаф Polair CN105S (Не работает),,"1,00",10 000,Технический директор,Склад Гагарина,Холодильное/морозильное оборудование,01.01.2025,1,10.03.2020,3,10 000,,0,,0,,0,,0,,,0,0,0,0,0,0,0,0,0,0,0,0,0,10 000,0,10 000,10 000,10 000,10 000,10 000,10 000,10 000,10 000,10 000,10 000,10 000,10 000,,
43,ПОС терминал Атол Оптима,,"1,00",13 750,Технический директор,ТЗ Гагарина,Оборудование торговых залов,01.01.2025,1,05.03.2022,3,13 750,3,33,,0,,0,,0,,,-417,-417,-417,-417,-417,-417,-417,-417,-417,-417,-417,-417,21,8 750,0,13 333,12 917,12 500,12 083,11 667,11 250,10 833,10 417,10 000,9 583,9 167,8 750,,
44,IP телефон Gigaset C530A с базой,,"1,00",8 438,Технический директор,ТЗ Гагарина,Оборудование торговых залов,01.01.2025,1,21.12.2020,12,8 438,4,45,,0,,0,,0,,,-188,-188,-188,-188,-188,-188,-188,-188,-188,-188,-188,-188,33,6 188,0,8 250,8 063,7 875,7 688,7 500,7 313,7 125,6 938,6 750,6 563,6 375,6 188,,
45,Телефон Samsung Galaxy A7,,"1,00",1 750,Технический директор,ТЗ Гагарина,Оборудование торговых залов,01.01.2025,1,21.12.2020,12,1 750,2,21,,0,,0,,0,,,-83,-83,-83,-83,-83,-83,-83,-83,-83,-83,-83,-83,9,750,0,1 667,1 583,1 500,1 417,1 333,1 250,1 167,1 083,1 000,917,833,750,,
46,ФН 36 мес,,"1,00",0,Технический директор,ТЗ Гагарина,Кассовое оборудование,01.01.2025,1,21.12.2020,12,0,,0,,0,,0,,0,,,0,0,0,0,0,0,0,0,0,0,0,0,0,0,0,0,0,0,0,0,0,0,0,0,0,0,0,,
47,ФР Атол 25Ф,,"1,00",41 125,Технический директор,ТЗ Гагарина,Кассовое оборудование,01.01.2025,1,21.12.2020,12,41 125,12,141,,0,,0,,0,,,-292,-292,-292,-292,-292,-292,-292,-292,-292,-292,-292,-292,129,37 625,0,40 833,40 542,40 250,39 958,39 667,39 375,39 083,38 792,38 500,38 208,37 917,37 625,,
48,Денежный ящик Форт,,"1,00",2 438,Технический директор,ТЗ Гагарина,Кассовое оборудование,01.01.2025,1,21.12.2020,12,2 438,10,117,,0,,0,,0,,,-21,-21,-21,-21,-21,-21,-21,-21,-21,-21,-21,-21,105,2 188,0,2 417,2 396,2 375,2 355,2 334,2 313,2 292,2 271,2 250,2 230,2 209,2 188,,
49,Принтер для чеков Atol RP-326-USE,,"2,00",4 875,Технический директор,ТЗ Гагарина,Кассовое оборудование,01.01.2025,1,21.12.2020,12,9 750,10,117,,0,,0,,0,,,-83,-83,-83,-83,-83,-83,-83,-83,-83,-83,-83,-83,105,8 750,0,9 667,9 583,9 500,9 417,9 333,9 250,9 167,9 083,9 000,8 917,8 833,8 750,,
50,Портативная колонка SVEN PS-250BL,,"1,00",0,Технический директор,ТЗ Гагарина,Оборудование торговых залов,01.01.2025,1,14.09.2022,9,0,,0,,0,,0,,0,,,0,0,0,0,0,0,0,0,0,0,0,0,0,0,0,0,0,0,0,0,0,0,0,0,0,0,0,,
51,Стол для зала ,,"1,00",6 825,Технический директор,ТЗ Гагарина,Мебель и предметы интерьера,01.01.2025,1,21.12.2020,12,6 825,10,117,,0,,0,,0,,,-58,-58,-58,-58,-58,-58,-58,-58,-58,-58,-58,-58,105,6 125,0,6 767,6 708,6 650,6 592,6 533,6 475,6 417,6 358,6 300,6 242,6 183,6 125,,
52,Стол для зала ,,"1,00",6 825,Технический директор,Склад (гараж),Мебель и предметы интерьера,01.01.2025,1,22.12.2020,12,6 825,10,117,,0,,0,,0,,,-58,-58,-58,-58,-58,-58,-58,-58,-58,-58,-58,-58,105,6 125,0,6 767,6 708,6 650,6 592,6 533,6 475,6 417,6 358,6 300,6 242,6 183,6 125,,
53,Барная стойка с пристройкой,,"1,00",19 250,Технический директор,ТЗ Гагарина,Мебель и предметы интерьера,01.01.2025,1,21.12.2020,12,19 250,2,21,,0,,0,,0,,,-917,-917,-917,-917,-917,-917,-917,-917,-917,-917,-917,-917,9,8 250,0,18 333,17 417,16 500,15 583,14 667,13 750,12 833,11 917,11 000,10 083,9 167,8 250,,
54,Стойка для сумок,,"1,00",4 875,Технический директор,ТЗ Гагарина,Мебель и предметы интерьера,01.01.2025,1,21.12.2020,12,4 875,10,117,,0,,0,,0,,,-42,-42,-42,-42,-42,-42,-42,-42,-42,-42,-42,-42,105,4 375,0,4 833,4 792,4 750,4 708,4 667,4 625,4 583,4 542,4 500,4 458,4 417,4 375,,
55,Стулья барные металические ,,"3,00",2 925,Технический директор,ТЗ Гагарина,Мебель и предметы интерьера,01.01.2025,1,21.12.2020,12,8 775,10,117,,0,,0,,0,,,-75,-75,-75,-75,-75,-75,-75,-75,-75,-75,-75,-75,105,7 875,0,8 700,8 625,8 550,8 475,8 400,8 325,8 250,8 175,8 100,8 025,7 950,7 875,,
56,Стулья барные металические ,,"7,00",2 925,Технический директор,Склад (гараж),Мебель и предметы интерьера,01.01.2025,1,22.12.2020,12,20 475,10,117,,0,,0,,0,,,-175,-175,-175,-175,-175,-175,-175,-175,-175,-175,-175,-175,105,18 375,0,20 300,20 125,19 950,19 775,19 600,19 425,19 250,19 075,18 900,18 725,18 550,18 375,,
57,Рисоварка Индакор IR-1954,,"2,00",8 250,Технический директор,Ф-л Черникова,Тепловое оборудование,01.01.2025,1,08.05.2023,5,16 500,2,22,,0,,0,,0,,,-750,-750,-750,-750,-750,-750,-750,-750,-750,-750,-750,-750,10,7 500,0,15 750,15 000,14 250,13 500,12 750,12 000,11 250,10 500,9 750,9 000,8 250,7 500,,
58,Кондиционер Balu BSW/in-12HN1_23Y,,"1,00","31 000,00 ₽",Технический директор,Ф-л Черникова,Системы кондиционирования,01.01.2025,1,18.07.2022,7,31 000,8,93,,0,,0,,0,,,-333,-333,-333,-333,-333,-333,-333,-333,-333,-333,-333,-333,81,27 000,0,30 667,30 333,30 000,29 667,29 333,29 000,28 667,28 333,28 000,27 667,27 333,27 000,,
59,ПОС терминал SAM4S SPT-S260,,"1,00","50 792,00 ₽",Технический директор,Ф-л Черникова,Оборудование торговых залов,01.01.2025,1,08.05.2023,5,50 792,4,46,,0,,0,,0,,,-1 104,-1 104,-1 104,-1 104,-1 104,-1 104,-1 104,-1 104,-1 104,-1 104,-1 104,-1 104,34,37 542,0,49 688,48 584,47 479,46 375,45 271,44 167,43 063,41 959,40 854,39 750,38 646,37 542,,
60,ФН 36 мес,,"1,00","0,00 ₽",Технический директор,Ф-л Черникова,Кассовое оборудование,01.01.2025,1,08.05.2023,5,0,3,36,,0,,0,,0,,,0,0,0,0,0,0,0,0,0,0,0,0,36,0,0,0,0,0,0,0,0,0,0,0,0,0,0,,
61,ФР Атол 25Ф,,"1,00","41 125,00 ₽",Технический директор,Ф-л Черникова,Кассовое оборудование,01.01.2025,1,20.08.2020,8,41 125,12,141,,0,,0,,0,,,-292,-292,-292,-292,-292,-292,-292,-292,-292,-292,-292,-292,129,37 625,0,40 833,40 542,40 250,39 958,39 667,39 375,39 083,38 792,38 500,38 208,37 917,37 625,,
62,Денежный ящик Форт,,"1,00","2 458,00 ₽",Технический директор,Ф-л Черникова,Кассовое оборудование,01.01.2025,1,08.05.2023,5,2 458,10,118,,0,,0,,0,,,-21,-21,-21,-21,-21,-21,-21,-21,-21,-21,-21,-21,106,2 208,0,2 437,2 416,2 396,2 375,2 354,2 333,2 312,2 291,2 271,2 250,2 229,2 208,,
63,IP телефон Gigaset C530A с базой,,"1,00","10 694,00 ₽",Технический директор,Ф-л Черникова,Оборудование торговых залов,01.01.2025,1,08.05.2023,5,10 694,6,70,,0,,0,,0,,,-153,-153,-153,-153,-153,-153,-153,-153,-153,-153,-153,-153,58,8 861,0,10 541,10 388,10 236,10 083,9 930,9 777,9 625,9 472,9 319,9 166,9 014,8 861,,
64,Внутренняя вывеска,,"1,00","19 524,00 ₽",Технический директор,Ф-л Черникова,Оборудование торговых залов,01.01.2025,1,09.06.2023,6,19 524,7,82,,0,,0,,0,,,-238,-238,-238,-238,-238,-238,-238,-238,-238,-238,-238,-238,70,16 667,0,19 286,19 048,18 810,18 572,18 334,18 095,17 857,17 619,17 381,17 143,16 905,16 667,,
65,Внешняя вывеска,,"1,00","47 979,00 ₽",Технический директор,Ф-л Черникова,Оборудование торговых залов,01.01.2025,1,08.05.2023,5,47 979,8,94,,0,,0,,0,,,-510,-510,-510,-510,-510,-510,-510,-510,-510,-510,-510,-510,82,41 854,0,47 469,46 958,46 448,45 937,45 427,44 917,44 406,43 896,43 385,42 875,42 364,41 854,,
66,Мобильный телефон Redmi,,"1,00","9 583,00 ₽",Технический директор,Ф-л Черникова,Оборудование торговых залов,01.01.2025,1,08.05.2023,5,9 583,4,46,,0,,0,,0,,,-208,-208,-208,-208,-208,-208,-208,-208,-208,-208,-208,-208,34,7 083,0,9 375,9 166,8 958,8 750,8 541,8 333,8 125,7 916,7 708,7 500,7 291,7 083,,
67,Термосумки Бренд,,"7,00","4 583,00 ₽",Технический директор,Ф-л Черникова,Оборудование торговых залов,01.01.2025,1,24.04.2023,4,32 081,2,22,,0,,0,,0,,,-1 458,-1 458,-1 458,-1 458,-1 458,-1 458,-1 458,-1 458,-1 458,-1 458,-1 458,-1 458,10,14 582,0,30 623,29 165,27 706,26 248,24 790,23 332,21 873,20 415,18 957,17 499,16 041,14 582,,
68,Термосумки Черные,,"2,00","959,00 ₽",Технический директор,Ф-л Черникова,Оборудование торговых залов,01.01.2025,1,01.03.2021,3,1 918,6,69,,0,,0,,0,,,-28,-28,-28,-28,-28,-28,-28,-28,-28,-28,-28,-28,57,1 584,0,1 890,1 862,1 835,1 807,1 779,1 751,1 723,1 696,1 668,1 640,1 612,1 584,,
69,Саунд бар Hyunday c сабуфером,,"1,00","11 333,00 ₽",Технический директор,Ф-л Черникова,Оборудование торговых залов,01.01.2025,1,08.05.2023,5,11 333,3,34,,0,,0,,0,,,-333,-333,-333,-333,-333,-333,-333,-333,-333,-333,-333,-333,22,7 333,0,11 000,10 666,10 333,10 000,9 666,9 333,9 000,8 666,8 333,8 000,7 666,7 333,,
70,Стойка бара,,"1,00","49 167,00 ₽",Технический директор,Ф-л Черникова,Мебель и предметы интерьера,01.01.2025,1,08.05.2023,5,49 167,10,118,,0,,0,,0,,,-417,-417,-417,-417,-417,-417,-417,-417,-417,-417,-417,-417,106,44 167,0,48 750,48 334,47 917,47 500,47 084,46 667,46 250,45 834,45 417,45 000,44 584,44 167,,
71,Стол для зала,,"1,00","6 825,00 ₽",Технический директор,Ф-л Черникова,Мебель и предметы интерьера,01.01.2025,1,21.12.2020,12,6 825,10,117,,0,,0,,0,,,-58,-58,-58,-58,-58,-58,-58,-58,-58,-58,-58,-58,105,6 125,0,6 767,6 708,6 650,6 592,6 533,6 475,6 417,6 358,6 300,6 242,6 183,6 125,,
72,Стулья барные металические,,"6,00","2 925,00 ₽",Технический директор,Ф-л Черникова,Мебель и предметы интерьера,01.01.2025,1,21.12.2020,12,17 550,10,117,,0,,0,,0,,,-150,-150,-150,-150,-150,-150,-150,-150,-150,-150,-150,-150,105,15 750,0,17 400,17 250,17 100,16 950,16 800,16 650,16 500,16 350,16 200,16 050,15 900,15 750,,
73,Стойка под сумки,,"1,00","6 883,00 ₽",Технический директор,Ф-л Черникова,Мебель и предметы интерьера,01.01.2025,1,08.05.2023,5,6 883,10,118,,0,,0,,0,,,-58,-58,-58,-58,-58,-58,-58,-58,-58,-58,-58,-58,106,6 183,0,6 825,6 766,6 708,6 650,6 591,6 533,6 475,6 416,6 358,6 300,6 241,6 183,,
74,стойка упаковки,,"1,00","11 800,00 ₽",Технический директор,Ф-л Черникова,Мебель и предметы интерьера,01.01.2025,1,08.05.2023,5,11 800,10,118,,0,,0,,0,,,-100,-100,-100,-100,-100,-100,-100,-100,-100,-100,-100,-100,106,10 600,0,11 700,11 600,11 500,11 400,11 300,11 200,11 100,11 000,10 900,10 800,10 700,10 600,,
75,Шкаф под термосумки,,"1,00","11 800,00 ₽",Технический директор,Ф-л Черникова,Мебель и предметы интерьера,01.01.2025,1,08.05.2023,5,11 800,10,118,,0,,0,,0,,,-100,-100,-100,-100,-100,-100,-100,-100,-100,-100,-100,-100,106,10 600,0,11 700,11 600,11 500,11 400,11 300,11 200,11 100,11 000,10 900,10 800,10 700,10 600,,
76,Шкаф для склада,,"1,00","11 800,00 ₽",Технический директор,Ф-л Черникова,Мебель и предметы интерьера,01.01.2025,1,08.05.2023,5,11 800,10,118,,0,,0,,0,,,-100,-100,-100,-100,-100,-100,-100,-100,-100,-100,-100,-100,106,10 600,0,11 700,11 600,11 500,11 400,11 300,11 200,11 100,11 000,10 900,10 800,10 700,10 600,,
77,Мойка 2 секция,,"2,00","9 815,00 ₽",Технический директор,Ф-л Черникова,Вспомогательное оборудование,01.01.2025,1,08.05.2023,5,19 630,9,106,,0,,0,,0,,,-185,-185,-185,-185,-185,-185,-185,-185,-185,-185,-185,-185,94,17 408,0,19 445,19 260,19 074,18 889,18 704,18 519,18 334,18 148,17 963,17 778,17 593,17 408,,
78,Мойка 1 секция,,"1,00","4 907,00 ₽",Технический директор,Ф-л Черникова,Вспомогательное оборудование,01.01.2025,1,08.05.2023,5,4 907,9,106,,0,,0,,0,,,-46,-46,-46,-46,-46,-46,-46,-46,-46,-46,-46,-46,94,4 351,0,4 861,4 814,4 768,4 722,4 676,4 629,4 583,4 537,4 490,4 444,4 398,4 351,,
79,Стол разделочный с бортом 120х60 см,,"3,00","13 767,00 ₽",Технический директор,Ф-л Черникова,Вспомогательное оборудование,01.01.2025,1,08.05.2023,5,41 301,10,118,,0,,0,,0,,,-350,-350,-350,-350,-350,-350,-350,-350,-350,-350,-350,-350,106,37 101,0,40 951,40 601,40 251,39 901,39 551,39 201,38 851,38 501,38 151,37 801,37 451,37 101,,
80,Стол разделочный с бортом 150х60 см,,"6,00","17 700,00 ₽",Технический директор,Ф-л Черникова,Вспомогательное оборудование,01.01.2025,1,08.05.2023,5,106 200,10,118,,0,,0,,0,,,-900,-900,-900,-900,-900,-900,-900,-900,-900,-900,-900,-900,106,95 400,0,105 300,104 400,103 500,102 600,101 700,100 800,99 900,99 000,98 100,97 200,96 300,95 400,,
81,Стол разделочный с бортом 180х60 см,,"1,00","29 500,00 ₽",Технический директор,Ф-л Черникова,Вспомогательное оборудование,01.01.2025,1,08.05.2023,5,29 500,10,118,,0,,0,,0,,,-250,-250,-250,-250,-250,-250,-250,-250,-250,-250,-250,-250,106,26 500,0,29 250,29 000,28 750,28 500,28 250,28 000,27 750,27 500,27 250,27 000,26 750,26 500,,
82,Стол разделочный с бортом 100х60 см,,"1,00","7 867,00 ₽",Технический директор,Ф-л Черникова,Вспомогательное оборудование,01.01.2025,1,08.05.2023,5,7 867,10,118,,0,,0,,0,,,-67,-67,-67,-67,-67,-67,-67,-67,-67,-67,-67,-67,106,7 067,0,7 800,7 734,7 667,7 600,7 534,7 467,7 400,7 334,7 267,7 200,7 134,7 067,,
83,Стол холодильный Polair TN3GN-G с бортом,,"2,00","77 334,00 ₽",Технический директор,Ф-л Черникова,Холодильное/морозильное оборудование,01.01.2025,1,08.05.2023,5,154 668,5,58,,0,,0,,0,,,-2 667,-2 667,-2 667,-2 667,-2 667,-2 667,-2 667,-2 667,-2 667,-2 667,-2 667,-2 667,46,122 668,0,152 001,149 335,146 668,144 001,141 335,138 668,136 001,133 334,130 668,128 001,125 334,122 668,,
84,Стол холодильный Polair TM2G-G с бортом,,"2,00","65 734,00 ₽",Технический директор,Ф-л Черникова,Холодильное/морозильное оборудование,01.01.2025,1,08.05.2023,5,131 468,5,58,,0,,0,,0,,,-2 267,-2 267,-2 267,-2 267,-2 267,-2 267,-2 267,-2 267,-2 267,-2 267,-2 267,-2 267,46,104 268,0,129 201,126 935,124 668,122 401,120 135,117 868,115 601,113 334,111 068,108 801,106 534,104 268,,
85,Саладетта Polair VT2-G,,"2,00","29 000,00 ₽",Технический директор,Ф-л Черникова,Холодильное/морозильное оборудование,01.01.2025,1,08.05.2023,5,58 000,5,58,,0,,0,,0,,,-1 000,-1 000,-1 000,-1 000,-1 000,-1 000,-1 000,-1 000,-1 000,-1 000,-1 000,-1 000,46,46 000,0,57 000,56 000,55 000,54 000,53 000,52 000,51 000,50 000,49 000,48 000,47 000,46 000,,
86,Саладетта Polair VT3-G,,"2,00","33 834,00 ₽",Технический директор,Ф-л Черникова,Холодильное/морозильное оборудование,01.01.2025,1,08.05.2023,5,67 668,5,58,,0,,0,,0,,,-1 167,-1 167,-1 167,-1 167,-1 167,-1 167,-1 167,-1 167,-1 167,-1 167,-1 167,-1 167,46,53 668,0,66 501,65 335,64 168,63 001,61 835,60 668,59 501,58 334,57 168,56 001,54 834,53 668,,
87,"Шкаф холодильный ШХФ-1,4 POLAIR (возможно CM114-S)",,"1,00","76 667,00 ₽",Технический директор,Ф-л Черникова,Холодильное/морозильное оборудование,01.01.2025,1,08.05.2023,5,76 667,4,46,,0,,0,,0,,,-1 667,-1 667,-1 667,-1 667,-1 667,-1 667,-1 667,-1 667,-1 667,-1 667,-1 667,-1 667,34,56 667,0,75 000,73 334,71 667,70 000,68 334,66 667,65 000,63 334,61 667,60 000,58 334,56 667,,
88,Холодильник Polair CM 105-S,,"1,00","43 750,00 ₽",Технический директор,Ф-л Черникова,Холодильное/морозильное оборудование,01.01.2025,1,08.05.2023,5,43 750,6,70,,0,,0,,0,,,-625,-625,-625,-625,-625,-625,-625,-625,-625,-625,-625,-625,58,36 250,0,43 125,42 500,41 875,41 250,40 625,40 000,39 375,38 750,38 125,37 500,36 875,36 250,,
89,Холодильник Polair CM 107-S,,"1,00","61 250,00 ₽",Технический директор,Ф-л Черникова,Холодильное/морозильное оборудование,01.01.2025,1,08.05.2023,5,61 250,6,70,,0,,0,,0,,,-875,-875,-875,-875,-875,-875,-875,-875,-875,-875,-875,-875,58,50 750,0,60 375,59 500,58 625,57 750,56 875,56 000,55 125,54 250,53 375,52 500,51 625,50 750,,
90,Стол для пиццы Cooleq PZ2610TN-VRX380,,"1,00","195 833,00 ₽",Технический директор,Ф-л Черникова,Холодильное/морозильное оборудование,01.01.2025,1,08.05.2023,5,195 833,8,94,,0,,0,,0,,,-2 083,-2 083,-2 083,-2 083,-2 083,-2 083,-2 083,-2 083,-2 083,-2 083,-2 083,-2 083,82,170 833,0,193 750,191 666,189 583,187 500,185 416,183 333,181 250,179 166,177 083,175 000,172 916,170 833,,
91,Гриль саламандра AIRHOT SGE-938,,"1,00","11 600,00 ₽",Технический директор,Ф-л Черникова,Тепловое оборудование,01.01.2025,1,08.05.2023,5,11 600,5,58,,0,,0,,0,,,-200,-200,-200,-200,-200,-200,-200,-200,-200,-200,-200,-200,46,9 200,0,11 400,11 200,11 000,10 800,10 600,10 400,10 200,10 000,9 800,9 600,9 400,9 200,,
92,Чебуречница VALEX HEF-83B,,"1,00","10 542,00 ₽",Технический директор,Ф-л Черникова,Тепловое оборудование,01.01.2025,1,08.05.2023,5,10 542,4,46,,0,,0,,0,,,-229,-229,-229,-229,-229,-229,-229,-229,-229,-229,-229,-229,34,7 792,0,10 313,10 084,9 854,9 625,9 396,9 167,8 938,8 709,8 479,8 250,8 021,7 792,,
93,Фритюрница Airhot EEF6,,"1,00","3 833,00 ₽",Технический директор,Ф-л Черникова,Тепловое оборудование,01.01.2025,1,08.05.2023,5,3 833,4,46,,0,,0,,0,,,-83,-83,-83,-83,-83,-83,-83,-83,-83,-83,-83,-83,34,2 833,0,3 750,3 666,3 583,3 500,3 416,3 333,3 250,3 166,3 083,3 000,2 916,2 833,,
94,Поверхность жарочная Airhot GE-730/FG,,"1,00","8 679,00 ₽",Технический директор,ТЗ Гагарина,Тепловое оборудование,01.01.2025,1,21.12.2020,12,8 679,7,81,,0,,0,,0,,,-107,-107,-107,-107,-107,-107,-107,-107,-107,-107,-107,-107,69,7 393,0,8 572,8 465,8 358,8 250,8 143,8 036,7 929,7 822,7 715,7 608,7 500,7 393,,
95,Тестомес спиральный Gastromix HS20B,,"1,00","58 000,00 ₽",Технический директор,Ф-л Черникова,Вспомогательное оборудование,01.01.2025,1,08.05.2023,5,58 000,5,58,,0,,0,,0,,,-1 000,-1 000,-1 000,-1 000,-1 000,-1 000,-1 000,-1 000,-1 000,-1 000,-1 000,-1 000,46,46 000,0,57 000,56 000,55 000,54 000,53 000,52 000,51 000,50 000,49 000,48 000,47 000,46 000,,
96,Спиральный тестомес Gastromix HS30B,,"1,00","72 500,00 ₽",Технический директор,Ф-л Черникова,Тепловое оборудование,01.01.2025,1,08.05.2023,5,72 500,5,58,,0,,0,,0,,,-1 250,-1 250,-1 250,-1 250,-1 250,-1 250,-1 250,-1 250,-1 250,-1 250,-1 250,-1 250,46,57 500,0,71 250,70 000,68 750,67 500,66 250,65 000,63 750,62 500,61 250,60 000,58 750,57 500,,
97,Микроволновая печь DEXP MS-70,,"1,00","4 722,00 ₽",Технический директор,Ф-л Черникова,Тепловое оборудование,01.01.2025,1,08.05.2023,5,4 722,3,34,,0,,0,,0,,,-139,-139,-139,-139,-139,-139,-139,-139,-139,-139,-139,-139,22,3 055,0,4 583,4 444,4 305,4 166,4 028,3 889,3 750,3 611,3 472,3 333,3 194,3 055,,
98,Ларь морозильный Aucma BD-560,,"3,00","58 571,00 ₽",Технический директор,Ф-л Черникова,Холодильное/морозильное оборудование,01.01.2025,1,08.05.2023,5,175 713,7,82,,0,,0,,0,,,-2 143,-2 143,-2 143,-2 143,-2 143,-2 143,-2 143,-2 143,-2 143,-2 143,-2 143,-2 143,70,149 999,0,173 570,171 427,169 284,167 142,164 999,162 856,160 713,158 570,156 427,154 285,152 142,149 999,,
99,Печь для пиццы ITPIZZA MS44,,"1,00","98 148,00 ₽",Технический директор,Ф-л Черникова,Тепловое оборудование,01.01.2025,1,08.05.2023,5,98 148,9,106,,0,,0,,0,,,-926,-926,-926,-926,-926,-926,-926,-926,-926,-926,-926,-926,94,87 037,0,97 222,96 296,95 370,94 444,93 518,92 592,91 667,90 741,89 815,88 889,87 963,87 037,,
100,Пицце печь IT Pizza ML66,,"0,00","0,00 ₽",Технический директор,Ф-л Черникова,Тепловое оборудование,01.01.2025,1,08.05.2023,5,0,12,0,,0,,0,,0,,,0,0,0,0,0,0,0,0,0,0,0,0,0,0,0,0,0,0,0,0,0,0,0,0,0,0,0,,
101,Термос для риса Hurakan HKN-RT210,,"2,00","11 667,00 ₽",Технический директор,Ф-л Черникова,Тепловое оборудование,01.01.2025,1,08.05.2023,5,23 334,6,70,,0,,0,,0,,,-333,-333,-333,-333,-333,-333,-333,-333,-333,-333,-333,-333,58,19 334,0,23 001,22 667,22 334,22 001,21 667,21 334,21 001,20 667,20 334,20 001,19 667,19 334,,
102,Рисоварка Индакор IR-1954,,"1,00","8 250,00 ₽",Технический директор,Ф-л Черникова,Тепловое оборудование,01.01.2025,1,08.05.2023,5,8 250,2,22,,0,,0,,0,,,-375,-375,-375,-375,-375,-375,-375,-375,-375,-375,-375,-375,10,3 750,0,7 875,7 500,7 125,6 750,6 375,6 000,5 625,5 250,4 875,4 500,4 125,3 750,,
103,Рисоварка Airhot RC-5,,"1,00","6 417,00 ₽",Технический директор,Ф-л Черникова,Тепловое оборудование,01.01.2025,1,08.05.2023,5,6 417,2,22,,0,,0,,0,,,-292,-292,-292,-292,-292,-292,-292,-292,-292,-292,-292,-292,10,2 917,0,6 125,5 834,5 542,5 250,4 959,4 667,4 375,4 084,3 792,3 500,3 209,2 917,,
104,Плита индукционная Airhot IP3500,,"2,00","7 667,00 ₽",Технический директор,Ф-л Черникова,Тепловое оборудование,01.01.2025,1,08.05.2023,5,15 334,4,46,,0,,0,,0,,,-333,-333,-333,-333,-333,-333,-333,-333,-333,-333,-333,-333,34,11 334,0,15 001,14 667,14 334,14 001,13 667,13 334,13 001,12 667,12 334,12 001,11 667,11 334,,
105,Поверхность жарочная Airhot GE-730/FG,,"1,00","0,00 ₽",Технический директор,Ф-л Черникова,Тепловое оборудование,01.01.2025,1,10.03.2020,3,0,3,,,0,,0,,0,,,,,,,,,,,,,,,,,,,,,,,,,,,,,,,
106,Гриль прижимной Airhot CGL,,"1,00","9 722,00 ₽",Технический директор,Ф-л Черникова,Тепловое оборудование,01.01.2025,1,08.05.2023,5,9 722,6,70,,0,,0,,0,,,-139,-139,-139,-139,-139,-139,-139,-139,-139,-139,-139,-139,58,8 055,0,9 583,9 444,9 305,9 166,9 028,8 889,8 750,8 611,8 472,8 333,8 194,8 055,,
107,Весы торговые ФорТ-Т 870 (32.5) LCD,,"1,00","1 375,00 ₽",Технический директор,Ф-л Черникова,Вспомогательное оборудование,01.01.2025,1,08.05.2023,5,1 375,2,22,,0,,0,,0,,,-63,-63,-63,-63,-63,-63,-63,-63,-63,-63,-63,-63,10,625,0,1 313,1 250,1 188,1 125,1 063,1 000,938,875,813,750,688,625,,
108,Весы фиеста,,"1,00","1 375,00 ₽",Технический директор,Ф-л Черникова,Вспомогательное оборудование,01.01.2025,1,08.05.2023,5,1 375,2,22,,0,,0,,0,,,-63,-63,-63,-63,-63,-63,-63,-63,-63,-63,-63,-63,10,625,0,1 313,1 250,1 188,1 125,1 063,1 000,938,875,813,750,688,625,,
109,Весы Кас,,"1,00","1 375,00 ₽",Технический директор,Ф-л Черникова,Вспомогательное оборудование,01.01.2025,1,08.05.2023,5,1 375,2,22,,0,,0,,0,,,-63,-63,-63,-63,-63,-63,-63,-63,-63,-63,-63,-63,10,625,0,1 313,1 250,1 188,1 125,1 063,1 000,938,875,813,750,688,625,,
110,Принтер для чеков Atol RP-326-USE,,"2,00","4 917,00 ₽",Технический директор,Ф-л Черникова,Кассовое оборудование,01.01.2025,1,08.05.2023,5,9 834,10,118,,0,,0,,0,,,-83,-83,-83,-83,-83,-83,-83,-83,-83,-83,-83,-83,106,8 834,0,9 751,9 667,9 584,9 501,9 417,9 334,9 251,9 167,9 084,9 001,8 917,8 834,,
111,Овощерезка Robot-Coupe CL20,,"1,00","88 125,00 ₽",Технический директор,Ф-л Черникова,Электромеханическое оборудование,01.01.2025,1,08.05.2023,5,88 125,8,94,,0,,0,,0,,,-938,-938,-938,-938,-938,-938,-938,-938,-938,-938,-938,-938,82,76 875,0,87 188,86 250,85 313,84 375,83 438,82 500,81 563,80 625,79 688,78 750,77 813,76 875,,
112,Мясорубка Moulin Villa MV-MG-002.,,"1,00","2 417,00 ₽",Технический директор,Ф-л Черникова,Электромеханическое оборудование,01.01.2025,1,08.05.2023,5,2 417,5,58,,0,,0,,0,,,-42,-42,-42,-42,-42,-42,-42,-42,-42,-42,-42,-42,46,1 917,0,2 375,2 334,2 292,2 250,2 209,2 167,2 125,2 084,2 042,2 000,1 959,1 917,,
113,Миксер ручной Vortmax MINIPM 250 V.V. 250W,,"1,00","23 611,00 ₽",Технический директор,Ф-л Черникова,Электромеханическое оборудование,01.01.2025,1,08.05.2023,5,23 611,3,34,,0,,0,,0,,,-694,-694,-694,-694,-694,-694,-694,-694,-694,-694,-694,-694,22,15 278,0,22 917,22 222,21 528,20 833,20 139,19 444,18 750,18 055,17 361,16 667,15 972,15 278,,
114,Погружной блендер Polaris PHB 1380 Silent,,"1,00","1 250,00 ₽",Технический директор,Ф-л Черникова,Электромеханическое оборудование,01.01.2025,1,08.05.2023,5,1 250,1,10,,0,,0,,0,,,-125,-125,-125,-125,-125,-125,-125,-125,-125,-125,0,0,0,0,0,1 125,1 000,875,750,625,500,375,250,125,0,0,0,,
115,Подставка под термос для риса 500x500x600,,"2,00","9 834,00 ₽",Технический директор,Ф-л Черникова,Вспомогательное оборудование,01.01.2025,1,08.05.2023,5,19 668,10,118,,0,,0,,0,,,-167,-167,-167,-167,-167,-167,-167,-167,-167,-167,-167,-167,106,17 668,0,19 501,19 335,19 168,19 001,18 835,18 668,18 501,18 335,18 168,18 001,17 835,17 668,,
116,Подставка под пицце печь,,"2,00","1 967,00 ₽",Технический директор,Ф-л Черникова,Вспомогательное оборудование,01.01.2025,1,08.05.2023,5,3 934,10,118,,0,,0,,0,,,-33,-33,-33,-33,-33,-33,-33,-33,-33,-33,-33,-33,106,3 534,0,3 901,3 867,3 834,3 801,3 767,3 734,3 701,3 667,3 634,3 601,3 567,3 534,,
117,Стелаж 130x30x180,,"1,00","7 867,00 ₽",Технический директор,Ф-л Черникова,Вспомогательное оборудование,01.01.2025,1,08.05.2023,5,7 867,10,118,,0,,0,,0,,,-67,-67,-67,-67,-67,-67,-67,-67,-67,-67,-67,-67,106,7 067,0,7 800,7 734,7 667,7 600,7 534,7 467,7 400,7 334,7 267,7 200,7 134,7 067,,
118,Стелаж 170х180х40,,"2,00","7 867,00 ₽",Технический директор,Ф-л Черникова,Вспомогательное оборудование,01.01.2025,1,08.05.2023,5,15 734,10,118,,0,,0,,0,,,-133,-133,-133,-133,-133,-133,-133,-133,-133,-133,-133,-133,106,14 134,0,15 601,15 467,15 334,15 201,15 067,14 934,14 801,14 667,14 534,14 401,14 267,14 134,,
119,Вентиляционный зонт конусный,,"1,00","9 833,00 ₽",Технический директор,Ф-л Черникова,Вспомогательное оборудование,01.01.2025,1,08.05.2023,5,9 833,10,118,,0,,0,,0,,,-83,-83,-83,-83,-83,-83,-83,-83,-83,-83,-83,-83,106,8 833,0,9 750,9 666,9 583,9 500,9 416,9 333,9 250,9 166,9 083,9 000,8 916,8 833,,
120,Вентиляционный зонт пристенный ВЗП12-7(1200х700х450),,"2,00","14 750,00 ₽",Технический директор,Ф-л Черникова,Вспомогательное оборудование,01.01.2025,1,08.05.2023,5,29 500,10,118,,0,,0,,0,,,-250,-250,-250,-250,-250,-250,-250,-250,-250,-250,-250,-250,106,26 500,0,29 250,29 000,28 750,28 500,28 250,28 000,27 750,27 500,27 250,27 000,26 750,26 500,,
121,Слайсер Airhot SL-220,,"1,00","14 250,00 ₽",Технический директор,Ф-л Черникова,Электромеханическое оборудование,01.01.2025,1,12.10.2020,10,14 250,5,57,,0,,0,,0,,,-250,-250,-250,-250,-250,-250,-250,-250,-250,-250,-250,-250,45,11 250,0,14 000,13 750,13 500,13 250,13 000,12 750,12 500,12 250,12 000,11 750,11 500,11 250,,
122,Полка невесная,,"2,00","2 459,00 ₽",Технический директор,Ф-л Черникова,Вспомогательное оборудование,01.01.2025,1,08.05.2023,5,4 918,10,118,,0,,0,,0,,,-42,-42,-42,-42,-42,-42,-42,-42,-42,-42,-42,-42,106,4 418,0,4 876,4 835,4 793,4 751,4 710,4 668,4 626,4 585,4 543,4 501,4 460,4 418,,
123,Компьютерное кресло Офисное,,"1,00","1 889,00 ₽",Технический директор,Ф-л Черникова,Мебель и предметы интерьера,01.01.2025,1,08.05.2023,5,1 889,3,34,,0,,0,,0,,,-56,-56,-56,-56,-56,-56,-56,-56,-56,-56,-56,-56,22,1 222,0,1 833,1 778,1 722,1 667,1 611,1 556,1 500,1 445,1 389,1 333,1 278,1 222,,
124,Компьютерное кресло Офисное (Кожа),,"1,00","2 361,00 ₽",Технический директор,Ф-л Черникова,Мебель и предметы интерьера,01.01.2025,1,08.05.2023,5,2 361,3,34,,0,,0,,0,,,-69,-69,-69,-69,-69,-69,-69,-69,-69,-69,-69,-69,22,1 528,0,2 292,2 222,2 153,2 083,2 014,1 944,1 875,1 805,1 736,1 667,1 597,1 528,,
125,Офисный стул,,"2,00","967,00 ₽",Технический директор,Ф-л Черникова,Мебель и предметы интерьера,01.01.2025,1,08.05.2023,5,1 934,5,58,,0,,0,,0,,,-33,-33,-33,-33,-33,-33,-33,-33,-33,-33,-33,-33,46,1 534,0,1 901,1 867,1 834,1 801,1 767,1 734,1 701,1 667,1 634,1 601,1 567,1 534,,
126,Стол офисный 1.8 м,,"1,00","6 883,00 ₽",Технический директор,Ф-л Черникова,Мебель и предметы интерьера,01.01.2025,1,08.05.2023,5,6 883,10,118,,0,,0,,0,,,-58,-58,-58,-58,-58,-58,-58,-58,-58,-58,-58,-58,106,6 183,0,6 825,6 766,6 708,6 650,6 591,6 533,6 475,6 416,6 358,6 300,6 241,6 183,,
127,Стол офисный 1.4 м,,"1,00","4 917,00 ₽",Технический директор,Ф-л Черникова,Мебель и предметы интерьера,01.01.2025,1,08.05.2023,5,4 917,10,118,,0,,0,,0,,,-42,-42,-42,-42,-42,-42,-42,-42,-42,-42,-42,-42,106,4 417,0,4 875,4 834,4 792,4 750,4 709,4 667,4 625,4 584,4 542,4 500,4 459,4 417,,
128,Принтер HP Laser MFP 135r,,"1,00","12 458,00 ₽",Технический директор,Ф-л Черникова,Электроника и оргтехника,01.01.2025,1,13.12.2021,12,12 458,6,69,,0,,0,,0,,,-181,-181,-181,-181,-181,-181,-181,-181,-181,-181,-181,-181,57,10 291,0,12 277,12 097,11 916,11 736,11 555,11 375,11 194,11 014,10 833,10 652,10 472,10 291,,
129,Шкаф для документов,,"1,00","9 833,00 ₽",Технический директор,Ф-л Черникова,Мебель и предметы интерьера,01.01.2025,1,08.05.2023,5,9 833,10,118,,0,,0,,0,,,-83,-83,-83,-83,-83,-83,-83,-83,-83,-83,-83,-83,106,8 833,0,9 750,9 666,9 583,9 500,9 416,9 333,9 250,9 166,9 083,9 000,8 916,8 833,,
130,Ноутбук HP,,"1,00","4 375,00 ₽",Технический директор,Ф-л Черникова,Электроника и оргтехника,01.01.2025,1,09.04.2019,4,4 375,2,21,,0,,0,,0,,,-208,-208,-208,-208,-208,-208,-208,-208,-208,-208,-208,-208,9,1 875,0,4 167,3 958,3 750,3 542,3 333,3 125,2 917,2 708,2 500,2 292,2 083,1 875,,
131,Телефон IP Gigaset C530A без базы,,"1,00","6 563,00 ₽",Технический директор,Ф-л Черникова,Оборудование торговых залов,01.01.2025,1,21.12.2020,12,6 563,4,45,,0,,0,,0,,,-146,-146,-146,-146,-146,-146,-146,-146,-146,-146,-146,-146,33,4 813,0,6 417,6 271,6 125,5 980,5 834,5 688,5 542,5 396,5 250,5 105,4 959,4 813,,
132,Стол офисный,,"1,00","10 000,00 ₽",Технический директор,Ф-л Черникова,Мебель и предметы интерьера,01.01.2025,1,23.12.2023,12,10 000,10,120,,0,,0,,0,,,-83,-83,-83,-83,-83,-83,-83,-83,-83,-83,-83,-83,108,9 000,0,9 917,9 833,9 750,9 667,9 583,9 500,9 417,9 333,9 250,9 167,9 083,9 000,,
133,Рисоварка INDOKOR IR-1985,,"1,00","22 422,00 ₽",Технический директор,Ф-л Черникова,Тепловое оборудование,01.01.2025,1,11.06.2024,6,22 422,1,12,,0,,0,,0,,,-1 869,-1 869,-1 869,-1 869,-1 869,-1 869,-1 869,-1 869,-1 869,-1 869,-1 869,-1 869,0,0,0,20 554,18 685,16 817,14 948,13 080,11 211,9 343,7 474,5 606,3 737,1 869,0,,
134,Рисоварка INDOKOR IR-1954,,"1,00","13 500,00 ₽",Технический директор,Ф-л Черникова,Тепловое оборудование,01.01.2025,1,02.08.2024,8,13 500,1,12,,0,,0,,0,,,-1 125,-1 125,-1 125,-1 125,-1 125,-1 125,-1 125,-1 125,-1 125,-1 125,-1 125,-1 125,0,0,0,12 375,11 250,10 125,9 000,7 875,6 750,5 625,4 500,3 375,2 250,1 125,0,,
135,Машина вакуумной упаковки камерная EKSI EDZ-260,,"1,00","65 500,00 ₽",Технический директор,Ф-л Черникова,Вспомогательное оборудование,01.01.2025,1,23.08.2024,8,65 500,5,60,,0,,0,,0,,,-1 092,-1 092,-1 092,-1 092,-1 092,-1 092,-1 092,-1 092,-1 092,-1 092,-1 092,-1 092,48,52 400,0,64 408,63 317,62 225,61 133,60 042,58 950,57 858,56 767,55 675,54 583,53 492,52 400,,
136,Миксер погружной JAU IB 160 V.V,,"1,00","14 600,00 ₽",Технический директор,Ф-л Черникова,Электромеханическое оборудование,01.01.2025,1,26.07.2024,7,14 600,2,24,,0,,0,,0,,,-608,-608,-608,-608,-608,-608,-608,-608,-608,-608,-608,-608,12,7 300,0,13 992,13 383,12 775,12 167,11 558,10 950,10 342,9 733,9 125,8 517,7 908,7 300,,
137,Рисоварка INDOKOR IR-1954,,"2,00","13 500,00 ₽",Технический директор,Ф-л Черникова,Тепловое оборудование,01.01.2025,1,07.08.2024,8,27 000,1,12,,0,,0,,0,,,-2 250,-2 250,-2 250,-2 250,-2 250,-2 250,-2 250,-2 250,-2 250,-2 250,-2 250,-2 250,0,0,0,24 750,22 500,20 250,18 000,15 750,13 500,11 250,9 000,6 750,4 500,2 250,0,,
138,Весы бытовые PW 300 40*50 с аккумулятором 4V/4.5Ah,,"1,00","5 000,00 ₽",Технический директор,Ф-л Черникова,Вспомогательное оборудование,01.01.2025,1,14.08.2024,8,5 000,1,12,,0,,0,,0,,,-417,-417,-417,-417,-417,-417,-417,-417,-417,-417,-417,-417,0,0,0,4 583,4 167,3 750,3 333,2 917,2 500,2 083,1 667,1 250,833,417,0,,
139,Весы торговые ФорТ-Т 769 (15; 2) LED/LCD Маркет (без стойки),,"1,00","5 000,00 ₽",Технический директор,Ф-л Черникова,Вспомогательное оборудование,01.01.2025,1,15.08.2024,8,5 000,1,12,,0,,0,,0,,,-417,-417,-417,-417,-417,-417,-417,-417,-417,-417,-417,-417,0,0,0,4 583,4 167,3 750,3 333,2 917,2 500,2 083,1 667,1 250,833,417,0,,
140,Водонагреватель,,"1,00","17 200,00 ₽",Директор по развитию,Ф-л Черникова,Вспомогательное оборудование,01.01.2025,1,13.11.2024,11,17 200,3,36,,0,,0,,0,,,-478,-478,-478,-478,-478,-478,-478,-478,-478,-478,-478,-478,24,11 467,0,16 722,16 244,15 767,15 289,14 811,14 333,13 856,13 378,12 900,12 422,11 944,11 467,,
141,Рисоварка HURAKAN HKN-SR56M,,"1,00","14 816,00 ₽",Директор по развитию,Ф-л Черникова,Тепловое оборудование,01.01.2025,1,04.12.2024,12,14 816,1,12,,0,,0,,0,,,-1 235,-1 235,-1 235,-1 235,-1 235,-1 235,-1 235,-1 235,-1 235,-1 235,-1 235,-1 235,0,0,0,13 581,12 347,11 112,9 877,8 643,7 408,6 173,4 939,3 704,2 469,1 235,0,,
142,"Мясорубка Reoka RKMG-MA221,",,"1,00","10 599,00 ₽",Технический директор,Ф-л Черникова,Электромеханическое оборудование,01.01.2025,1,22.10.2024,10,10 599,4,48,,0,,0,,0,,,-221,-221,-221,-221,-221,-221,-221,-221,-221,-221,-221,-221,36,7 949,0,10 378,10 157,9 937,9 716,9 495,9 274,9 053,8 833,8 612,8 391,8 170,7 949,,
143,Лавочка уличная ,,"1,00","6 000,00 ₽",Технический директор,Ф-л Черникова,Мебель и предметы интерьера,01.01.2025,1,10.10.2024,10,6 000,10,120,,0,,0,,0,,,-50,-50,-50,-50,-50,-50,-50,-50,-50,-50,-50,-50,108,5 400,0,5 950,5 900,5 850,5 800,5 750,5 700,5 650,5 600,5 550,5 500,5 450,5 400,,
144,Рисоварка INDOKOR IR-1954 Б/У,,"1,00","5 000,00 ₽",Технический директор,Ф-л Черникова,Тепловое оборудование,09.04.2025,4,07.03.2025,3,5 000,"0,5",6,,0,,0,,0,,,0,0,0,0,-833,-833,-833,-833,-833,-833,0,0,0,0,0,0,0,0,5 000,4 167,3 333,2 500,1 667,833,0,0,0,,
145,Рисоварка HURAKAN HKN-SR56M,,"2,00","13 436,00 ₽",Технический директор,Ф-л Черникова,Тепловое оборудование,09.04.2025,4,20.03.2025,3,26 872,1,12,,0,,0,,0,,,0,0,0,0,-2 239,-2 239,-2 239,-2 239,-2 239,-2 239,-2 239,-2 239,4,8 957,0,0,0,0,26 872,24 633,22 393,20 154,17 915,15 675,13 436,11 197,8 957,,
146,холодильник NORD NS 86 AW,,"1,00","14 167,00 ₽",Технический директор,Ф-л Черникова,Холодильное/морозильное оборудование,21.07.2025,7,18.07.2025,7,14 167,,0,,0,,0,,0,,,0,0,0,0,0,0,0,0,0,0,0,0,0,14 167,0,0,0,0,0,0,0,14 167,14 167,14 167,14 167,14 167,14 167,,
147,Гриль саламандра AIRHOT SGE-938,,"1,00","15 380,00 ₽",Технический директор,Ф-л Черникова,Тепловое оборудование,24.07.2025,7,23.07.2025,7,15 380,,0,,0,,0,,0,,,0,0,0,0,0,0,0,0,0,0,0,0,0,15 380,0,0,0,0,0,0,0,15 380,15 380,15 380,15 380,15 380,15 380,,
148,,,,,,,,,0,,0,0,,0,,0,,0,,0,,,0,0,0,0,0,0,0,0,0,0,0,0,0,0,0,0,0,0,0,0,0,0,0,0,0,0,0,,
149,,,,,,,,,0,,0,0,,0,,0,,0,,0,,,0,0,0,0,0,0,0,0,0,0,0,0,0,0,0,0,0,0,0,0,0,0,0,0,0,0,0,,
150,,,,,,,,,0,,0,0,,0,,0,,0,,0,,,0,0,0,0,0,0,0,0,0,0,0,0,0,0,0,0,0,0,0,0,0,0,0,0,0,0,0,,
151,,,,,,,,,0,,0,0,,0,,0,,0,,0,,,0,0,0,0,0,0,0,0,0,0,0,0,0,0,0,0,0,0,0,0,0,0,0,0,0,0,0,,
152,,,,,,,,,0,,0,0,,0,,0,,0,,0,,,0,0,0,0,0,0,0,0,0,0,0,0,0,0,0,0,0,0,0,0,0,0,0,0,0,0,0,,
153,,,,,,,,,0,,0,0,,0,,0,,0,,0,,,0,0,0,0,0,0,0,0,0,0,0,0,0,0,0,0,0,0,0,0,0,0,0,0,0,0,0,,
154,,,,,,,,,0,,0,0,,0,,0,,0,,0,,,0,0,0,0,0,0,0,0,0,0,0,0,0,0,0,0,0,0,0,0,0,0,0,0,0,0,0,,
154,,,,,,,,,0,,0,0,,0,,0,,0,,0,,,,,,,,,,,,,,,,,,,,,,,,,,,,,,,
154,,,,,,,,,0,,0,0,,0,,0,,0,,0,,,,,,,,,,,,,,,,,,,,,,,,,,,,,,,
154,,,,,,,,,0,,0,0,,0,,0,,0,,0,,,,,,,,,,,,,,,,,,,,,,,,,,,,,,,
,,,,,,,,,0,,0,0,,,,0,,0,,0,,,,,,,,,,,,,,,,,,,,,,,,,,,,,,,
,,,,,,,,,0,,0,0,,,,0,,0,,0,,,,,,,,,,,,,,,,,,,,,,,,,,,,,,,
,,,,,,,,,0,,0,0,,,,0,,0,,0,,,,,,,,,,,,,,,,,,,,,,,,,,,,,,,
,,,,,,,,,0,,0,0,,,,0,,0,,0,,,,,,,,,,,,,,,,,,,,,,,,,,,,,,,
,,,,,,,,,0,,0,0,,,,0,,0,,0,,,,,,,,,,,,,,,,,,,,,,,,,,,,,,,
,,,,,,,,,0,,0,0,,,,0,,0,,0,,,,,,,,,,,,,,,,,,,,,,,,,,,,,,,
,,,,,,,,,0,,0,0,,,,0,,0,,0,,,,,,,,,,,,,,,,,,,,,,,,,,,,,,,
,,,,,,,,,0,,0,0,,,,0,,0,,0,,,,,,,,,,,,,,,,,,,,,,,,,,,,,,,
,,,,,,,,,0,,0,0,,,,0,,0,,0,,,,,,,,,,,,,,,,,,,,,,,,,,,,,,,
,,,,,,,,,0,,0,0,,,,0,,0,,0,,,,,,,,,,,,,,,,,,,,,,,,,,,,,,,
,,,,,,,,,0,,0,0,,,,0,,0,,0,,,,,,,,,,,,,,,,,,,,,,,,,,,,,,,
,,,,,,,,,0,,0,0,,,,0,,0,,0,,,,,,,,,,,,,,,,,,,,,,,,,,,,,,,
,,,,,,,,,0,,0,0,,,,0,,0,,0,,,,,,,,,,,,,,,,,,,,,,,,,,,,,,,
,,,,,,,,,0,,0,0,,,,0,,0,,0,,,,,,,,,,,,,,,,,,,,,,,,,,,,,,,
,,,,,,,,,0,,0,0,,,,0,,0,,0,,,,,,,,,,,,,,,,,,,,,,,,,,,,,,,
,,,,,,,,,0,,0,0,,,,0,,0,,0,,,,,,,,,,,,,,,,,,,,,,,,,,,,,,,
,,,,,,,,,0,,0,0,,,,0,,0,,0,,,,,,,,,,,,,,,,,,,,,,,,,,,,,,,
,,,,,,,,,0,,0,0,,,,0,,0,,0,,,,,,,,,,,,,,,,,,,,,,,,,,,,,,,
,,,,,,,,,0,,0,0,,,,0,,0,,0,,,,,,,,,,,,,,,,,,,,,,,,,,,,,,,
,,,,,,,,,0,,0,0,,,,0,,0,,0,,,,,,,,,,,,,,,,,,,,,,,,,,,,,,,
,,,,,,,,,0,,0,0,,,,0,,0,,0,,,,,,,,,,,,,,,,,,,,,,,,,,,,,,,
,,,,,,,,,0,,0,0,,,,0,,0,,0,,,,,,,,,,,,,,,,,,,,,,,,,,,,,,,
,,,,,,,,,0,,0,0,,,,0,,0,,0,,,,,,,,,,,,,,,,,,,,,,,,,,,,,,,
,,,,,,,,,0,,0,0,,,,0,,0,,0,,,,,,,,,,,,,,,,,,,,,,,,,,,,,,,
,,,,,,,,,0,,0,0,,,,0,,0,,0,,,,,,,,,,,,,,,,,,,,,,,,,,,,,,,
,,,,,,,,,0,,0,0,,,,0,,0,,0,,,,,,,,,,,,,,,,,,,,,,,,,,,,,,,
,,,,,,,,,0,,0,0,,,,0,,0,,0,,,,,,,,,,,,,,,,,,,,,,,,,,,,,,,
,,,,,,,,,0,,0,0,,,,0,,0,,0,,,,,,,,,,,,,,,,,,,,,,,,,,,,,,,
,,,,,,,,,0,,0,0,,,,0,,0,,0,,,,,,,,,,,,,,,,,,,,,,,,,,,,,,,
,,,,,,,,,0,,0,0,,,,0,,0,,0,,,,,,,,,,,,,,,,,,,,,,,,,,,,,,,
,,,,,,,,,0,,0,0,,,,0,,0,,0,,,,,,,,,,,,,,,,,,,,,,,,,,,,,,,
,,,,,,,,,0,,0,0,,,,0,,0,,0,,,,,,,,,,,,,,,,,,,,,,,,,,,,,,,
,,,,,,,,,0,,0,0,,,,0,,0,,0,,,,,,,,,,,,,,,,,,,,,,,,,,,,,,,
,,,,,,,,,0,,0,0,,,,0,,0,,0,,,,,,,,,,,,,,,,,,,,,,,,,,,,,,,
,,,,,,,,,0,,0,0,,,,0,,0,,0,,,,,,,,,,,,,,,,,,,,,,,,,,,,,,,
,,,,,,,,,0,,0,0,,,,0,,0,,0,,,,,,,,,,,,,,,,,,,,,,,,,,,,,,,
,,,,,,,,,0,,0,0,,,,0,,0,,0,,,,,,,,,,,,,,,,,,,,,,,,,,,,,,,
,,,,,,,,,0,,0,0,,,,0,,0,,0,,,,,,,,,,,,,,,,,,,,,,,,,,,,,,,
,,,,,,,,,0,,0,0,,,,0,,0,,0,,,,,,,,,,,,,,,,,,,,,,,,,,,,,,,
,,,,,,,,,0,,0,0,,,,0,,0,,0,,,,,,,,,,,,,,,,,,,,,,,,,,,,,,,
,,,,,,,,,0,,0,0,,,,0,,0,,0,,,,,,,,,,,,,,,,,,,,,,,,,,,,,,,
,,,,,,,,,0,,0,0,,,,0,,0,,0,,,,,,,,,,,,,,,,,,,,,,,,,,,,,,,
,,,,,,,,,0,,0,0,,,,0,,0,,0,,,,,,,,,,,,,,,,,,,,,,,,,,,,,,,
,,,,,,,,,0,,0,0,,,,0,,0,,0,,,,,,,,,,,,,,,,,,,,,,,,,,,,,,,
,,,,,,,,,0,,0,0,,,,0,,0,,0,,,,,,,,,,,,,,,,,,,,,,,,,,,,,,,
,,,,,,,,,0,,0,0,,,,0,,0,,0,,,,,,,,,,,,,,,,,,,,,,,,,,,,,,,
,,,,,,,,,0,,0,0,,,,0,,0,,0,,,,,,,,,,,,,,,,,,,,,,,,,,,,,,,
,,,,,,,,,0,,0,0,,,,0,,0,,0,,,,,,,,,,,,,,,,,,,,,,,,,,,,,,,
,,,,,,,,,0,,0,0,,,,0,,0,,0,,,,,,,,,,,,,,,,,,,,,,,,,,,,,,,
,,,,,,,,,0,,0,0,,,,0,,0,,0,,,,,,,,,,,,,,,,,,,,,,,,,,,,,,,
,,,,,,,,,0,,0,0,,,,0,,0,,0,,,,,,,,,,,,,,,,,,,,,,,,,,,,,,,
,,,,,,,,,0,,0,0,,,,0,,0,,0,,,,,,,,,,,,,,,,,,,,,,,,,,,,,,,
,,,,,,,,,0,,0,0,,,,0,,0,,0,,,,,,,,,,,,,,,,,,,,,,,,,,,,,,,
,,,,,,,,,0,,0,0,,,,0,,0,,0,,,,,,,,,,,,,,,,,,,,,,,,,,,,,,,
,,,,,,,,,0,,0,0,,,,0,,0,,0,,,,,,,,,,,,,,,,,,,,,,,,,,,,,,,
,,,,,,,,,0,,0,0,,,,0,,0,,0,,,,,,,,,,,,,,,,,,,,,,,,,,,,,,,
,,,,,,,,,0,,0,0,,,,0,,0,,0,,,,,,,,,,,,,,,,,,,,,,,,,,,,,,,
,,,,,,,,,0,,0,0,,,,0,,0,,0,,,,,,,,,,,,,,,,,,,,,,,,,,,,,,,
,,,,,,,,,0,,0,0,,,,0,,0,,0,,,,,,,,,,,,,,,,,,,,,,,,,,,,,,,
,,,,,,,,,0,,0,0,,,,0,,0,,0,,,,,,,,,,,,,,,,,,,,,,,,,,,,,,,
,,,,,,,,,0,,0,0,,,,0,,0,,0,,,,,,,,,,,,,,,,,,,,,,,,,,,,,,,
,,,,,,,,,0,,0,0,,,,0,,0,,0,,,,,,,,,,,,,,,,,,,,,,,,,,,,,,,
,,,,,,,,,0,,0,0,,,,0,,0,,0,,,,,,,,,,,,,,,,,,,,,,,,,,,,,,,
,,,,,,,,,0,,0,0,,,,0,,0,,0,,,,,,,,,,,,,,,,,,,,,,,,,,,,,,,
,,,,,,,,,0,,0,0,,,,0,,0,,0,,,,,,,,,,,,,,,,,,,,,,,,,,,,,,,
,,,,,,,,,0,,0,0,,,,0,,0,,0,,,,,,,,,,,,,,,,,,,,,,,,,,,,,,,
,,,,,,,,,0,,0,0,,,,0,,0,,0,,,,,,,,,,,,,,,,,,,,,,,,,,,,,,,
,,,,,,,,,0,,0,0,,,,0,,0,,0,,,,,,,,,,,,,,,,,,,,,,,,,,,,,,,
,,,,,,,,,0,,0,0,,,,0,,0,,0,,,,,,,,,,,,,,,,,,,,,,,,,,,,,,,
,,,,,,,,,0,,0,0,,,,0,,0,,0,,,,,,,,,,,,,,,,,,,,,,,,,,,,,,,
,,,,,,,,,0,,0,0,,,,0,,0,,0,,,,,,,,,,,,,,,,,,,,,,,,,,,,,,,
,,,,,,,,,0,,0,0,,,,0,,0,,0,,,,,,,,,,,,,,,,,,,,,,,,,,,,,,,
,,,,,,,,,0,,0,0,,,,0,,0,,0,,,,,,,,,,,,,,,,,,,,,,,,,,,,,,,
,,,,,,,,,0,,0,0,,,,0,,0,,0,,,,,,,,,,,,,,,,,,,,,,,,,,,,,,,
,,,,,,,,,0,,0,0,,,,0,,0,,0,,,,,,,,,,,,,,,,,,,,,,,,,,,,,,,
,,,,,,,,,0,,0,0,,,,0,,0,,0,,,,,,,,,,,,,,,,,,,,,,,,,,,,,,,
,,,,,,,,,0,,0,0,,,,0,,0,,0,,,,,,,,,,,,,,,,,,,,,,,,,,,,,,,
,,,,,,,,,0,,0,0,,,,0,,0,,0,,,,,,,,,,,,,,,,,,,,,,,,,,,,,,,
,,,,,,,,,0,,0,0,,,,0,,0,,0,,,,,,,,,,,,,,,,,,,,,,,,,,,,,,,
,,,,,,,,,0,,0,0,,,,0,,0,,0,,,,,,,,,,,,,,,,,,,,,,,,,,,,,,,
,,,,,,,,,0,,0,0,,,,0,,0,,0,,,,,,,,,,,,,,,,,,,,,,,,,,,,,,,
,,,,,,,,,0,,0,0,,,,0,,0,,0,,,,,,,,,,,,,,,,,,,,,,,,,,,,,,,
,,,,,,,,,0,,0,0,,,,0,,0,,0,,,,,,,,,,,,,,,,,,,,,,,,,,,,,,,
,,,,,,,,,0,,0,0,,,,0,,0,,0,,,,,,,,,,,,,,,,,,,,,,,,,,,,,,,
,,,,,,,,,0,,0,0,,,,0,,0,,0,,,,,,,,,,,,,,,,,,,,,,,,,,,,,,,
,,,,,,,,,0,,0,0,,,,0,,0,,0,,,,,,,,,,,,,,,,,,,,,,,,,,,,,,,
,,,,,,,,,0,,0,0,,,,0,,0,,0,,,,,,,,,,,,,,,,,,,,,,,,,,,,,,,
,,,,,,,,,0,,0,0,,,,0,,0,,0,,,,,,,,,,,,,,,,,,,,,,,,,,,,,,,
,,,,,,,,,0,,0,0,,,,0,,0,,0,,,,,,,,,,,,,,,,,,,,,,,,,,,,,,,
,,,,,,,,,0,,0,0,,,,0,,0,,0,,,,,,,,,,,,,,,,,,,,,,,,,,,,,,,
,,,,,,,,,0,,0,0,,,,0,,0,,0,,,,,,,,,,,,,,,,,,,,,,,,,,,,,,,
,,,,,,,,,0,,0,0,,,,0,,0,,0,,,,,,,,,,,,,,,,,,,,,,,,,,,,,,,
,,,,,,,,,0,,0,0,,,,0,,0,,0,,,,,,,,,,,,,,,,,,,,,,,,,,,,,,,
,,,,,,,,,0,,0,0,,,,0,,0,,0,,,,,,,,,,,,,,,,,,,,,,,,,,,,,,,
,,,,,,,,,0,,0,0,,,,0,,0,,0,,,,,,,,,,,,,,,,,,,,,,,,,,,,,,,
,,,,,,,,,0,,0,0,,,,0,,0,,0,,,,,,,,,,,,,,,,,,,,,,,,,,,,,,,
,,,,,,,,,0,,0,0,,,,0,,0,,0,,,,,,,,,,,,,,,,,,,,,,,,,,,,,,,
,,,,,,,,,0,,0,0,,,,0,,0,,0,,,,,,,,,,,,,,,,,,,,,,,,,,,,,,,
,,,,,,,,,0,,0,0,,,,0,,0,,0,,,,,,,,,,,,,,,,,,,,,,,,,,,,,,,
,,,,,,,,,0,,0,0,,,,0,,0,,0,,,,,,,,,,,,,,,,,,,,,,,,,,,,,,,
,,,,,,,,,0,,0,0,,,,0,,0,,0,,,,,,,,,,,,,,,,,,,,,,,,,,,,,,,
,,,,,,,,,0,,0,0,,,,0,,0,,0,,,,,,,,,,,,,,,,,,,,,,,,,,,,,,,
,,,,,,,,,,,0,0,,,,0,,0,,0,,,,,,,,,,,,,,,,,,,,,,,,,,,,,,,
,,,,,,,,,,,0,0,,,,0,,0,,0,,,,,,,,,,,,,,,,,,,,,,,,,,,,,,,
,,,,,,,,,,,0,0,,,,0,,0,,0,,,,,,,,,,,,,,,,,,,,,,,,,,,,,,,
,,,,,,,,,,,0,0,,,,0,,0,,0,,,,,,,,,,,,,,,,,,,,,,,,,,,,,,,
,,,,,,,,,,,0,0,,,,0,,0,,0,,,,,,,,,,,,,,,,,,,,,,,,,,,,,,,
,,,,,,,,,,,,0,,,,0,,0,,0,,,,,,,,,,,,,,,,,,,,,,,,,,,,,,,
,,,,,,,,,,,,0,,,,0,,0,,0,,,,,,,,,,,,,,,,,,,,,,,,,,,,,,,
,,,,,,,,,,,,0,,,,0,,0,,0,,,,,,,,,,,,,,,,,,,,,,,,,,,,,,,
,,,,,,,,,,,,0,,,,0,,0,,0,,,,,,,,,,,,,,,,,,,,,,,,,,,,,,,
,,,,,,,,,,,,0,,,,0,,0,,0,,,,,,,,,,,,,,,,,,,,,,,,,,,,,,,
,,,,,,,,,,,,0,,,,0,,0,,0,,,,,,,,,,,,,,,,,,,,,,,,,,,,,,,
,,,,,,,,,,,,0,,,,0,,0,,0,,,,,,,,,,,,,,,,,,,,,,,,,,,,,,,
,,,,,,,,,,,,0,,,,0,,0,,0,,,,,,,,,,,,,,,,,,,,,,,,,,,,,,,
,,,,,,,,,,,,0,,,,0,,0,,0,,,,,,,,,,,,,,,,,,,,,,,,,,,,,,,
,,,,,,,,,,,,0,,,,0,,0,,0,,,,,,,,,,,,,,,,,,,,,,,,,,,,,,,
,,,,,,,,,,,,0,,,,0,,0,,0,,,,,,,,,,,,,,,,,,,,,,,,,,,,,,,
,,,,,,,,,,,,0,,,,0,,0,,0,,,,,,,,,,,,,,,,,,,,,,,,,,,,,,,
,,,,,,,,,,,,0,,,,0,,0,,0,,,,,,,,,,,,,,,,,,,,,,,,,,,,,,,
,,,,,,,,,,,,0,,,,0,,0,,0,,,,,,,,,,,,,,,,,,,,,,,,,,,,,,,
,,,,,,,,,,,,0,,,,0,,0,,0,,,,,,,,,,,,,,,,,,,,,,,,,,,,,,,
,,,,,,,,,,,,0,,,,0,,0,,0,,,,,,,,,,,,,,,,,,,,,,,,,,,,,,,
,,,,,,,,,,,,0,,,,0,,0,,0,,,,,,,,,,,,,,,,,,,,,,,,,,,,,,,
,,,,,,,,,,,,0,,,,0,,0,,0,,,,,,,,,,,,,,,,,,,,,,,,,,,,,,,
,,,,,,,,,,,,0,,,,0,,0,,0,,,,,,,,,,,,,,,,,,,,,,,,,,,,,,,
,,,,,,,,,,,,0,,,,0,,0,,0,,,,,,,,,,,,,,,,,,,,,,,,,,,,,,,
,,,,,,,,,,,,0,,,,0,,0,,0,,,,,,,,,,,,,,,,,,,,,,,,,,,,,,,
,,,,,,,,,,,,0,,,,0,,0,,0,,,,,,,,,,,,,,,,,,,,,,,,,,,,,,,
,,,,,,,,,,,,0,,,,0,,0,,0,,,,,,,,,,,,,,,,,,,,,,,,,,,,,,,
,,,,,,,,,,,,0,,,,0,,0,,0,,,,,,,,,,,,,,,,,,,,,,,,,,,,,,,
,,,,,,,,,,,,0,,,,0,,0,,0,,,,,,,,,,,,,,,,,,,,,,,,,,,,,,,
,,,,,,,,,,,,0,,,,0,,0,,0,,,,,,,,,,,,,,,,,,,,,,,,,,,,,,,
,,,,,,,,,,,,0,,,,0,,0,,0,,,,,,,,,,,,,,,,,,,,,,,,,,,,,,,
,,,,,,,,,,,,0,,,,0,,0,,0,,,,,,,,,,,,,,,,,,,,,,,,,,,,,,,
,,,,,,,,,,,,0,,,,0,,0,,0,,,,,,,,,,,,,,,,,,,,,,,,,,,,,,,
,,,,,,,,,,,,0,,,,0,,0,,0,,,,,,,,,,,,,,,,,,,,,,,,,,,,,,,
,,,,,,,,,,,,0,,,,0,,0,,0,,,,,,,,,,,,,,,,,,,,,,,,,,,,,,,
,,,,,,,,,,,,0,,,,0,,0,,0,,,,,,,,,,,,,,,,,,,,,,,,,,,,,,,
,,,,,,,,,,,,0,,,,0,,0,,0,,,,,,,,,,,,,,,,,,,,,,,,,,,,,,,
,,,,,,,,,,,,0,,,,0,,0,,0,,,,,,,,,,,,,,,,,,,,,,,,,,,,,,,
,,,,,,,,,,,,0,,,,0,,0,,0,,,,,,,,,,,,,,,,,,,,,,,,,,,,,,,
,,,,,,,,,,,,0,,,,0,,0,,0,,,,,,,,,,,,,,,,,,,,,,,,,,,,,,,
,,,,,,,,,,,,0,,,,0,,0,,0,,,,,,,,,,,,,,,,,,,,,,,,,,,,,,,
,,,,,,,,,,,,0,,,,0,,0,,0,,,,,,,,,,,,,,,,,,,,,,,,,,,,,,,
,,,,,,,,,,,,0,,,,0,,0,,0,,,,,,,,,,,,,,,,,,,,,,,,,,,,,,,
,,,,,,,,,,,,0,,,,0,,0,,0,,,,,,,,,,,,,,,,,,,,,,,,,,,,,,,
,,,,,,,,,,,,0,,,,0,,0,,0,,,,,,,,,,,,,,,,,,,,,,,,,,,,,,,
,,,,,,,,,,,,0,,,,0,,0,,0,,,,,,,,,,,,,,,,,,,,,,,,,,,,,,,
,,,,,,,,,,,,0,,,,0,,0,,0,,,,,,,,,,,,,,,,,,,,,,,,,,,,,,,
,,,,,,,,,,,,0,,,,0,,0,,0,,,,,,,,,,,,,,,,,,,,,,,,,,,,,,,
,,,,,,,,,,,,0,,,,0,,0,,0,,,,,,,,,,,,,,,,,,,,,,,,,,,,,,,
,,,,,,,,,,,,0,,,,0,,0,,0,,,,,,,,,,,,,,,,,,,,,,,,,,,,,,,
,,,,,,,,,,,,0,,,,0,,0,,0,,,,,,,,,,,,,,,,,,,,,,,,,,,,,,,
,,,,,,,,,,,,0,,,,0,,0,,0,,,,,,,,,,,,,,,,,,,,,,,,,,,,,,,
,,,,,,,,,,,,0,,,,0,,0,,0,,,,,,,,,,,,,,,,,,,,,,,,,,,,,,,
,,,,,,,,,,,,0,,,,0,,0,,0,,,,,,,,,,,,,,,,,,,,,,,,,,,,,,,
,,,,,,,,,,,,0,,,,0,,0,,0,,,,,,,,,,,,,,,,,,,,,,,,,,,,,,,
,,,,,,,,,,,,0,,,,0,,0,,0,,,,,,,,,,,,,,,,,,,,,,,,,,,,,,,
,,,,,,,,,,,,0,,,,0,,0,,0,,,,,,,,,,,,,,,,,,,,,,,,,,,,,,,
,,,,,,,,,,,,0,,,,0,,0,,0,,,,,,,,,,,,,,,,,,,,,,,,,,,,,,,
,,,,,,,,,,,,0,,,,0,,0,,0,,,,,,,,,,,,,,,,,,,,,,,,,,,,,,,
,,,,,,,,,,,,0,,,,0,,0,,0,,,,,,,,,,,,,,,,,,,,,,,,,,,,,,,
,,,,,,,,,,,,0,,,,0,,0,,0,,,,,,,,,,,,,,,,,,,,,,,,,,,,,,,
,,,,,,,,,,,,0,,,,0,,0,,0,,,,,,,,,,,,,,,,,,,,,,,,,,,,,,,
,,,,,,,,,,,,0,,,,0,,0,,0,,,,,,,,,,,,,,,,,,,,,,,,,,,,,,,
,,,,,,,,,,,,0,,,,0,,0,,0,,,,,,,,,,,,,,,,,,,,,,,,,,,,,,,
,,,,,,,,,,,,0,,,,0,,0,,0,,,,,,,,,,,,,,,,,,,,,,,,,,,,,,,
,,,,,,,,,,,,0,,,,0,,0,,0,,,,,,,,,,,,,,,,,,,,,,,,,,,,,,,
,,,,,,,,,,,,0,,,,0,,0,,0,,,,,,,,,,,,,,,,,,,,,,,,,,,,,,,
,,,,,,,,,,,,0,,,,0,,0,,0,,,,,,,,,,,,,,,,,,,,,,,,,,,,,,,
,,,,,,,,,,,,0,,,,0,,0,,0,,,,,,,,,,,,,,,,,,,,,,,,,,,,,,,
,,,,,,,,,,,,0,,,,0,,0,,0,,,,,,,,,,,,,,,,,,,,,,,,,,,,,,,
,,,,,,,,,,,,0,,,,0,,0,,0,,,,,,,,,,,,,,,,,,,,,,,,,,,,,,,
,,,,,,,,,,,,0,,,,0,,0,,0,,,,,,,,,,,,,,,,,,,,,,,,,,,,,,,
,,,,,,,,,,,,0,,,,0,,0,,0,,,,,,,,,,,,,,,,,,,,,,,,,,,,,,,
,,,,,,,,,,,,0,,,,0,,0,,0,,,,,,,,,,,,,,,,,,,,,,,,,,,,,,,
,,,,,,,,,,,,0,,,,0,,0,,0,,,,,,,,,,,,,,,,,,,,,,,,,,,,,,,
,,,,,,,,,,,,0,,,,0,,0,,0,,,,,,,,,,,,,,,,,,,,,,,,,,,,,,,
,,,,,,,,,,,,0,,,,0,,0,,0,,,,,,,,,,,,,,,,,,,,,,,,,,,,,,,
,,,,,,,,,,,,0,,,,0,,0,,0,,,,,,,,,,,,,,,,,,,,,,,,,,,,,,,
,,,,,,,,,,,,0,,,,0,,0,,0,,,,,,,,,,,,,,,,,,,,,,,,,,,,,,,
,,,,,,,,,,,,0,,,,0,,0,,0,,,,,,,,,,,,,,,,,,,,,,,,,,,,,,,
,,,,,,,,,,,,0,,,,0,,0,,0,,,,,,,,,,,,,,,,,,,,,,,,,,,,,,,
,,,,,,,,,,,,0,,,,0,,0,,0,,,,,,,,,,,,,,,,,,,,,,,,,,,,,,,
,,,,,,,,,,,,0,,,,0,,0,,0,,,,,,,,,,,,,,,,,,,,,,,,,,,,,,,
,,,,,,,,,,,,0,,,,0,,0,,0,,,,,,,,,,,,,,,,,,,,,,,,,,,,,,,
,,,,,,,,,,,,0,,,,0,,0,,0,,,,,,,,,,,,,,,,,,,,,,,,,,,,,,,
,,,,,,,,,,,,0,,,,0,,0,,0,,,,,,,,,,,,,,,,,,,,,,,,,,,,,,,
,,,,,,,,,,,,0,,,,0,,0,,0,,,,,,,,,,,,,,,,,,,,,,,,,,,,,,,
,,,,,,,,,,,,0,,,,0,,0,,0,,,,,,,,,,,,,,,,,,,,,,,,,,,,,,,
,,,,,,,,,,,,0,,,,0,,0,,0,,,,,,,,,,,,,,,,,,,,,,,,,,,,,,,
,,,,,,,,,,,,0,,,,0,,0,,0,,,,,,,,,,,,,,,,,,,,,,,,,,,,,,,
,,,,,,,,,,,,0,,,,0,,0,,0,,,,,,,,,,,,,,,,,,,,,,,,,,,,,,,
,,,,,,,,,,,,0,,,,0,,0,,0,,,,,,,,,,,,,,,,,,,,,,,,,,,,,,,
,,,,,,,,,,,,0,,,,0,,0,,0,,,,,,,,,,,,,,,,,,,,,,,,,,,,,,,
,,,,,,,,,,,,0,,,,0,,0,,0,,,,,,,,,,,,,,,,,,,,,,,,,,,,,,,
,,,,,,,,,,,,0,,,,0,,0,,0,,,,,,,,,,,,,,,,,,,,,,,,,,,,,,,
,,,,,,,,,,,,0,,,,0,,0,,0,,,,,,,,,,,,,,,,,,,,,,,,,,,,,,,
,,,,,,,,,,,,0,,,,0,,0,,0,,,,,,,,,,,,,,,,,,,,,,,,,,,,,,,
,,,,,,,,,,,,0,,,,0,,0,,0,,,,,,,,,,,,,,,,,,,,,,,,,,,,,,,
,,,,,,,,,,,,0,,,,0,,0,,0,,,,,,,,,,,,,,,,,,,,,,,,,,,,,,,
,,,,,,,,,,,,0,,,,0,,0,,0,,,,,,,,,,,,,,,,,,,,,,,,,,,,,,,
,,,,,,,,,,,,0,,,,0,,0,,0,,,,,,,,,,,,,,,,,,,,,,,,,,,,,,,
,,,,,,,,,,,,0,,,,0,,0,,0,,,,,,,,,,,,,,,,,,,,,,,,,,,,,,,
,,,,,,,,,,,,0,,,,0,,0,,0,,,,,,,,,,,,,,,,,,,,,,,,,,,,,,,
,,,,,,,,,,,,0,,,,0,,0,,0,,,,,,,,,,,,,,,,,,,,,,,,,,,,,,,
,,,,,,,,,,,,0,,,,0,,0,,0,,,,,,,,,,,,,,,,,,,,,,,,,,,,,,,
,,,,,,,,,,,,0,,,,0,,0,,0,,,,,,,,,,,,,,,,,,,,,,,,,,,,,,,
,,,,,,,,,,,,0,,,,0,,0,,0,,,,,,,,,,,,,,,,,,,,,,,,,,,,,,,
,,,,,,,,,,,,0,,,,0,,0,,0,,,,,,,,,,,,,,,,,,,,,,,,,,,,,,,
,,,,,,,,,,,,0,,,,0,,0,,0,,,,,,,,,,,,,,,,,,,,,,,,,,,,,,,
,,,,,,,,,,,,0,,,,0,,0,,0,,,,,,,,,,,,,,,,,,,,,,,,,,,,,,,
,,,,,,,,,,,,0,,,,0,,0,,0,,,,,,,,,,,,,,,,,,,,,,,,,,,,,,,
,,,,,,,,,,,,0,,,,0,,0,,0,,,,,,,,,,,,,,,,,,,,,,,,,,,,,,,
,,,,,,,,,,,,0,,,,0,,0,,0,,,,,,,,,,,,,,,,,,,,,,,,,,,,,,,
,,,,,,,,,,,,0,,,,0,,0,,0,,,,,,,,,,,,,,,,,,,,,,,,,,,,,,,
,,,,,,,,,,,,0,,,,0,,0,,0,,,,,,,,,,,,,,,,,,,,,,,,,,,,,,,
,,,,,,,,,,,,0,,,,0,,0,,0,,,,,,,,,,,,,,,,,,,,,,,,,,,,,,,
,,,,,,,,,,,,0,,,,0,,0,,0,,,,,,,,,,,,,,,,,,,,,,,,,,,,,,,
,,,,,,,,,,,,0,,,,0,,0,,0,,,,,,,,,,,,,,,,,,,,,,,,,,,,,,,
,,,,,,,,,,,,0,,,,0,,0,,0,,,,,,,,,,,,,,,,,,,,,,,,,,,,,,,
,,,,,,,,,,,,0,,,,0,,0,,0,,,,,,,,,,,,,,,,,,,,,,,,,,,,,,,
,,,,,,,,,,,,0,,,,0,,0,,0,,,,,,,,,,,,,,,,,,,,,,,,,,,,,,,
,,,,,,,,,,,,0,,,,0,,0,,0,,,,,,,,,,,,,,,,,,,,,,,,,,,,,,,
,,,,,,,,,,,,0,,,,0,,0,,0,,,,,,,,,,,,,,,,,,,,,,,,,,,,,,,
,,,,,,,,,,,,0,,,,0,,0,,0,,,,,,,,,,,,,,,,,,,,,,,,,,,,,,,
,,,,,,,,,,,,0,,,,0,,0,,0,,,,,,,,,,,,,,,,,,,,,,,,,,,,,,,
,,,,,,,,,,,,0,,,,0,,0,,0,,,,,,,,,,,,,,,,,,,,,,,,,,,,,,,
,,,,,,,,,,,,0,,,,0,,0,,0,,,,,,,,,,,,,,,,,,,,,,,,,,,,,,,
,,,,,,,,,,,,0,,,,0,,0,,0,,,,,,,,,,,,,,,,,,,,,,,,,,,,,,,
,,,,,,,,,,,,0,,,,0,,0,,0,,,,,,,,,,,,,,,,,,,,,,,,,,,,,,,
,,,,,,,,,,,,0,,,,0,,0,,0,,,,,,,,,,,,,,,,,,,,,,,,,,,,,,,
,,,,,,,,,,,,0,,,,0,,0,,0,,,,,,,,,,,,,,,,,,,,,,,,,,,,,,,
,,,,,,,,,,,,0,,,,0,,0,,0,,,,,,,,,,,,,,,,,,,,,,,,,,,,,,,
,,,,,,,,,,,,0,,,,0,,0,,0,,,,,,,,,,,,,,,,,,,,,,,,,,,,,,,
,,,,,,,,,,,,0,,,,0,,0,,0,,,,,,,,,,,,,,,,,,,,,,,,,,,,,,,
,,,,,,,,,,,,0,,,,0,,0,,0,,,,,,,,,,,,,,,,,,,,,,,,,,,,,,,
,,,,,,,,,,,,0,,,,0,,0,,0,,,,,,,,,,,,,,,,,,,,,,,,,,,,,,,
,,,,,,,,,,,,0,,,,0,,0,,0,,,,,,,,,,,,,,,,,,,,,,,,,,,,,,,
,,,,,,,,,,,,0,,,,0,,0,,0,,,,,,,,,,,,,,,,,,,,,,,,,,,,,,,
,,,,,,,,,,,,0,,,,0,,0,,0,,,,,,,,,,,,,,,,,,,,,,,,,,,,,,,
,,,,,,,,,,,,0,,,,0,,0,,0,,,,,,,,,,,,,,,,,,,,,,,,,,,,,,,
,,,,,,,,,,,,0,,,,0,,0,,0,,,,,,,,,,,,,,,,,,,,,,,,,,,,,,,
,,,,,,,,,,,,0,,,,0,,0,,0,,,,,,,,,,,,,,,,,,,,,,,,,,,,,,,
,,,,,,,,,,,,0,,,,0,,0,,0,,,,,,,,,,,,,,,,,,,,,,,,,,,,,,,
,,,,,,,,,,,,0,,,,0,,0,,0,,,,,,,,,,,,,,,,,,,,,,,,,,,,,,,
,,,,,,,,,,,,0,,,,0,,0,,0,,,,,,,,,,,,,,,,,,,,,,,,,,,,,,,
,,,,,,,,,,,,0,,,,0,,0,,0,,,,,,,,,,,,,,,,,,,,,,,,,,,,,,,
,,,,,,,,,,,,0,,,,0,,0,,0,,,,,,,,,,,,,,,,,,,,,,,,,,,,,,,
,,,,,,,,,,,,0,,,,0,,0,,0,,,,,,,,,,,,,,,,,,,,,,,,,,,,,,,
,,,,,,,,,,,,0,,,,0,,0,,0,,,,,,,,,,,,,,,,,,,,,,,,,,,,,,,
,,,,,,,,,,,,0,,,,0,,0,,0,,,,,,,,,,,,,,,,,,,,,,,,,,,,,,,
,,,,,,,,,,,,0,,,,0,,0,,0,,,,,,,,,,,,,,,,,,,,,,,,,,,,,,,
,,,,,,,,,,,,0,,,,0,,0,,0,,,,,,,,,,,,,,,,,,,,,,,,,,,,,,,
,,,,,,,,,,,,0,,,,0,,0,,0,,,,,,,,,,,,,,,,,,,,,,,,,,,,,,,
,,,,,,,,,,,,0,,,,0,,0,,0,,,,,,,,,,,,,,,,,,,,,,,,,,,,,,,
,,,,,,,,,,,,0,,,,0,,0,,0,,,,,,,,,,,,,,,,,,,,,,,,,,,,,,,
,,,,,,,,,,,,0,,,,0,,0,,0,,,,,,,,,,,,,,,,,,,,,,,,,,,,,,,
,,,,,,,,,,,,0,,,,0,,0,,0,,,,,,,,,,,,,,,,,,,,,,,,,,,,,,,
,,,,,,,,,,,,0,,,,0,,0,,0,,,,,,,,,,,,,,,,,,,,,,,,,,,,,,,
,,,,,,,,,,,,0,,,,0,,0,,0,,,,,,,,,,,,,,,,,,,,,,,,,,,,,,,
,,,,,,,,,,,,0,,,,0,,0,,0,,,,,,,,,,,,,,,,,,,,,,,,,,,,,,,
,,,,,,,,,,,,0,,,,0,,0,,0,,,,,,,,,,,,,,,,,,,,,,,,,,,,,,,
,,,,,,,,,,,,0,,,,0,,0,,0,,,,,,,,,,,,,,,,,,,,,,,,,,,,,,,
,,,,,,,,,,,,0,,,,0,,0,,0,,,,,,,,,,,,,,,,,,,,,,,,,,,,,,,
,,,,,,,,,,,,0,,,,0,,0,,0,,,,,,,,,,,,,,,,,,,,,,,,,,,,,,,
,,,,,,,,,,,,0,,,,0,,0,,0,,,,,,,,,,,,,,,,,,,,,,,,,,,,,,,
,,,,,,,,,,,,0,,,,0,,0,,0,,,,,,,,,,,,,,,,,,,,,,,,,,,,,,,
,,,,,,,,,,,,0,,,,0,,0,,0,,,,,,,,,,,,,,,,,,,,,,,,,,,,,,,
,,,,,,,,,,,,0,,,,0,,0,,0,,,,,,,,,,,,,,,,,,,,,,,,,,,,,,,
,,,,,,,,,,,,0,,,,0,,0,,0,,,,,,,,,,,,,,,,,,,,,,,,,,,,,,,
,,,,,,,,,,,,0,,,,0,,0,,0,,,,,,,,,,,,,,,,,,,,,,,,,,,,,,,
,,,,,,,,,,,,0,,,,0,,0,,0,,,,,,,,,,,,,,,,,,,,,,,,,,,,,,,
,,,,,,,,,,,,0,,,,0,,0,,0,,,,,,,,,,,,,,,,,,,,,,,,,,,,,,,
,,,,,,,,,,,,0,,,,0,,0,,0,,,,,,,,,,,,,,,,,,,,,,,,,,,,,,,
,,,,,,,,,,,,0,,,,0,,0,,0,,,,,,,,,,,,,,,,,,,,,,,,,,,,,,,
,,,,,,,,,,,,0,,,,0,,0,,0,,,,,,,,,,,,,,,,,,,,,,,,,,,,,,,
,,,,,,,,,,,,0,,,,0,,0,,0,,,,,,,,,,,,,,,,,,,,,,,,,,,,,,,
,,,,,,,,,,,,0,,,,0,,0,,0,,,,,,,,,,,,,,,,,,,,,,,,,,,,,,,
,,,,,,,,,,,,0,,,,0,,0,,0,,,,,,,,,,,,,,,,,,,,,,,,,,,,,,,
,,,,,,,,,,,,0,,,,0,,0,,0,,,,,,,,,,,,,,,,,,,,,,,,,,,,,,,
,,,,,,,,,,,,0,,,,0,,0,,0,,,,,,,,,,,,,,,,,,,,,,,,,,,,,,,
,,,,,,,,,,,,0,,,,0,,0,,0,,,,,,,,,,,,,,,,,,,,,,,,,,,,,,,
,,,,,,,,,,,,0,,,,0,,0,,0,,,,,,,,,,,,,,,,,,,,,,,,,,,,,,,
,,,,,,,,,,,,0,,,,0,,0,,0,,,,,,,,,,,,,,,,,,,,,,,,,,,,,,,
,,,,,,,,,,,,0,,,,0,,0,,0,,,,,,,,,,,,,,,,,,,,,,,,,,,,,,,
,,,,,,,,,,,,0,,,,0,,0,,0,,,,,,,,,,,,,,,,,,,,,,,,,,,,,,,
,,,,,,,,,,,,0,,,,0,,0,,0,,,,,,,,,,,,,,,,,,,,,,,,,,,,,,,
,,,,,,,,,,,,0,,,,0,,0,,0,,,,,,,,,,,,,,,,,,,,,,,,,,,,,,,
,,,,,,,,,,,,0,,,,0,,0,,0,,,,,,,,,,,,,,,,,,,,,,,,,,,,,,,
,,,,,,,,,,,,0,,,,0,,0,,0,,,,,,,,,,,,,,,,,,,,,,,,,,,,,,,
,,,,,,,,,,,,0,,,,0,,0,,0,,,,,,,,,,,,,,,,,,,,,,,,,,,,,,,
,,,,,,,,,,,,0,,,,0,,0,,0,,,,,,,,,,,,,,,,,,,,,,,,,,,,,,,
,,,,,,,,,,,,0,,,,0,,0,,0,,,,,,,,,,,,,,,,,,,,,,,,,,,,,,,
,,,,,,,,,,,,0,,,,0,,0,,0,,,,,,,,,,,,,,,,,,,,,,,,,,,,,,,
,,,,,,,,,,,,0,,,,0,,0,,0,,,,,,,,,,,,,,,,,,,,,,,,,,,,,,,
,,,,,,,,,,,,0,,,,0,,0,,0,,,,,,,,,,,,,,,,,,,,,,,,,,,,,,,
,,,,,,,,,,,,0,,,,0,,0,,0,,,,,,,,,,,,,,,,,,,,,,,,,,,,,,,
,,,,,,,,,,,,0,,,,0,,0,,0,,,,,,,,,,,,,,,,,,,,,,,,,,,,,,,
,,,,,,,,,,,,0,,,,0,,0,,0,,,,,,,,,,,,,,,,,,,,,,,,,,,,,,,
,,,,,,,,,,,,0,,,,0,,0,,0,,,,,,,,,,,,,,,,,,,,,,,,,,,,,,,
,,,,,,,,,,,,0,,,,0,,0,,0,,,,,,,,,,,,,,,,,,,,,,,,,,,,,,,
,,,,,,,,,,,,0,,,,0,,0,,0,,,,,,,,,,,,,,,,,,,,,,,,,,,,,,,
,,,,,,,,,,,,0,,,,0,,0,,0,,,,,,,,,,,,,,,,,,,,,,,,,,,,,,,
,,,,,,,,,,,,0,,,,0,,0,,0,,,,,,,,,,,,,,,,,,,,,,,,,,,,,,,
,,,,,,,,,,,,0,,,,0,,0,,0,,,,,,,,,,,,,,,,,,,,,,,,,,,,,,,
,,,,,,,,,,,,0,,,,0,,0,,0,,,,,,,,,,,,,,,,,,,,,,,,,,,,,,,
,,,,,,,,,,,,0,,,,0,,0,,0,,,,,,,,,,,,,,,,,,,,,,,,,,,,,,,
,,,,,,,,,,,,0,,,,0,,0,,0,,,,,,,,,,,,,,,,,,,,,,,,,,,,,,,
,,,,,,,,,,,,0,,,,0,,0,,0,,,,,,,,,,,,,,,,,,,,,,,,,,,,,,,
,,,,,,,,,,,,0,,,,0,,0,,0,,,,,,,,,,,,,,,,,,,,,,,,,,,,,,,
,,,,,,,,,,,,0,,,,0,,0,,0,,,,,,,,,,,,,,,,,,,,,,,,,,,,,,,
,,,,,,,,,,,,0,,,,0,,0,,0,,,,,,,,,,,,,,,,,,,,,,,,,,,,,,,
,,,,,,,,,,,,0,,,,0,,0,,0,,,,,,,,,,,,,,,,,,,,,,,,,,,,,,,
,,,,,,,,,,,,0,,,,0,,0,,0,,,,,,,,,,,,,,,,,,,,,,,,,,,,,,,
,,,,,,,,,,,,0,,,,0,,0,,0,,,,,,,,,,,,,,,,,,,,,,,,,,,,,,,
,,,,,,,,,,,,0,,,,0,,0,,0,,,,,,,,,,,,,,,,,,,,,,,,,,,,,,,
,,,,,,,,,,,,0,,,,0,,0,,0,,,,,,,,,,,,,,,,,,,,,,,,,,,,,,,
,,,,,,,,,,,,0,,,,0,,0,,0,,,,,,,,,,,,,,,,,,,,,,,,,,,,,,,
,,,,,,,,,,,,0,,,,0,,0,,0,,,,,,,,,,,,,,,,,,,,,,,,,,,,,,,
,,,,,,,,,,,,0,,,,0,,0,,0,,,,,,,,,,,,,,,,,,,,,,,,,,,,,,,
,,,,,,,,,,,,0,,,,0,,0,,0,,,,,,,,,,,,,,,,,,,,,,,,,,,,,,,
,,,,,,,,,,,,0,,,,0,,0,,0,,,,,,,,,,,,,,,,,,,,,,,,,,,,,,,
,,,,,,,,,,,,0,,,,0,,0,,0,,,,,,,,,,,,,,,,,,,,,,,,,,,,,,,
,,,,,,,,,,,,0,,,,0,,0,,0,,,,,,,,,,,,,,,,,,,,,,,,,,,,,,,
,,,,,,,,,,,,0,,,,0,,0,,0,,,,,,,,,,,,,,,,,,,,,,,,,,,,,,,
,,,,,,,,,,,,0,,,,0,,0,,0,,,,,,,,,,,,,,,,,,,,,,,,,,,,,,,
,,,,,,,,,,,,0,,,,0,,0,,0,,,,,,,,,,,,,,,,,,,,,,,,,,,,,,,
,,,,,,,,,,,,0,,,,0,,0,,0,,,,,,,,,,,,,,,,,,,,,,,,,,,,,,,
,,,,,,,,,,,,0,,,,0,,0,,0,,,,,,,,,,,,,,,,,,,,,,,,,,,,,,,
,,,,,,,,,,,,0,,,,0,,0,,0,,,,,,,,,,,,,,,,,,,,,,,,,,,,,,,
,,,,,,,,,,,,0,,,,0,,0,,0,,,,,,,,,,,,,,,,,,,,,,,,,,,,,,,
,,,,,,,,,,,,0,,,,0,,0,,0,,,,,,,,,,,,,,,,,,,,,,,,,,,,,,,
,,,,,,,,,,,,0,,,,0,,0,,0,,,,,,,,,,,,,,,,,,,,,,,,,,,,,,,
,,,,,,,,,,,,0,,,,0,,0,,0,,,,,,,,,,,,,,,,,,,,,,,,,,,,,,,
,,,,,,,,,,,,0,,,,0,,0,,0,,,,,,,,,,,,,,,,,,,,,,,,,,,,,,,
,,,,,,,,,,,,0,,,,0,,0,,0,,,,,,,,,,,,,,,,,,,,,,,,,,,,,,,
,,,,,,,,,,,,0,,,,0,,0,,0,,,,,,,,,,,,,,,,,,,,,,,,,,,,,,,
,,,,,,,,,,,,0,,,,0,,0,,0,,,,,,,,,,,,,,,,,,,,,,,,,,,,,,,
,,,,,,,,,,,,0,,,,0,,0,,0,,,,,,,,,,,,,,,,,,,,,,,,,,,,,,,
,,,,,,,,,,,,0,,,,0,,0,,0,,,,,,,,,,,,,,,,,,,,,,,,,,,,,,,
,,,,,,,,,,,,0,,,,0,,0,,0,,,,,,,,,,,,,,,,,,,,,,,,,,,,,,,
,,,,,,,,,,,,0,,,,0,,0,,0,,,,,,,,,,,,,,,,,,,,,,,,,,,,,,,
,,,,,,,,,,,,0,,,,0,,0,,0,,,,,,,,,,,,,,,,,,,,,,,,,,,,,,,
,,,,,,,,,,,,0,,,,0,,0,,0,,,,,,,,,,,,,,,,,,,,,,,,,,,,,,,
,,,,,,,,,,,,0,,,,0,,0,,0,,,,,,,,,,,,,,,,,,,,,,,,,,,,,,,
,,,,,,,,,,,,0,,,,0,,0,,0,,,,,,,,,,,,,,,,,,,,,,,,,,,,,,,
,,,,,,,,,,,,0,,,,0,,0,,0,,,,,,,,,,,,,,,,,,,,,,,,,,,,,,,
,,,,,,,,,,,,0,,,,0,,0,,0,,,,,,,,,,,,,,,,,,,,,,,,,,,,,,,
,,,,,,,,,,,,0,,,,0,,0,,0,,,,,,,,,,,,,,,,,,,,,,,,,,,,,,,
,,,,,,,,,,,,0,,,,0,,0,,0,,,,,,,,,,,,,,,,,,,,,,,,,,,,,,,
,,,,,,,,,,,,0,,,,0,,0,,0,,,,,,,,,,,,,,,,,,,,,,,,,,,,,,,
,,,,,,,,,,,,0,,,,0,,0,,0,,,,,,,,,,,,,,,,,,,,,,,,,,,,,,,
,,,,,,,,,,,,0,,,,0,,0,,0,,,,,,,,,,,,,,,,,,,,,,,,,,,,,,,
,,,,,,,,,,,,0,,,,0,,0,,0,,,,,,,,,,,,,,,,,,,,,,,,,,,,,,,
,,,,,,,,,,,,0,,,,0,,0,,0,,,,,,,,,,,,,,,,,,,,,,,,,,,,,,,
,,,,,,,,,,,,0,,,,0,,0,,0,,,,,,,,,,,,,,,,,,,,,,,,,,,,,,,
,,,,,,,,,,,,0,,,,0,,0,,0,,,,,,,,,,,,,,,,,,,,,,,,,,,,,,,
,,,,,,,,,,,,0,,,,0,,0,,0,,,,,,,,,,,,,,,,,,,,,,,,,,,,,,,
,,,,,,,,,,,,0,,,,0,,0,,0,,,,,,,,,,,,,,,,,,,,,,,,,,,,,,,
,,,,,,,,,,,,0,,,,0,,0,,0,,,,,,,,,,,,,,,,,,,,,,,,,,,,,,,
,,,,,,,,,,,,0,,,,0,,0,,0,,,,,,,,,,,,,,,,,,,,,,,,,,,,,,,
,,,,,,,,,,,,0,,,,0,,0,,0,,,,,,,,,,,,,,,,,,,,,,,,,,,,,,,
,,,,,,,,,,,,0,,,,0,,0,,0,,,,,,,,,,,,,,,,,,,,,,,,,,,,,,,
,,,,,,,,,,,,0,,,,0,,0,,0,,,,,,,,,,,,,,,,,,,,,,,,,,,,,,,
,,,,,,,,,,,,0,,,,0,,0,,0,,,,,,,,,,,,,,,,,,,,,,,,,,,,,,,
,,,,,,,,,,,,0,,,,0,,0,,0,,,,,,,,,,,,,,,,,,,,,,,,,,,,,,,
,,,,,,,,,,,,0,,,,0,,0,,0,,,,,,,,,,,,,,,,,,,,,,,,,,,,,,,
,,,,,,,,,,,,0,,,,0,,0,,0,,,,,,,,,,,,,,,,,,,,,,,,,,,,,,,
,,,,,,,,,,,,0,,,,0,,0,,0,,,,,,,,,,,,,,,,,,,,,,,,,,,,,,,
,,,,,,,,,,,,0,,,,0,,0,,0,,,,,,,,,,,,,,,,,,,,,,,,,,,,,,,
,,,,,,,,,,,,0,,,,0,,0,,0,,,,,,,,,,,,,,,,,,,,,,,,,,,,,,,
,,,,,,,,,,,,0,,,,0,,0,,0,,,,,,,,,,,,,,,,,,,,,,,,,,,,,,,
,,,,,,,,,,,,0,,,,0,,0,,0,,,,,,,,,,,,,,,,,,,,,,,,,,,,,,,
,,,,,,,,,,,,0,,,,0,,0,,0,,,,,,,,,,,,,,,,,,,,,,,,,,,,,,,
,,,,,,,,,,,,0,,,,0,,0,,0,,,,,,,,,,,,,,,,,,,,,,,,,,,,,,,
,,,,,,,,,,,,0,,,,0,,0,,0,,,,,,,,,,,,,,,,,,,,,,,,,,,,,,,
,,,,,,,,,,,,0,,,,0,,0,,0,,,,,,,,,,,,,,,,,,,,,,,,,,,,,,,
,,,,,,,,,,,,0,,,,0,,0,,0,,,,,,,,,,,,,,,,,,,,,,,,,,,,,,,
,,,,,,,,,,,,0,,,,0,,0,,0,,,,,,,,,,,,,,,,,,,,,,,,,,,,,,,
,,,,,,,,,,,,0,,,,0,,0,,0,,,,,,,,,,,,,,,,,,,,,,,,,,,,,,,
,,,,,,,,,,,,0,,,,0,,0,,0,,,,,,,,,,,,,,,,,,,,,,,,,,,,,,,
,,,,,,,,,,,,0,,,,0,,0,,0,,,,,,,,,,,,,,,,,,,,,,,,,,,,,,,
,,,,,,,,,,,,0,,,,0,,0,,0,,,,,,,,,,,,,,,,,,,,,,,,,,,,,,,
,,,,,,,,,,,,0,,,,0,,0,,0,,,,,,,,,,,,,,,,,,,,,,,,,,,,,,,
,,,,,,,,,,,,0,,,,0,,0,,0,,,,,,,,,,,,,,,,,,,,,,,,,,,,,,,
,,,,,,,,,,,,0,,,,0,,0,,0,,,,,,,,,,,,,,,,,,,,,,,,,,,,,,,
,,,,,,,,,,,,0,,,,0,,0,,0,,,,,,,,,,,,,,,,,,,,,,,,,,,,,,,
,,,,,,,,,,,,0,,,,0,,0,,0,,,,,,,,,,,,,,,,,,,,,,,,,,,,,,,
,,,,,,,,,,,,0,,,,0,,0,,0,,,,,,,,,,,,,,,,,,,,,,,,,,,,,,,
,,,,,,,,,,,,0,,,,0,,0,,0,,,,,,,,,,,,,,,,,,,,,,,,,,,,,,,
,,,,,,,,,,,,0,,,,0,,0,,0,,,,,,,,,,,,,,,,,,,,,,,,,,,,,,,
,,,,,,,,,,,,0,,,,0,,0,,0,,,,,,,,,,,,,,,,,,,,,,,,,,,,,,,
,,,,,,,,,,,,0,,,,0,,0,,0,,,,,,,,,,,,,,,,,,,,,,,,,,,,,,,
,,,,,,,,,,,,0,,,,0,,0,,0,,,,,,,,,,,,,,,,,,,,,,,,,,,,,,,
,,,,,,,,,,,,0,,,,0,,0,,0,,,,,,,,,,,,,,,,,,,,,,,,,,,,,,,
,,,,,,,,,,,,0,,,,0,,0,,0,,,,,,,,,,,,,,,,,,,,,,,,,,,,,,,
,,,,,,,,,,,,0,,,,0,,0,,0,,,,,,,,,,,,,,,,,,,,,,,,,,,,,,,
,,,,,,,,,,,,0,,,,0,,0,,0,,,,,,,,,,,,,,,,,,,,,,,,,,,,,,,
,,,,,,,,,,,,0,,,,0,,0,,0,,,,,,,,,,,,,,,,,,,,,,,,,,,,,,,
,,,,,,,,,,,,0,,,,0,,0,,0,,,,,,,,,,,,,,,,,,,,,,,,,,,,,,,
,,,,,,,,,,,,0,,,,0,,0,,0,,,,,,,,,,,,,,,,,,,,,,,,,,,,,,,
,,,,,,,,,,,,0,,,,0,,0,,0,,,,,,,,,,,,,,,,,,,,,,,,,,,,,,,
,,,,,,,,,,,,0,,,,0,,0,,0,,,,,,,,,,,,,,,,,,,,,,,,,,,,,,,
,,,,,,,,,,,,0,,,,0,,0,,0,,,,,,,,,,,,,,,,,,,,,,,,,,,,,,,
,,,,,,,,,,,,0,,,,0,,0,,0,,,,,,,,,,,,,,,,,,,,,,,,,,,,,,,
,,,,,,,,,,,,0,,,,0,,0,,0,,,,,,,,,,,,,,,,,,,,,,,,,,,,,,,
,,,,,,,,,,,,0,,,,0,,0,,0,,,,,,,,,,,,,,,,,,,,,,,,,,,,,,,
,,,,,,,,,,,,0,,,,0,,0,,0,,,,,,,,,,,,,,,,,,,,,,,,,,,,,,,
,,,,,,,,,,,,0,,,,0,,0,,0,,,,,,,,,,,,,,,,,,,,,,,,,,,,,,,
,,,,,,,,,,,,0,,,,0,,0,,0,,,,,,,,,,,,,,,,,,,,,,,,,,,,,,,
,,,,,,,,,,,,0,,,,0,,0,,0,,,,,,,,,,,,,,,,,,,,,,,,,,,,,,,
,,,,,,,,,,,,0,,,,0,,0,,0,,,,,,,,,,,,,,,,,,,,,,,,,,,,,,,
,,,,,,,,,,,,0,,,,0,,0,,0,,,,,,,,,,,,,,,,,,,,,,,,,,,,,,,
,,,,,,,,,,,,0,,,,0,,0,,0,,,,,,,,,,,,,,,,,,,,,,,,,,,,,,,
,,,,,,,,,,,,0,,,,0,,0,,0,,,,,,,,,,,,,,,,,,,,,,,,,,,,,,,
,,,,,,,,,,,,0,,,,0,,0,,0,,,,,,,,,,,,,,,,,,,,,,,,,,,,,,,
,,,,,,,,,,,,0,,,,0,,0,,0,,,,,,,,,,,,,,,,,,,,,,,,,,,,,,,
,,,,,,,,,,,,0,,,,0,,0,,0,,,,,,,,,,,,,,,,,,,,,,,,,,,,,,,
,,,,,,,,,,,,0,,,,0,,0,,0,,,,,,,,,,,,,,,,,,,,,,,,,,,,,,,
,,,,,,,,,,,,0,,,,0,,0,,0,,,,,,,,,,,,,,,,,,,,,,,,,,,,,,,
,,,,,,,,,,,,0,,,,0,,0,,0,,,,,,,,,,,,,,,,,,,,,,,,,,,,,,,
,,,,,,,,,,,,0,,,,0,,0,,0,,,,,,,,,,,,,,,,,,,,,,,,,,,,,,,
,,,,,,,,,,,,0,,,,0,,0,,0,,,,,,,,,,,,,,,,,,,,,,,,,,,,,,,
,,,,,,,,,,,,0,,,,0,,0,,0,,,,,,,,,,,,,,,,,,,,,,,,,,,,,,,
,,,,,,,,,,,,0,,,,0,,0,,0,,,,,,,,,,,,,,,,,,,,,,,,,,,,,,,
,,,,,,,,,,,,0,,,,0,,0,,0,,,,,,,,,,,,,,,,,,,,,,,,,,,,,,,
,,,,,,,,,,,,0,,,,0,,0,,0,,,,,,,,,,,,,,,,,,,,,,,,,,,,,,,
,,,,,,,,,,,,0,,,,0,,0,,0,,,,,,,,,,,,,,,,,,,,,,,,,,,,,,,
,,,,,,,,,,,,0,,,,0,,0,,0,,,,,,,,,,,,,,,,,,,,,,,,,,,,,,,
,,,,,,,,,,,,0,,,,0,,0,,0,,,,,,,,,,,,,,,,,,,,,,,,,,,,,,,
,,,,,,,,,,,,0,,,,0,,0,,0,,,,,,,,,,,,,,,,,,,,,,,,,,,,,,,
,,,,,,,,,,,,0,,,,0,,0,,0,,,,,,,,,,,,,,,,,,,,,,,,,,,,,,,
,,,,,,,,,,,,0,,,,0,,0,,0,,,,,,,,,,,,,,,,,,,,,,,,,,,,,,,
,,,,,,,,,,,,0,,,,0,,0,,0,,,,,,,,,,,,,,,,,,,,,,,,,,,,,,,
,,,,,,,,,,,,0,,,,0,,0,,0,,,,,,,,,,,,,,,,,,,,,,,,,,,,,,,
,,,,,,,,,,,,0,,,,0,,0,,0,,,,,,,,,,,,,,,,,,,,,,,,,,,,,,,
,,,,,,,,,,,,0,,,,0,,0,,0,,,,,,,,,,,,,,,,,,,,,,,,,,,,,,,
,,,,,,,,,,,,0,,,,0,,0,,0,,,,,,,,,,,,,,,,,,,,,,,,,,,,,,,
,,,,,,,,,,,,0,,,,0,,0,,0,,,,,,,,,,,,,,,,,,,,,,,,,,,,,,,
,,,,,,,,,,,,0,,,,0,,0,,0,,,,,,,,,,,,,,,,,,,,,,,,,,,,,,,
,,,,,,,,,,,,0,,,,0,,0,,0,,,,,,,,,,,,,,,,,,,,,,,,,,,,,,,
,,,,,,,,,,,,0,,,,0,,0,,0,,,,,,,,,,,,,,,,,,,,,,,,,,,,,,,
,,,,,,,,,,,,0,,,,0,,0,,0,,,,,,,,,,,,,,,,,,,,,,,,,,,,,,,
,,,,,,,,,,,,0,,,,0,,0,,0,,,,,,,,,,,,,,,,,,,,,,,,,,,,,,,
,,,,,,,,,,,,0,,,,0,,0,,0,,,,,,,,,,,,,,,,,,,,,,,,,,,,,,,
,,,,,,,,,,,,0,,,,0,,0,,0,,,,,,,,,,,,,,,,,,,,,,,,,,,,,,,
,,,,,,,,,,,,0,,,,0,,0,,0,,,,,,,,,,,,,,,,,,,,,,,,,,,,,,,
,,,,,,,,,,,,0,,,,0,,0,,0,,,,,,,,,,,,,,,,,,,,,,,,,,,,,,,
,,,,,,,,,,,,0,,,,0,,0,,0,,,,,,,,,,,,,,,,,,,,,,,,,,,,,,,
,,,,,,,,,,,,0,,,,0,,0,,0,,,,,,,,,,,,,,,,,,,,,,,,,,,,,,,
,,,,,,,,,,,,0,,,,0,,0,,0,,,,,,,,,,,,,,,,,,,,,,,,,,,,,,,
,,,,,,,,,,,,0,,,,0,,0,,0,,,,,,,,,,,,,,,,,,,,,,,,,,,,,,,
,,,,,,,,,,,,0,,,,0,,0,,0,,,,,,,,,,,,,,,,,,,,,,,,,,,,,,,
,,,,,,,,,,,,0,,,,0,,0,,0,,,,,,,,,,,,,,,,,,,,,,,,,,,,,,,
,,,,,,,,,,,,0,,,,0,,0,,0,,,,,,,,,,,,,,,,,,,,,,,,,,,,,,,
,,,,,,,,,,,,0,,,,0,,0,,0,,,,,,,,,,,,,,,,,,,,,,,,,,,,,,,
,,,,,,,,,,,,0,,,,0,,0,,0,,,,,,,,,,,,,,,,,,,,,,,,,,,,,,,
,,,,,,,,,,,,0,,,,0,,0,,0,,,,,,,,,,,,,,,,,,,,,,,,,,,,,,,
,,,,,,,,,,,,0,,,,0,,0,,0,,,,,,,,,,,,,,,,,,,,,,,,,,,,,,,
,,,,,,,,,,,,0,,,,0,,0,,0,,,,,,,,,,,,,,,,,,,,,,,,,,,,,,,
,,,,,,,,,,,,0,,,,0,,0,,0,,,,,,,,,,,,,,,,,,,,,,,,,,,,,,,
,,,,,,,,,,,,0,,,,0,,0,,0,,,,,,,,,,,,,,,,,,,,,,,,,,,,,,,
,,,,,,,,,,,,0,,,,0,,0,,0,,,,,,,,,,,,,,,,,,,,,,,,,,,,,,,
,,,,,,,,,,,,0,,,,0,,0,,0,,,,,,,,,,,,,,,,,,,,,,,,,,,,,,,
,,,,,,,,,,,,0,,,,0,,0,,0,,,,,,,,,,,,,,,,,,,,,,,,,,,,,,,
,,,,,,,,,,,,0,,,,0,,0,,0,,,,,,,,,,,,,,,,,,,,,,,,,,,,,,,
,,,,,,,,,,,,0,,,,0,,0,,0,,,,,,,,,,,,,,,,,,,,,,,,,,,,,,,
,,,,,,,,,,,,0,,,,0,,0,,0,,,,,,,,,,,,,,,,,,,,,,,,,,,,,,,
,,,,,,,,,,,,0,,,,0,,0,,0,,,,,,,,,,,,,,,,,,,,,,,,,,,,,,,
,,,,,,,,,,,,0,,,,0,,0,,0,,,,,,,,,,,,,,,,,,,,,,,,,,,,,,,
,,,,,,,,,,,,0,,,,0,,0,,0,,,,,,,,,,,,,,,,,,,,,,,,,,,,,,,
,,,,,,,,,,,,0,,,,0,,0,,0,,,,,,,,,,,,,,,,,,,,,,,,,,,,,,,
,,,,,,,,,,,,0,,,,0,,0,,0,,,,,,,,,,,,,,,,,,,,,,,,,,,,,,,
,,,,,,,,,,,,0,,,,0,,0,,0,,,,,,,,,,,,,,,,,,,,,,,,,,,,,,,
,,,,,,,,,,,,0,,,,0,,0,,0,,,,,,,,,,,,,,,,,,,,,,,,,,,,,,,
,,,,,,,,,,,,0,,,,0,,0,,0,,,,,,,,,,,,,,,,,,,,,,,,,,,,,,,
,,,,,,,,,,,,0,,,,0,,0,,0,,,,,,,,,,,,,,,,,,,,,,,,,,,,,,,
,,,,,,,,,,,,0,,,,0,,0,,0,,,,,,,,,,,,,,,,,,,,,,,,,,,,,,,
,,,,,,,,,,,,0,,,,0,,0,,0,,,,,,,,,,,,,,,,,,,,,,,,,,,,,,,
,,,,,,,,,,,,0,,,,0,,0,,0,,,,,,,,,,,,,,,,,,,,,,,,,,,,,,,
,,,,,,,,,,,,0,,,,0,,0,,0,,,,,,,,,,,,,,,,,,,,,,,,,,,,,,,
,,,,,,,,,,,,0,,,,0,,0,,0,,,,,,,,,,,,,,,,,,,,,,,,,,,,,,,
,,,,,,,,,,,,0,,,,0,,0,,0,,,,,,,,,,,,,,,,,,,,,,,,,,,,,,,
,,,,,,,,,,,,0,,,,0,,0,,0,,,,,,,,,,,,,,,,,,,,,,,,,,,,,,,
,,,,,,,,,,,,0,,,,0,,0,,0,,,,,,,,,,,,,,,,,,,,,,,,,,,,,,,
,,,,,,,,,,,,0,,,,0,,0,,0,,,,,,,,,,,,,,,,,,,,,,,,,,,,,,,
,,,,,,,,,,,,0,,,,0,,0,,0,,,,,,,,,,,,,,,,,,,,,,,,,,,,,,,
,,,,,,,,,,,,0,,,,0,,0,,0,,,,,,,,,,,,,,,,,,,,,,,,,,,,,,,
,,,,,,,,,,,,0,,,,0,,0,,0,,,,,,,,,,,,,,,,,,,,,,,,,,,,,,,
,,,,,,,,,,,,0,,,,0,,0,,0,,,,,,,,,,,,,,,,,,,,,,,,,,,,,,,
,,,,,,,,,,,,0,,,,0,,0,,0,,,,,,,,,,,,,,,,,,,,,,,,,,,,,,,
,,,,,,,,,,,,0,,,,0,,0,,0,,,,,,,,,,,,,,,,,,,,,,,,,,,,,,,
,,,,,,,,,,,,0,,,,0,,0,,0,,,,,,,,,,,,,,,,,,,,,,,,,,,,,,,
,,,,,,,,,,,,0,,,,0,,0,,0,,,,,,,,,,,,,,,,,,,,,,,,,,,,,,,
,,,,,,,,,,,,0,,,,0,,0,,0,,,,,,,,,,,,,,,,,,,,,,,,,,,,,,,
,,,,,,,,,,,,0,,,,0,,0,,0,,,,,,,,,,,,,,,,,,,,,,,,,,,,,,,
,,,,,,,,,,,,0,,,,0,,0,,0,,,,,,,,,,,,,,,,,,,,,,,,,,,,,,,
,,,,,,,,,,,,0,,,,0,,0,,0,,,,,,,,,,,,,,,,,,,,,,,,,,,,,,,
,,,,,,,,,,,,0,,,,0,,0,,0,,,,,,,,,,,,,,,,,,,,,,,,,,,,,,,
,,,,,,,,,,,,0,,,,0,,0,,0,,,,,,,,,,,,,,,,,,,,,,,,,,,,,,,
,,,,,,,,,,,,0,,,,0,,0,,0,,,,,,,,,,,,,,,,,,,,,,,,,,,,,,,
,,,,,,,,,,,,0,,,,0,,0,,0,,,,,,,,,,,,,,,,,,,,,,,,,,,,,,,
,,,,,,,,,,,,0,,,,0,,0,,0,,,,,,,,,,,,,,,,,,,,,,,,,,,,,,,
,,,,,,,,,,,,0,,,,0,,0,,0,,,,,,,,,,,,,,,,,,,,,,,,,,,,,,,
,,,,,,,,,,,,0,,,,0,,0,,0,,,,,,,,,,,,,,,,,,,,,,,,,,,,,,,
,,,,,,,,,,,,0,,,,0,,0,,0,,,,,,,,,,,,,,,,,,,,,,,,,,,,,,,
,,,,,,,,,,,,0,,,,0,,0,,0,,,,,,,,,,,,,,,,,,,,,,,,,,,,,,,
,,,,,,,,,,,,0,,,,0,,0,,0,,,,,,,,,,,,,,,,,,,,,,,,,,,,,,,
,,,,,,,,,,,,0,,,,0,,0,,0,,,,,,,,,,,,,,,,,,,,,,,,,,,,,,,
,,,,,,,,,,,,0,,,,0,,0,,0,,,,,,,,,,,,,,,,,,,,,,,,,,,,,,,
,,,,,,,,,,,,0,,,,0,,0,,0,,,,,,,,,,,,,,,,,,,,,,,,,,,,,,,
,,,,,,,,,,,,0,,,,0,,0,,0,,,,,,,,,,,,,,,,,,,,,,,,,,,,,,,
,,,,,,,,,,,,0,,,,0,,0,,0,,,,,,,,,,,,,,,,,,,,,,,,,,,,,,,
,,,,,,,,,,,,0,,,,0,,0,,0,,,,,,,,,,,,,,,,,,,,,,,,,,,,,,,
,,,,,,,,,,,,0,,,,0,,0,,0,,,,,,,,,,,,,,,,,,,,,,,,,,,,,,,
,,,,,,,,,,,,0,,,,0,,0,,0,,,,,,,,,,,,,,,,,,,,,,,,,,,,,,,
,,,,,,,,,,,,0,,,,0,,0,,0,,,,,,,,,,,,,,,,,,,,,,,,,,,,,,,
,,,,,,,,,,,,0,,,,0,,0,,0,,,,,,,,,,,,,,,,,,,,,,,,,,,,,,,
,,,,,,,,,,,,0,,,,0,,0,,0,,,,,,,,,,,,,,,,,,,,,,,,,,,,,,,
,,,,,,,,,,,,0,,,,0,,0,,0,,,,,,,,,,,,,,,,,,,,,,,,,,,,,,,
,,,,,,,,,,,,0,,,,0,,0,,0,,,,,,,,,,,,,,,,,,,,,,,,,,,,,,,
,,,,,,,,,,,,0,,,,0,,0,,0,,,,,,,,,,,,,,,,,,,,,,,,,,,,,,,
,,,,,,,,,,,,0,,,,0,,0,,0,,,,,,,,,,,,,,,,,,,,,,,,,,,,,,,
,,,,,,,,,,,,0,,,,0,,0,,0,,,,,,,,,,,,,,,,,,,,,,,,,,,,,,,
,,,,,,,,,,,,0,,,,0,,0,,0,,,,,,,,,,,,,,,,,,,,,,,,,,,,,,,
,,,,,,,,,,,,0,,,,0,,0,,0,,,,,,,,,,,,,,,,,,,,,,,,,,,,,,,
,,,,,,,,,,,,0,,,,0,,0,,0,,,,,,,,,,,,,,,,,,,,,,,,,,,,,,,
,,,,,,,,,,,,0,,,,0,,0,,0,,,,,,,,,,,,,,,,,,,,,,,,,,,,,,,
,,,,,,,,,,,,0,,,,0,,0,,0,,,,,,,,,,,,,,,,,,,,,,,,,,,,,,,
,,,,,,,,,,,,0,,,,0,,0,,0,,,,,,,,,,,,,,,,,,,,,,,,,,,,,,,
,,,,,,,,,,,,0,,,,0,,0,,0,,,,,,,,,,,,,,,,,,,,,,,,,,,,,,,
,,,,,,,,,,,,0,,,,0,,0,,0,,,,,,,,,,,,,,,,,,,,,,,,,,,,,,,
,,,,,,,,,,,,0,,,,0,,0,,0,,,,,,,,,,,,,,,,,,,,,,,,,,,,,,,
,,,,,,,,,,,,0,,,,0,,0,,0,,,,,,,,,,,,,,,,,,,,,,,,,,,,,,,
,,,,,,,,,,,,0,,,,0,,0,,0,,,,,,,,,,,,,,,,,,,,,,,,,,,,,,,
,,,,,,,,,,,,0,,,,0,,0,,0,,,,,,,,,,,,,,,,,,,,,,,,,,,,,,,
,,,,,,,,,,,,0,,,,0,,0,,0,,,,,,,,,,,,,,,,,,,,,,,,,,,,,,,
,,,,,,,,,,,,0,,,,0,,0,,0,,,,,,,,,,,,,,,,,,,,,,,,,,,,,,,
,,,,,,,,,,,,0,,,,0,,0,,0,,,,,,,,,,,,,,,,,,,,,,,,,,,,,,,
,,,,,,,,,,,,0,,,,0,,0,,0,,,,,,,,,,,,,,,,,,,,,,,,,,,,,,,
,,,,,,,,,,,,0,,,,0,,0,,0,,,,,,,,,,,,,,,,,,,,,,,,,,,,,,,
,,,,,,,,,,,,0,,,,0,,0,,0,,,,,,,,,,,,,,,,,,,,,,,,,,,,,,,
,,,,,,,,,,,,0,,,,0,,0,,0,,,,,,,,,,,,,,,,,,,,,,,,,,,,,,,
,,,,,,,,,,,,0,,,,0,,0,,0,,,,,,,,,,,,,,,,,,,,,,,,,,,,,,,
,,,,,,,,,,,,0,,,,0,,0,,0,,,,,,,,,,,,,,,,,,,,,,,,,,,,,,,
,,,,,,,,,,,,0,,,,0,,0,,0,,,,,,,,,,,,,,,,,,,,,,,,,,,,,,,
,,,,,,,,,,,,0,,,,0,,0,,0,,,,,,,,,,,,,,,,,,,,,,,,,,,,,,,
,,,,,,,,,,,,0,,,,0,,0,,0,,,,,,,,,,,,,,,,,,,,,,,,,,,,,,,
,,,,,,,,,,,,0,,,,0,,0,,0,,,,,,,,,,,,,,,,,,,,,,,,,,,,,,,
,,,,,,,,,,,,0,,,,0,,0,,0,,,,,,,,,,,,,,,,,,,,,,,,,,,,,,,
,,,,,,,,,,,,0,,,,0,,0,,0,,,,,,,,,,,,,,,,,,,,,,,,,,,,,,,
,,,,,,,,,,,,0,,,,0,,0,,0,,,,,,,,,,,,,,,,,,,,,,,,,,,,,,,
,,,,,,,,,,,,0,,,,0,,0,,0,,,,,,,,,,,,,,,,,,,,,,,,,,,,,,,
,,,,,,,,,,,,0,,,,0,,0,,0,,,,,,,,,,,,,,,,,,,,,,,,,,,,,,,
,,,,,,,,,,,,0,,,,0,,0,,0,,,,,,,,,,,,,,,,,,,,,,,,,,,,,,,
,,,,,,,,,,,,0,,,,0,,0,,0,,,,,,,,,,,,,,,,,,,,,,,,,,,,,,,
,,,,,,,,,,,,0,,,,0,,0,,0,,,,,,,,,,,,,,,,,,,,,,,,,,,,,,,
,,,,,,,,,,,,0,,,,0,,0,,0,,,,,,,,,,,,,,,,,,,,,,,,,,,,,,,
,,,,,,,,,,,,0,,,,0,,0,,0,,,,,,,,,,,,,,,,,,,,,,,,,,,,,,,
,,,,,,,,,,,,0,,,,0,,0,,0,,,,,,,,,,,,,,,,,,,,,,,,,,,,,,,
,,,,,,,,,,,,0,,,,0,,0,,0,,,,,,,,,,,,,,,,,,,,,,,,,,,,,,,
,,,,,,,,,,,,0,,,,0,,0,,0,,,,,,,,,,,,,,,,,,,,,,,,,,,,,,,
,,,,,,,,,,,,0,,,,0,,0,,0,,,,,,,,,,,,,,,,,,,,,,,,,,,,,,,
,,,,,,,,,,,,0,,,,0,,0,,0,,,,,,,,,,,,,,,,,,,,,,,,,,,,,,,
,,,,,,,,,,,,0,,,,0,,0,,0,,,,,,,,,,,,,,,,,,,,,,,,,,,,,,,
,,,,,,,,,,,,0,,,,0,,0,,0,,,,,,,,,,,,,,,,,,,,,,,,,,,,,,,
,,,,,,,,,,,,0,,,,0,,0,,0,,,,,,,,,,,,,,,,,,,,,,,,,,,,,,,
,,,,,,,,,,,,0,,,,0,,0,,0,,,,,,,,,,,,,,,,,,,,,,,,,,,,,,,
,,,,,,,,,,,,0,,,,0,,0,,0,,,,,,,,,,,,,,,,,,,,,,,,,,,,,,,
,,,,,,,,,,,,0,,,,0,,0,,0,,,,,,,,,,,,,,,,,,,,,,,,,,,,,,,
,,,,,,,,,,,,0,,,,0,,0,,0,,,,,,,,,,,,,,,,,,,,,,,,,,,,,,,
,,,,,,,,,,,,0,,,,0,,0,,0,,,,,,,,,,,,,,,,,,,,,,,,,,,,,,,
,,,,,,,,,,,,0,,,,0,,0,,0,,,,,,,,,,,,,,,,,,,,,,,,,,,,,,,
,,,,,,,,,,,,0,,,,0,,0,,0,,,,,,,,,,,,,,,,,,,,,,,,,,,,,,,
,,,,,,,,,,,,0,,,,0,,0,,0,,,,,,,,,,,,,,,,,,,,,,,,,,,,,,,
,,,,,,,,,,,,0,,,,0,,0,,0,,,,,,,,,,,,,,,,,,,,,,,,,,,,,,,
,,,,,,,,,,,,0,,,,0,,0,,0,,,,,,,,,,,,,,,,,,,,,,,,,,,,,,,
,,,,,,,,,,,,0,,,,0,,0,,0,,,,,,,,,,,,,,,,,,,,,,,,,,,,,,,
,,,,,,,,,,,,0,,,,0,,0,,0,,,,,,,,,,,,,,,,,,,,,,,,,,,,,,,
,,,,,,,,,,,,0,,,,0,,0,,0,,,,,,,,,,,,,,,,,,,,,,,,,,,,,,,
,,,,,,,,,,,,0,,,,0,,0,,0,,,,,,,,,,,,,,,,,,,,,,,,,,,,,,,
,,,,,,,,,,,,0,,,,0,,0,,0,,,,,,,,,,,,,,,,,,,,,,,,,,,,,,,
,,,,,,,,,,,,0,,,,0,,0,,0,,,,,,,,,,,,,,,,,,,,,,,,,,,,,,,
,,,,,,,,,,,,0,,,,0,,0,,0,,,,,,,,,,,,,,,,,,,,,,,,,,,,,,,
,,,,,,,,,,,,0,,,,0,,0,,0,,,,,,,,,,,,,,,,,,,,,,,,,,,,,,,
,,,,,,,,,,,,0,,,,0,,0,,0,,,,,,,,,,,,,,,,,,,,,,,,,,,,,,,
,,,,,,,,,,,,0,,,,0,,0,,0,,,,,,,,,,,,,,,,,,,,,,,,,,,,,,,
,,,,,,,,,,,,0,,,,0,,0,,0,,,,,,,,,,,,,,,,,,,,,,,,,,,,,,,
,,,,,,,,,,,,0,,,,0,,0,,0,,,,,,,,,,,,,,,,,,,,,,,,,,,,,,,
,,,,,,,,,,,,0,,,,0,,0,,0,,,,,,,,,,,,,,,,,,,,,,,,,,,,,,,
,,,,,,,,,,,,0,,,,0,,0,,0,,,,,,,,,,,,,,,,,,,,,,,,,,,,,,,
,,,,,,,,,,,,0,,,,0,,0,,0,,,,,,,,,,,,,,,,,,,,,,,,,,,,,,,
,,,,,,,,,,,,0,,,,0,,0,,0,,,,,,,,,,,,,,,,,,,,,,,,,,,,,,,
,,,,,,,,,,,,0,,,,0,,0,,0,,,,,,,,,,,,,,,,,,,,,,,,,,,,,,,
,,,,,,,,,,,,0,,,,0,,0,,0,,,,,,,,,,,,,,,,,,,,,,,,,,,,,,,
,,,,,,,,,,,,0,,,,0,,0,,0,,,,,,,,,,,,,,,,,,,,,,,,,,,,,,,
,,,,,,,,,,,,0,,,,0,,0,,0,,,,,,,,,,,,,,,,,,,,,,,,,,,,,,,
,,,,,,,,,,,,0,,,,0,,0,,0,,,,,,,,,,,,,,,,,,,,,,,,,,,,,,,
,,,,,,,,,,,,0,,,,0,,0,,0,,,,,,,,,,,,,,,,,,,,,,,,,,,,,,,
,,,,,,,,,,,,0,,,,0,,0,,0,,,,,,,,,,,,,,,,,,,,,,,,,,,,,,,
,,,,,,,,,,,,0,,,,0,,0,,0,,,,,,,,,,,,,,,,,,,,,,,,,,,,,,,
,,,,,,,,,,,,0,,,,0,,0,,0,,,,,,,,,,,,,,,,,,,,,,,,,,,,,,,
,,,,,,,,,,,,0,,,,0,,0,,0,,,,,,,,,,,,,,,,,,,,,,,,,,,,,,,
,,,,,,,,,,,,0,,,,0,,0,,0,,,,,,,,,,,,,,,,,,,,,,,,,,,,,,,
,,,,,,,,,,,,0,,,,0,,0,,0,,,,,,,,,,,,,,,,,,,,,,,,,,,,,,,
,,,,,,,,,,,,0,,,,0,,0,,0,,,,,,,,,,,,,,,,,,,,,,,,,,,,,,,
,,,,,,,,,,,,0,,,,0,,0,,0,,,,,,,,,,,,,,,,,,,,,,,,,,,,,,,
,,,,,,,,,,,,0,,,,0,,0,,0,,,,,,,,,,,,,,,,,,,,,,,,,,,,,,,
,,,,,,,,,,,,0,,,,0,,0,,0,,,,,,,,,,,,,,,,,,,,,,,,,,,,,,,
,,,,,,,,,,,,0,,,,0,,0,,0,,,,,,,,,,,,,,,,,,,,,,,,,,,,,,,
,,,,,,,,,,,,0,,,,0,,0,,0,,,,,,,,,,,,,,,,,,,,,,,,,,,,,,,
,,,,,,,,,,,,0,,,,0,,0,,0,,,,,,,,,,,,,,,,,,,,,,,,,,,,,,,
,,,,,,,,,,,,0,,,,0,,0,,0,,,,,,,,,,,,,,,,,,,,,,,,,,,,,,,
,,,,,,,,,,,,0,,,,0,,0,,0,,,,,,,,,,,,,,,,,,,,,,,,,,,,,,,
,,,,,,,,,,,,0,,,,0,,0,,0,,,,,,,,,,,,,,,,,,,,,,,,,,,,,,,
,,,,,,,,,,,,0,,,,0,,0,,0,,,,,,,,,,,,,,,,,,,,,,,,,,,,,,,
,,,,,,,,,,,,0,,,,0,,0,,0,,,,,,,,,,,,,,,,,,,,,,,,,,,,,,,
,,,,,,,,,,,,0,,,,0,,0,,0,,,,,,,,,,,,,,,,,,,,,,,,,,,,,,,
,,,,,,,,,,,,0,,,,0,,0,,0,,,,,,,,,,,,,,,,,,,,,,,,,,,,,,,
,,,,,,,,,,,,0,,,,0,,0,,0,,,,,,,,,,,,,,,,,,,,,,,,,,,,,,,
,,,,,,,,,,,,0,,,,0,,0,,0,,,,,,,,,,,,,,,,,,,,,,,,,,,,,,,
,,,,,,,,,,,,0,,,,0,,0,,0,,,,,,,,,,,,,,,,,,,,,,,,,,,,,,,
,,,,,,,,,,,,0,,,,0,,0,,0,,,,,,,,,,,,,,,,,,,,,,,,,,,,,,,
,,,,,,,,,,,,0,,,,0,,0,,0,,,,,,,,,,,,,,,,,,,,,,,,,,,,,,,
,,,,,,,,,,,,0,,,,0,,0,,0,,,,,,,,,,,,,,,,,,,,,,,,,,,,,,,
,,,,,,,,,,,,0,,,,0,,0,,0,,,,,,,,,,,,,,,,,,,,,,,,,,,,,,,
,,,,,,,,,,,,0,,,,0,,0,,0,,,,,,,,,,,,,,,,,,,,,,,,,,,,,,,
,,,,,,,,,,,,0,,,,0,,0,,0,,,,,,,,,,,,,,,,,,,,,,,,,,,,,,,
,,,,,,,,,,,,0,,,,0,,0,,0,,,,,,,,,,,,,,,,,,,,,,,,,,,,,,,
,,,,,,,,,,,,0,,,,0,,0,,0,,,,,,,,,,,,,,,,,,,,,,,,,,,,,,,
,,,,,,,,,,,,0,,,,0,,0,,0,,,,,,,,,,,,,,,,,,,,,,,,,,,,,,,
,,,,,,,,,,,,0,,,,0,,0,,0,,,,,,,,,,,,,,,,,,,,,,,,,,,,,,,
,,,,,,,,,,,,0,,,,0,,0,,0,,,,,,,,,,,,,,,,,,,,,,,,,,,,,,,
,,,,,,,,,,,,0,,,,0,,0,,0,,,,,,,,,,,,,,,,,,,,,,,,,,,,,,,
,,,,,,,,,,,,0,,,,0,,0,,0,,,,,,,,,,,,,,,,,,,,,,,,,,,,,,,
,,,,,,,,,,,,0,,,,0,,0,,0,,,,,,,,,,,,,,,,,,,,,,,,,,,,,,,
,,,,,,,,,,,,0,,,,0,,0,,0,,,,,,,,,,,,,,,,,,,,,,,,,,,,,,,
,,,,,,,,,,,,0,,,,0,,0,,0,,,,,,,,,,,,,,,,,,,,,,,,,,,,,,,
,,,,,,,,,,,,0,,,,0,,0,,0,,,,,,,,,,,,,,,,,,,,,,,,,,,,,,,
,,,,,,,,,,,,0,,,,0,,0,,0,,,,,,,,,,,,,,,,,,,,,,,,,,,,,,,
,,,,,,,,,,,,0,,,,0,,0,,0,,,,,,,,,,,,,,,,,,,,,,,,,,,,,,,
,,,,,,,,,,,,0,,,,0,,0,,0,,,,,,,,,,,,,,,,,,,,,,,,,,,,,,,
,,,,,,,,,,,,0,,,,0,,0,,0,,,,,,,,,,,,,,,,,,,,,,,,,,,,,,,
,,,,,,,,,,,,0,,,,0,,0,,0,,,,,,,,,,,,,,,,,,,,,,,,,,,,,,,
,,,,,,,,,,,,0,,,,0,,0,,0,,,,,,,,,,,,,,,,,,,,,,,,,,,,,,,
,,,,,,,,,,,,0,,,,0,,0,,0,,,,,,,,,,,,,,,,,,,,,,,,,,,,,,,
,,,,,,,,,,,,0,,,,0,,0,,0,,,,,,,,,,,,,,,,,,,,,,,,,,,,,,,
,,,,,,,,,,,,0,,,,0,,0,,0,,,,,,,,,,,,,,,,,,,,,,,,,,,,,,,
,,,,,,,,,,,,0,,,,0,,0,,0,,,,,,,,,,,,,,,,,,,,,,,,,,,,,,,
,,,,,,,,,,,,0,,,,0,,0,,0,,,,,,,,,,,,,,,,,,,,,,,,,,,,,,,
,,,,,,,,,,,,0,,,,0,,0,,0,,,,,,,,,,,,,,,,,,,,,,,,,,,,,,,
,,,,,,,,,,,,0,,,,0,,0,,0,,,,,,,,,,,,,,,,,,,,,,,,,,,,,,,
,,,,,,,,,,,,0,,,,0,,0,,0,,,,,,,,,,,,,,,,,,,,,,,,,,,,,,,
,,,,,,,,,,,,0,,,,0,,0,,0,,,,,,,,,,,,,,,,,,,,,,,,,,,,,,,
,,,,,,,,,,,,0,,,,0,,0,,0,,,,,,,,,,,,,,,,,,,,,,,,,,,,,,,
,,,,,,,,,,,,0,,,,0,,0,,0,,,,,,,,,,,,,,,,,,,,,,,,,,,,,,,
,,,,,,,,,,,,0,,,,0,,0,,0,,,,,,,,,,,,,,,,,,,,,,,,,,,,,,,
,,,,,,,,,,,,0,,,,0,,0,,0,,,,,,,,,,,,,,,,,,,,,,,,,,,,,,,
,,,,,,,,,,,,0,,,,0,,0,,0,,,,,,,,,,,,,,,,,,,,,,,,,,,,,,,
,,,,,,,,,,,,0,,,,0,,0,,0,,,,,,,,,,,,,,,,,,,,,,,,,,,,,,,
,,,,,,,,,,,,0,,,,0,,0,,0,,,,,,,,,,,,,,,,,,,,,,,,,,,,,,,
,,,,,,,,,,,,0,,,,0,,0,,0,,,,,,,,,,,,,,,,,,,,,,,,,,,,,,,
,,,,,,,,,,,,0,,,,0,,0,,0,,,,,,,,,,,,,,,,,,,,,,,,,,,,,,,
,,,,,,,,,,,,0,,,,0,,0,,0,,,,,,,,,,,,,,,,,,,,,,,,,,,,,,,
,,,,,,,,,,,,0,,,,0,,0,,0,,,,,,,,,,,,,,,,,,,,,,,,,,,,,,,
,,,,,,,,,,,,0,,,,0,,0,,0,,,,,,,,,,,,,,,,,,,,,,,,,,,,,,,
,,,,,,,,,,,,0,,,,0,,0,,0,,,,,,,,,,,,,,,,,,,,,,,,,,,,,,,
,,,,,,,,,,,,0,,,,0,,0,,0,,,,,,,,,,,,,,,,,,,,,,,,,,,,,,,
,,,,,,,,,,,,0,,,,0,,0,,0,,,,,,,,,,,,,,,,,,,,,,,,,,,,,,,
,,,,,,,,,,,,0,,,,0,,0,,0,,,,,,,,,,,,,,,,,,,,,,,,,,,,,,,
,,,,,,,,,,,,0,,,,0,,0,,0,,,,,,,,,,,,,,,,,,,,,,,,,,,,,,,
,,,,,,,,,,,,0,,,,0,,0,,0,,,,,,,,,,,,,,,,,,,,,,,,,,,,,,,
,,,,,,,,,,,,0,,,,0,,0,,0,,,,,,,,,,,,,,,,,,,,,,,,,,,,,,,
,,,,,,,,,,,,0,,,,0,,0,,0,,,,,,,,,,,,,,,,,,,,,,,,,,,,,,,
,,,,,,,,,,,,0,,,,0,,0,,0,,,,,,,,,,,,,,,,,,,,,,,,,,,,,,,
,,,,,,,,,,,,0,,,,0,,0,,0,,,,,,,,,,,,,,,,,,,,,,,,,,,,,,,
,,,,,,,,,,,,0,,,,0,,0,,0,,,,,,,,,,,,,,,,,,,,,,,,,,,,,,,
,,,,,,,,,,,,0,,,,0,,0,,0,,,,,,,,,,,,,,,,,,,,,,,,,,,,,,,
,,,,,,,,,,,,0,,,,0,,0,,0,,,,,,,,,,,,,,,,,,,,,,,,,,,,,,,
,,,,,,,,,,,,0,,,,0,,0,,0,,,,,,,,,,,,,,,,,,,,,,,,,,,,,,,
,,,,,,,,,,,,0,,,,0,,0,,0,,,,,,,,,,,,,,,,,,,,,,,,,,,,,,,
,,,,,,,,,,,,0,,,,0,,0,,0,,,,,,,,,,,,,,,,,,,,,,,,,,,,,,,
,,,,,,,,,,,,0,,,,0,,0,,0,,,,,,,,,,,,,,,,,,,,,,,,,,,,,,,
,,,,,,,,,,,,0,,,,0,,0,,0,,,,,,,,,,,,,,,,,,,,,,,,,,,,,,,
,,,,,,,,,,,,0,,,,0,,0,,0,,,,,,,,,,,,,,,,,,,,,,,,,,,,,,,
,,,,,,,,,,,,0,,,,0,,0,,0,,,,,,,,,,,,,,,,,,,,,,,,,,,,,,,
,,,,,,,,,,,,0,,,,0,,0,,0,,,,,,,,,,,,,,,,,,,,,,,,,,,,,,,
,,,,,,,,,,,,0,,,,0,,0,,0,,,,,,,,,,,,,,,,,,,,,,,,,,,,,,,
,,,,,,,,,,,,0,,,,0,,0,,0,,,,,,,,,,,,,,,,,,,,,,,,,,,,,,,
,,,,,,,,,,,,0,,,,0,,0,,0,,,,,,,,,,,,,,,,,,,,,,,,,,,,,,,
,,,,,,,,,,,,0,,,,0,,0,,0,,,,,,,,,,,,,,,,,,,,,,,,,,,,,,,
,,,,,,,,,,,,0,,,,0,,0,,0,,,,,,,,,,,,,,,,,,,,,,,,,,,,,,,
,,,,,,,,,,,,0,,,,0,,0,,0,,,,,,,,,,,,,,,,,,,,,,,,,,,,,,,
,,,,,,,,,,,,0,,,,0,,0,,0,,,,,,,,,,,,,,,,,,,,,,,,,,,,,,,
,,,,,,,,,,,,0,,,,0,,0,,0,,,,,,,,,,,,,,,,,,,,,,,,,,,,,,,
,,,,,,,,,,,,0,,,,0,,0,,0,,,,,,,,,,,,,,,,,,,,,,,,,,,,,,,
,,,,,,,,,,,,0,,,,0,,0,,0,,,,,,,,,,,,,,,,,,,,,,,,,,,,,,,
,,,,,,,,,,,,0,,,,0,,0,,0,,,,,,,,,,,,,,,,,,,,,,,,,,,,,,,
,,,,,,,,,,,,0,,,,0,,0,,0,,,,,,,,,,,,,,,,,,,,,,,,,,,,,,,
,,,,,,,,,,,,0,,,,0,,0,,0,,,,,,,,,,,,,,,,,,,,,,,,,,,,,,,
,,,,,,,,,,,,0,,,,0,,0,,0,,,,,,,,,,,,,,,,,,,,,,,,,,,,,,,
,,,,,,,,,,,,0,,,,0,,0,,0,,,,,,,,,,,,,,,,,,,,,,,,,,,,,,,
,,,,,,,,,,,,0,,,,0,,0,,0,,,,,,,,,,,,,,,,,,,,,,,,,,,,,,,
,,,,,,,,,,,,0,,,,0,,0,,0,,,,,,,,,,,,,,,,,,,,,,,,,,,,,,,
,,,,,,,,,,,,0,,,,0,,0,,0,,,,,,,,,,,,,,,,,,,,,,,,,,,,,,,
,,,,,,,,,,,,0,,,,0,,0,,0,,,,,,,,,,,,,,,,,,,,,,,,,,,,,,,
,,,,,,,,,,,,0,,,,0,,0,,0,,,,,,,,,,,,,,,,,,,,,,,,,,,,,,,
,,,,,,,,,,,,0,,,,0,,0,,0,,,,,,,,,,,,,,,,,,,,,,,,,,,,,,,
,,,,,,,,,,,,0,,,,0,,0,,0,,,,,,,,,,,,,,,,,,,,,,,,,,,,,,,
,,,,,,,,,,,,0,,,,0,,0,,0,,,,,,,,,,,,,,,,,,,,,,,,,,,,,,,
,,,,,,,,,,,,0,,,,0,,0,,0,,,,,,,,,,,,,,,,,,,,,,,,,,,,,,,
,,,,,,,,,,,,0,,,,0,,0,,0,,,,,,,,,,,,,,,,,,,,,,,,,,,,,,,
,,,,,,,,,,,,0,,,,0,,0,,0,,,,,,,,,,,,,,,,,,,,,,,,,,,,,,,
,,,,,,,,,,,,0,,,,0,,0,,0,,,,,,,,,,,,,,,,,,,,,,,,,,,,,,,
,,,,,,,,,,,,0,,,,0,,0,,0,,,,,,,,,,,,,,,,,,,,,,,,,,,,,,,
,,,,,,,,,,,,0,,,,0,,0,,0,,,,,,,,,,,,,,,,,,,,,,,,,,,,,,,
,,,,,,,,,,,,0,,,,0,,0,,0,,,,,,,,,,,,,,,,,,,,,,,,,,,,,,,
,,,,,,,,,,,,0,,,,0,,0,,0,,,,,,,,,,,,,,,,,,,,,,,,,,,,,,,
,,,,,,,,,,,,0,,,,0,,0,,0,,,,,,,,,,,,,,,,,,,,,,,,,,,,,,,
,,,,,,,,,,,,0,,,,0,,0,,0,,,,,,,,,,,,,,,,,,,,,,,,,,,,,,,
,,,,,,,,,,,,0,,,,0,,0,,0,,,,,,,,,,,,,,,,,,,,,,,,,,,,,,,
,,,,,,,,,,,,0,,,,0,,0,,0,,,,,,,,,,,,,,,,,,,,,,,,,,,,,,,
,,,,,,,,,,,,0,,,,0,,0,,0,,,,,,,,,,,,,,,,,,,,,,,,,,,,,,,
,,,,,,,,,,,,0,,,,0,,0,,0,,,,,,,,,,,,,,,,,,,,,,,,,,,,,,,
,,,,,,,,,,,,0,,,,0,,0,,0,,,,,,,,,,,,,,,,,,,,,,,,,,,,,,,
,,,,,,,,,,,,0,,,,0,,0,,0,,,,,,,,,,,,,,,,,,,,,,,,,,,,,,,
,,,,,,,,,,,,0,,,,0,,0,,0,,,,,,,,,,,,,,,,,,,,,,,,,,,,,,,
,,,,,,,,,,,,0,,,,0,,0,,0,,,,,,,,,,,,,,,,,,,,,,,,,,,,,,,
,,,,,,,,,,,,0,,,,0,,0,,0,,,,,,,,,,,,,,,,,,,,,,,,,,,,,,,
,,,,,,,,,,,,0,,,,0,,0,,0,,,,,,,,,,,,,,,,,,,,,,,,,,,,,,,
,,,,,,,,,,,,0,,,,0,,0,,0,,,,,,,,,,,,,,,,,,,,,,,,,,,,,,,
,,,,,,,,,,,,0,,,,0,,0,,0,,,,,,,,,,,,,,,,,,,,,,,,,,,,,,,
,,,,,,,,,,,,0,,,,0,,0,,0,,,,,,,,,,,,,,,,,,,,,,,,,,,,,,,
,,,,,,,,,,,,0,,,,0,,0,,0,,,,,,,,,,,,,,,,,,,,,,,,,,,,,,,
,,,,,,,,,,,,0,,,,0,,0,,0,,,,,,,,,,,,,,,,,,,,,,,,,,,,,,,
,,,,,,,,,,,,0,,,,0,,0,,0,,,,,,,,,,,,,,,,,,,,,,,,,,,,,,,
,,,,,,,,,,,,0,,,,0,,0,,0,,,,,,,,,,,,,,,,,,,,,,,,,,,,,,,
,,,,,,,,,,,,0,,,,0,,0,,0,,,,,,,,,,,,,,,,,,,,,,,,,,,,,,,
,,,,,,,,,,,,0,,,,0,,0,,0,,,,,,,,,,,,,,,,,,,,,,,,,,,,,,,
,,,,,,,,,,,,0,,,,0,,0,,0,,,,,,,,,,,,,,,,,,,,,,,,,,,,,,,
,,,,,,,,,,,,0,,,,0,,0,,0,,,,,,,,,,,,,,,,,,,,,,,,,,,,,,,
,,,,,,,,,,,,0,,,,0,,0,,0,,,,,,,,,,,,,,,,,,,,,,,,,,,,,,,
,,,,,,,,,,,,0,,,,0,,0,,0,,,,,,,,,,,,,,,,,,,,,,,,,,,,,,,
,,,,,,,,,,,,0,,,,0,,0,,0,,,,,,,,,,,,,,,,,,,,,,,,,,,,,,,
,,,,,,,,,,,,0,,,,0,,0,,0,,,,,,,,,,,,,,,,,,,,,,,,,,,,,,,
,,,,,,,,,,,,0,,,,0,,0,,0,,,,,,,,,,,,,,,,,,,,,,,,,,,,,,,
,,,,,,,,,,,,0,,,,0,,0,,0,,,,,,,,,,,,,,,,,,,,,,,,,,,,,,,
,,,,,,,,,,,,0,,,,0,,0,,0,,,,,,,,,,,,,,,,,,,,,,,,,,,,,,,
,,,,,,,,,,,,0,,,,0,,0,,0,,,,,,,,,,,,,,,,,,,,,,,,,,,,,,,
,,,,,,,,,,,,0,,,,0,,0,,0,,,,,,,,,,,,,,,,,,,,,,,,,,,,,,,
,,,,,,,,,,,,0,,,,0,,0,,0,,,,,,,,,,,,,,,,,,,,,,,,,,,,,,,
,,,,,,,,,,,,0,,,,0,,0,,0,,,,,,,,,,,,,,,,,,,,,,,,,,,,,,,
,,,,,,,,,,,,0,,,,0,,0,,0,,,,,,,,,,,,,,,,,,,,,,,,,,,,,,,
,,,,,,,,,,,,0,,,,0,,0,,0,,,,,,,,,,,,,,,,,,,,,,,,,,,,,,,
,,,,,,,,,,,,0,,,,0,,0,,0,,,,,,,,,,,,,,,,,,,,,,,,,,,,,,,
,,,,,,,,,,,,0,,,,0,,0,,0,,,,,,,,,,,,,,,,,,,,,,,,,,,,,,,
,,,,,,,,,,,,0,,,,0,,0,,0,,,,,,,,,,,,,,,,,,,,,,,,,,,,,,,
,,,,,,,,,,,,0,,,,0,,0,,0,,,,,,,,,,,,,,,,,,,,,,,,,,,,,,,
,,,,,,,,,,,,0,,,,0,,0,,0,,,,,,,,,,,,,,,,,,,,,,,,,,,,,,,
,,,,,,,,,,,,0,,,,0,,0,,0,,,,,,,,,,,,,,,,,,,,,,,,,,,,,,,
,,,,,,,,,,,,0,,,,0,,0,,0,,,,,,,,,,,,,,,,,,,,,,,,,,,,,,,
,,,,,,,,,,,,0,,,,0,,0,,0,,,,,,,,,,,,,,,,,,,,,,,,,,,,,,,
,,,,,,,,,,,,0,,,,0,,0,,0,,,,,,,,,,,,,,,,,,,,,,,,,,,,,,,
,,,,,,,,,,,,0,,,,0,,0,,0,,,,,,,,,,,,,,,,,,,,,,,,,,,,,,,
,,,,,,,,,,,,0,,,,0,,0,,0,,,,,,,,,,,,,,,,,,,,,,,,,,,,,,,
,,,,,,,,,,,,0,,,,0,,0,,0,,,,,,,,,,,,,,,,,,,,,,,,,,,,,,,
,,,,,,,,,,,,0,,,,0,,0,,0,,,,,,,,,,,,,,,,,,,,,,,,,,,,,,,
,,,,,,,,,,,,0,,,,0,,0,,0,,,,,,,,,,,,,,,,,,,,,,,,,,,,,,,
,,,,,,,,,,,,0,,,,0,,0,,0,,,,,,,,,,,,,,,,,,,,,,,,,,,,,,,
,,,,,,,,,,,,0,,,,0,,0,,0,,,,,,,,,,,,,,,,,,,,,,,,,,,,,,,
,,,,,,,,,,,,0,,,,0,,0,,0,,,,,,,,,,,,,,,,,,,,,,,,,,,,,,,
,,,,,,,,,,,,0,,,,0,,0,,0,,,,,,,,,,,,,,,,,,,,,,,,,,,,,,,
,,,,,,,,,,,,0,,,,0,,0,,0,,,,,,,,,,,,,,,,,,,,,,,,,,,,,,,
,,,,,,,,,,,,0,,,,0,,0,,0,,,,,,,,,,,,,,,,,,,,,,,,,,,,,,,
,,,,,,,,,,,,0,,,,0,,0,,0,,,,,,,,,,,,,,,,,,,,,,,,,,,,,,,
,,,,,,,,,,,,0,,,,0,,0,,0,,,,,,,,,,,,,,,,,,,,,,,,,,,,,,,
,,,,,,,,,,,,0,,,,0,,0,,0,,,,,,,,,,,,,,,,,,,,,,,,,,,,,,,
,,,,,,,,,,,,0,,,,0,,0,,0,,,,,,,,,,,,,,,,,,,,,,,,,,,,,,,
,,,,,,,,,,,,0,,,,0,,0,,0,,,,,,,,,,,,,,,,,,,,,,,,,,,,,,,
,,,,,,,,,,,,0,,,,0,,0,,0,,,,,,,,,,,,,,,,,,,,,,,,,,,,,,,
,,,,,,,,,,,,0,,,,0,,0,,0,,,,,,,,,,,,,,,,,,,,,,,,,,,,,,,
,,,,,,,,,,,,0,,,,0,,0,,0,,,,,,,,,,,,,,,,,,,,,,,,,,,,,,,
,,,,,,,,,,,,0,,,,0,,0,,0,,,,,,,,,,,,,,,,,,,,,,,,,,,,,,,
,,,,,,,,,,,,0,,,,0,,0,,0,,,,,,,,,,,,,,,,,,,,,,,,,,,,,,,
,,,,,,,,,,,,0,,,,0,,0,,0,,,,,,,,,,,,,,,,,,,,,,,,,,,,,,,
,,,,,,,,,,,,0,,,,0,,0,,0,,,,,,,,,,,,,,,,,,,,,,,,,,,,,,,
,,,,,,,,,,,,0,,,,0,,0,,0,,,,,,,,,,,,,,,,,,,,,,,,,,,,,,,
,,,,,,,,,,,,0,,,,0,,0,,0,,,,,,,,,,,,,,,,,,,,,,,,,,,,,,,
,,,,,,,,,,,,0,,,,0,,0,,0,,,,,,,,,,,,,,,,,,,,,,,,,,,,,,,
,,,,,,,,,,,,0,,,,0,,0,,0,,,,,,,,,,,,,,,,,,,,,,,,,,,,,,,
,,,,,,,,,,,,0,,,,0,,0,,0,,,,,,,,,,,,,,,,,,,,,,,,,,,,,,,
,,,,,,,,,,,,0,,,,0,,0,,0,,,,,,,,,,,,,,,,,,,,,,,,,,,,,,,
,,,,,,,,,,,,0,,,,0,,0,,0,,,,,,,,,,,,,,,,,,,,,,,,,,,,,,,
,,,,,,,,,,,,0,,,,0,,0,,0,,,,,,,,,,,,,,,,,,,,,,,,,,,,,,,
,,,,,,,,,,,,0,,,,0,,0,,0,,,,,,,,,,,,,,,,,,,,,,,,,,,,,,,
,,,,,,,,,,,,0,,,,0,,0,,0,,,,,,,,,,,,,,,,,,,,,,,,,,,,,,,
,,,,,,,,,,,,0,,,,0,,0,,0,,,,,,,,,,,,,,,,,,,,,,,,,,,,,,,
,,,,,,,,,,,,0,,,,0,,0,,0,,,,,,,,,,,,,,,,,,,,,,,,,,,,,,,
,,,,,,,,,,,,0,,,,0,,0,,0,,,,,,,,,,,,,,,,,,,,,,,,,,,,,,,
,,,,,,,,,,,,0,,,,0,,0,,0,,,,,,,,,,,,,,,,,,,,,,,,,,,,,,,
,,,,,,,,,,,,0,,,,0,,0,,0,,,,,,,,,,,,,,,,,,,,,,,,,,,,,,,
,,,,,,,,,,,,0,,,,0,,0,,0,,,,,,,,,,,,,,,,,,,,,,,,,,,,,,,
,,,,,,,,,,,,0,,,,0,,0,,0,,,,,,,,,,,,,,,,,,,,,,,,,,,,,,,
,,,,,,,,,,,,0,,,,0,,0,,0,,,,,,,,,,,,,,,,,,,,,,,,,,,,,,,
,,,,,,,,,,,,0,,,,0,,0,,0,,,,,,,,,,,,,,,,,,,,,,,,,,,,,,,
,,,,,,,,,,,,0,,,,0,,0,,0,,,,,,,,,,,,,,,,,,,,,,,,,,,,,,,
,,,,,,,,,,,,0,,,,0,,0,,0,,,,,,,,,,,,,,,,,,,,,,,,,,,,,,,
,,,,,,,,,,,,0,,,,0,,0,,0,,,,,,,,,,,,,,,,,,,,,,,,,,,,,,,
,,,,,,,,,,,,0,,,,0,,0,,0,,,,,,,,,,,,,,,,,,,,,,,,,,,,,,,
,,,,,,,,,,,,0,,,,0,,0,,0,,,,,,,,,,,,,,,,,,,,,,,,,,,,,,,
,,,,,,,,,,,,0,,,,0,,0,,0,,,,,,,,,,,,,,,,,,,,,,,,,,,,,,,
,,,,,,,,,,,,0,,,,0,,0,,0,,,,,,,,,,,,,,,,,,,,,,,,,,,,,,,
,,,,,,,,,,,,0,,,,0,,0,,0,,,,,,,,,,,,,,,,,,,,,,,,,,,,,,,
,,,,,,,,,,,,0,,,,0,,0,,0,,,,,,,,,,,,,,,,,,,,,,,,,,,,,,,
,,,,,,,,,,,,0,,,,0,,0,,0,,,,,,,,,,,,,,,,,,,,,,,,,,,,,,,
,,,,,,,,,,,,0,,,,0,,0,,0,,,,,,,,,,,,,,,,,,,,,,,,,,,,,,,
,,,,,,,,,,,,0,,,,0,,0,,0,,,,,,,,,,,,,,,,,,,,,,,,,,,,,,,
,,,,,,,,,,,,0,,,,0,,0,,0,,,,,,,,,,,,,,,,,,,,,,,,,,,,,,,
,,,,,,,,,,,,0,,,,0,,0,,0,,,,,,,,,,,,,,,,,,,,,,,,,,,,,,,
,,,,,,,,,,,,0,,,,0,,0,,0,,,,,,,,,,,,,,,,,,,,,,,,,,,,,,,
,,,,,,,,,,,,0,,,,0,,0,,0,,,,,,,,,,,,,,,,,,,,,,,,,,,,,,,
,,,,,,,,,,,,0,,,,0,,0,,0,,,,,,,,,,,,,,,,,,,,,,,,,,,,,,,
,,,,,,,,,,,,0,,,,0,,0,,0,,,,,,,,,,,,,,,,,,,,,,,,,,,,,,,
,,,,,,,,,,,,0,,,,0,,0,,0,,,,,,,,,,,,,,,,,,,,,,,,,,,,,,,
,,,,,,,,,,,,0,,,,0,,0,,0,,,,,,,,,,,,,,,,,,,,,,,,,,,,,,,
,,,,,,,,,,,,0,,,,0,,0,,0,,,,,,,,,,,,,,,,,,,,,,,,,,,,,,,
,,,,,,,,,,,,0,,,,0,,0,,0,,,,,,,,,,,,,,,,,,,,,,,,,,,,,,,
,,,,,,,,,,,,0,,,,0,,0,,0,,,,,,,,,,,,,,,,,,,,,,,,,,,,,,,
,,,,,,,,,,,,0,,,,0,,0,,0,,,,,,,,,,,,,,,,,,,,,,,,,,,,,,,
,,,,,,,,,,,,0,,,,0,,0,,0,,,,,,,,,,,,,,,,,,,,,,,,,,,,,,,
,,,,,,,,,,,,0,,,,0,,0,,0,,,,,,,,,,,,,,,,,,,,,,,,,,,,,,,
,,,,,,,,,,,,0,,,,0,,0,,0,,,,,,,,,,,,,,,,,,,,,,,,,,,,,,,
,,,,,,,,,,,,0,,,,0,,0,,0,,,,,,,,,,,,,,,,,,,,,,,,,,,,,,,
,,,,,,,,,,,,0,,,,0,,0,,0,,,,,,,,,,,,,,,,,,,,,,,,,,,,,,,
,,,,,,,,,,,,0,,,,0,,0,,0,,,,,,,,,,,,,,,,,,,,,,,,,,,,,,,
,,,,,,,,,,,,0,,,,0,,0,,0,,,,,,,,,,,,,,,,,,,,,,,,,,,,,,,
,,,,,,,,,,,,0,,,,0,,0,,0,,,,,,,,,,,,,,,,,,,,,,,,,,,,,,,
,,,,,,,,,,,,0,,,,0,,0,,0,,,,,,,,,,,,,,,,,,,,,,,,,,,,,,,
,,,,,,,,,,,,0,,,,0,,0,,0,,,,,,,,,,,,,,,,,,,,,,,,,,,,,,,
,,,,,,,,,,,,0,,,,0,,0,,0,,,,,,,,,,,,,,,,,,,,,,,,,,,,,,,
,,,,,,,,,,,,0,,,,0,,0,,0,,,,,,,,,,,,,,,,,,,,,,,,,,,,,,,
,,,,,,,,,,,,0,,,,0,,0,,0,,,,,,,,,,,,,,,,,,,,,,,,,,,,,,,
,,,,,,,,,,,,0,,,,0,,0,,0,,,,,,,,,,,,,,,,,,,,,,,,,,,,,,,
,,,,,,,,,,,,0,,,,0,,0,,0,,,,,,,,,,,,,,,,,,,,,,,,,,,,,,,
,,,,,,,,,,,,0,,,,0,,0,,0,,,,,,,,,,,,,,,,,,,,,,,,,,,,,,,
,,,,,,,,,,,,0,,,,0,,0,,0,,,,,,,,,,,,,,,,,,,,,,,,,,,,,,,
,,,,,,,,,,,,0,,,,0,,0,,0,,,,,,,,,,,,,,,,,,,,,,,,,,,,,,,
,,,,,,,,,,,,0,,,,0,,0,,0,,,,,,,,,,,,,,,,,,,,,,,,,,,,,,,
,,,,,,,,,,,,0,,,,0,,0,,0,,,,,,,,,,,,,,,,,,,,,,,,,,,,,,,
,,,,,,,,,,,,0,,,,0,,0,,0,,,,,,,,,,,,,,,,,,,,,,,,,,,,,,,
,,,,,,,,,,,,0,,,,0,,0,,0,,,,,,,,,,,,,,,,,,,,,,,,,,,,,,,
,,,,,,,,,,,,0,,,,0,,0,,0,,,,,,,,,,,,,,,,,,,,,,,,,,,,,,,
,,,,,,,,,,,,0,,,,0,,0,,0,,,,,,,,,,,,,,,,,,,,,,,,,,,,,,,
,,,,,,,,,,,,0,,,,0,,0,,0,,,,,,,,,,,,,,,,,,,,,,,,,,,,,,,
,,,,,,,,,,,,0,,,,0,,0,,0,,,,,,,,,,,,,,,,,,,,,,,,,,,,,,,
,,,,,,,,,,,,0,,,,0,,0,,0,,,,,,,,,,,,,,,,,,,,,,,,,,,,,,,
,,,,,,,,,,,,0,,,,0,,0,,0,,,,,,,,,,,,,,,,,,,,,,,,,,,,,,,
,,,,,,,,,,,,0,,,,0,,0,,0,,,,,,,,,,,,,,,,,,,,,,,,,,,,,,,
,,,,,,,,,,,,0,,,,0,,0,,0,,,,,,,,,,,,,,,,,,,,,,,,,,,,,,,
,,,,,,,,,,,,0,,,,0,,0,,0,,,,,,,,,,,,,,,,,,,,,,,,,,,,,,,
,,,,,,,,,,,,0,,,,0,,0,,0,,,,,,,,,,,,,,,,,,,,,,,,,,,,,,,
,,,,,,,,,,,,0,,,,0,,0,,0,,,,,,,,,,,,,,,,,,,,,,,,,,,,,,,
,,,,,,,,,,,,0,,,,0,,0,,0,,,,,,,,,,,,,,,,,,,,,,,,,,,,,,,
,,,,,,,,,,,,0,,,,0,,0,,0,,,,,,,,,,,,,,,,,,,,,,,,,,,,,,,
,,,,,,,,,,,,0,,,,0,,0,,0,,,,,,,,,,,,,,,,,,,,,,,,,,,,,,,
,,,,,,,,,,,,0,,,,0,,0,,0,,,,,,,,,,,,,,,,,,,,,,,,,,,,,,,
,,,,,,,,,,,,0,,,,0,,0,,0,,,,,,,,,,,,,,,,,,,,,,,,,,,,,,,
,,,,,,,,,,,,0,,,,0,,0,,0,,,,,,,,,,,,,,,,,,,,,,,,,,,,,,,
,,,,,,,,,,,,0,,,,0,,0,,0,,,,,,,,,,,,,,,,,,,,,,,,,,,,,,,
,,,,,,,,,,,,0,,,,0,,0,,0,,,,,,,,,,,,,,,,,,,,,,,,,,,,,,,
,,,,,,,,,,,,0,,,,0,,0,,0,,,,,,,,,,,,,,,,,,,,,,,,,,,,,,,
,,,,,,,,,,,,0,,,,0,,0,,0,,,,,,,,,,,,,,,,,,,,,,,,,,,,,,,
,,,,,,,,,,,,0,,,,0,,0,,0,,,,,,,,,,,,,,,,,,,,,,,,,,,,,,,
,,,,,,,,,,,,0,,,,0,,0,,0,,,,,,,,,,,,,,,,,,,,,,,,,,,,,,,
,,,,,,,,,,,,0,,,,0,,0,,0,,,,,,,,,,,,,,,,,,,,,,,,,,,,,,,
,,,,,,,,,,,,0,,,,0,,0,,0,,,,,,,,,,,,,,,,,,,,,,,,,,,,,,,
,,,,,,,,,,,,0,,,,0,,0,,0,,,,,,,,,,,,,,,,,,,,,,,,,,,,,,,
,,,,,,,,,,,,0,,,,0,,0,,0,,,,,,,,,,,,,,,,,,,,,,,,,,,,,,,
,,,,,,,,,,,,0,,,,0,,0,,0,,,,,,,,,,,,,,,,,,,,,,,,,,,,,,,
,,,,,,,,,,,,0,,,,0,,0,,0,,,,,,,,,,,,,,,,,,,,,,,,,,,,,,,
,,,,,,,,,,,,0,,,,0,,0,,0,,,,,,,,,,,,,,,,,,,,,,,,,,,,,,,
,,,,,,,,,,,,0,,,,0,,0,,0,,,,,,,,,,,,,,,,,,,,,,,,,,,,,,,
,,,,,,,,,,,,0,,,,0,,0,,0,,,,,,,,,,,,,,,,,,,,,,,,,,,,,,,
,,,,,,,,,,,,0,,,,0,,0,,0,,,,,,,,,,,,,,,,,,,,,,,,,,,,,,,
,,,,,,,,,,,,0,,,,0,,0,,0,,,,,,,,,,,,,,,,,,,,,,,,,,,,,,,
,,,,,,,,,,,,0,,,,0,,0,,0,,,,,,,,,,,,,,,,,,,,,,,,,,,,,,,
,,,,,,,,,,,,0,,,,0,,0,,0,,,,,,,,,,,,,,,,,,,,,,,,,,,,,,,
,,,,,,,,,,,,0,,,,0,,0,,0,,,,,,,,,,,,,,,,,,,,,,,,,,,,,,,
,,,,,,,,,,,,0,,,,0,,0,,0,,,,,,,,,,,,,,,,,,,,,,,,,,,,,,,
,,,,,,,,,,,,0,,,,0,,0,,0,,,,,,,,,,,,,,,,,,,,,,,,,,,,,,,
,,,,,,,,,,,,0,,,,0,,0,,0,,,,,,,,,,,,,,,,,,,,,,,,,,,,,,,
,,,,,,,,,,,,0,,,,0,,0,,0,,,,,,,,,,,,,,,,,,,,,,,,,,,,,,,
,,,,,,,,,,,,0,,,,0,,0,,0,,,,,,,,,,,,,,,,,,,,,,,,,,,,,,,
,,,,,,,,,,,,0,,,,0,,0,,0,,,,,,,,,,,,,,,,,,,,,,,,,,,,,,,
,,,,,,,,,,,,0,,,,0,,0,,0,,,,,,,,,,,,,,,,,,,,,,,,,,,,,,,
,,,,,,,,,,,,0,,,,0,,0,,0,,,,,,,,,,,,,,,,,,,,,,,,,,,,,,,
,,,,,,,,,,,,0,,,,0,,0,,0,,,,,,,,,,,,,,,,,,,,,,,,,,,,,,,
,,,,,,,,,,,,0,,,,0,,0,,0,,,,,,,,,,,,,,,,,,,,,,,,,,,,,,,
,,,,,,,,,,,,0,,,,0,,0,,0,,,,,,,,,,,,,,,,,,,,,,,,,,,,,,,
,,,,,,,,,,,,0,,,,0,,0,,0,,,,,,,,,,,,,,,,,,,,,,,,,,,,,,,
,,,,,,,,,,,,0,,,,0,,0,,0,,,,,,,,,,,,,,,,,,,,,,,,,,,,,,,
,,,,,,,,,,,,0,,,,0,,0,,0,,,,,,,,,,,,,,,,,,,,,,,,,,,,,,,
,,,,,,,,,,,,0,,,,0,,0,,0,,,,,,,,,,,,,,,,,,,,,,,,,,,,,,,
,,,,,,,,,,,,0,,,,0,,0,,0,,,,,,,,,,,,,,,,,,,,,,,,,,,,,,,
,,,,,,,,,,,,0,,,,0,,0,,0,,,,,,,,,,,,,,,,,,,,,,,,,,,,,,,
,,,,,,,,,,,,0,,,,0,,0,,0,,,,,,,,,,,,,,,,,,,,,,,,,,,,,,,
,,,,,,,,,,,,0,,,,0,,0,,0,,,,,,,,,,,,,,,,,,,,,,,,,,,,,,,
,,,,,,,,,,,,0,,,,0,,0,,0,,,,,,,,,,,,,,,,,,,,,,,,,,,,,,,
,,,,,,,,,,,,0,,,,0,,0,,0,,,,,,,,,,,,,,,,,,,,,,,,,,,,,,,
,,,,,,,,,,,,0,,,,0,,0,,0,,,,,,,,,,,,,,,,,,,,,,,,,,,,,,,
,,,,,,,,,,,,0,,,,0,,0,,0,,,,,,,,,,,,,,,,,,,,,,,,,,,,,,,
,,,,,,,,,,,,0,,,,0,,0,,0,,,,,,,,,,,,,,,,,,,,,,,,,,,,,,,
,,,,,,,,,,,,0,,,,0,,0,,0,,,,,,,,,,,,,,,,,,,,,,,,,,,,,,,
,,,,,,,,,,,,0,,,,0,,0,,0,,,,,,,,,,,,,,,,,,,,,,,,,,,,,,,
,,,,,,,,,,,,0,,,,0,,0,,0,,,,,,,,,,,,,,,,,,,,,,,,,,,,,,,
,,,,,,,,,,,,0,,,,0,,0,,0,,,,,,,,,,,,,,,,,,,,,,,,,,,,,,,
,,,,,,,,,,,,0,,,,0,,0,,0,,,,,,,,,,,,,,,,,,,,,,,,,,,,,,,
,,,,,,,,,,,,0,,,,0,,0,,0,,,,,,,,,,,,,,,,,,,,,,,,,,,,,,,
,,,,,,,,,,,,0,,,,0,,0,,0,,,,,,,,,,,,,,,,,,,,,,,,,,,,,,,
,,,,,,,,,,,,0,,,,0,,0,,0,,,,,,,,,,,,,,,,,,,,,,,,,,,,,,,
,,,,,,,,,,,,0,,,,0,,0,,0,,,,,,,,,,,,,,,,,,,,,,,,,,,,,,,
,,,,,,,,,,,,0,,,,0,,0,,0,,,,,,,,,,,,,,,,,,,,,,,,,,,,,,,
,,,,,,,,,,,,0,,,,0,,0,,0,,,,,,,,,,,,,,,,,,,,,,,,,,,,,,,
,,,,,,,,,,,,0,,,,0,,0,,0,,,,,,,,,,,,,,,,,,,,,,,,,,,,,,,
,,,,,,,,,,,,0,,,,0,,0,,0,,,,,,,,,,,,,,,,,,,,,,,,,,,,,,,
,,,,,,,,,,,,0,,,,0,,0,,0,,,,,,,,,,,,,,,,,,,,,,,,,,,,,,,
,,,,,,,,,,,,0,,,,0,,0,,0,,,,,,,,,,,,,,,,,,,,,,,,,,,,,,,
,,,,,,,,,,,,0,,,,0,,0,,0,,,,,,,,,,,,,,,,,,,,,,,,,,,,,,,
,,,,,,,,,,,,0,,,,0,,0,,0,,,,,,,,,,,,,,,,,,,,,,,,,,,,,,,
,,,,,,,,,,,,0,,,,0,,0,,0,,,,,,,,,,,,,,,,,,,,,,,,,,,,,,,
,,,,,,,,,,,,0,,,,0,,0,,0,,,,,,,,,,,,,,,,,,,,,,,,,,,,,,,
,,,,,,,,,,,,0,,,,0,,0,,0,,,,,,,,,,,,,,,,,,,,,,,,,,,,,,,
,,,,,,,,,,,,0,,,,0,,0,,0,,,,,,,,,,,,,,,,,,,,,,,,,,,,,,,
,,,,,,,,,,,,0,,,,0,,0,,0,,,,,,,,,,,,,,,,,,,,,,,,,,,,,,,
,,,,,,,,,,,,0,,,,0,,0,,0,,,,,,,,,,,,,,,,,,,,,,,,,,,,,,,
,,,,,,,,,,,,0,,,,0,,0,,0,,,,,,,,,,,,,,,,,,,,,,,,,,,,,,,
,,,,,,,,,,,,0,,,,0,,0,,0,,,,,,,,,,,,,,,,,,,,,,,,,,,,,,,
,,,,,,,,,,,,0,,,,0,,0,,0,,,,,,,,,,,,,,,,,,,,,,,,,,,,,,,
,,,,,,,,,,,,0,,,,0,,0,,0,,,,,,,,,,,,,,,,,,,,,,,,,,,,,,,
,,,,,,,,,,,,0,,,,0,,0,,0,,,,,,,,,,,,,,,,,,,,,,,,,,,,,,,
,,,,,,,,,,,,0,,,,0,,0,,0,,,,,,,,,,,,,,,,,,,,,,,,,,,,,,,
,,,,,,,,,,,,0,,,,0,,0,,0,,,,,,,,,,,,,,,,,,,,,,,,,,,,,,,
,,,,,,,,,,,,0,,,,0,,0,,0,,,,,,,,,,,,,,,,,,,,,,,,,,,,,,,
,,,,,,,,,,,,0,,,,0,,0,,0,,,,,,,,,,,,,,,,,,,,,,,,,,,,,,,
,,,,,,,,,,,,0,,,,0,,0,,0,,,,,,,,,,,,,,,,,,,,,,,,,,,,,,,
,,,,,,,,,,,,0,,,,0,,0,,0,,,,,,,,,,,,,,,,,,,,,,,,,,,,,,,
,,,,,,,,,,,,0,,,,0,,0,,0,,,,,,,,,,,,,,,,,,,,,,,,,,,,,,,
,,,,,,,,,,,,0,,,,0,,0,,0,,,,,,,,,,,,,,,,,,,,,,,,,,,,,,,
,,,,,,,,,,,,0,,,,0,,0,,0,,,,,,,,,,,,,,,,,,,,,,,,,,,,,,,
,,,,,,,,,,,,0,,,,0,,0,,0,,,,,,,,,,,,,,,,,,,,,,,,,,,,,,,
,,,,,,,,,,,,0,,,,0,,0,,0,,,,,,,,,,,,,,,,,,,,,,,,,,,,,,,
,,,,,,,,,,,,0,,,,0,,0,,0,,,,,,,,,,,,,,,,,,,,,,,,,,,,,,,
,,,,,,,,,,,,0,,,,0,,0,,0,,,,,,,,,,,,,,,,,,,,,,,,,,,,,,,
,,,,,,,,,,,,0,,,,0,,0,,0,,,,,,,,,,,,,,,,,,,,,,,,,,,,,,,
,,,,,,,,,,,,0,,,,0,,0,,0,,,,,,,,,,,,,,,,,,,,,,,,,,,,,,,
,,,,,,,,,,,,0,,,,0,,0,,0,,,,,,,,,,,,,,,,,,,,,,,,,,,,,,,
,,,,,,,,,,,,0,,,,0,,0,,0,,,,,,,,,,,,,,,,,,,,,,,,,,,,,,,
,,,,,,,,,,,,0,,,,0,,0,,0,,,,,,,,,,,,,,,,,,,,,,,,,,,,,,,
,,,,,,,,,,,,0,,,,0,,0,,0,,,,,,,,,,,,,,,,,,,,,,,,,,,,,,,
,,,,,,,,,,,,0,,,,0,,0,,0,,,,,,,,,,,,,,,,,,,,,,,,,,,,,,,
,,,,,,,,,,,,0,,,,0,,0,,0,,,,,,,,,,,,,,,,,,,,,,,,,,,,,,,
,,,,,,,,,,,,0,,,,0,,0,,0,,,,,,,,,,,,,,,,,,,,,,,,,,,,,,,
,,,,,,,,,,,,0,,,,0,,0,,0,,,,,,,,,,,,,,,,,,,,,,,,,,,,,,,
,,,,,,,,,,,,0,,,,0,,0,,0,,,,,,,,,,,,,,,,,,,,,,,,,,,,,,,
,,,,,,,,,,,,0,,,,0,,0,,0,,,,,,,,,,,,,,,,,,,,,,,,,,,,,,,
,,,,,,,,,,,,0,,,,0,,0,,0,,,,,,,,,,,,,,,,,,,,,,,,,,,,,,,
,,,,,,,,,,,,0,,,,0,,0,,0,,,,,,,,,,,,,,,,,,,,,,,,,,,,,,,
,,,,,,,,,,,,0,,,,0,,0,,0,,,,,,,,,,,,,,,,,,,,,,,,,,,,,,,
,,,,,,,,,,,,0,,,,0,,0,,0,,,,,,,,,,,,,,,,,,,,,,,,,,,,,,,
,,,,,,,,,,,,0,,,,0,,0,,0,,,,,,,,,,,,,,,,,,,,,,,,,,,,,,,
,,,,,,,,,,,,0,,,,0,,0,,0,,,,,,,,,,,,,,,,,,,,,,,,,,,,,,,
,,,,,,,,,,,,0,,,,0,,0,,0,,,,,,,,,,,,,,,,,,,,,,,,,,,,,,,
,,,,,,,,,,,,0,,,,0,,0,,0,,,,,,,,,,,,,,,,,,,,,,,,,,,,,,,
,,,,,,,,,,,,0,,,,0,,0,,0,,,,,,,,,,,,,,,,,,,,,,,,,,,,,,,
,,,,,,,,,,,,0,,,,0,,0,,0,,,,,,,,,,,,,,,,,,,,,,,,,,,,,,,
,,,,,,,,,,,,0,,,,0,,0,,0,,,,,,,,,,,,,,,,,,,,,,,,,,,,,,,
,,,,,,,,,,,,0,,,,0,,0,,0,,,,,,,,,,,,,,,,,,,,,,,,,,,,,,,
,,,,,,,,,,,,0,,,,0,,0,,0,,,,,,,,,,,,,,,,,,,,,,,,,,,,,,,
,,,,,,,,,,,,0,,,,0,,0,,0,,,,,,,,,,,,,,,,,,,,,,,,,,,,,,,
,,,,,,,,,,,,0,,,,0,,0,,0,,,,,,,,,,,,,,,,,,,,,,,,,,,,,,,
,,,,,,,,,,,,0,,,,0,,0,,0,,,,,,,,,,,,,,,,,,,,,,,,,,,,,,,
,,,,,,,,,,,,0,,,,0,,0,,0,,,,,,,,,,,,,,,,,,,,,,,,,,,,,,,
,,,,,,,,,,,,0,,,,0,,0,,0,,,,,,,,,,,,,,,,,,,,,,,,,,,,,,,
,,,,,,,,,,,,0,,,,0,,0,,0,,,,,,,,,,,,,,,,,,,,,,,,,,,,,,,
,,,,,,,,,,,,0,,,,0,,0,,0,,,,,,,,,,,,,,,,,,,,,,,,,,,,,,,
,,,,,,,,,,,,0,,,,0,,0,,0,,,,,,,,,,,,,,,,,,,,,,,,,,,,,,,
,,,,,,,,,,,,0,,,,0,,0,,0,,,,,,,,,,,,,,,,,,,,,,,,,,,,,,,
,,,,,,,,,,,,0,,,,0,,0,,0,,,,,,,,,,,,,,,,,,,,,,,,,,,,,,,
,,,,,,,,,,,,0,,,,0,,0,,0,,,,,,,,,,,,,,,,,,,,,,,,,,,,,,,
,,,,,,,,,,,,0,,,,0,,0,,0,,,,,,,,,,,,,,,,,,,,,,,,,,,,,,,
,,,,,,,,,,,,0,,,,0,,0,,0,,,,,,,,,,,,,,,,,,,,,,,,,,,,,,,
,,,,,,,,,,,,0,,,,0,,0,,0,,,,,,,,,,,,,,,,,,,,,,,,,,,,,,,
,,,,,,,,,,,,0,,,,0,,0,,0,,,,,,,,,,,,,,,,,,,,,,,,,,,,,,,
,,,,,,,,,,,,0,,,,0,,0,,0,,,,,,,,,,,,,,,,,,,,,,,,,,,,,,,
,,,,,,,,,,,,0,,,,0,,0,,0,,,,,,,,,,,,,,,,,,,,,,,,,,,,,,,