Месяц,Мсц (цифрой),Дата,Сумма,Кошелек,Направление бизнеса,[counterparty_1ef22baea0],Назначение платежа,Статья
Январь,1,03.01.2024,"-20 000,00",ТК Черникова,Общее,,,Выбытие — Перевод между счетами
Январь,1,03.01.2024,"-1 000,00",ТК Черникова,Общее,,,Корретировки кассы -
Январь,1,03.01.2024,"-6 540,00",ТК Черникова,Общее,[counterparty_552231dcd7],,Курьерская служба -
Январь,1,03.01.2024,"8 880,00",ТК Черникова,Клиенты-физ.лица,[counterparty_db1aef506b],,Поступление денег с торг. точек
Январь,1,03.01.2024,"131,00",ТК Гагарина,Общее,,,Корретировки кассы +
Январь,1,03.01.2024,"-7 980,00",ТК Гагарина,Общее,[counterparty_552231dcd7],,Курьерская служба -
Январь,1,03.01.2024,"21 591,00",ТК Гагарина,Клиенты-физ.лица,[counterparty_db1aef506b],,Поступление денег с торг. точек
Январь,1,04.01.2024,"-6 260,00",ТК Гагарина,Общее,[counterparty_552231dcd7],,Курьерская служба -
Январь,1,04.01.2024,"21 718,00",ТК Гагарина,Клиенты-физ.лица,[counterparty_db1aef506b],,Поступление денег с торг. точек
Январь,1,04.01.2024,"-10 033,00",ТК Гагарина,Общее,[counterparty_d7a35ccc36],,Оплата поставщикам 
Январь,1,04.01.2024,"16 770,00",ТК Черникова,Клиенты-физ.лица,[counterparty_db1aef506b],,Поступление денег с торг. точек
Январь,1,04.01.2024,"-6 440,00",ТК Черникова,Общее,[counterparty_552231dcd7],,Курьерская служба -
Январь,1,04.01.2024,"-7 959,00",ТК Черникова,Общее,[counterparty_d7a35ccc36],,Оплата поставщикам 
Январь,1,03.01.2024,"-37 953,00",Сбербанк,Общее,,,Выбытие — Перевод между счетами
Январь,1,03.01.2024,"-62 000,00",Сбербанк,Общее,[counterparty_41bef12399],,Зарплата административного персонала
Январь,1,03.01.2024,"-30 000,00",Сбербанк,Общее,[counterparty_7e3a73c9be],,Зарплата административного персонала
Январь,1,03.01.2024,"37 953,00",Сбербанк,Общее,,,Поступление — Перевод между счетами
Январь,1,03.01.2024,"92 000,00",Сбербанк,Общее,,,Поступление — Перевод между счетами
Январь,1,02.01.2024,"13 580,76",Альфа,Клиенты-физ.лица,[counterparty_db1aef506b],,Поступление денег с торг. точек
Январь,1,02.01.2024,"-28,14",Альфа,Общее,[counterparty_831a0f4ab6],,Эквайринг
Январь,1,03.01.2024,"14 838,64",Альфа,Клиенты-физ.лица,[counterparty_db1aef506b],,Поступление денег с торг. точек
Январь,1,03.01.2024,"-45,29",Альфа,Общее,[counterparty_831a0f4ab6],,Эквайринг
Январь,1,03.01.2024,"-121 900,00",Альфа,Общее,,,Выбытие — Перевод между счетами
Январь,1,04.01.2024,"28 686,06",Альфа,Клиенты-физ.лица,[counterparty_db1aef506b],,Поступление денег с торг. точек
Январь,1,04.01.2024,"-27,43",Альфа,Общее,[counterparty_831a0f4ab6],,Эквайринг
Январь,1,01.01.2024,"-2 469,19",Тинькофф,Общее,[counterparty_831a0f4ab6],,Эквайринг
Январь,1,01.01.2024,"-90,00",Тинькофф,Общее,[counterparty_831a0f4ab6],,Овердрафт
Январь,1,01.01.2024,"164 594,00",Тинькофф,Клиенты-физ.лица,[counterparty_db1aef506b],,Поступление денег с торг. точек
Январь,1,03.01.2024,"258 122,38",Тинькофф,Общее,[counterparty_831a0f4ab6],,Получение овердрафта
Январь,1,03.01.2024,"-27 132,23",Тинькофф,Общее,[counterparty_831a0f4ab6],,Погашение овердрафта
Январь,1,03.01.2024,"-37 953,00",Тинькофф,Общее,,,Выбытие — Перевод между счетами
Январь,1,03.01.2024,"-132 951,08",Тинькофф,Общее,[counterparty_dc430ed78e],,Оплата поставщикам 
Январь,1,03.01.2024,"-105 068,07",Тинькофф,Общее,[counterparty_fb5384e8b9],,Оплата поставщикам 
Январь,1,03.01.2024,"-35 592,98",Тинькофф,Общее,[counterparty_19f4d4c15b],,Оплата поставщикам 
Январь,1,03.01.2024,"-12 372,00",Тинькофф,Общее,[counterparty_c4e92b27e2],,Оплата поставщикам 
Январь,1,03.01.2024,"-22 680,00",Тинькофф,Общее,[counterparty_fb5384e8b9],,Оплата поставщикам 
Январь,1,03.01.2024,"-39 091,21",Тинькофф,Общее,[counterparty_8e70032df8],,Оплата поставщикам 
Январь,1,03.01.2024,"-37 745,62",Тинькофф,Общее,[counterparty_8e70032df8],,Оплата поставщикам 
Январь,1,03.01.2024,"121 900,00",Тинькофф,Общее,,,Поступление — Перевод между счетами
Январь,1,03.01.2024,"529,00",Тинькофф,Клиенты-физ.лица,[counterparty_db1aef506b],,Поступление денег с торг. точек
Январь,1,03.01.2024,"-92 000,00",Тинькофф,Общее,,,Выбытие — Перевод между счетами
Январь,1,03.01.2024,"37 953,00",Сейф,Общее,,,Поступление — Перевод между счетами
Январь,1,03.01.2024,"20 000,00",Сейф,Общее,,,Поступление — Перевод между счетами
Январь,1,03.01.2024,"-22 500,00",Сейф,Общее,[counterparty_552231dcd7],,Зарплата административного персонала
Январь,1,03.01.2024,"-137 253,00",Сейф,Общее,[counterparty_552231dcd7],,Зарплата производственного персонала
Январь,1,04.01.2024,"-3 600,00",Сейф,Общее,[counterparty_45d6b05c94],,Поиск и найм персонала
Январь,1,05.01.2024,"32 607,90",Альфа,Клиенты-физ.лица,[counterparty_db1aef506b],,Поступление денег с торг. точек
Январь,1,05.01.2024,"-40,23",Альфа,Общее,[counterparty_831a0f4ab6],,Эквайринг
Январь,1,06.01.2024,"30 659,84",Альфа,Клиенты-физ.лица,[counterparty_db1aef506b],,Поступление денег с торг. точек
Январь,1,06.01.2024,"-34,73",Альфа,Общее,[counterparty_831a0f4ab6],,Эквайринг
Январь,1,07.01.2024,"29 740,35",Альфа,Клиенты-физ.лица,[counterparty_db1aef506b],,Поступление денег с торг. точек
Январь,1,07.01.2024,"-39,61",Альфа,Общее,[counterparty_831a0f4ab6],,Эквайринг
Январь,1,08.01.2024,"25 933,26",Альфа,Клиенты-физ.лица,[counterparty_db1aef506b],,Поступление денег с торг. точек
Январь,1,08.01.2024,"-18,19",Альфа,Общее,[counterparty_831a0f4ab6],,Эквайринг
Январь,1,09.01.2024,"13 257,54",Альфа,Клиенты-физ.лица,[counterparty_db1aef506b],,Поступление денег с торг. точек
Январь,1,09.01.2024,"-168 000,00",Альфа,Общее,,,Выбытие — Перевод между счетами
Январь,1,09.01.2024,"-1,57",Альфа,Общее,[counterparty_831a0f4ab6],,Эквайринг
Январь,1,10.01.2024,"-299,00",Альфа,Общее,[counterparty_831a0f4ab6],,РКО
Январь,1,10.01.2024,"12 162,32",Альфа,Клиенты-физ.лица,[counterparty_db1aef506b],,Поступление денег с торг. точек
Январь,1,10.01.2024,"-23,47",Альфа,Общее,[counterparty_831a0f4ab6],,Эквайринг
Январь,1,04.01.2024,"115 571,00",Тинькофф,Клиенты-физ.лица,[counterparty_db1aef506b],,Поступление денег с торг. точек
Январь,1,04.01.2024,"-2,12",Тинькофф,Общее,[counterparty_831a0f4ab6],,Эквайринг
Январь,1,04.01.2024,"-490,00",Тинькофф,Общее,[counterparty_831a0f4ab6],,Овердрафт
Январь,1,04.01.2024,"-590,00",Тинькофф,Общее,[counterparty_831a0f4ab6],,Овердрафт
Январь,1,04.01.2024,"-1 733,82",Тинькофф,Общее,[counterparty_831a0f4ab6],,Эквайринг
Январь,1,04.01.2024,"-5 297,66",Тинькофф,Общее,[counterparty_d7a35ccc36],,Оплата поставщикам 
Январь,1,04.01.2024,"-2 333,51",Тинькофф,Общее,[counterparty_d7a35ccc36],,Расходы на питание персонала
Январь,1,04.01.2024,"-42,95",Тинькофф,Общее,[counterparty_d7a35ccc36],,Содержание торговых точек
Январь,1,05.01.2024,"-112 755,06",Тинькофф,Общее,[counterparty_831a0f4ab6],,Погашение овердрафта
Январь,1,05.01.2024,"-80 863,98",Тинькофф,Общее,[counterparty_831a0f4ab6],,Погашение овердрафта
Январь,1,05.01.2024,"250,00",Тинькофф,Общее,[counterparty_831a0f4ab6],,Получение овердрафта
Январь,1,05.01.2024,"7 674,12",Тинькофф,Общее,[counterparty_831a0f4ab6],,Получение овердрафта
Январь,1,05.01.2024,"82 390,00",Тинькофф,Клиенты-физ.лица,[counterparty_db1aef506b],,Поступление денег с торг. точек
Январь,1,05.01.2024,"-250,00",Тинькофф,Общее,[counterparty_d7a35ccc36],,Содержание торговых точек
Январь,1,05.01.2024,"-290,00",Тинькофф,Общее,[counterparty_831a0f4ab6],,Овердрафт
Январь,1,05.01.2024,"-1 236,02",Тинькофф,Общее,[counterparty_831a0f4ab6],,Эквайринг
Январь,1,06.01.2024,"-1 366,49",Тинькофф,Общее,[counterparty_831a0f4ab6],,Эквайринг
Январь,1,06.01.2024,"91 089,30",Тинькофф,Клиенты-физ.лица,[counterparty_db1aef506b],,Поступление денег с торг. точек
Январь,1,06.01.2024,"-190,00",Тинькофф,Общее,[counterparty_831a0f4ab6],,Овердрафт
Январь,1,06.01.2024,"125,00",Тинькофф,Клиенты-физ.лица,[counterparty_db1aef506b],,Поступление денег с торг. точек
Январь,1,06.01.2024,"-0,50",Тинькофф,Общее,[counterparty_831a0f4ab6],,Эквайринг
Январь,1,06.01.2024,"-1 784,86",Тинькофф,Общее,[counterparty_d7a35ccc36],,Оплата поставщикам 
Январь,1,06.01.2024,"-1 840,62",Тинькофф,Общее,[counterparty_d7a35ccc36],,Расходы на питание персонала
Январь,1,06.01.2024,"-633,65",Тинькофф,Общее,[counterparty_d7a35ccc36],,Содержание торговых точек
Январь,1,07.01.2024,"-1 491,45",Тинькофф,Общее,[counterparty_831a0f4ab6],,Эквайринг
Январь,1,07.01.2024,"99 418,00",Тинькофф,Клиенты-физ.лица,[counterparty_db1aef506b],,Поступление денег с торг. точек
Январь,1,07.01.2024,"-5 000,00",Тинькофф,Общее,[counterparty_50d958815d],,Телекоммуникации
Январь,1,07.01.2024,"1 199,00",Тинькофф,Клиенты-физ.лица,[counterparty_db1aef506b],,Поступление денег с торг. точек
Январь,1,07.01.2024,"-4,80",Тинькофф,Общее,[counterparty_831a0f4ab6],,Эквайринг
Январь,1,07.01.2024,"250,00",Тинькофф,Клиенты-физ.лица,[counterparty_db1aef506b],,Поступление денег с торг. точек
Январь,1,07.01.2024,"-1,00",Тинькофф,Общее,[counterparty_831a0f4ab6],,Эквайринг
Январь,1,07.01.2024,"-16 507,00",Тинькофф,Общее,[counterparty_8007f5505d],,Комиссия партнерам
Январь,1,07.01.2024,"-2 050,00",Тинькофф,Общее,[counterparty_d7a35ccc36],,Расходы на персонал
Январь,1,07.01.2024,"-1 382,15",Тинькофф,Общее,[counterparty_d7a35ccc36],,Оплата поставщикам 
Январь,1,08.01.2024,"-1 216,38",Тинькофф,Общее,[counterparty_831a0f4ab6],,Эквайринг
Январь,1,08.01.2024,"81 081,00",Тинькофф,Клиенты-физ.лица,[counterparty_db1aef506b],,Поступление денег с торг. точек
Январь,1,08.01.2024,"-16 705,00",Тинькофф,Общее,,,Выбытие — Перевод между счетами
Январь,1,08.01.2024,"1 064,00",Тинькофф,Клиенты-физ.лица,[counterparty_db1aef506b],,Поступление денег с торг. точек
Январь,1,08.01.2024,"-4,26",Тинькофф,Общее,[counterparty_831a0f4ab6],,Эквайринг
Январь,1,08.01.2024,"-1 222,48",Тинькофф,Общее,[counterparty_fb5384e8b9],,Оплата поставщикам 
Январь,1,08.01.2024,"-202 129,62",Тинькофф,Общее,[counterparty_dc430ed78e],,Оплата поставщикам 
Январь,1,08.01.2024,"-6 749,27",Тинькофф,Общее,[counterparty_d7a35ccc36],,Оплата поставщикам 
Январь,1,09.01.2024,"-53 639,07",Тинькофф,Общее,[counterparty_19f4d4c15b],,Оплата поставщикам 
Январь,1,09.01.2024,"-17 010,00",Тинькофф,Общее,[counterparty_fb5384e8b9],,Оплата поставщикам 
Январь,1,09.01.2024,"-97 047,44",Тинькофф,Общее,[counterparty_fb5384e8b9],,Оплата поставщикам 
Январь,1,09.01.2024,"-21 566,00",Тинькофф,Общее,[counterparty_c4e92b27e2],,Оплата поставщикам 
Январь,1,09.01.2024,"75 804,15",Тинькофф,Клиенты-физ.лица,[counterparty_db1aef506b],,Поступление денег с торг. точек
Январь,1,09.01.2024,"-490,00",Тинькофф,Общее,[counterparty_831a0f4ab6],,Овердрафт
Январь,1,09.01.2024,"-190,00",Тинькофф,Общее,[counterparty_831a0f4ab6],,Овердрафт
Январь,1,09.01.2024,"-1 137,21",Тинькофф,Общее,[counterparty_831a0f4ab6],,Эквайринг
Январь,1,09.01.2024,"168 000,00",Тинькофф,Общее,,,Поступление — Перевод между счетами
Январь,1,09.01.2024,"600,00",Тинькофф,Клиенты-физ.лица,[counterparty_db1aef506b],,Поступление денег с торг. точек
Январь,1,09.01.2024,"-3 630,00",Тинькофф,Общее,[counterparty_d7a35ccc36],,Содержание торговых точек
Январь,1,09.01.2024,"-7 428,00",Тинькофф,Общее,[counterparty_b2323408fa],,Оплата поставщикам 
Январь,1,09.01.2024,"-87 450,00",Тинькофф,Общее,,,Выбытие — Перевод между счетами
Январь,1,09.01.2024,"-270,00",Тинькофф,Общее,[counterparty_d7a35ccc36],,Содержание торговых точек
Январь,1,09.01.2024,"1 237,00",Тинькофф,Клиенты-физ.лица,[counterparty_db1aef506b],,Поступление денег с торг. точек
Январь,1,09.01.2024,"-2,40",Тинькофф,Общее,[counterparty_831a0f4ab6],,Эквайринг
Январь,1,09.01.2024,"58 480,89",Тинькофф,Общее,[counterparty_831a0f4ab6],,Получение овердрафта
Январь,1,09.01.2024,"97 543,40",Тинькофф,Общее,[counterparty_831a0f4ab6],,Получение овердрафта
Январь,1,09.01.2024,"-72 427,66",Тинькофф,Общее,[counterparty_831a0f4ab6],,Погашение овердрафта
Январь,1,09.01.2024,"-52 724,43",Тинькофф,Общее,[counterparty_831a0f4ab6],,Погашение овердрафта
Январь,1,09.01.2024,"-600,00",Тинькофф,Общее,[counterparty_831a0f4ab6],,Погашение овердрафта
Январь,1,10.01.2024,"54 342,00",Тинькофф,Клиенты-физ.лица,[counterparty_db1aef506b],,Поступление денег с торг. точек
Январь,1,10.01.2024,"-4,95",Тинькофф,Общее,[counterparty_831a0f4ab6],,Эквайринг
Январь,1,10.01.2024,"-290,00",Тинькофф,Общее,[counterparty_831a0f4ab6],,Овердрафт
Январь,1,10.01.2024,"-816,24",Тинькофф,Общее,[counterparty_831a0f4ab6],,Эквайринг
Январь,1,10.01.2024,"-40 000,00",Тинькофф,Общее,,,Выбытие — Перевод между счетами
Январь,1,10.01.2024,"1 477,00",Тинькофф,Клиенты-физ.лица,[counterparty_db1aef506b],,Поступление денег с торг. точек
Январь,1,10.01.2024,"-53 231,81",Тинькофф,Общее,[counterparty_831a0f4ab6],,Погашение овердрафта
Январь,1,10.01.2024,"48 275,81",Тинькофф,Общее,[counterparty_831a0f4ab6],,Получение овердрафта
Январь,1,10.01.2024,"-8 853,93",Тинькофф,Общее,[counterparty_d7a35ccc36],,Оплата поставщикам 
Январь,1,10.01.2024,"-411,94",Тинькофф,Общее,[counterparty_d7a35ccc36],,Содержание торговых точек
Январь,1,10.01.2024,"-485,94",Тинькофф,Общее,[counterparty_d7a35ccc36],,Расходы на питание персонала
Январь,1,05.01.2024,"-28 800,00",ТК Гагарина,Общее,,,Выбытие — Перевод между счетами
Январь,1,09.01.2024,"-3 000,00",ТК Гагарина,Общее,,,Выбытие — Перевод между счетами
Январь,1,05.01.2024,"-12 530,00",ТК Черникова,Общее,[counterparty_552231dcd7],,Курьерская служба -
Январь,1,05.01.2024,"-1 350,00",ТК Черникова,Общее,[counterparty_903a43fe3c],,Транспортные услуги
Январь,1,05.01.2024,"22 433,25",ТК Черникова,Клиенты-физ.лица,[counterparty_db1aef506b],,Поступление денег с торг. точек
Январь,1,06.01.2024,"-4 312,00",ТК Черникова,Общее,[counterparty_d7a35ccc36],,Оплата поставщикам 
Январь,1,06.01.2024,"-12 100,00",ТК Черникова,Общее,[counterparty_552231dcd7],,Курьерская служба -
Январь,1,06.01.2024,"32 208,75",ТК Черникова,Клиенты-физ.лица,[counterparty_db1aef506b],,Поступление денег с торг. точек
Январь,1,07.01.2024,"-12 280,00",ТК Черникова,Общее,[counterparty_552231dcd7],,Курьерская служба -
Январь,1,07.01.2024,"27 772,00",ТК Черникова,Клиенты-физ.лица,[counterparty_db1aef506b],,Поступление денег с торг. точек
Январь,1,08.01.2024,"-11 040,00",ТК Черникова,Общее,[counterparty_552231dcd7],,Курьерская служба -
Январь,1,08.01.2024,"-300,00",ТК Черникова,Общее,[counterparty_552231dcd7],,Содержание торговых точек
Январь,1,08.01.2024,"18 752,00",ТК Черникова,Клиенты-физ.лица,[counterparty_db1aef506b],,Поступление денег с торг. точек
Январь,1,08.01.2024,"-91,00",ТК Черникова,Общее,[counterparty_d7a35ccc36],,Расходы на питание персонала
Январь,1,08.01.2024,"-7 549,00",ТК Черникова,Общее,[counterparty_d7a35ccc36],,Оплата поставщикам 
Январь,1,09.01.2024,"-8 300,00",ТК Черникова,Общее,[counterparty_552231dcd7],,Курьерская служба -
Январь,1,09.01.2024,"25 651,00",ТК Черникова,Клиенты-физ.лица,[counterparty_db1aef506b],,Поступление денег с торг. точек
Январь,1,09.01.2024,"-37 000,00",ТК Черникова,Общее,,,Выбытие — Перевод между счетами
Январь,1,10.01.2024,"-2 350,00",ТК Черникова,Общее,[counterparty_903a43fe3c],,Транспортные услуги
Январь,1,10.01.2024,"-10 000,00",ТК Черникова,Общее,[counterparty_552231dcd7],,Курьерская служба -
Январь,1,10.01.2024,"-1 355,00",ТК Черникова,Общее,[counterparty_d7a35ccc36],,Содержание торговых точек
Январь,1,10.01.2024,"-9 381,00",ТК Черникова,Общее,[counterparty_d7a35ccc36],,Оплата поставщикам 
Январь,1,10.01.2024,"16 510,00",ТК Черникова,Клиенты-физ.лица,[counterparty_db1aef506b],,Поступление денег с торг. точек
Январь,1,10.01.2024,"-4 700,00",ТК Черникова,Общее,[counterparty_552231dcd7],,Содержание торговых точек
Январь,1,11.01.2024,"-2 900,00",ТК Черникова,Общее,[counterparty_45d6b05c94],,Поиск и найм персонала
Январь,1,11.01.2024,"-8 720,00",ТК Черникова,Общее,[counterparty_552231dcd7],,Курьерская служба -
Январь,1,11.01.2024,"14 949,00",ТК Черникова,Клиенты-физ.лица,[counterparty_db1aef506b],,Поступление денег с торг. точек
Январь,1,05.01.2024,"28 800,00",Сейф,Общее,,,Поступление — Перевод между счетами
Январь,1,09.01.2024,"37 000,00",Сейф,Общее,,,Поступление — Перевод между счетами
Январь,1,09.01.2024,"87 450,00",Сейф,Общее,,,Поступление — Перевод между счетами
Январь,1,09.01.2024,"3 000,00",Сейф,Общее,,,Поступление — Перевод между счетами
Январь,1,09.01.2024,"-5 000,00",Сейф,Общее,[counterparty_552231dcd7],,Зарплата административного персонала
Январь,1,09.01.2024,"-167 050,00",Сейф,Общее,[counterparty_552231dcd7],,Зарплата производственного персонала
Январь,1,11.01.2024,"32 902,79",Альфа,Клиенты-физ.лица,[counterparty_db1aef506b],,Поступление денег с торг. точек
Январь,1,11.01.2024,"-34,37",Альфа,Общее,[counterparty_831a0f4ab6],,Эквайринг
Январь,1,11.01.2024,"-50 000,00",Тинькофф,Общее,[counterparty_e08d6e58b9],,Аренда торговых точек
Январь,1,11.01.2024,"130 636,48",Тинькофф,Общее,[counterparty_831a0f4ab6],,Получение овердрафта
Январь,1,11.01.2024,"62 970,00",Тинькофф,Клиенты-физ.лица,[counterparty_db1aef506b],,Поступление денег с торг. точек
Январь,1,11.01.2024,"-64 083,00",Тинькофф,Общее,[counterparty_e08d6e58b9],,Аренда торговых точек
Январь,1,11.01.2024,"-2 400,00",Тинькофф,Общее,[counterparty_e3d41d1621],,Телекоммуникации
Январь,1,11.01.2024,"-1 000,00",Тинькофф,Общее,[counterparty_9147d41bbb],,Аренда торговых точек
Январь,1,11.01.2024,"-61 830,38",Тинькофф,Общее,[counterparty_831a0f4ab6],,Погашение овердрафта
Январь,1,11.01.2024,"-7 673,00",Тинькофф,Общее,[counterparty_e08d6e58b9],[private_text_ace57e06ae],Аренда торговых точек
Январь,1,11.01.2024,"-944,71",Тинькофф,Общее,[counterparty_831a0f4ab6],,Эквайринг
Январь,1,11.01.2024,"-190,00",Тинькофф,Общее,[counterparty_831a0f4ab6],,Овердрафт
Январь,1,11.01.2024,"-4,91",Тинькофф,Общее,[counterparty_831a0f4ab6],,Эквайринг
Январь,1,11.01.2024,"-4 000,00",Тинькофф,Общее,[counterparty_9147d41bbb],,Аренда торговых точек
Январь,1,11.01.2024,"-1 291,71",Тинькофф,Общее,[counterparty_d7a35ccc36],,Оплата поставщикам 
Январь,1,11.01.2024,"-179,78",Тинькофф,Общее,[counterparty_d7a35ccc36],,Расходы на питание персонала
Январь,1,11.01.2024,"-8,99",Тинькофф,Общее,[counterparty_d7a35ccc36],,Содержание торговых точек
Январь,1,12.01.2024,"-12 920,00",ТК Черникова,Общее,[counterparty_552231dcd7],,Курьерская служба -
Январь,1,12.01.2024,"28 192,50",ТК Черникова,Клиенты-физ.лица,[counterparty_db1aef506b],,Поступление денег с торг. точек
Январь,1,12.01.2024,"-1 016,00",ТК Черникова,Общее,[counterparty_7e3a73c9be],,Зарплата административного персонала
Январь,1,12.01.2024,"-90,00",ТК Черникова,Общее,[counterparty_d7a35ccc36],,Расходы на питание персонала
Январь,1,12.01.2024,"-5 562,00",ТК Черникова,Общее,[counterparty_d7a35ccc36],,Оплата поставщикам 
Январь,1,12.01.2024,"-2 476,32",ТК Черникова,Общее,[counterparty_6d6a37d791],,Оплата поставщикам 
Январь,1,13.01.2024,"-3 342,00",ТК Черникова,Общее,[counterparty_d7a35ccc36],,Оплата поставщикам 
Январь,1,13.01.2024,"-16 900,00",ТК Черникова,Общее,[counterparty_552231dcd7],,Курьерская служба -
Январь,1,13.01.2024,"45 351,35",ТК Черникова,Клиенты-физ.лица,[counterparty_db1aef506b],,Поступление денег с торг. точек
Январь,1,14.01.2024,"-9 568,00",ТК Черникова,Общее,[counterparty_d7a35ccc36],,Оплата поставщикам 
Январь,1,14.01.2024,"30 634,00",ТК Черникова,Клиенты-физ.лица,[counterparty_db1aef506b],,Поступление денег с торг. точек
Январь,1,14.01.2024,"1 871,15",ТК Черникова,Общее,,,Корретировки кассы +
Январь,1,12.01.2024,"32 216,73",Альфа,Клиенты-физ.лица,[counterparty_db1aef506b],,Поступление денег с торг. точек
Январь,1,12.01.2024,"-57,40",Альфа,Общее,[counterparty_831a0f4ab6],,Эквайринг
Январь,1,13.01.2024,"29 959,09",Альфа,Клиенты-физ.лица,[counterparty_db1aef506b],,Поступление денег с торг. точек
Январь,1,13.01.2024,"-49,43",Альфа,Общее,[counterparty_831a0f4ab6],,Эквайринг
Январь,1,14.01.2024,"36 925,08",Альфа,Клиенты-физ.лица,[counterparty_db1aef506b],,Поступление денег с торг. точек
Январь,1,14.01.2024,"-33,25",Альфа,Общее,[counterparty_831a0f4ab6],,Эквайринг
Январь,1,12.01.2024,"53 946,00",Тинькофф,Клиенты-физ.лица,[counterparty_db1aef506b],,Поступление денег с торг. точек
Январь,1,12.01.2024,"-290,00",Тинькофф,Общее,[counterparty_831a0f4ab6],,Овердрафт
Январь,1,12.01.2024,"-809,31",Тинькофф,Общее,[counterparty_831a0f4ab6],,Эквайринг
Январь,1,12.01.2024,"-9 028,85",Тинькофф,Общее,[counterparty_d7a35ccc36],,Оплата поставщикам 
Январь,1,12.01.2024,"-2 086,73",Тинькофф,Общее,[counterparty_d7a35ccc36],,Расходы на питание персонала
Январь,1,12.01.2024,"-52 846,69",Тинькофф,Общее,[counterparty_831a0f4ab6],,Погашение овердрафта
Январь,1,12.01.2024,"11 115,58",Тинькофф,Общее,[counterparty_831a0f4ab6],,Получение овердрафта
Январь,1,13.01.2024,"81 826,30",Тинькофф,Клиенты-физ.лица,[counterparty_db1aef506b],,Поступление денег с торг. точек
Январь,1,13.01.2024,"-290,00",Тинькофф,Общее,[counterparty_831a0f4ab6],,Овердрафт
Январь,1,13.01.2024,"-1 227,57",Тинькофф,Общее,[counterparty_831a0f4ab6],,Эквайринг
Январь,1,13.01.2024,"-8,00",Тинькофф,Общее,[counterparty_d7a35ccc36],,Содержание торговых точек
Январь,1,13.01.2024,"-3 936,26",Тинькофф,Общее,[counterparty_d7a35ccc36],,Оплата поставщикам 
Январь,1,14.01.2024,"-1 786,67",Тинькофф,Общее,[counterparty_831a0f4ab6],,Эквайринг
Январь,1,14.01.2024,"119 096,00",Тинькофф,Клиенты-физ.лица,[counterparty_db1aef506b],,Поступление денег с торг. точек
Январь,1,14.01.2024,"-90,00",Тинькофф,Общее,[counterparty_831a0f4ab6],,Овердрафт
Январь,1,14.01.2024,"-7 720,98",Тинькофф,Общее,[counterparty_d7a35ccc36],,Оплата поставщикам 
Январь,1,14.01.2024,"-265,95",Тинькофф,Общее,[counterparty_d7a35ccc36],,Содержание торговых точек
Январь,1,14.01.2024,"-980,09",Тинькофф,Общее,[counterparty_d7a35ccc36],,Расходы на питание персонала
Январь,1,14.01.2024,"-850,00",ТК Черникова,Общее,[counterparty_903a43fe3c],[private_text_4fb8dca431],Оплата поставщикам 
Январь,1,14.01.2024,"-12 960,00",ТК Черникова,Общее,[counterparty_552231dcd7],,Курьерская служба -
Январь,1,15.01.2024,"-50 000,00",ТК Черникова,Общее,,,Выбытие — Перевод между счетами
Январь,1,15.01.2024,"-1 350,00",ТК Черникова,Общее,[counterparty_903a43fe3c],,Транспортные услуги
Январь,1,15.01.2024,"2,32",ТК Черникова,Общее,,,Корретировки кассы +
Январь,1,15.01.2024,"-7 940,00",ТК Черникова,Общее,[counterparty_552231dcd7],,Курьерская служба -
Январь,1,15.01.2024,"14 505,00",ТК Черникова,Клиенты-физ.лица,,,Поступление денег с торг. точек
Январь,1,08.01.2024,"16 705,00",Сбербанк,Общее,,,Поступление — Перевод между счетами
Январь,1,09.01.2024,"-18 459,00",Сбербанк,Общее,[counterparty_831a0f4ab6],,Оплаты по кредитам и займам
Январь,1,09.01.2024,"87 450,00",Сбербанк,Общее,,,Поступление — Перевод между счетами
Январь,1,09.01.2024,"-87 450,00",Сбербанк,Общее,,,Выбытие — Перевод между счетами
Январь,1,10.01.2024,"40 000,00",Сбербанк,Общее,,,Поступление — Перевод между счетами
Январь,1,10.01.2024,"-40 000,00",Сбербанк,Общее,[counterparty_7e3a73c9be],,Зарплата административного персонала
Январь,1,11.01.2024,"-79,35",Сбербанк,Общее,[counterparty_831a0f4ab6],,РКО
Январь,1,15.01.2024,"29 920,22",Альфа,Клиенты-физ.лица,[counterparty_db1aef506b],,Поступление денег с торг. точек
Январь,1,15.01.2024,"-170 000,00",Альфа,Общее,,,Выбытие — Перевод между счетами
Январь,1,15.01.2024,"-19,89",Альфа,Общее,[counterparty_831a0f4ab6],,Эквайринг
Январь,1,16.01.2024,"14 700,44",Альфа,Клиенты-физ.лица,[counterparty_db1aef506b],,Поступление денег с торг. точек
Январь,1,16.01.2024,"-24,68",Альфа,Общее,[counterparty_831a0f4ab6],,Эквайринг
Январь,1,16.01.2024,"-10 060,00",ТК Черникова,Общее,[counterparty_552231dcd7],,Курьерская служба -
Январь,1,16.01.2024,"23 071,00",ТК Черникова,Клиенты-физ.лица,[counterparty_db1aef506b],,Поступление денег с торг. точек
Январь,1,16.01.2024,"-7 516,00",ТК Черникова,Общее,[counterparty_5ea766e786],,Оплата поставщикам 
Январь,1,16.01.2024,"-160,00",ТК Черникова,Общее,[counterparty_d7a35ccc36],,Расходы на питание персонала
Январь,1,16.01.2024,"-10 013,00",ТК Черникова,Общее,[counterparty_d7a35ccc36],,Оплата поставщикам 
Январь,1,15.01.2024,"50 000,00",Сейф,Общее,,,Поступление — Перевод между счетами
Январь,1,15.01.2024,"-1 000,00",Сейф,Общее,[counterparty_45d6b05c94],,Поиск и найм персонала
Январь,1,16.01.2024,"135 000,00",Сейф,Общее,,,Поступление — Перевод между счетами
Январь,1,16.01.2024,"-22 500,00",Сейф,Общее,[counterparty_552231dcd7],,Зарплата административного персонала
Январь,1,16.01.2024,"-161 500,00",Сейф,Общее,[counterparty_552231dcd7],,Зарплата производственного персонала
Январь,1,15.01.2024,"-1 143,29",Тинькофф,Общее,[counterparty_831a0f4ab6],,Эквайринг
Январь,1,15.01.2024,"76 209,00",Тинькофф,Клиенты-физ.лица,[counterparty_db1aef506b],,Поступление денег с торг. точек
Январь,1,15.01.2024,"170 000,00",Тинькофф,Общее,,,Поступление — Перевод между счетами
Январь,1,15.01.2024,"-95 858,00",Тинькофф,Общее,[counterparty_cb93f56848],,Сайт и приложение
Январь,1,15.01.2024,"-88 100,00",Тинькофф,Общее,[counterparty_6e66cfc0d7],,Оплата поставщикам 
Январь,1,15.01.2024,"-28 000,00",Тинькофф,Общее,[counterparty_33844b2195],,Прочие маркетинговые услуги
Январь,1,15.01.2024,"-5 000,00",Тинькофф,Общее,[counterparty_50d958815d],,Телекоммуникации
Январь,1,15.01.2024,"-124,56",Тинькофф,Общее,[counterparty_d7a35ccc36],,Расходы на питание персонала
Январь,1,15.01.2024,"-1 988,00",Тинькофф,Общее,[counterparty_d7a35ccc36],,Оплата поставщикам 
Январь,1,15.01.2024,"-80 308,73",Тинькофф,Общее,[counterparty_831a0f4ab6],,Погашение овердрафта
Январь,1,15.01.2024,"-48 454,38",Тинькофф,Общее,[counterparty_831a0f4ab6],,Погашение овердрафта
Январь,1,15.01.2024,"3 944,26",Тинькофф,Общее,[counterparty_831a0f4ab6],,Получение овердрафта
Январь,1,16.01.2024,"-500,00",Тинькофф,Общее,,,Выбытие — Перевод между счетами
Январь,1,16.01.2024,"-748,78",Тинькофф,Общее,[counterparty_831a0f4ab6],,Эквайринг
Январь,1,16.01.2024,"-280 000,00",Тинькофф,Общее,,,Выбытие — Перевод между счетами
Январь,1,16.01.2024,"49 911,65",Тинькофф,Клиенты-физ.лица,[counterparty_db1aef506b],,Поступление денег с торг. точек
Январь,1,16.01.2024,"150 979,20",Тинькофф,Общее,[counterparty_831a0f4ab6],,Получение овердрафта
Январь,1,16.01.2024,"-3 458,35",Тинькофф,Общее,[counterparty_d7a35ccc36],,Оплата поставщикам 
Январь,1,16.01.2024,"-1 500,35",Тинькофф,Общее,[counterparty_d7a35ccc36],,Расходы на питание персонала
Январь,1,16.01.2024,"-476,45",Тинькофф,Общее,[counterparty_d7a35ccc36],,Содержание торговых точек
Январь,1,17.01.2024,"20 295,75",Альфа,Клиенты-физ.лица,[counterparty_db1aef506b],,Поступление денег с торг. точек
Январь,1,17.01.2024,"-26,60",Альфа,Общее,[counterparty_831a0f4ab6],,Эквайринг
Январь,1,17.01.2024,"5 801,36",Тинькофф,Общее,[counterparty_831a0f4ab6],,Получение овердрафта
Январь,1,17.01.2024,"-64 982,40",Тинькофф,Общее,[counterparty_831a0f4ab6],,Погашение овердрафта
Январь,1,17.01.2024,"66 764,00",Тинькофф,Клиенты-физ.лица,[counterparty_db1aef506b],,Поступление денег с торг. точек
Январь,1,17.01.2024,"-490,00",Тинькофф,Общее,[counterparty_831a0f4ab6],,Овердрафт
Январь,1,17.01.2024,"-290,00",Тинькофф,Общее,[counterparty_831a0f4ab6],,Овердрафт
Январь,1,17.01.2024,"-1 001,60",Тинькофф,Общее,[counterparty_831a0f4ab6],,Эквайринг
Январь,1,17.01.2024,"-17,98",Тинькофф,Общее,[counterparty_d7a35ccc36],,Содержание торговых точек
Январь,1,17.01.2024,"-5 783,38",Тинькофф,Общее,[counterparty_d7a35ccc36],,Оплата поставщикам 
Январь,1,17.01.2024,"-11 000,00",ТК Черникова,Общее,,,Выбытие — Перевод между счетами
Январь,1,17.01.2024,"-1 050,00",ТК Черникова,Общее,[counterparty_d7a35ccc36],,Оплата поставщикам 
Январь,1,17.01.2024,"-9 580,00",ТК Черникова,Общее,[counterparty_552231dcd7],,Курьерская служба -
Январь,1,17.01.2024,"10 200,50",ТК Черникова,Клиенты-физ.лица,[counterparty_db1aef506b],,Поступление денег с торг. точек
Январь,1,17.01.2024,"11 000,00",Сейф,Общее,,,Поступление — Перевод между счетами
Январь,1,18.01.2024,"-200,00",Сейф,Общее,[counterparty_3f0fc87298],,Транспортные услуги
Январь,1,18.01.2024,"18 366,89",Альфа,Клиенты-физ.лица,[counterparty_db1aef506b],,Поступление денег с торг. точек
Январь,1,18.01.2024,"-23,72",Альфа,Общее,[counterparty_831a0f4ab6],,Эквайринг
Январь,1,19.01.2024,"4 000,00",Сейф,Общее,,,Поступление — Перевод между счетами
Январь,1,19.01.2024,"-15 000,00",Сейф,Общее,[counterparty_552231dcd7],,Содержание торговых точек
Январь,1,18.01.2024,"312 379,21",Тинькофф,Общее,[counterparty_831a0f4ab6],,Получение овердрафта
Январь,1,18.01.2024,"-60 250,45",Тинькофф,Общее,[counterparty_831a0f4ab6],,Погашение овердрафта
Январь,1,18.01.2024,"61 361,00",Тинькофф,Клиенты-физ.лица,[counterparty_db1aef506b],,Поступление денег с торг. точек
Январь,1,18.01.2024,"-190,00",Тинькофф,Общее,[counterparty_831a0f4ab6],,Овердрафт
Январь,1,18.01.2024,"-920,55",Тинькофф,Общее,[counterparty_831a0f4ab6],,Эквайринг
Январь,1,18.01.2024,"-3 613,00",Тинькофф,Общее,[counterparty_ecf3465a86],,Аренда торговых точек
Январь,1,18.01.2024,"-74 686,64",Тинькофф,Общее,[counterparty_fb5384e8b9],,Оплата поставщикам 
Январь,1,18.01.2024,"-490,88",Тинькофф,Общее,[counterparty_fb5384e8b9],,Оплата поставщикам 
Январь,1,18.01.2024,"-17 010,00",Тинькофф,Общее,[counterparty_fb5384e8b9],,Оплата поставщикам 
Январь,1,18.01.2024,"-130 515,00",Тинькофф,Общее,[counterparty_dc430ed78e],,Оплата поставщикам 
Январь,1,18.01.2024,"-32 073,50",Тинькофф,Общее,[counterparty_19f4d4c15b],,Оплата поставщикам 
Январь,1,18.01.2024,"-18 483,00",Тинькофф,Общее,[counterparty_c4e92b27e2],,Оплата поставщикам 
Январь,1,18.01.2024,"-17 208,87",Тинькофф,Общее,[counterparty_8e70032df8],,Оплата поставщикам 
Январь,1,18.01.2024,"-12 885,00",Тинькофф,Общее,[counterparty_449fa47f79],,Оплаты систем автоматизации
Январь,1,18.01.2024,"2 109,00",Тинькофф,Клиенты-физ.лица,[counterparty_db1aef506b],,Поступление денег с торг. точек
Январь,1,18.01.2024,"-2 042,00",Тинькофф,Общее,[counterparty_d7a35ccc36],,Содержание торговых точек
Январь,1,18.01.2024,"-1 434,85",Тинькофф,Общее,[counterparty_d7a35ccc36],,Расходы на питание персонала
Январь,1,18.01.2024,"-4 045,47",Тинькофф,Общее,[counterparty_d7a35ccc36],,Оплата поставщикам 
Январь,1,18.01.2024,"-500,00",ТК Черникова,Общее,[counterparty_3f0fc87298],[private_text_7d96ad1807],Содержание торговых точек
Январь,1,18.01.2024,"-8 020,00",ТК Черникова,Общее,[counterparty_552231dcd7],,Курьерская служба -
Январь,1,18.01.2024,"12 484,50",ТК Черникова,Клиенты-физ.лица,[counterparty_db1aef506b],,Поступление денег с торг. точек
Январь,1,19.01.2024,"20 863,29",Альфа,Клиенты-физ.лица,[counterparty_db1aef506b],,Поступление денег с торг. точек
Январь,1,19.01.2024,"-45,28",Альфа,Общее,[counterparty_831a0f4ab6],,Эквайринг
Январь,1,20.01.2024,"30 024,41",Альфа,Клиенты-физ.лица,[counterparty_db1aef506b],,Поступление денег с торг. точек
Январь,1,20.01.2024,"-35,53",Альфа,Общее,[counterparty_831a0f4ab6],,Эквайринг
Январь,1,21.01.2024,"39 618,87",Альфа,Клиенты-физ.лица,[counterparty_db1aef506b],,Поступление денег с торг. точек
Январь,1,21.01.2024,"-22,52",Альфа,Общее,[counterparty_831a0f4ab6],,Эквайринг
Январь,1,19.01.2024,"41 931,00",Тинькофф,Клиенты-физ.лица,[counterparty_db1aef506b],,Поступление денег с торг. точек
Январь,1,19.01.2024,"-8,44",Тинькофф,Общее,[counterparty_831a0f4ab6],,Эквайринг
Январь,1,19.01.2024,"-590,00",Тинькофф,Общее,[counterparty_831a0f4ab6],,Овердрафт
Январь,1,19.01.2024,"-629,04",Тинькофф,Общее,[counterparty_831a0f4ab6],,Эквайринг
Январь,1,19.01.2024,"-1 789,00",Тинькофф,Общее,[counterparty_b2323408fa],,Оплата поставщикам 
Январь,1,20.01.2024,"-1 299,00",Тинькофф,Общее,[counterparty_db1aef506b],,Возвраты клиентам
Январь,1,20.01.2024,"106 317,00",Тинькофф,Клиенты-физ.лица,[counterparty_db1aef506b],,Поступление денег с торг. точек
Январь,1,20.01.2024,"-590,00",Тинькофф,Общее,[counterparty_831a0f4ab6],,Овердрафт
Январь,1,20.01.2024,"-1 594,97",Тинькофф,Общее,[counterparty_831a0f4ab6],,Эквайринг
Январь,1,20.01.2024,"5 207,00",Тинькофф,Клиенты-физ.лица,[counterparty_db1aef506b],,Поступление денег с торг. точек
Январь,1,20.01.2024,"1 250,00",Тинькофф,Клиенты-физ.лица,[counterparty_db1aef506b],,Поступление денег с торг. точек
Январь,1,20.01.2024,"-20,83",Тинькофф,Общее,[counterparty_831a0f4ab6],,Эквайринг
Январь,1,20.01.2024,"-2,40",Тинькофф,Общее,[counterparty_831a0f4ab6],,Эквайринг
Январь,1,20.01.2024,"1 224,00",Тинькофф,Клиенты-физ.лица,[counterparty_db1aef506b],,Поступление денег с торг. точек
Январь,1,20.01.2024,"-2,60",Тинькофф,Общее,[counterparty_831a0f4ab6],,Эквайринг
Январь,1,19.01.2024,"-40 703,52",Тинькофф,Общее,[counterparty_831a0f4ab6],,Погашение овердрафта
Январь,1,19.01.2024,"1 789,00",Тинькофф,Общее,[counterparty_831a0f4ab6],,Получение овердрафта
Январь,1,20.01.2024,"-4 761,20",Тинькофф,Общее,[counterparty_d7a35ccc36],,Оплата поставщикам 
Январь,1,20.01.2024,"-1 897,01",Тинькофф,Общее,[counterparty_d7a35ccc36],,Расходы на питание персонала
Январь,1,20.01.2024,"-15,98",Тинькофф,Общее,[counterparty_d7a35ccc36],,Содержание торговых точек
Январь,1,20.01.2024,"-1 297,90",Тинькофф,Общее,[counterparty_d7a35ccc36],[private_text_8a8de823d5],Оплата поставщикам 
Январь,1,21.01.2024,"131 208,80",Тинькофф,Клиенты-физ.лица,[counterparty_db1aef506b],,Поступление денег с торг. точек
Январь,1,21.01.2024,"-4,90",Тинькофф,Общее,[counterparty_831a0f4ab6],,Эквайринг
Январь,1,21.01.2024,"-590,00",Тинькофф,Общее,[counterparty_831a0f4ab6],,Овердрафт
Январь,1,21.01.2024,"-1 968,37",Тинькофф,Общее,[counterparty_831a0f4ab6],,Эквайринг
Январь,1,21.01.2024,"495,00",Тинькофф,Клиенты-физ.лица,[counterparty_db1aef506b],,Поступление денег с торг. точек
Январь,1,19.01.2024,"-1 350,00",ТК Черникова,Общее,[counterparty_903a43fe3c],,Транспортные услуги
Январь,1,19.01.2024,"-14 940,00",ТК Черникова,Общее,[counterparty_552231dcd7],,Курьерская служба -
Январь,1,19.01.2024,"30 653,00",ТК Черникова,Клиенты-физ.лица,[counterparty_db1aef506b],,Поступление денег с торг. точек
Январь,1,19.01.2024,"-4 000,00",ТК Черникова,Общее,,,Выбытие — Перевод между счетами
Январь,1,19.01.2024,"-2 383,00",ТК Черникова,Общее,[counterparty_6d6a37d791],,Оплата поставщикам 
Январь,1,20.01.2024,"34 690,00",ТК Черникова,Клиенты-физ.лица,[counterparty_db1aef506b],,Поступление денег с торг. точек
Январь,1,20.01.2024,"-125,00",ТК Черникова,Общее,[counterparty_d7a35ccc36],,Расходы на питание персонала
Январь,1,20.01.2024,"-8 763,00",ТК Черникова,Общее,[counterparty_d7a35ccc36],,Оплата поставщикам 
Январь,1,20.01.2024,"-18 000,00",ТК Черникова,Общее,[counterparty_552231dcd7],,Курьерская служба -
Январь,1,21.01.2024,"-350,00",ТК Черникова,Общее,[counterparty_d7a35ccc36],,Содержание торговых точек
Январь,1,21.01.2024,"-12 000,00",ТК Черникова,Общее,[counterparty_552231dcd7],,Курьерская служба -
Январь,1,21.01.2024,"26 265,00",ТК Черникова,Клиенты-физ.лица,[counterparty_db1aef506b],,Поступление денег с торг. точек
Январь,1,22.01.2024,"14 978,58",Альфа,Клиенты-физ.лица,[counterparty_db1aef506b],,Поступление денег с торг. точек
Январь,1,22.01.2024,"-99,00",Альфа,Общее,[counterparty_831a0f4ab6],,РКО
Январь,1,22.01.2024,"-159 000,00",Альфа,Общее,,,Выбытие — Перевод между счетами
Январь,1,22.01.2024,"-13,16",Альфа,Общее,[counterparty_831a0f4ab6],,Эквайринг
Январь,1,16.01.2024,"-40,85",Сбербанк,Общее,[counterparty_831a0f4ab6],,РКО
Январь,1,16.01.2024,"-45 000,00",Сбербанк,Общее,[counterparty_831a0f4ab6],,Оплаты по кредитам и займам
Январь,1,16.01.2024,"-50 000,00",Сбербанк,Общее,[counterparty_41bef12399],,Дивиденды
Январь,1,16.01.2024,"-50 000,00",Сбербанк,Общее,[counterparty_7e3a73c9be],,Дивиденды
Январь,1,16.01.2024,"-135 000,00",Сбербанк,Общее,,,Выбытие — Перевод между счетами
Январь,1,16.01.2024,"500,00",Сбербанк,Общее,,,Поступление — Перевод между счетами
Январь,1,16.01.2024,"280 000,00",Сбербанк,Общее,,,Поступление — Перевод между счетами
Январь,1,22.01.2024,"-705,00",Сбербанк,Общее,[counterparty_831a0f4ab6],,РКО
Январь,1,22.01.2024,"-102 833,03",Тинькофф,Общее,[counterparty_831a0f4ab6],,Погашение овердрафта
Январь,1,22.01.2024,"-5 207,00",Тинькофф,Общее,[counterparty_831a0f4ab6],,Погашение овердрафта
Январь,1,22.01.2024,"-579,17",Тинькофф,Общее,[counterparty_831a0f4ab6],,Погашение овердрафта
Январь,1,22.01.2024,"-647,60",Тинькофф,Общее,[counterparty_831a0f4ab6],,Погашение овердрафта
Январь,1,22.01.2024,"-128 645,53",Тинькофф,Общее,[counterparty_831a0f4ab6],,Погашение овердрафта
Январь,1,22.01.2024,"-495,00",Тинькофф,Общее,[counterparty_831a0f4ab6],,Погашение овердрафта
Январь,1,22.01.2024,"-73 355,76",Тинькофф,Общее,[counterparty_831a0f4ab6],,Погашение овердрафта
Январь,1,22.01.2024,"6 750,69",Тинькофф,Общее,[counterparty_831a0f4ab6],,Получение овердрафта
Январь,1,22.01.2024,"-1 229,75",Тинькофф,Общее,[counterparty_831a0f4ab6],,Эквайринг
Январь,1,22.01.2024,"81 970,45",Тинькофф,Клиенты-физ.лица,[counterparty_db1aef506b],,Поступление денег с торг. точек
Январь,1,22.01.2024,"-1,98",Тинькофф,Общее,[counterparty_831a0f4ab6],,Эквайринг
Январь,1,22.01.2024,"-190,00",Тинькофф,Общее,[counterparty_831a0f4ab6],,Овердрафт
Январь,1,22.01.2024,"159 000,00",Тинькофф,Общее,,,Поступление — Перевод между счетами
Январь,1,22.01.2024,"-6 000,00",Тинькофф,Общее,[counterparty_1c967c7874],,Комиссия агрегатору
Январь,1,22.01.2024,"-598,00",Тинькофф,Общее,[counterparty_d7a35ccc36],,Оплата поставщикам 
Январь,1,22.01.2024,"-3 865,58",Тинькофф,Общее,[counterparty_d7a35ccc36],,Оплата поставщикам 
Январь,1,22.01.2024,"-734,64",Тинькофф,Общее,[counterparty_d7a35ccc36],,Расходы на питание персонала
Январь,1,22.01.2024,"-29,97",Тинькофф,Общее,[counterparty_d7a35ccc36],,Содержание торговых точек
Январь,1,22.01.2024,"28 000,00",Сейф,Общее,,,Поступление — Перевод между счетами
Январь,1,22.01.2024,"91 137,00",Сейф,Корпоративные клиенты,[counterparty_d346fb5ae4],,Поступление денег с торг. точек
Январь,1,22.01.2024,"-28 000,00",ТК Черникова,Общее,,,Выбытие — Перевод между счетами
Январь,1,22.01.2024,"-6 367,00",ТК Черникова,Общее,[counterparty_d7a35ccc36],,Оплата поставщикам 
Январь,1,22.01.2024,"-7 460,00",ТК Черникова,Общее,[counterparty_552231dcd7],,Курьерская служба -
Январь,1,22.01.2024,"11 495,00",ТК Черникова,Клиенты-физ.лица,[counterparty_db1aef506b],,Поступление денег с торг. точек
Январь,1,23.01.2024,"32 427,12",Альфа,Клиенты-физ.лица,[counterparty_db1aef506b],,Поступление денег с торг. точек
Январь,1,23.01.2024,"-1,38",Альфа,Общее,[counterparty_831a0f4ab6],,Эквайринг
Январь,1,23.01.2024,"-1 990,00",Тинькофф,Общее,[counterparty_831a0f4ab6],,РКО
Январь,1,23.01.2024,"-99,00",Тинькофф,Общее,[counterparty_831a0f4ab6],,РКО
Январь,1,23.01.2024,"-990,00",Тинькофф,Общее,[counterparty_831a0f4ab6],,РКО
Январь,1,23.01.2024,"-656,63",Тинькофф,Общее,[counterparty_831a0f4ab6],,Эквайринг
Январь,1,23.01.2024,"43 768,00",Тинькофф,Клиенты-физ.лица,[counterparty_db1aef506b],,Поступление денег с торг. точек
Январь,1,23.01.2024,"-84,98",Тинькофф,Общее,[counterparty_d7a35ccc36],,Расходы на питание персонала
Январь,1,23.01.2024,"-153 180,00",Тинькофф,Общее,,,Выбытие — Перевод между счетами
Январь,1,23.01.2024,"153 180,00",Сейф,Общее,,,Поступление — Перевод между счетами
Январь,1,23.01.2024,"-11 600,00",Сейф,Общее,[counterparty_07485de87e],,Оплата поставщикам 
Январь,1,23.01.2024,"-3 600,00",Сейф,Общее,[counterparty_903a43fe3c],,Оплата поставщикам 
Январь,1,23.01.2024,"-9 945,00",Сейф,Общее,[counterparty_d7a35ccc36],,Оплата поставщикам 
Январь,1,23.01.2024,"-12 000,00",Сейф,Общее,[counterparty_7e3a73c9be],,Зарплата административного персонала
Январь,1,23.01.2024,"-68 030,00",Сейф,Общее,[counterparty_e08d6e58b9],,Аренда торговых точек
Январь,1,23.01.2024,"4 200,00",Сейф,Общее,,,Поступление — Перевод между счетами
Январь,1,23.01.2024,"-500,00",Сейф,Общее,[counterparty_45d6b05c94],,Поиск и найм персонала
Январь,1,23.01.2024,"-169 350,00",Сейф,Общее,[counterparty_552231dcd7],,Зарплата производственного персонала
Январь,1,23.01.2024,"-4 200,00",ТК Черникова,Общее,,,Выбытие — Перевод между счетами
Январь,1,23.01.2024,"-8 340,00",ТК Черникова,Общее,[counterparty_552231dcd7],,Курьерская служба -
Январь,1,23.01.2024,"11 974,00",ТК Черникова,Клиенты-физ.лица,[counterparty_db1aef506b],,Поступление денег с торг. точек
Январь,1,23.01.2024,"-198,00",Сейф,Общее,[counterparty_831a0f4ab6],,РКО
Январь,1,23.01.2024,"-640,00",Сейф,Общее,[counterparty_d7a35ccc36],,Содержание торговых точек
Январь,1,01.01.2024,"-18 350,06",Сейф,Общее,,[private_text_b3116b8455],Прочие расходы
Январь,1,24.01.2024,"-7 520,00",ТК Черникова,Общее,[counterparty_552231dcd7],,Курьерская служба -
Январь,1,24.01.2024,"8 530,00",ТК Черникова,Клиенты-физ.лица,[counterparty_db1aef506b],,Поступление денег с торг. точек
Январь,1,24.01.2024,"27 820,61",Альфа,Клиенты-физ.лица,[counterparty_db1aef506b],,Поступление денег с торг. точек
Январь,1,24.01.2024,"-29,80",Альфа,Общее,[counterparty_831a0f4ab6],,Эквайринг
Январь,1,24.01.2024,"-611,34",Тинькофф,Общее,[counterparty_831a0f4ab6],,Эквайринг
Январь,1,24.01.2024,"40 749,00",Тинькофф,Клиенты-физ.лица,[counterparty_db1aef506b],,Поступление денег с торг. точек
Январь,1,24.01.2024,"1 154,00",Тинькофф,Клиенты-физ.лица,[counterparty_db1aef506b],,Поступление денег с торг. точек
Январь,1,24.01.2024,"-4,62",Тинькофф,Общее,[counterparty_831a0f4ab6],,Эквайринг
Январь,1,24.01.2024,"-5 000,00",Тинькофф,Общее,[counterparty_50d958815d],,Телекоммуникации
Январь,1,24.01.2024,"157,00",Тинькофф,Клиенты-физ.лица,[counterparty_db1aef506b],,Поступление денег с торг. точек
Январь,1,24.01.2024,"-0,63",Тинькофф,Общее,[counterparty_831a0f4ab6],,Эквайринг
Январь,1,24.01.2024,"-2 898,82",Тинькофф,Общее,[counterparty_d7a35ccc36],,Оплата поставщикам 
Январь,1,24.01.2024,"-1 224,69",Тинькофф,Общее,[counterparty_d7a35ccc36],,Расходы на питание персонала
Январь,1,24.01.2024,"-376,93",Тинькофф,Общее,[counterparty_d7a35ccc36],,Содержание торговых точек
Январь,1,25.01.2024,"18 552,38",Альфа,Клиенты-физ.лица,[counterparty_db1aef506b],,Поступление денег с торг. точек
Январь,1,25.01.2024,"-42,59",Альфа,Общее,[counterparty_831a0f4ab6],,Эквайринг
Январь,1,25.01.2024,"-11 060,00",ТК Черникова,Общее,[counterparty_552231dcd7],,Курьерская служба -
Январь,1,25.01.2024,"21 827,00",ТК Черникова,Клиенты-физ.лица,[counterparty_db1aef506b],,Поступление денег с торг. точек
Январь,1,25.01.2024,"-631,22",Тинькофф,Общее,[counterparty_831a0f4ab6],,Эквайринг
Январь,1,25.01.2024,"42 074,00",Тинькофф,Клиенты-физ.лица,[counterparty_db1aef506b],,Поступление денег с торг. точек
Январь,1,25.01.2024,"-80 000,00",Тинькофф,Общее,[counterparty_347b901ee4],,Контекстная реклама
Январь,1,25.01.2024,"-98,67",Тинькофф,Общее,[counterparty_d7a35ccc36],,Оплата поставщикам 
Январь,1,25.01.2024,"620,00",Тинькофф,Клиенты-физ.лица,[counterparty_db1aef506b],,Поступление денег с торг. точек
Январь,1,25.01.2024,"-2,48",Тинькофф,Общее,[counterparty_831a0f4ab6],,Эквайринг
Январь,1,25.01.2024,"441,00",Тинькофф,Клиенты-физ.лица,[counterparty_db1aef506b],,Поступление денег с торг. точек
Январь,1,25.01.2024,"-1,76",Тинькофф,Общее,[counterparty_831a0f4ab6],,Эквайринг
Январь,1,25.01.2024,"610,00",Тинькофф,Клиенты-физ.лица,[counterparty_db1aef506b],,Поступление денег с торг. точек
Январь,1,25.01.2024,"-2,44",Тинькофф,Общее,[counterparty_831a0f4ab6],,Эквайринг
Январь,1,25.01.2024,"1 210,00",Тинькофф,Клиенты-физ.лица,[counterparty_db1aef506b],,Поступление денег с торг. точек
Январь,1,25.01.2024,"-4,84",Тинькофф,Общее,[counterparty_831a0f4ab6],,Эквайринг
Январь,1,26.01.2024,"30 001,83",Альфа,Клиенты-физ.лица,[counterparty_db1aef506b],,Поступление денег с торг. точек
Январь,1,26.01.2024,"-100 000,00",Альфа,Общее,,,Выбытие — Перевод между счетами
Январь,1,26.01.2024,"-46,07",Альфа,Общее,[counterparty_831a0f4ab6],,Эквайринг
Январь,1,26.01.2024,"-99,00",Альфа,Общее,[counterparty_831a0f4ab6],,РКО
Январь,1,27.01.2024,"27 169,18",Альфа,Клиенты-физ.лица,[counterparty_db1aef506b],,Поступление денег с торг. точек
Январь,1,27.01.2024,"-46,10",Альфа,Общее,[counterparty_831a0f4ab6],,Эквайринг
Январь,1,28.01.2024,"22 073,88",Альфа,Клиенты-физ.лица,[counterparty_db1aef506b],,Поступление денег с торг. точек
Январь,1,28.01.2024,"-34,78",Альфа,Общее,[counterparty_831a0f4ab6],,Эквайринг
Январь,1,26.01.2024,"65 344,35",Тинькофф,Общее,[counterparty_831a0f4ab6],,Получение овердрафта
Январь,1,26.01.2024,"-995,57",Тинькофф,Общее,[counterparty_831a0f4ab6],,Эквайринг
Январь,1,26.01.2024,"66 358,00",Тинькофф,Клиенты-физ.лица,[counterparty_db1aef506b],,Поступление денег с торг. точек
Январь,1,26.01.2024,"100 000,00",Тинькофф,Общее,,,Поступление — Перевод между счетами
Январь,1,26.01.2024,"-11 634,15",Тинькофф,Общее,[counterparty_b2323408fa],,Оплата поставщикам 
Январь,1,26.01.2024,"-3 710,82",Тинькофф,Общее,[counterparty_b2323408fa],,Оплата поставщикам 
Январь,1,26.01.2024,"-10 000,00",Тинькофф,Общее,[counterparty_a8c88d8a2c],,SEO-оптимизация
Январь,1,26.01.2024,"-30 026,19",Тинькофф,Общее,[counterparty_bb8cb2d348],,Оплата поставщикам 
Январь,1,26.01.2024,"-58 695,56",Тинькофф,Общее,[counterparty_fb5384e8b9],,Оплата поставщикам 
Январь,1,26.01.2024,"-14 694,27",Тинькофф,Общее,[counterparty_8e70032df8],,Оплата поставщикам 
Январь,1,26.01.2024,"-17 212,00",Тинькофф,Общее,[counterparty_c4e92b27e2],,Оплата поставщикам 
Январь,1,26.01.2024,"-16 775,58",Тинькофф,Общее,[counterparty_19f4d4c15b],,Оплата поставщикам 
Январь,1,26.01.2024,"-84 958,50",Тинькофф,Общее,[counterparty_dc430ed78e],,Оплата поставщикам 
Январь,1,26.01.2024,"-15 120,00",Тинькофф,Общее,[counterparty_fb5384e8b9],,Оплата поставщикам 
Январь,1,26.01.2024,"-3 379,62",Тинькофф,Общее,[counterparty_d7a35ccc36],,Оплата поставщикам 
Январь,1,26.01.2024,"-1 726,91",Тинькофф,Общее,[counterparty_d7a35ccc36],,Расходы на питание персонала
Январь,1,26.01.2024,"-661,90",Тинькофф,Общее,[counterparty_d7a35ccc36],,Содержание торговых точек
Январь,1,27.01.2024,"-1 417,41",Тинькофф,Общее,[counterparty_831a0f4ab6],,Эквайринг
Январь,1,27.01.2024,"-663,00",Тинькофф,Общее,[counterparty_db1aef506b],,Возвраты клиентам
Январь,1,27.01.2024,"94 482,15",Тинькофф,Клиенты-физ.лица,[counterparty_db1aef506b],,Поступление денег с торг. точек
Январь,1,27.01.2024,"-490,00",Тинькофф,Общее,[counterparty_831a0f4ab6],,Овердрафт
Январь,1,27.01.2024,"-190,00",Тинькофф,Общее,[counterparty_831a0f4ab6],,Овердрафт
Январь,1,28.01.2024,"-1 513,37",Тинькофф,Общее,[counterparty_831a0f4ab6],,Эквайринг
Январь,1,28.01.2024,"100 879,15",Тинькофф,Клиенты-физ.лица,[counterparty_db1aef506b],,Поступление денег с торг. точек
Январь,1,28.01.2024,"-3 331,01",Тинькофф,Общее,[counterparty_d7a35ccc36],,Оплата поставщикам 
Январь,1,28.01.2024,"-561,87",Тинькофф,Общее,[counterparty_d7a35ccc36],,Содержание торговых точек
Январь,1,28.01.2024,"-3 751,52",Тинькофф,Общее,[counterparty_d7a35ccc36],,Расходы на питание персонала
Январь,1,26.01.2024,"-154,00",ТК Черникова,Общее,[counterparty_d7a35ccc36],,Расходы на питание персонала
Январь,1,26.01.2024,"-9 631,00",ТК Черникова,Общее,[counterparty_d7a35ccc36],,Оплата поставщикам 
Январь,1,26.01.2024,"-5 315,00",ТК Черникова,Общее,[counterparty_d7a35ccc36],,Оплата поставщикам 
Январь,1,26.01.2024,"-13 380,00",ТК Черникова,Общее,[counterparty_552231dcd7],,Курьерская служба -
Январь,1,26.01.2024,"30 930,00",ТК Черникова,Клиенты-физ.лица,[counterparty_db1aef506b],,Поступление денег с торг. точек
Январь,1,27.01.2024,"-13 180,00",ТК Черникова,Общее,[counterparty_552231dcd7],,Курьерская служба -
Январь,1,27.01.2024,"27 913,15",ТК Черникова,Клиенты-физ.лица,[counterparty_db1aef506b],,Поступление денег с торг. точек
Январь,1,28.01.2024,"-3,00",ТК Черникова,Общее,,,Корретировки кассы -
Январь,1,28.01.2024,"-8 377,00",ТК Черникова,Общее,[counterparty_d7a35ccc36],,Оплата поставщикам 
Январь,1,28.01.2024,"-11 220,00",ТК Черникова,Общее,[counterparty_552231dcd7],,Курьерская служба -
Январь,1,28.01.2024,"29 541,65",ТК Черникова,Клиенты-физ.лица,[counterparty_db1aef506b],,Поступление денег с торг. точек
Январь,1,29.01.2024,"-42 500,00",ТК Черникова,Общее,,,Выбытие — Перевод между счетами
Январь,1,29.01.2024,"-7 600,00",ТК Черникова,Общее,[counterparty_552231dcd7],,Курьерская служба -
Январь,1,29.01.2024,"8 764,00",ТК Черникова,Клиенты-физ.лица,[counterparty_db1aef506b],,Поступление денег с торг. точек
Январь,1,29.01.2024,"16 051,50",Альфа,Клиенты-физ.лица,[counterparty_db1aef506b],,Поступление денег с торг. точек
Январь,1,29.01.2024,"-99,00",Альфа,Общее,[counterparty_831a0f4ab6],,РКО
Январь,1,29.01.2024,"-76 000,00",Альфа,Общее,,,Выбытие — Перевод между счетами
Январь,1,29.01.2024,"-5,75",Альфа,Общее,[counterparty_831a0f4ab6],,Эквайринг
Январь,1,29.01.2024,"100 000,00",Сбербанк,Общее,,,Поступление — Перевод между счетами
Январь,1,29.01.2024,"-100 000,00",Сбербанк,Общее,[counterparty_e08d6e58b9],,Аренда торговых точек
Январь,1,29.01.2024,"-500,00",Сейф,Общее,[counterparty_552231dcd7],,Содержание торговых точек
Январь,1,29.01.2024,"42 500,00",Сейф,Общее,,,Поступление — Перевод между счетами
Январь,1,29.01.2024,"-1 113,84",Тинькофф,Общее,[counterparty_831a0f4ab6],,Эквайринг
Январь,1,29.01.2024,"74 244,15",Тинькофф,Клиенты-физ.лица,[counterparty_db1aef506b],,Поступление денег с торг. точек
Январь,1,29.01.2024,"-475,00",Тинькофф,Общее,[counterparty_d7a35ccc36],,Содержание торговых точек
Январь,1,29.01.2024,"76 000,00",Тинькофф,Общее,,,Поступление — Перевод между счетами
Январь,1,29.01.2024,"-100 000,00",Тинькофф,Общее,,,Выбытие — Перевод между счетами
Январь,1,29.01.2024,"714,00",Тинькофф,Клиенты-физ.лица,[counterparty_db1aef506b],,Поступление денег с торг. точек
Январь,1,29.01.2024,"-2,86",Тинькофф,Общее,[counterparty_831a0f4ab6],,Эквайринг
Январь,1,29.01.2024,"-65 344,35",Тинькофф,Общее,[counterparty_831a0f4ab6],,Погашение овердрафта
Январь,1,30.01.2024,"-956,93",Тинькофф,Общее,[counterparty_831a0f4ab6],,Эквайринг
Январь,1,30.01.2024,"63 787,50",Тинькофф,Клиенты-физ.лица,[counterparty_db1aef506b],,Поступление денег с торг. точек
Январь,1,30.01.2024,"-128 000,00",Тинькофф,Общее,,,Выбытие — Перевод между счетами
Январь,1,30.01.2024,"-6 900,00",Тинькофф,Общее,,,Выбытие — Перевод между счетами
Январь,1,30.01.2024,"-1 867,57",Тинькофф,Общее,[counterparty_d7a35ccc36],,Расходы на питание персонала
Январь,1,30.01.2024,"-8,99",Тинькофф,Общее,[counterparty_d7a35ccc36],,Содержание торговых точек
Январь,1,30.01.2024,"-3 283,45",Тинькофф,Общее,[counterparty_d7a35ccc36],,Оплата поставщикам 
Январь,1,30.01.2024,"-599,97",Тинькофф,Общее,[counterparty_d7a35ccc36],,Оплата поставщикам 
Январь,1,30.01.2024,"13 822,91",Альфа,Клиенты-физ.лица,[counterparty_db1aef506b],,Поступление денег с торг. точек
Январь,1,30.01.2024,"-12,68",Альфа,Общее,[counterparty_831a0f4ab6],,Эквайринг
Январь,1,30.01.2024,"-0,80",ТК Черникова,Общее,,,Корретировки кассы -
Январь,1,30.01.2024,"-8 980,00",ТК Черникова,Общее,[counterparty_552231dcd7],,Курьерская служба -
Январь,1,30.01.2024,"14 012,00",ТК Черникова,Клиенты-физ.лица,[counterparty_db1aef506b],,Поступление денег с торг. точек
Январь,1,30.01.2024,"-600,00",ТК Черникова,Общее,[counterparty_3f0fc87298],,Содержание торговых точек
Январь,1,30.01.2024,"-7 088,00",ТК Черникова,Общее,[counterparty_d7a35ccc36],,Оплата поставщикам 
Январь,1,30.01.2024,"6 000,00",ТК Черникова,Общее,,,Поступление — Перевод между счетами
Январь,1,30.01.2024,"12 500,00",Сейф,Общее,[counterparty_db1aef506b],[private_text_8ed5a7566c],Прочие поступления
Январь,1,30.01.2024,"128 000,00",Сейф,Общее,,,Поступление — Перевод между счетами
Январь,1,30.01.2024,"-6 000,00",Сейф,Общее,,,Выбытие — Перевод между счетами
Январь,1,30.01.2024,"-1 600,00",Сейф,Общее,[counterparty_3f0fc87298],,Аренда торговых точек
Январь,1,30.01.2024,"-2 000,00",Сейф,Общее,[counterparty_903a43fe3c],,Оплата поставщикам 
Январь,1,30.01.2024,"-1 000,00",Сейф,Общее,[counterparty_903a43fe3c],,Транспортные услуги
Январь,1,30.01.2024,"-200,00",Сейф,Общее,[counterparty_831a0f4ab6],,РКО
Январь,1,30.01.2024,"6 900,00",Сейф,Общее,,,Поступление — Перевод между счетами
Январь,1,30.01.2024,"-155 000,00",Сейф,Общее,[counterparty_552231dcd7],,Зарплата производственного персонала
Январь,1,30.01.2024,"-22 500,00",Сейф,Общее,[counterparty_552231dcd7],,Зарплата административного персонала
Январь,1,30.01.2024,"-200,00",Сейф,Общее,[counterparty_3f0fc87298],,Телекоммуникации
Январь,1,31.01.2024,"-7 220,00",ТК Черникова,Общее,[counterparty_552231dcd7],,Курьерская служба -
Январь,1,31.01.2024,"16 038,00",ТК Черникова,Клиенты-физ.лица,[counterparty_db1aef506b],,Поступление денег с торг. точек
Январь,1,31.01.2024,"22 929,12",Альфа,Клиенты-физ.лица,[counterparty_db1aef506b],,Поступление денег с торг. точек
Январь,1,31.01.2024,"-24,07",Альфа,Общее,[counterparty_831a0f4ab6],,Эквайринг
Январь,1,31.01.2024,"-791,76",Тинькофф,Общее,[counterparty_831a0f4ab6],,Эквайринг
Январь,1,31.01.2024,"52 775,30",Тинькофф,Клиенты-физ.лица,[counterparty_db1aef506b],,Поступление денег с торг. точек
Январь,1,31.01.2024,"-1 400,00",Тинькофф,Общее,[counterparty_d7a35ccc36],,Содержание торговых точек
Январь,1,31.01.2024,"-4 500,00",Тинькофф,Общее,[counterparty_ea5804ea3c],,Прочие маркетинговые услуги
Январь,1,31.01.2024,"-3 000,00",Тинькофф,Общее,[counterparty_3feb526b66],,Оплата поставщикам 
Январь,1,30.01.2024,"128 000,00",Сбербанк,Общее,,,Поступление — Перевод между счетами
Январь,1,30.01.2024,"-128 000,00",Сбербанк,Общее,,,Выбытие — Перевод между счетами
Январь,1,31.01.2024,"-384,00",Сбербанк,Общее,[counterparty_831a0f4ab6],,РКО
Февраль,2,01.02.2024,"-8 860,00",ТК Черникова,Общее,[counterparty_552231dcd7],,Курьерская служба -
Февраль,2,01.02.2024,"11 567,00",ТК Черникова,Клиенты-физ.лица,[counterparty_db1aef506b],,Поступление денег с торг. точек
Февраль,2,01.02.2024,"-6 500,00",ТК Черникова,Общее,[counterparty_552231dcd7],,Содержание торговых точек
Февраль,2,01.02.2024,"16 443,20",Альфа,Клиенты-физ.лица,[counterparty_db1aef506b],,Поступление денег с торг. точек
Февраль,2,01.02.2024,"-26,31",Альфа,Общее,[counterparty_831a0f4ab6],,Эквайринг
Февраль,2,01.02.2024,"-642,11",Тинькофф,Общее,[counterparty_831a0f4ab6],,Эквайринг
Февраль,2,01.02.2024,"42 801,00",Тинькофф,Клиенты-физ.лица,[counterparty_db1aef506b],,Поступление денег с торг. точек
Февраль,2,01.02.2024,"-4 000,00",Тинькофф,Общее,[counterparty_e08d6e58b9],,Аренда склада
Февраль,2,01.02.2024,"950,00",Тинькофф,Клиенты-физ.лица,[counterparty_db1aef506b],,Поступление денег с торг. точек
Февраль,2,01.02.2024,"-3,80",Тинькофф,Общее,[counterparty_831a0f4ab6],,Эквайринг
Февраль,2,01.02.2024,"-4 000,00",Тинькофф,Общее,[counterparty_ab325eb126],,Оплаты систем автоматизации
Февраль,2,01.02.2024,"-6 000,00",Тинькофф,Общее,[counterparty_ab325eb126],,Оплаты систем автоматизации
Февраль,2,01.02.2024,"-8 000,00",Тинькофф,Общее,[counterparty_ab325eb126],,Оплаты систем автоматизации
Февраль,2,01.02.2024,"890,00",Тинькофф,Клиенты-физ.лица,[counterparty_db1aef506b],,Поступление денег с торг. точек
Февраль,2,01.02.2024,"-3,56",Тинькофф,Общее,[counterparty_831a0f4ab6],,Эквайринг
Февраль,2,01.02.2024,"954,00",Тинькофф,Клиенты-физ.лица,[counterparty_db1aef506b],,Поступление денег с торг. точек
Февраль,2,01.02.2024,"-3,82",Тинькофф,Общее,[counterparty_831a0f4ab6],,Эквайринг
Февраль,2,01.02.2024,"462,00",Тинькофф,Клиенты-физ.лица,[counterparty_db1aef506b],,Поступление денег с торг. точек
Февраль,2,01.02.2024,"-1,85",Тинькофф,Общее,[counterparty_831a0f4ab6],,Эквайринг
Февраль,2,01.02.2024,"-1 694,00",Тинькофф,Общее,[counterparty_d7a35ccc36],,Оплата поставщикам 
Февраль,2,01.02.2024,"-1 973,00",Тинькофф,Общее,[counterparty_d7a35ccc36],,Содержание торговых точек
Февраль,2,01.02.2024,"-3 149,32",Тинькофф,Общее,[counterparty_d7a35ccc36],,Оплата поставщикам 
Февраль,2,01.02.2024,"-20,98",Тинькофф,Общее,[counterparty_d7a35ccc36],,Содержание торговых точек
Февраль,2,01.02.2024,"-1 130,42",Тинькофф,Общее,[counterparty_d7a35ccc36],,Расходы на питание персонала
Февраль,2,02.02.2024,"28 032,51",Альфа,Клиенты-физ.лица,[counterparty_db1aef506b],,Поступление денег с торг. точек
Февраль,2,02.02.2024,"-51,55",Альфа,Общее,[counterparty_831a0f4ab6],,Эквайринг
Февраль,2,03.02.2024,"44 173,90",Альфа,Клиенты-физ.лица,[counterparty_db1aef506b],,Поступление денег с торг. точек
Февраль,2,03.02.2024,"-52,49",Альфа,Общее,[counterparty_831a0f4ab6],,Эквайринг
Февраль,2,04.02.2024,"35 607,89",Альфа,Клиенты-физ.лица,[counterparty_db1aef506b],,Поступление денег с торг. точек
Февраль,2,04.02.2024,"-47,79",Альфа,Общее,[counterparty_831a0f4ab6],,Эквайринг
Февраль,2,02.02.2024,"6 500,00",Сейф,Общее,,,Поступление — Перевод между счетами
Февраль,2,02.02.2024,"-13 750,00",ТК Черникова,Общее,[counterparty_552231dcd7],,Курьерская служба -
Февраль,2,02.02.2024,"-330,00",ТК Черникова,Общее,,,Корретировки кассы -
Февраль,2,02.02.2024,"-1 000,00",ТК Черникова,Общее,[counterparty_903a43fe3c],,Транспортные услуги
Февраль,2,02.02.2024,"24 601,00",ТК Черникова,Клиенты-физ.лица,[counterparty_db1aef506b],,Поступление денег с торг. точек
Февраль,2,02.02.2024,"-6 500,00",ТК Черникова,Общее,,,Выбытие — Перевод между счетами
Февраль,2,03.02.2024,"-80,00",ТК Черникова,Общее,[counterparty_d7a35ccc36],,Расходы на питание персонала
Февраль,2,03.02.2024,"-9 423,00",ТК Черникова,Общее,[counterparty_d7a35ccc36],,Оплата поставщикам 
Февраль,2,03.02.2024,"-15 980,00",ТК Черникова,Общее,[counterparty_552231dcd7],,Курьерская служба -
Февраль,2,03.02.2024,"24 828,00",ТК Черникова,Клиенты-физ.лица,[counterparty_db1aef506b],,Поступление денег с торг. точек
Февраль,2,04.02.2024,"-10 780,00",ТК Черникова,Общее,[counterparty_552231dcd7],,Курьерская служба -
Февраль,2,04.02.2024,"19 582,00",ТК Черникова,Клиенты-физ.лица,[counterparty_db1aef506b],,Поступление денег с торг. точек
Февраль,2,02.02.2024,"-811,64",Тинькофф,Общее,[counterparty_831a0f4ab6],,Эквайринг
Февраль,2,02.02.2024,"54 100,00",Тинькофф,Клиенты-физ.лица,[counterparty_db1aef506b],,Поступление денег с торг. точек
Февраль,2,02.02.2024,"-18 500,00",Тинькофф,Общее,,,Выбытие — Перевод между счетами
Февраль,2,02.02.2024,"-7 000,00",Тинькофф,Общее,[counterparty_c7f82a55d3],,Транспортные услуги
Февраль,2,02.02.2024,"-5 000,00",Тинькофф,Общее,[counterparty_50d958815d],,Телекоммуникации
Февраль,2,03.02.2024,"-1 266,92",Тинькофф,Общее,[counterparty_831a0f4ab6],,Эквайринг
Февраль,2,03.02.2024,"84 445,15",Тинькофф,Клиенты-физ.лица,[counterparty_db1aef506b],,Поступление денег с торг. точек
Февраль,2,03.02.2024,"-94 000,00",Тинькофф,Общее,,,Выбытие — Перевод между счетами
Февраль,2,03.02.2024,"-3 461,87",Тинькофф,Общее,[counterparty_d7a35ccc36],,Оплата поставщикам 
Февраль,2,03.02.2024,"-136,95",Тинькофф,Общее,[counterparty_d7a35ccc36],,Содержание торговых точек
Февраль,2,03.02.2024,"-931,73",Тинькофф,Общее,[counterparty_d7a35ccc36],,Расходы на питание персонала
Февраль,2,04.02.2024,"-1 690,96",Тинькофф,Общее,[counterparty_831a0f4ab6],,Эквайринг
Февраль,2,04.02.2024,"112 714,40",Тинькофф,Клиенты-физ.лица,[counterparty_db1aef506b],,Поступление денег с торг. точек
Февраль,2,05.02.2024,"-7 234,00",ТК Черникова,Общее,[counterparty_552231dcd7],,Курьерская служба -
Февраль,2,05.02.2024,"8 665,00",ТК Черникова,Клиенты-физ.лица,[counterparty_db1aef506b],,Поступление денег с торг. точек
Февраль,2,05.02.2024,"-8 580,00",ТК Черникова,Общее,[counterparty_552231dcd7],,Курьерская служба -
Февраль,2,05.02.2024,"75 865,60",Сейф,Корпоративные клиенты,[counterparty_d346fb5ae4],,Поступление денег с торг. точек
Февраль,2,05.02.2024,"134,40",Сейф,Общее,,,Прочие поступления
Февраль,2,05.02.2024,"-2 000,00",Сейф,Общее,[counterparty_903a43fe3c],,Оплата поставщикам 
Февраль,2,05.02.2024,"-6 460,00",Сейф,Общее,[counterparty_5ea766e786],,Оплата поставщикам 
Февраль,2,05.02.2024,"32 243,66",Альфа,Клиенты-физ.лица,[counterparty_db1aef506b],,Поступление денег с торг. точек
Февраль,2,05.02.2024,"-191 000,00",Альфа,Общее,,,Выбытие — Перевод между счетами
Февраль,2,05.02.2024,"-12,56",Альфа,Общее,[counterparty_831a0f4ab6],,Эквайринг
Февраль,2,05.02.2024,"-1 053,95",Тинькофф,Общее,[counterparty_831a0f4ab6],,Эквайринг
Февраль,2,05.02.2024,"70 254,00",Тинькофф,Клиенты-физ.лица,[counterparty_db1aef506b],,Поступление денег с торг. точек
Февраль,2,05.02.2024,"191 000,00",Тинькофф,Общее,,,Поступление — Перевод между счетами
Февраль,2,05.02.2024,"-4 000,00",Тинькофф,Общее,[counterparty_9147d41bbb],,Аренда торговых точек
Февраль,2,05.02.2024,"-1 000,00",Тинькофф,Общее,[counterparty_9147d41bbb],,Аренда торговых точек
Февраль,2,05.02.2024,"-81 572,00",Тинькофф,Общее,[counterparty_cb93f56848],,Сайт и приложение
Февраль,2,05.02.2024,"-2 400,00",Тинькофф,Общее,[counterparty_e3d41d1621],,Телекоммуникации
Февраль,2,05.02.2024,"-75 000,00",Тинькофф,Общее,[counterparty_cd0c8c2f69],,Услуги ФД и НК
Февраль,2,05.02.2024,"-23 160,00",Тинькофф,Общее,[counterparty_bb8cb2d348],,Оплата поставщикам 
Февраль,2,05.02.2024,"-19 288,68",Тинькофф,Общее,[counterparty_c4e92b27e2],,Оплата поставщикам 
Февраль,2,05.02.2024,"-3 050,74",Тинькофф,Общее,[counterparty_6d6a37d791],,Оплата поставщикам 
Февраль,2,05.02.2024,"-26 802,95",Тинькофф,Общее,[counterparty_8e70032df8],,Оплата поставщикам 
Февраль,2,05.02.2024,"-23 448,42",Тинькофф,Общее,[counterparty_19f4d4c15b],,Оплата поставщикам 
Февраль,2,05.02.2024,"-61 221,52",Тинькофф,Общее,[counterparty_fb5384e8b9],,Оплата поставщикам 
Февраль,2,05.02.2024,"-702,00",Тинькофф,Общее,[counterparty_fb5384e8b9],,Оплата поставщикам 
Февраль,2,05.02.2024,"-17 010,00",Тинькофф,Общее,[counterparty_fb5384e8b9],,Оплата поставщикам 
Февраль,2,05.02.2024,"-106 547,75",Тинькофф,Общее,[counterparty_dc430ed78e],,Оплата поставщикам 
Февраль,2,05.02.2024,"1 926,00",Тинькофф,Клиенты-физ.лица,[counterparty_db1aef506b],,Поступление денег с торг. точек
Февраль,2,05.02.2024,"-7,70",Тинькофф,Общее,[counterparty_831a0f4ab6],,Эквайринг
Февраль,2,05.02.2024,"5 547,00",Тинькофф,Клиенты-физ.лица,[counterparty_db1aef506b],,Поступление денег с торг. точек
Февраль,2,05.02.2024,"-22,19",Тинькофф,Общее,[counterparty_831a0f4ab6],,Эквайринг
Февраль,2,05.02.2024,"-1 495,00",Тинькофф,Общее,[counterparty_d7a35ccc36],,Оплата поставщикам 
Февраль,2,05.02.2024,"-911,99",Тинькофф,Общее,[counterparty_d7a35ccc36],,Содержание торговых точек
Февраль,2,05.02.2024,"-2 863,22",Тинькофф,Общее,[counterparty_d7a35ccc36],,Оплата поставщикам 
Февраль,2,05.02.2024,"-1 224,02",Тинькофф,Общее,[counterparty_d7a35ccc36],,Расходы на питание персонала
Февраль,2,02.02.2024,"18 500,00",Сбербанк,Общее,,,Поступление — Перевод между счетами
Февраль,2,02.02.2024,"-18 406,36",Сбербанк,Общее,[counterparty_831a0f4ab6],,Оплаты по кредитам и займам
Февраль,2,02.02.2024,"-52,64",Сбербанк,Общее,[counterparty_831a0f4ab6],,Оплаты по кредитам и займам
Февраль,2,03.02.2024,"94 000,00",Сбербанк,Общее,,,Поступление — Перевод между счетами
Февраль,2,03.02.2024,"-40 000,00",Сбербанк,Общее,[counterparty_7e3a73c9be],,Зарплата административного персонала
Февраль,2,03.02.2024,"-54 000,00",Сбербанк,Общее,[counterparty_41bef12399],,Зарплата административного персонала
Февраль,2,06.02.2024,"70 950,00",Сбербанк,Общее,,,Поступление — Перевод между счетами
Февраль,2,06.02.2024,"-70 950,00",Сбербанк,Общее,,,Выбытие — Перевод между счетами
Февраль,2,06.02.2024,"70 950,00",Сейф,Общее,,,Поступление — Перевод между счетами
Февраль,2,06.02.2024,"-144 950,00",Сейф,Общее,[counterparty_552231dcd7],,Зарплата производственного персонала
Февраль,2,06.02.2024,"-8 280,00",ТК Черникова,Общее,[counterparty_552231dcd7],,Курьерская служба -
Февраль,2,06.02.2024,"11 045,00",ТК Черникова,Клиенты-физ.лица,[counterparty_db1aef506b],,Поступление денег с торг. точек
Февраль,2,06.02.2024,"18 578,33",Альфа,Клиенты-физ.лица,[counterparty_db1aef506b],,Поступление денег с торг. точек
Февраль,2,06.02.2024,"-14,22",Альфа,Общее,[counterparty_831a0f4ab6],,Эквайринг
Февраль,2,06.02.2024,"-678,96",Тинькофф,Общее,[counterparty_831a0f4ab6],,Эквайринг
Февраль,2,06.02.2024,"45 257,00",Тинькофф,Клиенты-физ.лица,[counterparty_db1aef506b],,Поступление денег с торг. точек
Февраль,2,06.02.2024,"-70 950,00",Тинькофф,Общее,,,Выбытие — Перевод между счетами
Февраль,2,06.02.2024,"1 324,00",Тинькофф,Клиенты-физ.лица,[counterparty_db1aef506b],,Поступление денег с торг. точек
Февраль,2,06.02.2024,"-5,30",Тинькофф,Общее,[counterparty_831a0f4ab6],,Эквайринг
Февраль,2,06.02.2024,"789,00",Тинькофф,Клиенты-физ.лица,[counterparty_db1aef506b],,Поступление денег с торг. точек
Февраль,2,06.02.2024,"-3,16",Тинькофф,Общее,[counterparty_831a0f4ab6],,Эквайринг
Февраль,2,06.02.2024,"-1 299,00",Тинькофф,Общее,[counterparty_b2323408fa],,Оплата поставщикам 
Февраль,2,06.02.2024,"699,00",Тинькофф,Клиенты-физ.лица,[counterparty_db1aef506b],,Поступление денег с торг. точек
Февраль,2,06.02.2024,"-2,80",Тинькофф,Общее,[counterparty_831a0f4ab6],,Эквайринг
Февраль,2,06.02.2024,"150,00",Тинькофф,Клиенты-физ.лица,[counterparty_db1aef506b],,Поступление денег с торг. точек
Февраль,2,06.02.2024,"-0,60",Тинькофф,Общее,[counterparty_831a0f4ab6],,Эквайринг
Февраль,2,06.02.2024,"1 168,00",Тинькофф,Клиенты-физ.лица,[counterparty_db1aef506b],,Поступление денег с торг. точек
Февраль,2,06.02.2024,"-4,67",Тинькофф,Общее,[counterparty_831a0f4ab6],,Эквайринг
Февраль,2,06.02.2024,"1 077,00",Тинькофф,Клиенты-физ.лица,[counterparty_db1aef506b],,Поступление денег с торг. точек
Февраль,2,06.02.2024,"-4,31",Тинькофф,Общее,[counterparty_831a0f4ab6],,Эквайринг
Февраль,2,06.02.2024,"1 350,00",Тинькофф,Клиенты-физ.лица,[counterparty_db1aef506b],,Поступление денег с торг. точек
Февраль,2,06.02.2024,"-5,40",Тинькофф,Общее,[counterparty_831a0f4ab6],,Эквайринг
Февраль,2,06.02.2024,"592,00",Тинькофф,Клиенты-физ.лица,[counterparty_db1aef506b],,Поступление денег с торг. точек
Февраль,2,06.02.2024,"-2,37",Тинькофф,Общее,[counterparty_831a0f4ab6],,Эквайринг
Февраль,2,06.02.2024,"1 045,00",Тинькофф,Клиенты-физ.лица,[counterparty_db1aef506b],,Поступление денег с торг. точек
Февраль,2,06.02.2024,"-4,18",Тинькофф,Общее,[counterparty_831a0f4ab6],,Эквайринг
Февраль,2,06.02.2024,"476,00",Тинькофф,Клиенты-физ.лица,[counterparty_db1aef506b],,Поступление денег с торг. точек
Февраль,2,06.02.2024,"-1,90",Тинькофф,Общее,[counterparty_831a0f4ab6],,Эквайринг
Февраль,2,06.02.2024,"900,00",Тинькофф,Клиенты-физ.лица,[counterparty_db1aef506b],,Поступление денег с торг. точек
Февраль,2,06.02.2024,"-3,60",Тинькофф,Общее,[counterparty_831a0f4ab6],,Эквайринг
Февраль,2,06.02.2024,"1 023,00",Тинькофф,Клиенты-физ.лица,[counterparty_db1aef506b],,Поступление денег с торг. точек
Февраль,2,06.02.2024,"-4,09",Тинькофф,Общее,[counterparty_831a0f4ab6],,Эквайринг
Февраль,2,06.02.2024,"1 159,00",Тинькофф,Клиенты-физ.лица,[counterparty_db1aef506b],,Поступление денег с торг. точек
Февраль,2,06.02.2024,"-4,64",Тинькофф,Общее,[counterparty_831a0f4ab6],,Эквайринг
Февраль,2,06.02.2024,"500,00",Тинькофф,Клиенты-физ.лица,[counterparty_db1aef506b],,Поступление денег с торг. точек
Февраль,2,06.02.2024,"-2,00",Тинькофф,Общее,[counterparty_831a0f4ab6],,Эквайринг
Февраль,2,06.02.2024,"1 190,00",Тинькофф,Клиенты-физ.лица,[counterparty_db1aef506b],,Поступление денег с торг. точек
Февраль,2,06.02.2024,"-4,76",Тинькофф,Общее,[counterparty_831a0f4ab6],,Эквайринг
Февраль,2,06.02.2024,"1 000,00",Тинькофф,Клиенты-физ.лица,[counterparty_db1aef506b],,Поступление денег с торг. точек
Февраль,2,06.02.2024,"-4,00",Тинькофф,Общее,[counterparty_831a0f4ab6],,Эквайринг
Февраль,2,06.02.2024,"953,00",Тинькофф,Клиенты-физ.лица,[counterparty_db1aef506b],,Поступление денег с торг. точек
Февраль,2,06.02.2024,"-3,81",Тинькофф,Общее,[counterparty_831a0f4ab6],,Эквайринг
Февраль,2,06.02.2024,"1 280,00",Тинькофф,Клиенты-физ.лица,[counterparty_db1aef506b],,Поступление денег с торг. точек
Февраль,2,06.02.2024,"-5,12",Тинькофф,Общее,[counterparty_831a0f4ab6],,Эквайринг
Февраль,2,07.02.2024,"-614,48",Тинькофф,Общее,[counterparty_831a0f4ab6],,Эквайринг
Февраль,2,07.02.2024,"40 958,00",Тинькофф,Клиенты-физ.лица,[counterparty_db1aef506b],,Поступление денег с торг. точек
Февраль,2,07.02.2024,"399,00",Тинькофф,Клиенты-физ.лица,[counterparty_db1aef506b],,Поступление денег с торг. точек
Февраль,2,07.02.2024,"-1,60",Тинькофф,Общее,[counterparty_831a0f4ab6],,Эквайринг
Февраль,2,07.02.2024,"895,00",Тинькофф,Клиенты-физ.лица,[counterparty_db1aef506b],,Поступление денег с торг. точек
Февраль,2,07.02.2024,"-3,58",Тинькофф,Общее,[counterparty_831a0f4ab6],,Эквайринг
Февраль,2,07.02.2024,"-4 057,29",Тинькофф,Общее,[counterparty_d7a35ccc36],,Оплата поставщикам 
Февраль,2,07.02.2024,"-131,97",Тинькофф,Общее,[counterparty_d7a35ccc36],,Содержание торговых точек
Февраль,2,07.02.2024,"-1 413,19",Тинькофф,Общее,[counterparty_d7a35ccc36],,Расходы на питание персонала
Февраль,2,07.02.2024,"13 032,70",Альфа,Клиенты-физ.лица,[counterparty_db1aef506b],,Поступление денег с торг. точек
Февраль,2,07.02.2024,"-24,71",Альфа,Общее,[counterparty_831a0f4ab6],,Эквайринг
Февраль,2,07.02.2024,"-10 043,00",ТК Черникова,Общее,[counterparty_d7a35ccc36],,Оплата поставщикам 
Февраль,2,07.02.2024,"-5 672,00",ТК Черникова,Общее,[counterparty_d7a35ccc36],,Оплата поставщикам 
Февраль,2,07.02.2024,"-8 860,00",ТК Черникова,Общее,[counterparty_552231dcd7],,Курьерская служба -
Февраль,2,07.02.2024,"7 795,00",ТК Черникова,Клиенты-физ.лица,[counterparty_db1aef506b],,Поступление денег с торг. точек
Февраль,2,08.02.2024,"-8 460,00",ТК Черникова,Общее,[counterparty_552231dcd7],,Курьерская служба -
Февраль,2,08.02.2024,"16 572,00",ТК Черникова,Клиенты-физ.лица,[counterparty_db1aef506b],,Поступление денег с торг. точек
Февраль,2,08.02.2024,"-820,65",Тинькофф,Общее,[counterparty_831a0f4ab6],,Эквайринг
Февраль,2,08.02.2024,"54 701,00",Тинькофф,Клиенты-физ.лица,[counterparty_db1aef506b],,Поступление денег с торг. точек
Февраль,2,08.02.2024,"1 740,00",Тинькофф,Клиенты-физ.лица,[counterparty_db1aef506b],,Поступление денег с торг. точек
Февраль,2,08.02.2024,"1 299,00",Тинькофф,Клиенты-физ.лица,[counterparty_db1aef506b],,Поступление денег с торг. точек
Февраль,2,08.02.2024,"-12,16",Тинькофф,Общее,[counterparty_831a0f4ab6],,Эквайринг
Февраль,2,08.02.2024,"-108,98",Тинькофф,Общее,[counterparty_d7a35ccc36],,Расходы на питание персонала
Февраль,2,08.02.2024,"-279,99",Тинькофф,Общее,[counterparty_d7a35ccc36],,Оплата поставщикам 
Февраль,2,08.02.2024,"18 264,64",Альфа,Клиенты-физ.лица,[counterparty_db1aef506b],,Поступление денег с торг. точек
Февраль,2,08.02.2024,"-33,78",Альфа,Общее,[counterparty_831a0f4ab6],,Эквайринг
Февраль,2,09.02.2024,"19 820,24",Альфа,Клиенты-физ.лица,[counterparty_db1aef506b],,Поступление денег с торг. точек
Февраль,2,09.02.2024,"-44,58",Альфа,Общее,[counterparty_831a0f4ab6],,Эквайринг
Февраль,2,10.02.2024,"38 667,91",Альфа,Клиенты-физ.лица,[counterparty_db1aef506b],,Поступление денег с торг. точек
Февраль,2,10.02.2024,"-299,00",Альфа,Общее,[counterparty_831a0f4ab6],,РКО
Февраль,2,10.02.2024,"-52,71",Альфа,Общее,[counterparty_831a0f4ab6],,Эквайринг
Февраль,2,11.02.2024,"24 196,06",Альфа,Клиенты-физ.лица,[counterparty_db1aef506b],,Поступление денег с торг. точек
Февраль,2,11.02.2024,"-17,12",Альфа,Общее,[counterparty_831a0f4ab6],,Эквайринг
Февраль,2,09.02.2024,"-880,19",Тинькофф,Общее,[counterparty_831a0f4ab6],,Эквайринг
Февраль,2,09.02.2024,"58 671,00",Тинькофф,Клиенты-физ.лица,[counterparty_db1aef506b],,Поступление денег с торг. точек
Февраль,2,09.02.2024,"-30 800,00",Тинькофф,Общее,[counterparty_483af3edc2],,Листовки
Февраль,2,09.02.2024,"-18 950,00",Тинькофф,Общее,,,Выбытие — Перевод между счетами
Февраль,2,09.02.2024,"-47 462,00",Тинькофф,Общее,,,Выбытие — Перевод между счетами
Февраль,2,09.02.2024,"-234,96",Тинькофф,Общее,[counterparty_d7a35ccc36],,Содержание торговых точек
Февраль,2,09.02.2024,"-2 898,37",Тинькофф,Общее,[counterparty_d7a35ccc36],,Расходы на питание персонала
Февраль,2,09.02.2024,"-2 467,15",Тинькофф,Общее,[counterparty_d7a35ccc36],,Оплата поставщикам 
Февраль,2,10.02.2024,"-1 592,24",Тинькофф,Общее,[counterparty_831a0f4ab6],,Эквайринг
Февраль,2,10.02.2024,"106 136,45",Тинькофф,Клиенты-физ.лица,[counterparty_db1aef506b],,Поступление денег с торг. точек
Февраль,2,11.02.2024,"-1 754,56",Тинькофф,Общее,[counterparty_831a0f4ab6],,Эквайринг
Февраль,2,11.02.2024,"116 956,00",Тинькофф,Клиенты-физ.лица,[counterparty_db1aef506b],,Поступление денег с торг. точек
Февраль,2,11.02.2024,"-5 000,00",Тинькофф,Общее,[counterparty_50d958815d],,Телекоммуникации
Февраль,2,11.02.2024,"902,00",Тинькофф,Клиенты-физ.лица,[counterparty_db1aef506b],,Поступление денег с торг. точек
Февраль,2,11.02.2024,"-3,61",Тинькофф,Общее,[counterparty_831a0f4ab6],,Эквайринг
Февраль,2,11.02.2024,"-3 816,71",Тинькофф,Общее,[counterparty_d7a35ccc36],,Оплата поставщикам 
Февраль,2,11.02.2024,"-476,94",Тинькофф,Общее,[counterparty_d7a35ccc36],,Содержание торговых точек
Февраль,2,11.02.2024,"-217,97",Тинькофф,Общее,[counterparty_d7a35ccc36],,Расходы на питание персонала
Февраль,2,09.02.2024,"-200,00",ТК Черникова,Общее,[counterparty_d7a35ccc36],,Расходы на питание персонала
Февраль,2,09.02.2024,"-4 000,00",ТК Черникова,Общее,[counterparty_d7a35ccc36],,Оплата поставщикам 
Февраль,2,09.02.2024,"28 888,00",ТК Черникова,Клиенты-физ.лица,[counterparty_db1aef506b],,Поступление денег с торг. точек
Февраль,2,09.02.2024,"-14 840,00",ТК Черникова,Общее,[counterparty_552231dcd7],,Курьерская служба -
Февраль,2,10.02.2024,"39 314,00",ТК Черникова,Клиенты-физ.лица,[counterparty_db1aef506b],,Поступление денег с торг. точек
Февраль,2,10.02.2024,"-15 780,00",ТК Черникова,Общее,[counterparty_552231dcd7],,Курьерская служба -
Февраль,2,11.02.2024,"-11 345,00",ТК Черникова,Общее,[counterparty_d7a35ccc36],,Оплата поставщикам 
Февраль,2,11.02.2024,"-4,00",ТК Черникова,Общее,[counterparty_d7a35ccc36],,Содержание торговых точек
Февраль,2,11.02.2024,"-1 879,00",ТК Черникова,Общее,[counterparty_d7a35ccc36],,Расходы на питание персонала
Февраль,2,11.02.2024,"-10 400,00",ТК Черникова,Общее,[counterparty_552231dcd7],,Курьерская служба -
Февраль,2,11.02.2024,"27 923,00",ТК Черникова,Клиенты-физ.лица,[counterparty_db1aef506b],,Поступление денег с торг. точек
Февраль,2,09.02.2024,"18 950,00",Сейф,Общее,,,Поступление — Перевод между счетами
Февраль,2,09.02.2024,"-50,00",Сейф,Общее,[counterparty_d7a35ccc36],,Расходы на питание персонала
Февраль,2,09.02.2024,"-12 441,00",Сейф,Общее,[counterparty_d7a35ccc36],,Оплата поставщикам 
Февраль,2,09.02.2024,"-6 460,00",Сейф,Общее,[counterparty_5ea766e786],,Оплата поставщикам 
Февраль,2,12.02.2024,"-1 164,67",Тинькофф,Общее,[counterparty_831a0f4ab6],,Эквайринг
Февраль,2,12.02.2024,"77 633,00",Тинькофф,Клиенты-физ.лица,[counterparty_db1aef506b],,Поступление денег с торг. точек
Февраль,2,12.02.2024,"730,00",Тинькофф,Клиенты-физ.лица,[counterparty_db1aef506b],,Поступление денег с торг. точек
Февраль,2,12.02.2024,"-2,92",Тинькофф,Общее,[counterparty_831a0f4ab6],,Эквайринг
Февраль,2,12.02.2024,"-1 630,00",Тинькофф,Общее,[counterparty_b2323408fa],,Оплата поставщикам 
Февраль,2,12.02.2024,"156 000,00",Тинькофф,Общее,,,Поступление — Перевод между счетами
Февраль,2,12.02.2024,"743,00",Тинькофф,Клиенты-физ.лица,[counterparty_db1aef506b],,Поступление денег с торг. точек
Февраль,2,12.02.2024,"-2,97",Тинькофф,Общее,[counterparty_831a0f4ab6],,Эквайринг
Февраль,2,12.02.2024,"964,00",Тинькофф,Клиенты-физ.лица,[counterparty_db1aef506b],,Поступление денег с торг. точек
Февраль,2,12.02.2024,"-3,86",Тинькофф,Общее,[counterparty_831a0f4ab6],,Эквайринг
Февраль,2,12.02.2024,"-583,92",Тинькофф,Общее,[counterparty_d7a35ccc36],,Оплата поставщикам 
Февраль,2,12.02.2024,"-7,99",Тинькофф,Общее,[counterparty_d7a35ccc36],,Содержание торговых точек
Февраль,2,12.02.2024,"22 110,06",Альфа,Клиенты-физ.лица,[counterparty_db1aef506b],,Поступление денег с торг. точек
Февраль,2,12.02.2024,"-156 000,00",Альфа,Общее,,,Выбытие — Перевод между счетами
Февраль,2,12.02.2024,"-27,40",Альфа,Общее,[counterparty_831a0f4ab6],,Эквайринг
Февраль,2,12.02.2024,"-1 000,00",Сейф,Общее,[counterparty_45d6b05c94],,Поиск и найм персонала
Февраль,2,12.02.2024,"-2 000,00",Сейф,Общее,[counterparty_903a43fe3c],,Оплата поставщикам 
Февраль,2,12.02.2024,"40 300,00",Сейф,Общее,,,Поступление — Перевод между счетами
Февраль,2,12.02.2024,"-7 880,00",ТК Черникова,Общее,[counterparty_552231dcd7],,Курьерская служба -
Февраль,2,12.02.2024,"18 132,00",ТК Черникова,Клиенты-физ.лица,[counterparty_db1aef506b],,Поступление денег с торг. точек
Февраль,2,12.02.2024,"-40 300,00",ТК Черникова,Общее,,,Выбытие — Перевод между счетами
Февраль,2,13.02.2024,"11 832,04",Альфа,Клиенты-физ.лица,[counterparty_db1aef506b],,Поступление денег с торг. точек
Февраль,2,13.02.2024,"-14,54",Альфа,Общее,[counterparty_831a0f4ab6],,Эквайринг
Февраль,2,13.02.2024,"-683,94",Тинькофф,Общее,[counterparty_831a0f4ab6],,Эквайринг
Февраль,2,13.02.2024,"45 591,00",Тинькофф,Клиенты-физ.лица,[counterparty_db1aef506b],,Поступление денег с торг. точек
Февраль,2,13.02.2024,"-11 340,00",Тинькофф,Общее,[counterparty_fb5384e8b9],,Оплата поставщикам 
Февраль,2,13.02.2024,"-64 567,92",Тинькофф,Общее,[counterparty_fb5384e8b9],,Оплата поставщикам 
Февраль,2,13.02.2024,"-26 576,06",Тинькофф,Общее,[counterparty_19f4d4c15b],,Оплата поставщикам 
Февраль,2,13.02.2024,"-675,98",Тинькофф,Общее,[counterparty_ecf3465a86],,Аренда торговых точек
Февраль,2,13.02.2024,"-27 162,22",Тинькофф,Общее,[counterparty_c4e92b27e2],,Оплата поставщикам 
Февраль,2,13.02.2024,"-124 949,60",Тинькофф,Общее,[counterparty_dc430ed78e],,Оплата поставщикам 
Февраль,2,13.02.2024,"-26 595,00",Тинькофф,Общее,[counterparty_bb8cb2d348],,Оплата поставщикам 
Февраль,2,13.02.2024,"-112 409,00",Тинькофф,Общее,[counterparty_e08d6e58b9],,Аренда торговых точек
Февраль,2,13.02.2024,"-3 662,95",Тинькофф,Общее,[counterparty_ecf3465a86],,Аренда торговых точек
Февраль,2,13.02.2024,"-2 420,88",Тинькофф,Общее,[counterparty_6d6a37d791],,Оплата поставщикам 
Февраль,2,13.02.2024,"-24 996,74",Тинькофф,Общее,[counterparty_8e70032df8],,Оплата поставщикам 
Февраль,2,13.02.2024,"-302,50",Тинькофф,Общее,[counterparty_b2323408fa],,Оплата поставщикам 
Февраль,2,13.02.2024,"-136 700,00",Тинькофф,Общее,,,Выбытие — Перевод между счетами
Февраль,2,13.02.2024,"1 599,00",Тинькофф,Клиенты-физ.лица,[counterparty_db1aef506b],,Поступление денег с торг. точек
Февраль,2,13.02.2024,"-6,40",Тинькофф,Общее,[counterparty_831a0f4ab6],,Эквайринг
Февраль,2,13.02.2024,"911,00",Тинькофф,Клиенты-физ.лица,[counterparty_db1aef506b],,Поступление денег с торг. точек
Февраль,2,13.02.2024,"-3,64",Тинькофф,Общее,[counterparty_831a0f4ab6],,Эквайринг
Февраль,2,13.02.2024,"-3 787,42",Тинькофф,Общее,[counterparty_d7a35ccc36],,Расходы на питание персонала
Февраль,2,13.02.2024,"-8,99",Тинькофф,Общее,[counterparty_d7a35ccc36],,Содержание торговых точек
Февраль,2,13.02.2024,"-4 585,73",Тинькофф,Общее,[counterparty_d7a35ccc36],,Оплата поставщикам 
Февраль,2,09.02.2024,"47 462,00",Сбербанк,Общее,,,Поступление — Перевод между счетами
Февраль,2,09.02.2024,"-40 000,00",Сбербанк,Общее,[counterparty_7e3a73c9be],,Зарплата административного персонала
Февраль,2,09.02.2024,"-7 462,00",Сбербанк,Общее,[counterparty_8007f5505d],,Комиссия партнерам
Февраль,2,13.02.2024,"136 700,00",Сбербанк,Общее,,,Поступление — Перевод между счетами
Февраль,2,13.02.2024,"-111 000,00",Сбербанк,Общее,,,Выбытие — Перевод между счетами
Февраль,2,13.02.2024,"-12 500,00",Сбербанк,Общее,[counterparty_7e3a73c9be],,Дивиденды
Февраль,2,13.02.2024,"-12 500,00",Сбербанк,Общее,[counterparty_41bef12399],,Дивиденды
Февраль,2,13.02.2024,"-793,64",Сбербанк,Общее,[counterparty_831a0f4ab6],,РКО
Февраль,2,13.02.2024,"111 000,00",Сейф,Общее,,,Поступление — Перевод между счетами
Февраль,2,13.02.2024,"-10 000,00",Сейф,Общее,[counterparty_552231dcd7],,Зарплата административного персонала
Февраль,2,13.02.2024,"-139 000,00",Сейф,Общее,[counterparty_552231dcd7],,Зарплата производственного персонала
Февраль,2,13.02.2024,"-66,00",ТК Черникова,Общее,[counterparty_d7a35ccc36],,Расходы на питание персонала
Февраль,2,13.02.2024,"-15 473,00",ТК Черникова,Общее,[counterparty_d7a35ccc36],,Оплата поставщикам 
Февраль,2,13.02.2024,"-7 800,00",ТК Черникова,Общее,[counterparty_552231dcd7],,Курьерская служба -
Февраль,2,13.02.2024,"11 232,00",ТК Черникова,Клиенты-физ.лица,[counterparty_db1aef506b],,Поступление денег с торг. точек
Февраль,2,14.02.2024,"5 000,00",ГарантФонд,Общее,[counterparty_552231dcd7],[private_text_90ebf19092],Курьерская служба +
Февраль,2,14.02.2024,"-728,47",Тинькофф,Общее,[counterparty_831a0f4ab6],,Эквайринг
Февраль,2,14.02.2024,"48 559,00",Тинькофф,Клиенты-физ.лица,[counterparty_db1aef506b],,Поступление денег с торг. точек
Февраль,2,14.02.2024,"610,00",Тинькофф,Клиенты-физ.лица,[counterparty_db1aef506b],,Поступление денег с торг. точек
Февраль,2,14.02.2024,"470,00",Тинькофф,Клиенты-физ.лица,[counterparty_db1aef506b],,Поступление денег с торг. точек
Февраль,2,14.02.2024,"-2,44",Тинькофф,Общее,[counterparty_831a0f4ab6],,Эквайринг
Февраль,2,14.02.2024,"-1,88",Тинькофф,Общее,[counterparty_831a0f4ab6],,Эквайринг
Февраль,2,14.02.2024,"16 936,07",Альфа,Клиенты-физ.лица,[counterparty_db1aef506b],,Поступление денег с торг. точек
Февраль,2,14.02.2024,"-25,11",Альфа,Общее,[counterparty_831a0f4ab6],,Эквайринг
Февраль,2,14.02.2024,"-15 570,00",ТК Черникова,Общее,[counterparty_552231dcd7],,Курьерская служба -
Февраль,2,14.02.2024,"36 129,00",ТК Черникова,Клиенты-физ.лица,[counterparty_db1aef506b],,Поступление денег с торг. точек
Февраль,2,15.02.2024,"-1 672,25",Тинькофф,Общее,[counterparty_831a0f4ab6],,Эквайринг
Февраль,2,15.02.2024,"111 466,00",Тинькофф,Клиенты-физ.лица,[counterparty_db1aef506b],,Поступление денег с торг. точек
Февраль,2,15.02.2024,"-49 000,00",Тинькофф,Общее,,,Выбытие — Перевод между счетами
Февраль,2,15.02.2024,"-814,90",Тинькофф,Общее,[counterparty_d7a35ccc36],,Оплата поставщикам 
Февраль,2,15.02.2024,"-4 469,36",Тинькофф,Общее,[counterparty_d7a35ccc36],,Оплата поставщикам 
Февраль,2,15.02.2024,"-571,94",Тинькофф,Общее,[counterparty_d7a35ccc36],,Содержание торговых точек
Февраль,2,15.02.2024,"-760,91",Тинькофф,Общее,[counterparty_d7a35ccc36],,Расходы на питание персонала
Февраль,2,15.02.2024,"44 163,53",Альфа,Клиенты-физ.лица,[counterparty_db1aef506b],,Поступление денег с торг. точек
Февраль,2,15.02.2024,"-41,42",Альфа,Общее,[counterparty_831a0f4ab6],,Эквайринг
Февраль,2,15.02.2024,"-3 730,00",Сейф,Общее,[counterparty_db1aef506b],,Возвраты клиентам
Февраль,2,15.02.2024,"47 730,00",Сейф,Общее,,,Поступление — Перевод между счетами
Февраль,2,15.02.2024,"15 000,00",Сейф,Общее,,,Поступление — Перевод между счетами
Февраль,2,15.02.2024,"-15 000,00",Сейф,Общее,[counterparty_552231dcd7],,Зарплата административного персонала
Февраль,2,15.02.2024,"-24 000,00",Сейф,Общее,[counterparty_552231dcd7],,Зарплата административного персонала
Февраль,2,15.02.2024,"-20 000,00",Сейф,Общее,[counterparty_552231dcd7],,Содержание торговых точек
Февраль,2,13.02.2024,"-99,00",Сейф,Общее,[counterparty_831a0f4ab6],,РКО
Февраль,2,13.02.2024,"-99,00",Сейф,Общее,[counterparty_831a0f4ab6],,РКО
Февраль,2,15.02.2024,"-5 628,00",ТК Черникова,Общее,[counterparty_d7a35ccc36],,Оплата поставщикам 
Февраль,2,15.02.2024,"-15 000,00",ТК Черникова,Общее,,,Выбытие — Перевод между счетами
Февраль,2,15.02.2024,"-1 350,00",ТК Черникова,Общее,[counterparty_903a43fe3c],,Транспортные услуги
Февраль,2,15.02.2024,"-9 590,00",ТК Черникова,Общее,[counterparty_552231dcd7],,Курьерская служба -
Февраль,2,15.02.2024,"15 451,00",ТК Черникова,Клиенты-физ.лица,[counterparty_db1aef506b],,Поступление денег с торг. точек
Февраль,2,16.02.2024,"23 747,84",Альфа,Клиенты-физ.лица,[counterparty_db1aef506b],,Поступление денег с торг. точек
Февраль,2,16.02.2024,"-34,52",Альфа,Общее,[counterparty_831a0f4ab6],,Эквайринг
Февраль,2,17.02.2024,"27 532,05",Альфа,Клиенты-физ.лица,[counterparty_db1aef506b],,Поступление денег с торг. точек
Февраль,2,17.02.2024,"-57,00",Альфа,Общее,[counterparty_831a0f4ab6],,Эквайринг
Февраль,2,18.02.2024,"23 877,29",Альфа,Клиенты-физ.лица,[counterparty_db1aef506b],,Поступление денег с торг. точек
Февраль,2,18.02.2024,"-12,79",Альфа,Общее,[counterparty_831a0f4ab6],,Эквайринг
Февраль,2,16.02.2024,"-1 053,13",Тинькофф,Общее,[counterparty_831a0f4ab6],,Эквайринг
Февраль,2,16.02.2024,"70 199,00",Тинькофф,Клиенты-физ.лица,[counterparty_db1aef506b],,Поступление денег с торг. точек
Февраль,2,16.02.2024,"-45 000,00",Тинькофф,Общее,,,Выбытие — Перевод между счетами
Февраль,2,16.02.2024,"-3 048,00",Тинькофф,Общее,[counterparty_d7a35ccc36],[private_text_38c55cba4e],Расходы на персонал
Февраль,2,17.02.2024,"-1 519,23",Тинькофф,Общее,[counterparty_831a0f4ab6],,Эквайринг
Февраль,2,17.02.2024,"101 267,00",Тинькофф,Клиенты-физ.лица,[counterparty_db1aef506b],,Поступление денег с торг. точек
Февраль,2,17.02.2024,"1 039,00",Тинькофф,Клиенты-физ.лица,[counterparty_db1aef506b],,Поступление денег с торг. точек
Февраль,2,17.02.2024,"-4,16",Тинькофф,Общее,[counterparty_831a0f4ab6],,Эквайринг
Февраль,2,17.02.2024,"-2 630,19",Тинькофф,Общее,[counterparty_d7a35ccc36],,Оплата поставщикам 
Февраль,2,17.02.2024,"-1 697,53",Тинькофф,Общее,[counterparty_d7a35ccc36],,Расходы на питание персонала
Февраль,2,17.02.2024,"-557,55",Тинькофф,Общее,[counterparty_d7a35ccc36],,Содержание торговых точек
Февраль,2,18.02.2024,"-1 663,13",Тинькофф,Общее,[counterparty_831a0f4ab6],,Эквайринг
Февраль,2,18.02.2024,"110 863,00",Тинькофф,Клиенты-физ.лица,[counterparty_db1aef506b],,Поступление денег с торг. точек
Февраль,2,18.02.2024,"-134,54",Тинькофф,Общее,[counterparty_d7a35ccc36],,Расходы на питание персонала
Февраль,2,18.02.2024,"930,00",Тинькофф,Клиенты-физ.лица,[counterparty_db1aef506b],,Поступление денег с торг. точек
Февраль,2,18.02.2024,"-3,72",Тинькофф,Общее,[counterparty_831a0f4ab6],,Эквайринг
Февраль,2,18.02.2024,"2 475,00",Тинькофф,Клиенты-физ.лица,[counterparty_db1aef506b],,Поступление денег с торг. точек
Февраль,2,18.02.2024,"-9,90",Тинькофф,Общее,[counterparty_831a0f4ab6],,Эквайринг
Февраль,2,18.02.2024,"750,00",Тинькофф,Клиенты-физ.лица,[counterparty_db1aef506b],,Поступление денег с торг. точек
Февраль,2,18.02.2024,"-3,00",Тинькофф,Общее,[counterparty_831a0f4ab6],,Эквайринг
Февраль,2,16.02.2024,"-2 000,00",Сейф,Общее,[counterparty_903a43fe3c],,Оплата поставщикам 
Февраль,2,16.02.2024,"-1 997,00",Сейф,Общее,[counterparty_07485de87e],,Оплата поставщикам 
Февраль,2,16.02.2024,"-859,00",Сейф,Общее,[counterparty_db1aef506b],,Возвраты клиентам
Февраль,2,16.02.2024,"-12 650,00",ТК Черникова,Общее,[counterparty_552231dcd7],,Курьерская служба -
Февраль,2,16.02.2024,"24 535,00",ТК Черникова,Клиенты-физ.лица,[counterparty_db1aef506b],,Поступление денег с торг. точек
Февраль,2,16.02.2024,"-5 000,00",ТК Черникова,Общее,,,Выбытие — Перевод между счетами
Февраль,2,16.02.2024,"5 000,00",Сейф,Общее,,,Поступление — Перевод между счетами
Февраль,2,17.02.2024,"-13 760,00",ТК Черникова,Общее,[counterparty_552231dcd7],,Курьерская служба -
Февраль,2,17.02.2024,"24 552,00",ТК Черникова,Клиенты-физ.лица,[counterparty_db1aef506b],,Поступление денег с торг. точек
Февраль,2,17.02.2024,"-7 586,00",ТК Черникова,Общее,[counterparty_d7a35ccc36],,Оплата поставщикам 
Февраль,2,18.02.2024,"-10 000,00",ТК Черникова,Общее,[counterparty_552231dcd7],,Курьерская служба -
Февраль,2,18.02.2024,"19 051,00",ТК Черникова,Клиенты-физ.лица,[counterparty_db1aef506b],,Поступление денег с торг. точек
Февраль,2,19.02.2024,"65 409,00",Сейф,Корпоративные клиенты,[counterparty_d346fb5ae4],,Поступление денег с торг. точек
Февраль,2,19.02.2024,"16 000,00",Сейф,Общее,,,Поступление — Перевод между счетами
Февраль,2,19.02.2024,"-1 997,00",Сейф,Общее,[counterparty_07485de87e],,Оплата поставщикам 
Февраль,2,19.02.2024,"-8 560,00",ТК Черникова,Общее,[counterparty_552231dcd7],,Курьерская служба -
Февраль,2,19.02.2024,"10 674,00",ТК Черникова,Клиенты-физ.лица,[counterparty_db1aef506b],,Поступление денег с торг. точек
Февраль,2,19.02.2024,"-2 000,00",ТК Черникова,Общее,[counterparty_3f0fc87298],,Транспортные услуги
Февраль,2,19.02.2024,"-16 000,00",ТК Черникова,Общее,,,Выбытие — Перевод между счетами
Февраль,2,19.02.2024,"-94,00",ТК Черникова,Общее,[counterparty_d7a35ccc36],,Расходы на питание персонала
Февраль,2,19.02.2024,"-8 528,00",ТК Черникова,Общее,[counterparty_d7a35ccc36],,Оплата поставщикам 
Февраль,2,19.02.2024,"28 714,61",Альфа,Клиенты-физ.лица,[counterparty_db1aef506b],,Поступление денег с торг. точек
Февраль,2,19.02.2024,"-20,60",Альфа,Общее,[counterparty_831a0f4ab6],,Эквайринг
Февраль,2,19.02.2024,"-177 000,00",Альфа,Общее,,,Выбытие — Перевод между счетами
Февраль,2,15.02.2024,"-29,36",Сбербанк,Общее,[counterparty_831a0f4ab6],,РКО
Февраль,2,15.02.2024,"-47 730,00",Сбербанк,Общее,,,Выбытие — Перевод между счетами
Февраль,2,15.02.2024,"49 000,00",Сбербанк,Общее,,,Поступление — Перевод между счетами
Февраль,2,16.02.2024,"45 000,00",Сбербанк,Общее,,,Поступление — Перевод между счетами
Февраль,2,17.02.2024,"-765,00",Сбербанк,Общее,[counterparty_831a0f4ab6],,РКО
Февраль,2,17.02.2024,"-45 000,00",Сбербанк,Общее,[counterparty_831a0f4ab6],,Оплаты по кредитам и займам
Февраль,2,19.02.2024,"-1 234,73",Тинькофф,Общее,[counterparty_831a0f4ab6],,Эквайринг
Февраль,2,19.02.2024,"82 306,00",Тинькофф,Клиенты-физ.лица,[counterparty_db1aef506b],,Поступление денег с торг. точек
Февраль,2,19.02.2024,"-3 597,04",Тинькофф,Общее,[counterparty_6d6a37d791],,Оплата поставщикам 
Февраль,2,19.02.2024,"-102 124,95",Тинькофф,Общее,[counterparty_dc430ed78e],,Оплата поставщикам 
Февраль,2,19.02.2024,"-6 361,00",Тинькофф,Общее,[counterparty_6e66cfc0d7],,Оплата поставщикам 
Февраль,2,19.02.2024,"-12 885,00",Тинькофф,Общее,[counterparty_449fa47f79],,Оплаты систем автоматизации
Февраль,2,19.02.2024,"-3 284,75",Тинькофф,Общее,[counterparty_b2323408fa],,Оплата поставщикам 
Февраль,2,19.02.2024,"-1 314,00",Тинькофф,Общее,[counterparty_fb5384e8b9],,Оплата поставщикам 
Февраль,2,19.02.2024,"-29 514,76",Тинькофф,Общее,[counterparty_8e70032df8],,Оплата поставщикам 
Февраль,2,19.02.2024,"-15 120,00",Тинькофф,Общее,[counterparty_fb5384e8b9],,Оплата поставщикам 
Февраль,2,19.02.2024,"-2 930,36",Тинькофф,Общее,[counterparty_ecf3465a86],,Аренда торговых точек
Февраль,2,19.02.2024,"-90 291,96",Тинькофф,Общее,[counterparty_fb5384e8b9],,Оплата поставщикам 
Февраль,2,19.02.2024,"-25 928,98",Тинькофф,Общее,[counterparty_c4e92b27e2],,Оплата поставщикам 
Февраль,2,19.02.2024,"-22 354,15",Тинькофф,Общее,[counterparty_19f4d4c15b],,Оплата поставщикам 
Февраль,2,19.02.2024,"-675,98",Тинькофф,Общее,[counterparty_ecf3465a86],,Аренда торговых точек
Февраль,2,19.02.2024,"-28 000,00",Тинькофф,Общее,[counterparty_33844b2195],,Прочие маркетинговые услуги
Февраль,2,19.02.2024,"177 000,00",Тинькофф,Общее,,,Поступление — Перевод между счетами
Февраль,2,19.02.2024,"-4 000,00",Тинькофф,Общее,[counterparty_ab325eb126],,Оплаты систем автоматизации
Февраль,2,19.02.2024,"-6 000,00",Тинькофф,Общее,[counterparty_ab325eb126],,Оплаты систем автоматизации
Февраль,2,19.02.2024,"-5 000,00",Тинькофф,Общее,[counterparty_50d958815d],,Телекоммуникации
Февраль,2,19.02.2024,"804,00",Тинькофф,Клиенты-физ.лица,[counterparty_db1aef506b],,Поступление денег с торг. точек
Февраль,2,19.02.2024,"-3,22",Тинькофф,Общее,[counterparty_831a0f4ab6],,Эквайринг
Февраль,2,19.02.2024,"-1 397,10",Тинькофф,Общее,[counterparty_d7a35ccc36],,Расходы на питание персонала
Февраль,2,19.02.2024,"-723,99",Тинькофф,Общее,[counterparty_d7a35ccc36],,Содержание торговых точек
Февраль,2,19.02.2024,"-6 484,81",Тинькофф,Общее,[counterparty_d7a35ccc36],,Оплата поставщикам 
Февраль,2,20.02.2024,"-810,91",Тинькофф,Общее,[counterparty_831a0f4ab6],,Эквайринг
Февраль,2,20.02.2024,"54 051,00",Тинькофф,Клиенты-физ.лица,[counterparty_db1aef506b],,Поступление денег с торг. точек
Февраль,2,20.02.2024,"-84 330,00",Тинькофф,Общее,,,Выбытие — Перевод между счетами
Февраль,2,20.02.2024,"870,00",Тинькофф,Клиенты-физ.лица,[counterparty_db1aef506b],,Поступление денег с торг. точек
Февраль,2,20.02.2024,"-3,48",Тинькофф,Общее,[counterparty_831a0f4ab6],,Эквайринг
Февраль,2,20.02.2024,"-6 000,00",Тинькофф,Общее,[counterparty_1c967c7874],,Комиссия партнерам
Февраль,2,20.02.2024,"-156 430,00",Сейф,Общее,[counterparty_552231dcd7],,Зарплата производственного персонала
Февраль,2,20.02.2024,"-7 227,50",Сейф,Общее,[counterparty_5ea766e786],,Оплата поставщикам 
Февраль,2,20.02.2024,"84 330,00",Сейф,Общее,,,Поступление — Перевод между счетами
Февраль,2,20.02.2024,"24 889,11",Альфа,Клиенты-физ.лица,[counterparty_db1aef506b],,Поступление денег с торг. точек
Февраль,2,20.02.2024,"-32,78",Альфа,Общее,[counterparty_831a0f4ab6],,Эквайринг
Февраль,2,20.02.2024,"-7 580,00",ТК Черникова,Общее,[counterparty_552231dcd7],,Курьерская служба -
Февраль,2,20.02.2024,"18 221,00",ТК Черникова,Клиенты-физ.лица,[counterparty_db1aef506b],,Поступление денег с торг. точек
Февраль,2,21.02.2024,"27 322,16",Альфа,Клиенты-физ.лица,[counterparty_db1aef506b],,Поступление денег с торг. точек
Февраль,2,21.02.2024,"-49,52",Альфа,Общее,[counterparty_831a0f4ab6],,Эквайринг
Февраль,2,21.02.2024,"-7 080,00",ТК Черникова,Общее,[counterparty_552231dcd7],,Курьерская служба -
Февраль,2,21.02.2024,"14 982,00",ТК Черникова,Клиенты-физ.лица,[counterparty_db1aef506b],,Поступление денег с торг. точек
Февраль,2,21.02.2024,"-92,00",ТК Черникова,Общее,[counterparty_d7a35ccc36],,Расходы на питание персонала
Февраль,2,21.02.2024,"-1 000,00",ТК Черникова,Общее,[counterparty_552231dcd7],,Содержание торговых точек
Февраль,2,21.02.2024,"-11 455,00",ТК Черникова,Общее,[counterparty_d7a35ccc36],,Оплата поставщикам 
Февраль,2,21.02.2024,"-582,76",Тинькофф,Общее,[counterparty_831a0f4ab6],,Эквайринг
Февраль,2,21.02.2024,"38 843,00",Тинькофф,Клиенты-физ.лица,[counterparty_db1aef506b],,Поступление денег с торг. точек
Февраль,2,21.02.2024,"250,00",Тинькофф,Клиенты-физ.лица,[counterparty_db1aef506b],,Поступление денег с торг. точек
Февраль,2,21.02.2024,"-5,24",Тинькофф,Общее,[counterparty_831a0f4ab6],,Эквайринг
Февраль,2,21.02.2024,"1 059,00",Тинькофф,Клиенты-физ.лица,[counterparty_db1aef506b],,Поступление денег с торг. точек
Февраль,2,21.02.2024,"-6 158,61",Тинькофф,Общее,[counterparty_d7a35ccc36],,Оплата поставщикам 
Февраль,2,21.02.2024,"-3 204,89",Тинькофф,Общее,[counterparty_d7a35ccc36],,Расходы на питание персонала
Февраль,2,21.02.2024,"-33,96",Тинькофф,Общее,[counterparty_d7a35ccc36],,Содержание торговых точек
Февраль,2,22.02.2024,"-13 990,00",ТК Черникова,Общее,[counterparty_552231dcd7],,Курьерская служба -
Февраль,2,22.02.2024,"41 018,00",ТК Черникова,Клиенты-физ.лица,[counterparty_db1aef506b],,Поступление денег с торг. точек
Февраль,2,22.02.2024,"25 388,08",Альфа,Клиенты-физ.лица,[counterparty_db1aef506b],,Поступление денег с торг. точек
Февраль,2,22.02.2024,"-57,25",Альфа,Общее,[counterparty_831a0f4ab6],,Эквайринг
Февраль,2,22.02.2024,"-636,56",Тинькофф,Общее,[counterparty_831a0f4ab6],,Эквайринг
Февраль,2,22.02.2024,"42 429,00",Тинькофф,Клиенты-физ.лица,[counterparty_db1aef506b],,Поступление денег с торг. точек
Февраль,2,22.02.2024,"-7 500,00",Тинькофф,Общее,[counterparty_d1d2f948bb],,Оплаты систем автоматизации
Февраль,2,22.02.2024,"-315,00",Тинькофф,Общее,[counterparty_d7a35ccc36],,Содержание торговых точек
Февраль,2,23.02.2024,"-1 300,00",ТК Черникова,Общее,[counterparty_903a43fe3c],,Транспортные услуги
Февраль,2,23.02.2024,"-25 140,00",ТК Черникова,Общее,[counterparty_552231dcd7],,Курьерская служба -
Февраль,2,23.02.2024,"74 306,00",ТК Черникова,Клиенты-физ.лица,[counterparty_db1aef506b],,Поступление денег с торг. точек
Февраль,2,23.02.2024,"-7 500,00",ТК Черникова,Общее,,,Выбытие — Перевод между счетами
Февраль,2,23.02.2024,"-4 000,00",ТК Черникова,Общее,[counterparty_d7a35ccc36],,Оплата поставщикам 
Февраль,2,23.02.2024,"-9 199,00",ТК Черникова,Общее,[counterparty_d7a35ccc36],,Оплата поставщикам 
Февраль,2,24.02.2024,"32 000,00",ТК Черникова,Клиенты-физ.лица,[counterparty_db1aef506b],,Поступление денег с торг. точек
Февраль,2,24.02.2024,"-11 680,00",ТК Черникова,Общее,[counterparty_552231dcd7],,Курьерская служба -
Февраль,2,25.02.2024,"-567,95",ТК Черникова,Общее,[counterparty_d7a35ccc36],,Оплата поставщикам 
Февраль,2,25.02.2024,"-9 630,00",ТК Черникова,Общее,[counterparty_d7a35ccc36],,Оплата поставщикам 
Февраль,2,25.02.2024,"-10 200,00",ТК Черникова,Общее,[counterparty_552231dcd7],,Курьерская служба -
Февраль,2,25.02.2024,"12 524,00",ТК Черникова,Клиенты-физ.лица,[counterparty_db1aef506b],,Поступление денег с торг. точек
Февраль,2,25.02.2024,"-0,05",ТК Черникова,Общее,,,Корретировки кассы -
Февраль,2,23.02.2024,"7 500,00",Сейф,Общее,,,Поступление — Перевод между счетами
Февраль,2,23.02.2024,"-5 449,80",Сейф,Общее,[counterparty_07485de87e],,Оплата поставщикам 
Февраль,2,23.02.2024,"37 630,01",Альфа,Клиенты-физ.лица,[counterparty_db1aef506b],,Поступление денег с торг. точек
Февраль,2,23.02.2024,"-73,24",Альфа,Общее,[counterparty_831a0f4ab6],,Эквайринг
Февраль,2,24.02.2024,"39 371,53",Альфа,Клиенты-физ.лица,[counterparty_db1aef506b],,Поступление денег с торг. точек
Февраль,2,24.02.2024,"-8,54",Альфа,Общее,[counterparty_831a0f4ab6],,Эквайринг
Февраль,2,25.02.2024,"18 534,87",Альфа,Клиенты-физ.лица,[counterparty_db1aef506b],,Поступление денег с торг. точек
Февраль,2,25.02.2024,"-10,33",Альфа,Общее,[counterparty_831a0f4ab6],,Эквайринг
Февраль,2,23.02.2024,"-1 990,00",Тинькофф,Общее,[counterparty_831a0f4ab6],,РКО
Февраль,2,23.02.2024,"-99,00",Тинькофф,Общее,[counterparty_831a0f4ab6],,РКО
Февраль,2,23.02.2024,"-990,00",Тинькофф,Общее,[counterparty_831a0f4ab6],,РКО
Февраль,2,23.02.2024,"-1 845,32",Тинькофф,Общее,[counterparty_831a0f4ab6],,Эквайринг
Февраль,2,23.02.2024,"-2 798,00",Тинькофф,Общее,[counterparty_db1aef506b],,Возвраты клиентам
Февраль,2,23.02.2024,"123 003,00",Тинькофф,Клиенты-физ.лица,[counterparty_db1aef506b],,Поступление денег с торг. точек
Февраль,2,23.02.2024,"1 899,00",Тинькофф,Клиенты-физ.лица,[counterparty_db1aef506b],,Поступление денег с торг. точек
Февраль,2,23.02.2024,"-7,60",Тинькофф,Общее,[counterparty_831a0f4ab6],,Эквайринг
Февраль,2,23.02.2024,"-67 685,00",Тинькофф,Общее,[counterparty_e08d6e58b9],,Аренда торговых точек
Февраль,2,23.02.2024,"1 114,00",Тинькофф,Клиенты-физ.лица,[counterparty_db1aef506b],,Поступление денег с торг. точек
Февраль,2,23.02.2024,"-4,46",Тинькофф,Общее,[counterparty_831a0f4ab6],,Эквайринг
Февраль,2,23.02.2024,"670,00",Тинькофф,Клиенты-физ.лица,[counterparty_db1aef506b],,Поступление денег с торг. точек
Февраль,2,23.02.2024,"-2,68",Тинькофф,Общее,[counterparty_831a0f4ab6],,Эквайринг
Февраль,2,23.02.2024,"-2 736,00",Тинькофф,Общее,[counterparty_d7a35ccc36],,Оплата поставщикам 
Февраль,2,23.02.2024,"-1 759,12",Тинькофф,Общее,[counterparty_d7a35ccc36],,Расходы на питание персонала
Февраль,2,23.02.2024,"-988,91",Тинькофф,Общее,[counterparty_d7a35ccc36],,Содержание торговых точек
Февраль,2,24.02.2024,"-3 224,90",Тинькофф,Общее,[counterparty_831a0f4ab6],,Эквайринг
Февраль,2,24.02.2024,"-1 744,00",Тинькофф,Общее,[counterparty_db1aef506b],,Возвраты клиентам
Февраль,2,24.02.2024,"214 964,00",Тинькофф,Клиенты-физ.лица,[counterparty_db1aef506b],,Поступление денег с торг. точек
Февраль,2,24.02.2024,"2 798,00",Тинькофф,Клиенты-физ.лица,[counterparty_db1aef506b],,Поступление денег с торг. точек
Февраль,2,24.02.2024,"-11,19",Тинькофф,Общее,[counterparty_831a0f4ab6],,Эквайринг
Февраль,2,24.02.2024,"1 486,00",Тинькофф,Клиенты-физ.лица,[counterparty_db1aef506b],,Поступление денег с торг. точек
Февраль,2,24.02.2024,"-5,94",Тинькофф,Общее,[counterparty_831a0f4ab6],,Эквайринг
Февраль,2,24.02.2024,"910,00",Тинькофф,Клиенты-физ.лица,[counterparty_db1aef506b],,Поступление денег с торг. точек
Февраль,2,24.02.2024,"-3,64",Тинькофф,Общее,[counterparty_831a0f4ab6],,Эквайринг
Февраль,2,25.02.2024,"-1 411,86",Тинькофф,Общее,[counterparty_831a0f4ab6],,Эквайринг
Февраль,2,25.02.2024,"94 112,15",Тинькофф,Клиенты-физ.лица,[counterparty_db1aef506b],,Поступление денег с торг. точек
Февраль,2,25.02.2024,"-1 434,00",Тинькофф,Общее,[counterparty_45d6b05c94],[private_text_d76c5af450],Поиск и найм персонала
Февраль,2,25.02.2024,"310,00",Тинькофф,Клиенты-физ.лица,[counterparty_db1aef506b],,Поступление денег с торг. точек
Февраль,2,25.02.2024,"-1,24",Тинькофф,Общее,[counterparty_831a0f4ab6],,Эквайринг
Февраль,2,25.02.2024,"1 269,00",Тинькофф,Клиенты-физ.лица,[counterparty_db1aef506b],,Поступление денег с торг. точек
Февраль,2,25.02.2024,"-5,08",Тинькофф,Общее,[counterparty_831a0f4ab6],,Эквайринг
Февраль,2,25.02.2024,"250,00",Тинькофф,Клиенты-физ.лица,[counterparty_db1aef506b],,Поступление денег с торг. точек
Февраль,2,25.02.2024,"-1,00",Тинькофф,Общее,[counterparty_831a0f4ab6],,Эквайринг
Февраль,2,25.02.2024,"-6 146,55",Тинькофф,Общее,[counterparty_d7a35ccc36],,Оплата поставщикам 
Февраль,2,25.02.2024,"-74,97",Тинькофф,Общее,[counterparty_d7a35ccc36],,Содержание торговых точек
Февраль,2,25.02.2024,"-1 446,62",Тинькофф,Общее,[counterparty_d7a35ccc36],,Расходы на питание персонала
Февраль,2,26.02.2024,"-68 900,00",ТК Черникова,Общее,,,Выбытие — Перевод между счетами
Февраль,2,26.02.2024,"-7 740,00",ТК Черникова,Общее,[counterparty_552231dcd7],,Курьерская служба -
Февраль,2,26.02.2024,"23 383,00",ТК Черникова,Клиенты-физ.лица,[counterparty_db1aef506b],,Поступление денег с торг. точек
Февраль,2,26.02.2024,"-2 000,00",Сейф,Общее,[counterparty_903a43fe3c],,Оплата поставщикам 
Февраль,2,26.02.2024,"68 900,00",Сейф,Общее,,,Поступление — Перевод между счетами
Февраль,2,26.02.2024,"-5 814,00",Сейф,Общее,[counterparty_5ea766e786],,Оплата поставщикам 
Февраль,2,26.02.2024,"24 178,62",Альфа,Клиенты-физ.лица,[counterparty_db1aef506b],,Поступление денег с торг. точек
Февраль,2,26.02.2024,"-46,79",Альфа,Общее,[counterparty_831a0f4ab6],,Эквайринг
Февраль,2,26.02.2024,"-1 282,79",Тинькофф,Общее,[counterparty_831a0f4ab6],,Эквайринг
Февраль,2,26.02.2024,"85 505,00",Тинькофф,Клиенты-физ.лица,[counterparty_db1aef506b],,Поступление денег с торг. точек
Февраль,2,26.02.2024,"-18 900,00",Тинькофф,Общее,[counterparty_fb5384e8b9],,Оплата поставщикам 
Февраль,2,26.02.2024,"-118 357,01",Тинькофф,Общее,[counterparty_fb5384e8b9],,Оплата поставщикам 
Февраль,2,26.02.2024,"-114 898,60",Тинькофф,Общее,[counterparty_dc430ed78e],,Оплата поставщикам 
Февраль,2,26.02.2024,"-29 771,05",Тинькофф,Общее,[counterparty_c4e92b27e2],,Оплата поставщикам 
Февраль,2,26.02.2024,"-6 068,40",Тинькофф,Общее,[counterparty_6d6a37d791],,Оплата поставщикам 
Февраль,2,26.02.2024,"-29 202,06",Тинькофф,Общее,[counterparty_bb8cb2d348],,Оплата поставщикам 
Февраль,2,26.02.2024,"-1 524,60",Тинькофф,Общее,[counterparty_fb5384e8b9],,Оплата поставщикам 
Февраль,2,26.02.2024,"-36 783,04",Тинькофф,Общее,[counterparty_8e70032df8],,Оплата поставщикам 
Февраль,2,26.02.2024,"-34 390,23",Тинькофф,Общее,[counterparty_19f4d4c15b],,Оплата поставщикам 
Февраль,2,26.02.2024,"-1 100,00",Тинькофф,Общее,[counterparty_d7a35ccc36],,Содержание торговых точек
Февраль,2,20.02.2024,"84 330,00",Сбербанк,Общее,,,Поступление — Перевод между счетами
Февраль,2,20.02.2024,"-84 330,00",Сбербанк,Общее,,,Выбытие — Перевод между счетами
Февраль,2,21.02.2024,"-396,18",Сбербанк,Общее,[counterparty_831a0f4ab6],,РКО
Февраль,2,27.02.2024,"11 000,00",Сейф,Общее,,,Поступление — Перевод между счетами
Февраль,2,27.02.2024,"134 600,00",Сейф,Общее,,,Поступление — Перевод между счетами
Февраль,2,27.02.2024,"-201 600,00",Сейф,Общее,[counterparty_552231dcd7],,Зарплата производственного персонала
Февраль,2,27.02.2024,"13 020,42",Альфа,Клиенты-физ.лица,[counterparty_db1aef506b],,Поступление денег с торг. точек
Февраль,2,27.02.2024,"-30,21",Альфа,Общее,[counterparty_831a0f4ab6],,Эквайринг
Февраль,2,27.02.2024,"-7 600,00",ТК Черникова,Общее,[counterparty_552231dcd7],,Курьерская служба -
Февраль,2,27.02.2024,"13 830,00",ТК Черникова,Клиенты-физ.лица,[counterparty_db1aef506b],,Поступление денег с торг. точек
Февраль,2,27.02.2024,"-11 000,00",ТК Черникова,Общее,,,Выбытие — Перевод между счетами
Февраль,2,27.02.2024,"-84,00",ТК Черникова,Общее,[counterparty_d7a35ccc36],,Расходы на питание персонала
Февраль,2,27.02.2024,"-3 964,00",ТК Черникова,Общее,[counterparty_d7a35ccc36],,Оплата поставщикам 
Февраль,2,27.02.2024,"-752,08",Тинькофф,Общее,[counterparty_831a0f4ab6],,Эквайринг
Февраль,2,27.02.2024,"50 133,00",Тинькофф,Клиенты-физ.лица,[counterparty_db1aef506b],,Поступление денег с торг. точек
Февраль,2,27.02.2024,"-134 600,00",Тинькофф,Общее,,,Выбытие — Перевод между счетами
Февраль,2,27.02.2024,"-3 829,88",Тинькофф,Общее,[counterparty_d7a35ccc36],,Оплата поставщикам 
Февраль,2,27.02.2024,"-34,95",Тинькофф,Общее,[counterparty_d7a35ccc36],,Содержание торговых точек
Февраль,2,27.02.2024,"-444,98",Тинькофф,Общее,[counterparty_d7a35ccc36],,Расходы на питание персонала
Февраль,2,28.02.2024,"12 288,25",Альфа,Клиенты-физ.лица,[counterparty_db1aef506b],,Поступление денег с торг. точек
Февраль,2,28.02.2024,"-6,20",Альфа,Общее,[counterparty_831a0f4ab6],,Эквайринг
Февраль,2,28.02.2024,"-788,16",Тинькофф,Общее,[counterparty_831a0f4ab6],,Эквайринг
Февраль,2,28.02.2024,"52 537,00",Тинькофф,Клиенты-физ.лица,[counterparty_db1aef506b],,Поступление денег с торг. точек
Февраль,2,28.02.2024,"-258,41",Тинькофф,Общее,[counterparty_d7a35ccc36],,Оплата поставщикам 
Февраль,2,28.02.2024,"-10 000,00",Тинькофф,Общее,[counterparty_a8c88d8a2c],,SEO-оптимизация
Февраль,2,28.02.2024,"-75 000,00",Тинькофф,Общее,[counterparty_cd0c8c2f69],,Услуги ФД и НК
Февраль,2,28.02.2024,"-75 000,00",Тинькофф,Общее,[counterparty_347b901ee4],,Контекстная реклама
Февраль,2,28.02.2024,"-100 000,00",Тинькофф,Общее,[counterparty_e08d6e58b9],,Аренда торговых точек
Февраль,2,28.02.2024,"-101,85",Тинькофф,Общее,[counterparty_831a0f4ab6],,РКО
Февраль,2,28.02.2024,"1 460,00",Тинькофф,Клиенты-физ.лица,[counterparty_db1aef506b],,Поступление денег с торг. точек
Февраль,2,28.02.2024,"-5,84",Тинькофф,Общее,[counterparty_831a0f4ab6],,Эквайринг
Февраль,2,28.02.2024,"-1 000,00",Сейф,Общее,[counterparty_45d6b05c94],,Поиск и найм персонала
Февраль,2,28.02.2024,"-8 700,00",ТК Черникова,Общее,[counterparty_552231dcd7],,Курьерская служба -
Февраль,2,28.02.2024,"18 181,00",ТК Черникова,Клиенты-физ.лица,[counterparty_db1aef506b],,Поступление денег с торг. точек
Февраль,2,29.02.2024,"-113,00",Сейф,Общее,[counterparty_d7a35ccc36],,Содержание торговых точек
Февраль,2,29.02.2024,"-200,00",Сейф,Общее,[counterparty_831a0f4ab6],[private_text_32d7cd7a8a],РКО
Февраль,2,29.02.2024,"-1 123,60",Тинькофф,Общее,[counterparty_831a0f4ab6],,Эквайринг
Февраль,2,29.02.2024,"74 831,15",Тинькофф,Клиенты-физ.лица,[counterparty_db1aef506b],,Поступление денег с торг. точек
Февраль,2,29.02.2024,"-5 500,00",Тинькофф,Общее,[counterparty_50d958815d],,Телекоммуникации
Февраль,2,29.02.2024,"250,00",Тинькофф,Клиенты-физ.лица,[counterparty_db1aef506b],,Поступление денег с торг. точек
Февраль,2,29.02.2024,"-3 176,38",Тинькофф,Общее,[counterparty_d7a35ccc36],,Оплата поставщикам 
Февраль,2,29.02.2024,"-2 411,65",Тинькофф,Общее,[counterparty_d7a35ccc36],,Расходы на питание персонала
Февраль,2,29.02.2024,"-290,96",Тинькофф,Общее,[counterparty_d7a35ccc36],,Содержание торговых точек
Февраль,2,29.02.2024,"19 645,00",Альфа,Клиенты-физ.лица,[counterparty_db1aef506b],,Поступление денег с торг. точек
Февраль,2,29.02.2024,"-21,51",Альфа,Общее,[counterparty_831a0f4ab6],,Эквайринг
Февраль,2,29.02.2024,"-6 000,00",ТК Черникова,Общее,[counterparty_552231dcd7],,Содержание торговых точек
Февраль,2,29.02.2024,"-7 030,00",ТК Черникова,Общее,[counterparty_552231dcd7],,Курьерская служба -
Февраль,2,29.02.2024,"-9 490,00",ТК Черникова,Общее,[counterparty_d7a35ccc36],,Оплата поставщикам 
Февраль,2,29.02.2024,"13 476,00",ТК Черникова,Клиенты-физ.лица,[counterparty_db1aef506b],,Поступление денег с торг. точек
Март,3,03.03.2024,"-1 600,00",Сейф,Общее,[counterparty_335f3233c9],[private_text_fba0448232],Аренда торговых точек
Март,3,03.03.2024,"-1 500,00",Сейф,Общее,[counterparty_ea5804ea3c],,Прочие маркетинговые услуги
Март,3,01.03.2024,"18 506,50",Альфа,Клиенты-физ.лица,[counterparty_db1aef506b],,Поступление денег с торг. точек
Март,3,01.03.2024,"-250 000,00",Альфа,Общее,,,Выбытие — Перевод между счетами
Март,3,01.03.2024,"-46,84",Альфа,Общее,[counterparty_831a0f4ab6],,Эквайринг
Март,3,02.03.2024,"31 425,56",Альфа,Клиенты-физ.лица,[counterparty_db1aef506b],,Поступление денег с торг. точек
Март,3,02.03.2024,"-30,53",Альфа,Общее,[counterparty_831a0f4ab6],,Эквайринг
Март,3,03.03.2024,"27 048,34",Альфа,Клиенты-физ.лица,[counterparty_db1aef506b],,Поступление денег с торг. точек
Март,3,03.03.2024,"-26,41",Альфа,Общее,[counterparty_831a0f4ab6],,Эквайринг
Март,3,04.03.2024,"5 000,00",ГарантФонд,Общее,[counterparty_552231dcd7],[private_text_68028db302],Курьерская служба +
Март,3,04.03.2024,"5 000,00",ГарантФонд,Общее,[counterparty_552231dcd7],[private_text_7531b66574],Курьерская служба +
Март,3,01.03.2024,"-894,26",Тинькофф,Общее,[counterparty_831a0f4ab6],,Эквайринг
Март,3,01.03.2024,"59 610,05",Тинькофф,Клиенты-физ.лица,[counterparty_db1aef506b],,Поступление денег с торг. точек
Март,3,01.03.2024,"250 000,00",Тинькофф,Общее,,,Поступление — Перевод между счетами
Март,3,01.03.2024,"-149 350,00",Тинькофф,Общее,,,Выбытие — Перевод между счетами
Март,3,01.03.2024,"398,00",Тинькофф,Клиенты-физ.лица,[counterparty_db1aef506b],,Поступление денег с торг. точек
Март,3,01.03.2024,"-1,59",Тинькофф,Общее,[counterparty_831a0f4ab6],,Эквайринг
Март,3,01.03.2024,"969,00",Тинькофф,Клиенты-физ.лица,[counterparty_db1aef506b],,Поступление денег с торг. точек
Март,3,01.03.2024,"-3,88",Тинькофф,Общее,[counterparty_831a0f4ab6],,Эквайринг
Март,3,01.03.2024,"-41 172,55",Тинькофф,Общее,[counterparty_19f4d4c15b],,Оплата поставщикам 
Март,3,01.03.2024,"-187,99",Тинькофф,Общее,[counterparty_d7a35ccc36],,Содержание торговых точек
Март,3,02.03.2024,"-1 455,85",Тинькофф,Общее,[counterparty_831a0f4ab6],,Эквайринг
Март,3,02.03.2024,"97 044,00",Тинькофф,Клиенты-физ.лица,[counterparty_db1aef506b],,Поступление денег с торг. точек
Март,3,02.03.2024,"799,00",Тинькофф,Клиенты-физ.лица,[counterparty_db1aef506b],,Поступление денег с торг. точек
Март,3,02.03.2024,"-3,20",Тинькофф,Общее,[counterparty_831a0f4ab6],,Эквайринг
Март,3,02.03.2024,"1 128,00",Тинькофф,Клиенты-физ.лица,[counterparty_db1aef506b],,Поступление денег с торг. точек
Март,3,02.03.2024,"-4,51",Тинькофф,Общее,[counterparty_831a0f4ab6],,Эквайринг
Март,3,02.03.2024,"930,00",Тинькофф,Клиенты-физ.лица,[counterparty_db1aef506b],,Поступление денег с торг. точек
Март,3,02.03.2024,"-3,72",Тинькофф,Общее,[counterparty_831a0f4ab6],,Эквайринг
Март,3,02.03.2024,"-4 147,06",Тинькофф,Общее,[counterparty_d7a35ccc36],,Оплата поставщикам 
Март,3,02.03.2024,"-1 625,93",Тинькофф,Общее,[counterparty_d7a35ccc36],,Расходы на питание персонала
Март,3,02.03.2024,"-274,96",Тинькофф,Общее,[counterparty_d7a35ccc36],,Содержание торговых точек
Март,3,03.03.2024,"-1 551,21",Тинькофф,Общее,[counterparty_831a0f4ab6],,Эквайринг
Март,3,03.03.2024,"103 399,00",Тинькофф,Клиенты-физ.лица,[counterparty_db1aef506b],,Поступление денег с торг. точек
Март,3,03.03.2024,"-565,93",Тинькофф,Общее,[counterparty_d7a35ccc36],,Содержание торговых точек
Март,3,03.03.2024,"-1 437,74",Тинькофф,Общее,[counterparty_d7a35ccc36],,Оплата поставщикам 
Март,3,01.03.2024,"-1 700,00",ТК Черникова,Общее,[counterparty_903a43fe3c],,Оплата поставщикам 
Март,3,01.03.2024,"-12 900,00",ТК Черникова,Общее,[counterparty_552231dcd7],,Курьерская служба -
Март,3,01.03.2024,"25 373,00",ТК Черникова,Клиенты-физ.лица,[counterparty_db1aef506b],,Поступление денег с торг. точек
Март,3,01.03.2024,"-720,00",ТК Черникова,Общее,[counterparty_3f0fc87298],[private_text_8e79117eb7],Содержание офиса
Март,3,02.03.2024,"-91,00",ТК Черникова,Общее,[counterparty_d7a35ccc36],,Расходы на питание персонала
Март,3,02.03.2024,"-8 208,00",ТК Черникова,Общее,[counterparty_d7a35ccc36],,Оплата поставщикам 
Март,3,02.03.2024,"-13 720,00",ТК Черникова,Общее,[counterparty_552231dcd7],,Курьерская служба -
Март,3,02.03.2024,"23 878,00",ТК Черникова,Клиенты-физ.лица,[counterparty_db1aef506b],,Поступление денег с торг. точек
Март,3,03.03.2024,"-10 360,00",ТК Черникова,Общее,[counterparty_552231dcd7],,Курьерская служба -
Март,3,03.03.2024,"30 381,00",ТК Черникова,Клиенты-физ.лица,[counterparty_db1aef506b],,Поступление денег с торг. точек
Март,3,01.03.2024,"-1 000,00",ТК Черникова,Общее,[counterparty_903a43fe3c],,Транспортные услуги
Март,3,03.03.2024,"-6 853,00",ТК Черникова,Общее,[counterparty_e08d6e58b9],[private_text_ace57e06ae],Аренда торговых точек
Март,3,04.03.2024,"-29 700,00",ТК Черникова,Общее,,,Выбытие — Перевод между счетами
Март,3,04.03.2024,"-7 535,00",ТК Черникова,Общее,[counterparty_d7a35ccc36],,Оплата поставщикам 
Март,3,04.03.2024,"-6 100,00",ТК Черникова,Общее,[counterparty_552231dcd7],,Курьерская служба -
Март,3,04.03.2024,"-255,00",ТК Черникова,Общее,[counterparty_903a43fe3c],,Оплата поставщикам 
Март,3,04.03.2024,"17 757,80",ТК Черникова,Клиенты-физ.лица,[counterparty_db1aef506b],,Поступление денег с торг. точек
Март,3,04.03.2024,"29 700,00",Сейф,Общее,,,Поступление — Перевод между счетами
Март,3,04.03.2024,"-1 000,00",Сейф,Общее,[counterparty_552231dcd7],,Содержание торговых точек
Март,3,04.03.2024,"20 198,89",Альфа,Клиенты-физ.лица,[counterparty_db1aef506b],,Поступление денег с торг. точек
Март,3,04.03.2024,"-8,00",Альфа,Общее,[counterparty_831a0f4ab6],,Эквайринг
Март,3,01.03.2024,"149 350,00",Сбербанк,Общее,,,Поступление — Перевод между счетами
Март,3,01.03.2024,"-62 000,00",Сбербанк,Общее,[counterparty_41bef12399],,Зарплата административного персонала
Март,3,01.03.2024,"-53 000,00",Сбербанк,Общее,[counterparty_7e3a73c9be],,Зарплата административного персонала
Март,3,01.03.2024,"-23 950,00",Сбербанк,Общее,[counterparty_552231dcd7],,Зарплата административного персонала
Март,3,01.03.2024,"-4 000,00",Сбербанк,Общее,[counterparty_e08d6e58b9],,Аренда склада
Март,3,01.03.2024,"-4 800,00",Сбербанк,Общее,[counterparty_416f60a5fd],[private_text_ba4790ac43],Расходы на персонал
Март,3,01.03.2024,"-1 600,00",Сбербанк,Общее,[counterparty_416f60a5fd],[private_text_44e3907380],Печатные материалы
Март,3,04.03.2024,"-79,46",Сбербанк,Общее,[counterparty_831a0f4ab6],,Оплаты по кредитам и займам
Март,3,04.03.2024,"-902,32",Тинькофф,Общее,[counterparty_831a0f4ab6],,Эквайринг
Март,3,04.03.2024,"60 144,90",Тинькофф,Клиенты-физ.лица,[counterparty_db1aef506b],,Поступление денег с торг. точек
Март,3,04.03.2024,"-1 000,00",Тинькофф,Общее,[counterparty_9147d41bbb],,Аренда торговых точек
Март,3,04.03.2024,"-32 800,82",Тинькофф,Общее,[counterparty_c4e92b27e2],,Оплата поставщикам 
Март,3,04.03.2024,"-4 000,00",Тинькофф,Общее,[counterparty_9147d41bbb],,Аренда торговых точек
Март,3,04.03.2024,"-3 163,92",Тинькофф,Общее,[counterparty_6d6a37d791],,Оплата поставщикам 
Март,3,04.03.2024,"-134 120,00",Тинькофф,Общее,[counterparty_dc430ed78e],,Оплата поставщикам 
Март,3,04.03.2024,"-59 200,72",Тинькофф,Общее,[counterparty_fb5384e8b9],,Оплата поставщикам 
Март,3,04.03.2024,"-2 837,45",Тинькофф,Общее,[counterparty_fb5384e8b9],,Оплата поставщикам 
Март,3,04.03.2024,"-28 404,05",Тинькофф,Общее,[counterparty_bb8cb2d348],,Оплата поставщикам 
Март,3,04.03.2024,"-2 400,00",Тинькофф,Общее,[counterparty_e3d41d1621],,Телекоммуникации
Март,3,04.03.2024,"-13 230,00",Тинькофф,Общее,[counterparty_fb5384e8b9],,Оплата поставщикам 
Март,3,04.03.2024,"-32 067,65",Тинькофф,Общее,[counterparty_8e70032df8],,Оплата поставщикам 
Март,3,04.03.2024,"-4 588,20",Тинькофф,Общее,[counterparty_d7a35ccc36],,Оплата поставщикам 
Март,3,04.03.2024,"-2 306,11",Тинькофф,Общее,[counterparty_d7a35ccc36],,Расходы на питание персонала
Март,3,04.03.2024,"-113,98",Тинькофф,Общее,[counterparty_d7a35ccc36],,Содержание торговых точек
Март,3,05.03.2024,"6 000,00",Сейф,Общее,,,Поступление — Перевод между счетами
Март,3,05.03.2024,"108 450,00",Сейф,Общее,,,Поступление — Перевод между счетами
Март,3,05.03.2024,"-800,00",Сейф,Общее,[counterparty_335f3233c9],[private_text_fba0448232],Аренда торговых точек
Март,3,05.03.2024,"-143 850,00",Сейф,Общее,[counterparty_552231dcd7],,Зарплата производственного персонала
Март,3,05.03.2024,"-2 040,00",ТК Черникова,Общее,[counterparty_3f0fc87298],[private_text_0611a1b7ac],Содержание офиса
Март,3,05.03.2024,"-6 000,00",ТК Черникова,Общее,,,Выбытие — Перевод между счетами
Март,3,05.03.2024,"-7 780,00",ТК Черникова,Общее,[counterparty_552231dcd7],,Курьерская служба -
Март,3,05.03.2024,"16 359,20",ТК Черникова,Клиенты-физ.лица,[counterparty_db1aef506b],,Поступление денег с торг. точек
Март,3,05.03.2024,"25 626,61",Альфа,Клиенты-физ.лица,[counterparty_db1aef506b],,Поступление денег с торг. точек
Март,3,05.03.2024,"-67,36",Альфа,Общее,[counterparty_831a0f4ab6],,Эквайринг
Март,3,05.03.2024,"-606,96",Тинькофф,Общее,[counterparty_831a0f4ab6],,Эквайринг
Март,3,05.03.2024,"40 457,00",Тинькофф,Клиенты-физ.лица,[counterparty_db1aef506b],,Поступление денег с торг. точек
Март,3,05.03.2024,"-180,00",Тинькофф,Общее,[counterparty_b2323408fa],,Оплата поставщикам 
Март,3,05.03.2024,"-108 450,00",Тинькофф,Общее,,,Выбытие — Перевод между счетами
Март,3,05.03.2024,"-17 800,00",Тинькофф,Общее,,,Выбытие — Перевод между счетами
Март,3,05.03.2024,"-1 000,00",Тинькофф,Общее,,,Выбытие — Перевод между счетами
Март,3,05.03.2024,"899,00",Тинькофф,Клиенты-физ.лица,[counterparty_db1aef506b],,Поступление денег с торг. точек
Март,3,05.03.2024,"-3,60",Тинькофф,Общее,[counterparty_831a0f4ab6],,Эквайринг
Март,3,05.03.2024,"737,00",Тинькофф,Клиенты-физ.лица,[counterparty_db1aef506b],,Поступление денег с торг. точек
Март,3,05.03.2024,"-2,95",Тинькофф,Общее,[counterparty_831a0f4ab6],,Эквайринг
Март,3,05.03.2024,"-119,99",Тинькофф,Общее,[counterparty_d7a35ccc36],,Содержание торговых точек
Март,3,06.03.2024,"-9 870,00",ТК Черникова,Общее,[counterparty_d7a35ccc36],,Оплата поставщикам 
Март,3,06.03.2024,"-8 040,00",ТК Черникова,Общее,[counterparty_552231dcd7],,Курьерская служба -
Март,3,06.03.2024,"16 213,00",ТК Черникова,Клиенты-физ.лица,[counterparty_db1aef506b],,Поступление денег с торг. точек
Март,3,06.03.2024,"-714,37",Тинькофф,Общее,[counterparty_831a0f4ab6],,Эквайринг
Март,3,06.03.2024,"47 620,00",Тинькофф,Клиенты-физ.лица,[counterparty_db1aef506b],,Поступление денег с торг. точек
Март,3,06.03.2024,"-454,91",Тинькофф,Общее,[counterparty_d7a35ccc36],,Содержание торговых точек
Март,3,06.03.2024,"-3 679,09",Тинькофф,Общее,[counterparty_d7a35ccc36],,Расходы на питание персонала
Март,3,06.03.2024,"-12 519,66",Тинькофф,Общее,[counterparty_d7a35ccc36],,Оплата поставщикам 
Март,3,06.03.2024,"15 317,91",Альфа,Клиенты-физ.лица,[counterparty_db1aef506b],,Поступление денег с торг. точек
Март,3,06.03.2024,"-30,12",Альфа,Общее,[counterparty_831a0f4ab6],,Эквайринг
Март,3,05.03.2024,"-700,00",ТК Гагарина,Общее,,[private_text_368e56f098],Корретировки кассы -
Март,3,07.03.2024,"-17 300,00",ТК Черникова,Общее,[counterparty_552231dcd7],,Курьерская служба -
Март,3,07.03.2024,"42 429,00",ТК Черникова,Клиенты-физ.лица,[counterparty_db1aef506b],,Поступление денег с торг. точек
Март,3,07.03.2024,"-903,97",Тинькофф,Общее,[counterparty_831a0f4ab6],,Эквайринг
Март,3,07.03.2024,"60 256,00",Тинькофф,Клиенты-физ.лица,[counterparty_db1aef506b],,Поступление денег с торг. точек
Март,3,07.03.2024,"6 597,00",Тинькофф,Клиенты-физ.лица,[counterparty_db1aef506b],,Поступление денег с торг. точек
Март,3,07.03.2024,"-26,39",Тинькофф,Общее,[counterparty_831a0f4ab6],,Эквайринг
Март,3,07.03.2024,"570,00",Тинькофф,Клиенты-физ.лица,[counterparty_db1aef506b],,Поступление денег с торг. точек
Март,3,07.03.2024,"-2,28",Тинькофф,Общее,[counterparty_831a0f4ab6],,Эквайринг
Март,3,07.03.2024,"42 167,98",Альфа,Клиенты-физ.лица,[counterparty_db1aef506b],,Поступление денег с торг. точек
Март,3,07.03.2024,"-86,07",Альфа,Общее,[counterparty_831a0f4ab6],,Эквайринг
Март,3,08.03.2024,"45 568,54",Альфа,Клиенты-физ.лица,[counterparty_db1aef506b],,Поступление денег с торг. точек
Март,3,08.03.2024,"-32,42",Альфа,Общее,[counterparty_831a0f4ab6],,Эквайринг
Март,3,08.03.2024,"-200 000,00",Альфа,Общее,,,Выбытие — Перевод между счетами
Март,3,09.03.2024,"53 458,82",Альфа,Клиенты-физ.лица,[counterparty_db1aef506b],,Поступление денег с торг. точек
Март,3,09.03.2024,"-79,58",Альфа,Общее,[counterparty_831a0f4ab6],,Эквайринг
Март,3,10.03.2024,"-299,00",Альфа,Общее,[counterparty_831a0f4ab6],,РКО
Март,3,10.03.2024,"28 745,14",Альфа,Клиенты-физ.лица,[counterparty_db1aef506b],,Поступление денег с торг. точек
Март,3,10.03.2024,"-14,50",Альфа,Общее,[counterparty_831a0f4ab6],,Эквайринг
Март,3,08.03.2024,"-2 514,00",Тинькофф,Общее,[counterparty_831a0f4ab6],,Эквайринг
Март,3,08.03.2024,"167 578,30",Тинькофф,Клиенты-физ.лица,[counterparty_db1aef506b],,Поступление денег с торг. точек
Март,3,08.03.2024,"3 268,00",Тинькофф,Клиенты-физ.лица,[counterparty_db1aef506b],,Поступление денег с торг. точек
Март,3,08.03.2024,"-13,07",Тинькофф,Общее,[counterparty_831a0f4ab6],,Эквайринг
Март,3,08.03.2024,"-5 000,00",Тинькофф,Общее,[counterparty_50d958815d],,Телекоммуникации
Март,3,08.03.2024,"-34,95",Тинькофф,Общее,[counterparty_d7a35ccc36],,Содержание торговых точек
Март,3,08.03.2024,"-959,76",Тинькофф,Общее,[counterparty_d7a35ccc36],,Расходы на питание персонала
Март,3,08.03.2024,"-9 851,78",Тинькофф,Общее,[counterparty_d7a35ccc36],,Оплата поставщикам 
Март,3,08.03.2024,"-204,00",Тинькофф,Общее,,,Выбытие — Перевод между счетами
Март,3,08.03.2024,"-713,41",Тинькофф,Общее,[counterparty_d7a35ccc36],,Оплата поставщикам 
Март,3,09.03.2024,"-3 436,33",Тинькофф,Общее,[counterparty_831a0f4ab6],,Эквайринг
Март,3,09.03.2024,"229 059,00",Тинькофф,Клиенты-физ.лица,[counterparty_db1aef506b],,Поступление денег с торг. точек
Март,3,09.03.2024,"800,00",Тинькофф,Клиенты-физ.лица,[counterparty_db1aef506b],,Поступление денег с торг. точек
Март,3,09.03.2024,"-3,20",Тинькофф,Общее,[counterparty_831a0f4ab6],,Эквайринг
Март,3,09.03.2024,"-33 000,00",Тинькофф,Общее,,,Выбытие — Перевод между счетами
Март,3,09.03.2024,"7 776,00",Тинькофф,Клиенты-физ.лица,[counterparty_db1aef506b],,Поступление денег с торг. точек
Март,3,09.03.2024,"-31,10",Тинькофф,Общее,[counterparty_831a0f4ab6],,Эквайринг
Март,3,10.03.2024,"-1 615,49",Тинькофф,Общее,[counterparty_831a0f4ab6],,Эквайринг
Март,3,10.03.2024,"107 687,00",Тинькофф,Клиенты-физ.лица,[counterparty_db1aef506b],,Поступление денег с торг. точек
Март,3,10.03.2024,"-6 900,00",Тинькофф,Общее,,,Выбытие — Перевод между счетами
Март,3,10.03.2024,"1 640,00",Тинькофф,Клиенты-физ.лица,[counterparty_db1aef506b],,Поступление денег с торг. точек
Март,3,10.03.2024,"-6,56",Тинькофф,Общее,[counterparty_831a0f4ab6],,Эквайринг
Март,3,10.03.2024,"350,00",Тинькофф,Клиенты-физ.лица,[counterparty_db1aef506b],,Поступление денег с торг. точек
Март,3,10.03.2024,"-1,40",Тинькофф,Общее,[counterparty_831a0f4ab6],,Эквайринг
Март,3,08.03.2024,"204,00",ТК Черникова,Общее,,,Поступление — Перевод между счетами
Март,3,08.03.2024,"-15 302,00",ТК Черникова,Общее,[counterparty_d7a35ccc36],,Оплата поставщикам 
Март,3,08.03.2024,"-24 730,00",ТК Черникова,Общее,[counterparty_552231dcd7],,Курьерская служба -
Март,3,10.03.2024,"-4 474,33",Тинькофф,Общее,[counterparty_d7a35ccc36],,Оплата поставщикам 
Март,3,10.03.2024,"-287,95",Тинькофф,Общее,[counterparty_d7a35ccc36],,Содержание торговых точек
Март,3,10.03.2024,"-753,02",Тинькофф,Общее,[counterparty_d7a35ccc36],,Расходы на питание персонала
Март,3,08.03.2024,"63 256,00",ТК Черникова,Клиенты-физ.лица,[counterparty_db1aef506b],,Поступление денег с торг. точек
Март,3,09.03.2024,"-15 460,00",ТК Черникова,Общее,[counterparty_552231dcd7],,Курьерская служба -
Март,3,09.03.2024,"39 646,00",ТК Черникова,Клиенты-физ.лица,[counterparty_db1aef506b],,Поступление денег с торг. точек
Март,3,10.03.2024,"-7 760,00",ТК Черникова,Общее,[counterparty_552231dcd7],,Курьерская служба -
Март,3,10.03.2024,"12 189,00",ТК Черникова,Клиенты-физ.лица,[counterparty_db1aef506b],,Поступление денег с торг. точек
Март,3,10.03.2024,"-8 943,00",ТК Черникова,Общее,[counterparty_552231dcd7],,Курьерская служба -
Март,3,11.03.2024,"-845,15",Тинькофф,Общее,[counterparty_831a0f4ab6],,Эквайринг
Март,3,11.03.2024,"56 336,00",Тинькофф,Клиенты-физ.лица,[counterparty_db1aef506b],,Поступление денег с торг. точек
Март,3,11.03.2024,"200 000,00",Тинькофф,Общее,,,Поступление — Перевод между счетами
Март,3,11.03.2024,"-6 209,89",Тинькофф,Общее,[counterparty_fb5384e8b9],,Оплата поставщикам 
Март,3,11.03.2024,"-83 348,00",Тинькофф,Общее,[counterparty_cb93f56848],,Сайт и приложение
Март,3,11.03.2024,"-28 721,20",Тинькофф,Общее,[counterparty_bb8cb2d348],,Оплата поставщикам 
Март,3,11.03.2024,"-80 053,74",Тинькофф,Общее,[counterparty_fb5384e8b9],,Оплата поставщикам 
Март,3,11.03.2024,"-7 819,44",Тинькофф,Общее,[counterparty_6d6a37d791],,Оплата поставщикам 
Март,3,11.03.2024,"-4 000,00",Тинькофф,Общее,[counterparty_ab325eb126],,Оплаты систем автоматизации
Март,3,11.03.2024,"-3 613,00",Тинькофф,Общее,[counterparty_ecf3465a86],,Аренда торговых точек
Март,3,11.03.2024,"-31 223,63",Тинькофф,Общее,[counterparty_8e70032df8],,Оплата поставщикам 
Март,3,11.03.2024,"-3 400,00",Тинькофф,Общее,[counterparty_fb5384e8b9],,Оплата поставщикам 
Март,3,11.03.2024,"-6 000,00",Тинькофф,Общее,[counterparty_ab325eb126],,Оплаты систем автоматизации
Март,3,11.03.2024,"-4 626,75",Тинькофф,Общее,[counterparty_b2323408fa],,Оплата поставщикам 
Март,3,11.03.2024,"-31 117,26",Тинькофф,Общее,[counterparty_c4e92b27e2],,Оплата поставщикам 
Март,3,11.03.2024,"-122 070,70",Тинькофф,Общее,[counterparty_dc430ed78e],,Оплата поставщикам 
Март,3,11.03.2024,"-41 172,55",Тинькофф,Общее,[counterparty_19f4d4c15b],,Оплата поставщикам 
Март,3,11.03.2024,"350,00",Тинькофф,Клиенты-физ.лица,[counterparty_db1aef506b],,Поступление денег с торг. точек
Март,3,11.03.2024,"-1,40",Тинькофф,Общее,[counterparty_831a0f4ab6],,Эквайринг
Март,3,11.03.2024,"-120 000,00",Тинькофф,Общее,,,Выбытие — Перевод между счетами
Март,3,11.03.2024,"1 230,00",Тинькофф,Клиенты-физ.лица,[counterparty_db1aef506b],,Поступление денег с торг. точек
Март,3,11.03.2024,"-4,92",Тинькофф,Общее,[counterparty_831a0f4ab6],,Эквайринг
Март,3,11.03.2024,"-2 079,00",Тинькофф,Общее,[counterparty_b2323408fa],,Оплата поставщикам 
Март,3,11.03.2024,"14 471,62",Альфа,Клиенты-физ.лица,[counterparty_db1aef506b],,Поступление денег с торг. точек
Март,3,11.03.2024,"-23,08",Альфа,Общее,[counterparty_831a0f4ab6],,Эквайринг
Март,3,05.03.2024,"-18,38",Сбербанк,Общее,[counterparty_831a0f4ab6],,Оплаты по кредитам и займам
Март,3,05.03.2024,"-18 379,54",Сбербанк,Общее,[counterparty_831a0f4ab6],,Оплаты по кредитам и займам
Март,3,05.03.2024,"-108 450,00",Сбербанк,Общее,,,Выбытие — Перевод между счетами
Март,3,05.03.2024,"1 000,00",Сбербанк,Общее,,,Поступление — Перевод между счетами
Март,3,05.03.2024,"17 800,00",Сбербанк,Общее,,,Поступление — Перевод между счетами
Март,3,05.03.2024,"108 450,00",Сбербанк,Общее,,,Поступление — Перевод между счетами
Март,3,09.03.2024,"33 000,00",Сбербанк,Общее,,,Поступление — Перевод между счетами
Март,3,10.03.2024,"-6 900,00",Сбербанк,Общее,[counterparty_552231dcd7],[private_text_e9bb516e22],Расходы на персонал
Март,3,10.03.2024,"-33 000,00",Сбербанк,Общее,[counterparty_7e3a73c9be],,Зарплата административного персонала
Март,3,10.03.2024,"6 900,00",Сбербанк,Общее,,,Поступление — Перевод между счетами
Март,3,11.03.2024,"120 000,00",Сбербанк,Общее,,,Поступление — Перевод между счетами
Март,3,11.03.2024,"-60 000,00",Сбербанк,Общее,[counterparty_41bef12399],,Дивиденды
Март,3,11.03.2024,"-60 000,00",Сбербанк,Общее,[counterparty_7e3a73c9be],,Дивиденды
Март,3,11.03.2024,"69 300,00",Сейф,Общее,,,Поступление — Перевод между счетами
Март,3,11.03.2024,"73 905,00",Сейф,Корпоративные клиенты,[counterparty_d346fb5ae4],,Поступление денег с торг. точек
Март,3,11.03.2024,"-10 400,00",Сейф,Общее,[counterparty_552231dcd7],,Зарплата производственного персонала
Март,3,11.03.2024,"-69 300,00",ТК Черникова,Общее,,,Выбытие — Перевод между счетами
Март,3,11.03.2024,"-8 800,00",ТК Черникова,Общее,[counterparty_552231dcd7],,Курьерская служба -
Март,3,11.03.2024,"25 225,00",ТК Черникова,Клиенты-физ.лица,[counterparty_db1aef506b],,Поступление денег с торг. точек
Март,3,13.03.2024,"-5 000,00",ГарантФонд,Общее,[counterparty_552231dcd7],[private_text_eb18944317],Курьерская служба -
Март,3,12.03.2024,"20 298,07",Альфа,Клиенты-физ.лица,[counterparty_db1aef506b],,Поступление денег с торг. точек
Март,3,12.03.2024,"-42,67",Альфа,Общее,[counterparty_831a0f4ab6],,Эквайринг
Март,3,12.03.2024,"-888,03",Тинькофф,Общее,[counterparty_831a0f4ab6],,Эквайринг
Март,3,12.03.2024,"59 194,00",Тинькофф,Клиенты-физ.лица,[counterparty_db1aef506b],,Поступление денег с торг. точек
Март,3,12.03.2024,"-62 580,00",Тинькофф,Общее,,,Выбытие — Перевод между счетами
Март,3,12.03.2024,"-591,00",Тинькофф,Общее,[counterparty_d7a35ccc36],,Содержание торговых точек
Март,3,12.03.2024,"1 060,00",Тинькофф,Клиенты-физ.лица,[counterparty_db1aef506b],,Поступление денег с торг. точек
Март,3,12.03.2024,"-4,24",Тинькофф,Общее,[counterparty_831a0f4ab6],,Эквайринг
Март,3,12.03.2024,"-2 993,47",Тинькофф,Общее,[counterparty_d7a35ccc36],,Оплата поставщикам 
Март,3,12.03.2024,"-2 473,34",Тинькофф,Общее,[counterparty_d7a35ccc36],,Расходы на питание персонала
Март,3,12.03.2024,"-642,93",Тинькофф,Общее,[counterparty_d7a35ccc36],,Содержание торговых точек
Март,3,12.03.2024,"-2 000,00",Сейф,Общее,[counterparty_903a43fe3c],,Оплата поставщикам 
Март,3,12.03.2024,"-6 460,00",Сейф,Общее,[counterparty_5ea766e786],,Оплата поставщикам 
Март,3,12.03.2024,"-184 830,00",Сейф,Общее,[counterparty_552231dcd7],,Зарплата производственного персонала
Март,3,12.03.2024,"62 580,00",Сейф,Общее,,,Поступление — Перевод между счетами
Март,3,12.03.2024,"-7 151,00",ТК Черникова,Общее,[counterparty_d7a35ccc36],,Оплата поставщикам 
Март,3,12.03.2024,"-91,00",ТК Черникова,Общее,[counterparty_d7a35ccc36],,Расходы на питание персонала
Март,3,12.03.2024,"-4 000,00",ТК Черникова,Общее,[counterparty_552231dcd7],,Содержание торговых точек
Март,3,12.03.2024,"-7 640,00",ТК Черникова,Общее,[counterparty_552231dcd7],,Курьерская служба -
Март,3,12.03.2024,"17 157,00",ТК Черникова,Клиенты-физ.лица,[counterparty_db1aef506b],,Поступление денег с торг. точек
Март,3,05.03.2024,"-850,00",ТК Черникова,Общее,[counterparty_903a43fe3c],,Транспортные услуги
Март,3,05.03.2024,"-255,00",ТК Черникова,Общее,[counterparty_903a43fe3c],,Оплата поставщикам 
Март,3,06.03.2024,"-1 350,00",ТК Черникова,Общее,[counterparty_903a43fe3c],,Транспортные услуги
Март,3,12.03.2024,"-300,00",ТК Черникова,Общее,[counterparty_d7a35ccc36],[private_text_71029532af],Содержание торговых точек
Март,3,12.03.2024,"-1 500,00",ТК Черникова,Общее,[counterparty_3f0fc87298],[private_text_593f24691f],Содержание торговых точек
Март,3,13.03.2024,"14 542,03",Альфа,Клиенты-физ.лица,[counterparty_db1aef506b],,Поступление денег с торг. точек
Март,3,13.03.2024,"-11,11",Альфа,Общее,[counterparty_831a0f4ab6],,Эквайринг
Март,3,13.03.2024,"-888,57",Тинькофф,Общее,[counterparty_831a0f4ab6],,Эквайринг
Март,3,13.03.2024,"59 230,00",Тинькофф,Клиенты-физ.лица,[counterparty_db1aef506b],,Поступление денег с торг. точек
Март,3,13.03.2024,"2 000,00",Сейф,Общее,,,Поступление — Перевод между счетами
Март,3,13.03.2024,"-7 160,00",ТК Черникова,Общее,[counterparty_552231dcd7],,Курьерская служба -
Март,3,13.03.2024,"-2 000,00",ТК Черникова,Общее,,,Выбытие — Перевод между счетами
Март,3,13.03.2024,"8 103,00",ТК Черникова,Клиенты-физ.лица,[counterparty_db1aef506b],,Поступление денег с торг. точек
Март,3,14.03.2024,"-1 009,31",Тинькофф,Общее,[counterparty_831a0f4ab6],,Эквайринг
Март,3,14.03.2024,"67 276,00",Тинькофф,Клиенты-физ.лица,[counterparty_db1aef506b],,Поступление денег с торг. точек
Март,3,14.03.2024,"-13 000,00",Тинькофф,Общее,[counterparty_682bbbb771],,Налоги
Март,3,14.03.2024,"570,00",Тинькофф,Клиенты-физ.лица,[counterparty_db1aef506b],,Поступление денег с торг. точек
Март,3,14.03.2024,"-2,28",Тинькофф,Общее,[counterparty_831a0f4ab6],,Эквайринг
Март,3,14.03.2024,"140,00",Тинькофф,Клиенты-физ.лица,[counterparty_db1aef506b],,Поступление денег с торг. точек
Март,3,14.03.2024,"-0,56",Тинькофф,Общее,[counterparty_831a0f4ab6],,Эквайринг
Март,3,14.03.2024,"-5 429,30",Тинькофф,Общее,[counterparty_d7a35ccc36],,Оплата поставщикам 
Март,3,14.03.2024,"-553,92",Тинькофф,Общее,[counterparty_d7a35ccc36],,Содержание торговых точек
Март,3,14.03.2024,"-2 112,81",Тинькофф,Общее,[counterparty_d7a35ccc36],,Расходы на питание персонала
Март,3,14.03.2024,"17 459,40",Альфа,Клиенты-физ.лица,[counterparty_db1aef506b],,Поступление денег с торг. точек
Март,3,14.03.2024,"-46,59",Альфа,Общее,[counterparty_831a0f4ab6],,Эквайринг
Март,3,14.03.2024,"-8 880,00",ТК Черникова,Общее,[counterparty_552231dcd7],,Курьерская служба -
Март,3,14.03.2024,"8 032,00",ТК Черникова,Клиенты-физ.лица,[counterparty_db1aef506b],,Поступление денег с торг. точек
Март,3,14.03.2024,"-5 814,00",ТК Черникова,Общее,[counterparty_5ea766e786],,Оплата поставщикам 
Март,3,14.03.2024,"-9 153,00",ТК Черникова,Общее,[counterparty_d7a35ccc36],,Оплата поставщикам 
Март,3,15.03.2024,"-2 000,00",Сейф,Общее,[counterparty_903a43fe3c],,Оплата поставщикам 
Март,3,15.03.2024,"-886,48",Тинькофф,Общее,[counterparty_831a0f4ab6],,Эквайринг
Март,3,15.03.2024,"59 089,00",Тинькофф,Клиенты-физ.лица,[counterparty_db1aef506b],,Поступление денег с торг. точек
Март,3,15.03.2024,"-57 700,00",Тинькофф,Общее,,,Выбытие — Перевод между счетами
Март,3,15.03.2024,"173 900,00",Тинькофф,Общее,,,Поступление — Перевод между счетами
Март,3,15.03.2024,"-8 977,69",Тинькофф,Общее,[counterparty_fb5384e8b9],,Оплата поставщикам 
Март,3,15.03.2024,"-35 806,03",Тинькофф,Общее,[counterparty_8e70032df8],,Оплата поставщикам 
Март,3,15.03.2024,"-88 552,45",Тинькофф,Общее,[counterparty_fb5384e8b9],,Оплата поставщикам 
Март,3,15.03.2024,"-43 607,00",Тинькофф,Общее,[counterparty_c4e92b27e2],,Оплата поставщикам 
Март,3,15.03.2024,"-89 580,00",Тинькофф,Общее,[counterparty_dc430ed78e],,Оплата поставщикам 
Март,3,15.03.2024,"-31 757,58",Тинькофф,Общее,[counterparty_19f4d4c15b],,Оплата поставщикам 
Март,3,15.03.2024,"-84 618,00",Тинькофф,Общее,[counterparty_e08d6e58b9],[private_text_283962f29d],Аренда торговых точек
Март,3,15.03.2024,"-28 000,00",Тинькофф,Общее,[counterparty_33844b2195],,Прочие маркетинговые услуги
Март,3,15.03.2024,"-27 705,79",Тинькофф,Общее,[counterparty_bb8cb2d348],,Оплата поставщикам 
Март,3,15.03.2024,"399,00",Тинькофф,Клиенты-физ.лица,[counterparty_db1aef506b],,Поступление денег с торг. точек
Март,3,15.03.2024,"-1,60",Тинькофф,Общее,[counterparty_831a0f4ab6],,Эквайринг
Март,3,16.03.2024,"-1 446,60",Тинькофф,Общее,[counterparty_831a0f4ab6],,Эквайринг
Март,3,16.03.2024,"96 428,00",Тинькофф,Клиенты-физ.лица,[counterparty_db1aef506b],,Поступление денег с торг. точек
Март,3,16.03.2024,"-45 000,00",Тинькофф,Общее,,,Выбытие — Перевод между счетами
Март,3,16.03.2024,"-1 767,60",Тинькофф,Общее,[counterparty_d7a35ccc36],,Расходы на питание персонала
Март,3,16.03.2024,"-23,97",Тинькофф,Общее,[counterparty_d7a35ccc36],,Содержание торговых точек
Март,3,16.03.2024,"-1 981,89",Тинькофф,Общее,[counterparty_d7a35ccc36],,Оплата поставщикам 
Март,3,17.03.2024,"-1 258,91",Тинькофф,Общее,[counterparty_831a0f4ab6],,Эквайринг
Март,3,17.03.2024,"83 913,00",Тинькофф,Клиенты-физ.лица,[counterparty_db1aef506b],,Поступление денег с торг. точек
Март,3,17.03.2024,"-5 000,00",Тинькофф,Общее,[counterparty_50d958815d],,Телекоммуникации
Март,3,15.03.2024,"13 590,23",Альфа,Клиенты-физ.лица,[counterparty_db1aef506b],,Поступление денег с торг. точек
Март,3,15.03.2024,"-173 900,00",Альфа,Общее,,,Выбытие — Перевод между счетами
Март,3,15.03.2024,"-32,04",Альфа,Общее,[counterparty_831a0f4ab6],,Эквайринг
Март,3,16.03.2024,"18 118,42",Альфа,Клиенты-физ.лица,[counterparty_db1aef506b],,Поступление денег с торг. точек
Март,3,16.03.2024,"-35,45",Альфа,Общее,[counterparty_831a0f4ab6],,Эквайринг
Март,3,17.03.2024,"25 151,86",Альфа,Клиенты-физ.лица,[counterparty_db1aef506b],,Поступление денег с торг. точек
Март,3,17.03.2024,"-52,58",Альфа,Общее,[counterparty_831a0f4ab6],,Эквайринг
Март,3,18.03.2024,"-5 000,00",ГарантФонд,Общее,[counterparty_552231dcd7],[private_text_4fb8dca431],Курьерская служба -
Март,3,15.03.2024,"-10 730,00",ТК Черникова,Общее,[counterparty_552231dcd7],,Курьерская служба -
Март,3,15.03.2024,"-1 000,00",ТК Черникова,Общее,[counterparty_903a43fe3c],,Транспортные услуги
Март,3,15.03.2024,"22 395,15",ТК Черникова,Клиенты-физ.лица,[counterparty_db1aef506b],,Поступление денег с торг. точек
Март,3,16.03.2024,"-8 555,00",ТК Черникова,Общее,[counterparty_d7a35ccc36],,Оплата поставщикам 
Март,3,16.03.2024,"-94,00",ТК Черникова,Общее,[counterparty_d7a35ccc36],,Расходы на питание персонала
Март,3,16.03.2024,"-14 590,00",ТК Черникова,Общее,[counterparty_552231dcd7],,Курьерская служба -
Март,3,16.03.2024,"45 430,50",ТК Черникова,Клиенты-физ.лица,[counterparty_db1aef506b],,Поступление денег с торг. точек
Март,3,17.03.2024,"-12 500,00",ТК Черникова,Общее,[counterparty_552231dcd7],,Курьерская служба -
Март,3,17.03.2024,"32 716,00",ТК Черникова,Клиенты-физ.лица,[counterparty_db1aef506b],,Поступление денег с торг. точек
Март,3,18.03.2024,"24 549,39",Альфа,Клиенты-физ.лица,[counterparty_db1aef506b],,Поступление денег с торг. точек
Март,3,18.03.2024,"-12,68",Альфа,Общее,[counterparty_831a0f4ab6],,Эквайринг
Март,3,12.03.2024,"62 580,00",Сбербанк,Общее,,,Поступление — Перевод между счетами
Март,3,12.03.2024,"-62 580,00",Сбербанк,Общее,,,Выбытие — Перевод между счетами
Март,3,15.03.2024,"57 700,00",Сбербанк,Общее,,,Поступление — Перевод между счетами
Март,3,15.03.2024,"-57 700,00",Сбербанк,Общее,,,Выбытие — Перевод между счетами
Март,3,16.03.2024,"45 000,00",Сбербанк,Общее,,,Поступление — Перевод между счетами
Март,3,16.03.2024,"-45 000,00",Сбербанк,Общее,[counterparty_831a0f4ab6],,Оплаты по кредитам и займам
Март,3,18.03.2024,"-1 136,86",Тинькофф,Общее,[counterparty_831a0f4ab6],,Эквайринг
Март,3,18.03.2024,"75 783,00",Тинькофф,Клиенты-физ.лица,[counterparty_db1aef506b],,Поступление денег с торг. точек
Март,3,18.03.2024,"-91 360,00",Тинькофф,Общее,[counterparty_6e66cfc0d7],,Оплата поставщикам 
Март,3,18.03.2024,"-364,98",Тинькофф,Общее,[counterparty_d7a35ccc36],,Содержание торговых точек
Март,3,18.03.2024,"-1 999,84",Тинькофф,Общее,[counterparty_d7a35ccc36],,Расходы на питание персонала
Март,3,18.03.2024,"-5 618,58",Тинькофф,Общее,[counterparty_d7a35ccc36],,Оплата поставщикам 
Март,3,18.03.2024,"50 000,00",Сейф,Общее,,,Поступление — Перевод между счетами
Март,3,18.03.2024,"-50 000,00",ТК Черникова,Общее,,,Выбытие — Перевод между счетами
Март,3,18.03.2024,"-5 638,00",ТК Черникова,Общее,[counterparty_d7a35ccc36],,Оплата поставщикам 
Март,3,18.03.2024,"-6 480,00",ТК Черникова,Общее,[counterparty_552231dcd7],,Курьерская служба -
Март,3,18.03.2024,"14 917,00",ТК Черникова,Клиенты-физ.лица,[counterparty_db1aef506b],,Поступление денег с торг. точек
Март,3,15.03.2024,"57 700,00",Сейф,Общее,,,Поступление — Перевод между счетами
Март,3,15.03.2024,"-25 000,00",Сейф,Общее,[counterparty_552231dcd7],,Зарплата административного персонала
Март,3,15.03.2024,"-17 700,00",Сейф,Общее,[counterparty_552231dcd7],,Зарплата административного персонала
Март,3,15.03.2024,"-15 000,00",Сейф,Общее,[counterparty_552231dcd7],,Содержание торговых точек
Март,3,19.03.2024,"90 630,00",Сейф,Общее,,,Поступление — Перевод между счетами
Март,3,19.03.2024,"-139 630,00",Сейф,Общее,[counterparty_552231dcd7],,Зарплата производственного персонала
Март,3,19.03.2024,"-157,65",ТК Черникова,Общее,,,Корретировки кассы -
Март,3,19.03.2024,"-8 940,00",ТК Черникова,Общее,[counterparty_552231dcd7],,Курьерская служба -
Март,3,19.03.2024,"9 739,00",ТК Черникова,Клиенты-физ.лица,[counterparty_db1aef506b],,Поступление денег с торг. точек
Март,3,19.03.2024,"-624,21",Тинькофф,Общее,[counterparty_831a0f4ab6],,Эквайринг
Март,3,19.03.2024,"41 607,00",Тинькофф,Клиенты-физ.лица,[counterparty_db1aef506b],,Поступление денег с торг. точек
Март,3,19.03.2024,"-90 630,00",Тинькофф,Общее,,,Выбытие — Перевод между счетами
Март,3,20.03.2024,"-1 239,71",Тинькофф,Общее,[counterparty_831a0f4ab6],,Эквайринг
Март,3,20.03.2024,"82 634,00",Тинькофф,Клиенты-физ.лица,[counterparty_db1aef506b],,Поступление денег с торг. точек
Март,3,20.03.2024,"-2 003,94",Тинькофф,Общее,[counterparty_d7a35ccc36],,Расходы на питание персонала
Март,3,20.03.2024,"-145,96",Тинькофф,Общее,[counterparty_d7a35ccc36],,Содержание торговых точек
Март,3,20.03.2024,"-5 327,62",Тинькофф,Общее,[counterparty_d7a35ccc36],,Оплата поставщикам 
Март,3,19.03.2024,"17 880,93",Альфа,Клиенты-физ.лица,[counterparty_db1aef506b],,Поступление денег с торг. точек
Март,3,19.03.2024,"-37,79",Альфа,Общее,[counterparty_831a0f4ab6],,Эквайринг
Март,3,20.03.2024,"17 480,54",Альфа,Клиенты-физ.лица,[counterparty_db1aef506b],,Поступление денег с торг. точек
Март,3,20.03.2024,"-25,15",Альфа,Общее,[counterparty_831a0f4ab6],,Эквайринг
Март,3,20.03.2024,"1 000,00",Сейф,Общее,[counterparty_3f0fc87298],,Прочие поступления
Март,3,20.03.2024,"-6 878,00",ТК Черникова,Общее,[counterparty_d7a35ccc36],,Оплата поставщикам 
Март,3,20.03.2024,"-8 340,00",ТК Черникова,Общее,[counterparty_552231dcd7],,Курьерская служба -
Март,3,20.03.2024,"13 832,00",ТК Черникова,Клиенты-физ.лица,[counterparty_db1aef506b],,Поступление денег с торг. точек
Март,3,21.03.2024,"-856,85",Тинькофф,Общее,[counterparty_831a0f4ab6],,Эквайринг
Март,3,21.03.2024,"57 113,00",Тинькофф,Клиенты-физ.лица,[counterparty_db1aef506b],,Поступление денег с торг. точек
Март,3,21.03.2024,"-6,99",Тинькофф,Общее,[counterparty_d7a35ccc36],,Содержание торговых точек
Март,3,21.03.2024,"-344,97",Тинькофф,Общее,[counterparty_d7a35ccc36],,Оплата поставщикам 
Март,3,21.03.2024,"17 133,02",Альфа,Клиенты-физ.лица,[counterparty_db1aef506b],,Поступление денег с торг. точек
Март,3,21.03.2024,"-21,47",Альфа,Общее,[counterparty_831a0f4ab6],,Эквайринг
Март,3,21.03.2024,"-6 902,00",ТК Черникова,Общее,[counterparty_5ea766e786],,Оплата поставщикам 
Март,3,21.03.2024,"-8 400,00",ТК Черникова,Общее,[counterparty_552231dcd7],,Курьерская служба -
Март,3,21.03.2024,"13 637,00",ТК Черникова,Клиенты-физ.лица,[counterparty_db1aef506b],,Поступление денег с торг. точек
Март,3,22.03.2024,"-2 000,00",Сейф,Общее,[counterparty_903a43fe3c],,Оплата поставщикам 
Март,3,22.03.2024,"-400,00",Сейф,Общее,[counterparty_db1aef506b],,Возвраты клиентам
Март,3,22.03.2024,"25 123,85",Альфа,Клиенты-физ.лица,[counterparty_db1aef506b],,Поступление денег с торг. точек
Март,3,22.03.2024,"-47,27",Альфа,Общее,[counterparty_831a0f4ab6],,Эквайринг
Март,3,23.03.2024,"36 003,89",Альфа,Клиенты-физ.лица,[counterparty_db1aef506b],,Поступление денег с торг. точек
Март,3,23.03.2024,"-40,97",Альфа,Общее,[counterparty_831a0f4ab6],,Эквайринг
Март,3,24.03.2024,"46 356,24",Альфа,Клиенты-физ.лица,[counterparty_db1aef506b],,Поступление денег с торг. точек
Март,3,24.03.2024,"-41,88",Альфа,Общее,[counterparty_831a0f4ab6],,Эквайринг
Март,3,22.03.2024,"-958,33",Тинькофф,Общее,[counterparty_831a0f4ab6],,Эквайринг
Март,3,22.03.2024,"63 879,00",Тинькофф,Клиенты-физ.лица,[counterparty_db1aef506b],,Поступление денег с торг. точек
Март,3,22.03.2024,"-3 766,21",Тинькофф,Общее,[counterparty_fb5384e8b9],,Оплата поставщикам 
Март,3,22.03.2024,"-28 355,50",Тинькофф,Общее,[counterparty_8e70032df8],,Оплата поставщикам 
Март,3,22.03.2024,"-54 448,43",Тинькофф,Общее,[counterparty_fb5384e8b9],,Оплата поставщикам 
Март,3,22.03.2024,"-127 138,20",Тинькофф,Общее,[counterparty_dc430ed78e],,Оплата поставщикам 
Март,3,22.03.2024,"-27 758,87",Тинькофф,Общее,[counterparty_bb8cb2d348],,Оплата поставщикам 
Март,3,22.03.2024,"-33 650,16",Тинькофф,Общее,[counterparty_c4e92b27e2],,Оплата поставщикам 
Март,3,22.03.2024,"-4 371,78",Тинькофф,Общее,[counterparty_b2323408fa],,Оплата поставщикам 
Март,3,22.03.2024,"-23 587,64",Тинькофф,Общее,[counterparty_19f4d4c15b],,Оплата поставщикам 
Март,3,22.03.2024,"-4 473,95",Тинькофф,Общее,[counterparty_d7a35ccc36],,Оплата поставщикам 
Март,3,22.03.2024,"-8,99",Тинькофф,Общее,[counterparty_d7a35ccc36],,Содержание торговых точек
Март,3,22.03.2024,"-1 312,59",Тинькофф,Общее,[counterparty_d7a35ccc36],,Расходы на питание персонала
Март,3,23.03.2024,"-1 990,00",Тинькофф,Общее,[counterparty_831a0f4ab6],,РКО
Март,3,23.03.2024,"-99,00",Тинькофф,Общее,[counterparty_831a0f4ab6],,РКО
Март,3,23.03.2024,"-990,00",Тинькофф,Общее,[counterparty_831a0f4ab6],,РКО
Март,3,23.03.2024,"-1 503,68",Тинькофф,Общее,[counterparty_831a0f4ab6],,Эквайринг
Март,3,23.03.2024,"100 229,00",Тинькофф,Клиенты-физ.лица,[counterparty_db1aef506b],,Поступление денег с торг. точек
Март,3,23.03.2024,"-72 346,00",Тинькофф,Общее,,,Выбытие — Перевод между счетами
Март,3,23.03.2024,"-3 000,00",Тинькофф,Общее,,,Выбытие — Перевод между счетами
Март,3,24.03.2024,"-1 688,16",Тинькофф,Общее,[counterparty_831a0f4ab6],,Эквайринг
Март,3,24.03.2024,"112 527,00",Тинькофф,Клиенты-физ.лица,[counterparty_db1aef506b],,Поступление денег с торг. точек
Март,3,24.03.2024,"-1 690,12",Тинькофф,Общее,[counterparty_d7a35ccc36],,Расходы на питание персонала
Март,3,24.03.2024,"-149,94",Тинькофф,Общее,[counterparty_d7a35ccc36],,Содержание торговых точек
Март,3,24.03.2024,"-3 735,80",Тинькофф,Общее,[counterparty_d7a35ccc36],,Оплата поставщикам 
Март,3,22.03.2024,"-8 292,00",ТК Черникова,Общее,[counterparty_d7a35ccc36],,Оплата поставщикам 
Март,3,22.03.2024,"-121,00",ТК Черникова,Общее,[counterparty_d7a35ccc36],,Расходы на питание персонала
Март,3,22.03.2024,"-14 250,00",ТК Черникова,Общее,[counterparty_552231dcd7],,Курьерская служба -
Март,3,22.03.2024,"-1 000,00",ТК Черникова,Общее,[counterparty_903a43fe3c],,Транспортные услуги
Март,3,22.03.2024,"18 222,00",ТК Черникова,Клиенты-физ.лица,[counterparty_db1aef506b],,Поступление денег с торг. точек
Март,3,23.03.2024,"-16 050,00",ТК Черникова,Общее,[counterparty_552231dcd7],,Курьерская служба -
Март,3,23.03.2024,"24 900,00",ТК Черникова,Клиенты-физ.лица,[counterparty_db1aef506b],,Поступление денег с торг. точек
Март,3,24.03.2024,"-7 937,00",ТК Черникова,Общее,[counterparty_d7a35ccc36],,Оплата поставщикам 
Март,3,24.03.2024,"-10 940,00",ТК Черникова,Общее,[counterparty_552231dcd7],,Курьерская служба -
Март,3,24.03.2024,"20 285,00",ТК Черникова,Клиенты-физ.лица,[counterparty_db1aef506b],,Поступление денег с торг. точек
Март,3,19.03.2024,"90 630,00",Сбербанк,Общее,,,Поступление — Перевод между счетами
Март,3,19.03.2024,"-90 630,00",Сбербанк,Общее,,,Выбытие — Перевод между счетами
Март,3,21.03.2024,"-402,08",Сбербанк,Общее,[counterparty_831a0f4ab6],,РКО
Март,3,23.03.2024,"-725,65",Сбербанк,Общее,[counterparty_831a0f4ab6],,РКО
Март,3,23.03.2024,"-72 346,00",Сбербанк,Общее,[counterparty_e08d6e58b9],,Аренда торговых точек
Март,3,23.03.2024,"72 346,00",Сбербанк,Общее,,,Поступление — Перевод между счетами
Март,3,23.03.2024,"3 000,00",Сбербанк,Общее,,,Поступление — Перевод между счетами
Март,3,25.03.2024,"24 534,28",Альфа,Клиенты-физ.лица,[counterparty_db1aef506b],,Поступление денег с торг. точек
Март,3,25.03.2024,"-43,32",Альфа,Общее,[counterparty_831a0f4ab6],,Эквайринг
Март,3,25.03.2024,"-1 161,32",Тинькофф,Общее,[counterparty_831a0f4ab6],,Эквайринг
Март,3,25.03.2024,"77 411,00",Тинькофф,Клиенты-физ.лица,[counterparty_db1aef506b],,Поступление денег с торг. точек
Март,3,25.03.2024,"-649,00",Тинькофф,Общее,[counterparty_d7a35ccc36],,Содержание торговых точек
Март,3,25.03.2024,"-2 480,57",Тинькофф,Общее,[counterparty_b2323408fa],,Оплата поставщикам 
Март,3,25.03.2024,"-24 000,00",Тинькофф,Общее,[counterparty_3f0fc87298],,Листовки
Март,3,25.03.2024,"-8 420,00",ТК Черникова,Общее,[counterparty_552231dcd7],,Курьерская служба -
Март,3,25.03.2024,"18 975,00",ТК Черникова,Клиенты-физ.лица,[counterparty_db1aef506b],,Поступление денег с торг. точек
Март,3,26.03.2024,"-809,92",Тинькофф,Общее,[counterparty_831a0f4ab6],,Эквайринг
Март,3,26.03.2024,"53 985,00",Тинькофф,Клиенты-физ.лица,[counterparty_db1aef506b],,Поступление денег с торг. точек
Март,3,26.03.2024,"-116 000,00",Тинькофф,Общее,,,Выбытие — Перевод между счетами
Март,3,26.03.2024,"-3 168,42",Тинькофф,Общее,[counterparty_b2323408fa],,Оплата поставщикам 
Март,3,26.03.2024,"-197,00",Тинькофф,Общее,[counterparty_d7a35ccc36],,Содержание торговых точек
Март,3,26.03.2024,"660,00",Тинькофф,Клиенты-физ.лица,[counterparty_db1aef506b],,Поступление денег с торг. точек
Март,3,26.03.2024,"-2,64",Тинькофф,Общее,[counterparty_831a0f4ab6],,Эквайринг
Март,3,26.03.2024,"-5 000,00",Тинькофф,Общее,[counterparty_50d958815d],,Телекоммуникации
Март,3,26.03.2024,"-10 000,00",Тинькофф,Общее,[counterparty_a8c88d8a2c],,SEO-оптимизация
Март,3,26.03.2024,"-6 000,00",Тинькофф,Общее,[counterparty_1c967c7874],,Комиссия партнерам
Март,3,26.03.2024,"-75 000,00",Тинькофф,Общее,[counterparty_347b901ee4],,Контекстная реклама
Март,3,26.03.2024,"-34,95",Тинькофф,Общее,[counterparty_d7a35ccc36],,Содержание торговых точек
Март,3,26.03.2024,"-2 982,30",Тинькофф,Общее,[counterparty_d7a35ccc36],,Расходы на питание персонала
Март,3,26.03.2024,"-2 305,78",Тинькофф,Общее,[counterparty_d7a35ccc36],,Оплата поставщикам 
Март,3,26.03.2024,"17 283,77",Альфа,Клиенты-физ.лица,[counterparty_db1aef506b],,Поступление денег с торг. точек
Март,3,26.03.2024,"-29,90",Альфа,Общее,[counterparty_831a0f4ab6],,Эквайринг
Март,3,26.03.2024,"15 300,00",Сейф,Общее,,,Поступление — Перевод между счетами
Март,3,26.03.2024,"116 000,00",Сейф,Общее,,,Поступление — Перевод между счетами
Март,3,26.03.2024,"-132 300,00",Сейф,Общее,[counterparty_552231dcd7],,Зарплата производственного персонала
Март,3,26.03.2024,"-15 300,00",ТК Черникова,Общее,,,Выбытие — Перевод между счетами
Март,3,26.03.2024,"-6 375,00",ТК Черникова,Общее,[counterparty_d7a35ccc36],,Оплата поставщикам 
Март,3,26.03.2024,"-8 020,00",ТК Черникова,Общее,[counterparty_552231dcd7],,Курьерская служба -
Март,3,26.03.2024,"16 609,00",ТК Черникова,Клиенты-физ.лица,[counterparty_db1aef506b],,Поступление денег с торг. точек
Март,3,27.03.2024,"-3 000,00",ТК Черникова,Общее,[counterparty_7e3a73c9be],,Зарплата административного персонала
Март,3,27.03.2024,"-11 500,00",ТК Черникова,Общее,[counterparty_552231dcd7],,Курьерская служба -
Март,3,27.03.2024,"21 906,00",ТК Черникова,Клиенты-физ.лица,[counterparty_db1aef506b],,Поступление денег с торг. точек
Март,3,27.03.2024,"24 102,30",Альфа,Клиенты-физ.лица,[counterparty_db1aef506b],,Поступление денег с торг. точек
Март,3,27.03.2024,"-40,63",Альфа,Общее,[counterparty_831a0f4ab6],,Эквайринг
Март,3,27.03.2024,"-850,35",Тинькофф,Общее,[counterparty_831a0f4ab6],,Эквайринг
Март,3,27.03.2024,"56 681,00",Тинькофф,Клиенты-физ.лица,[counterparty_db1aef506b],,Поступление денег с торг. точек
Март,3,27.03.2024,"-5 000,00",Тинькофф,Общее,[counterparty_50d958815d],,Телекоммуникации
Март,3,27.03.2024,"-2 644,00",Тинькофф,Общее,[counterparty_d7a35ccc36],,Содержание торговых точек
Март,3,27.03.2024,"-520,00",Тинькофф,Общее,[counterparty_d7a35ccc36],,Содержание торговых точек
Март,3,27.03.2024,"3 477,00",Тинькофф,Клиенты-физ.лица,[counterparty_db1aef506b],,Поступление денег с торг. точек
Март,3,27.03.2024,"-13,91",Тинькофф,Общее,[counterparty_831a0f4ab6],,Эквайринг
Март,3,28.03.2024,"-1 217,45",Тинькофф,Общее,[counterparty_831a0f4ab6],,Эквайринг
Март,3,28.03.2024,"81 150,00",Тинькофф,Клиенты-физ.лица,[counterparty_db1aef506b],,Поступление денег с торг. точек
Март,3,28.03.2024,"-100 000,00",Тинькофф,Общее,[counterparty_e08d6e58b9],,Аренда торговых точек
Март,3,28.03.2024,"820,00",Тинькофф,Клиенты-физ.лица,[counterparty_db1aef506b],,Поступление денег с торг. точек
Март,3,28.03.2024,"-3,28",Тинькофф,Общее,[counterparty_831a0f4ab6],,Эквайринг
Март,3,28.03.2024,"-10 000,00",Тинькофф,Общее,[counterparty_7e3a73c9be],,Зарплата административного персонала
Март,3,28.03.2024,"570,00",Тинькофф,Клиенты-физ.лица,[counterparty_db1aef506b],,Поступление денег с торг. точек
Март,3,28.03.2024,"-2,28",Тинькофф,Общее,[counterparty_831a0f4ab6],,Эквайринг
Март,3,28.03.2024,"-7 643,21",Тинькофф,Общее,[counterparty_d7a35ccc36],,Оплата поставщикам 
Март,3,28.03.2024,"-37,96",Тинькофф,Общее,[counterparty_d7a35ccc36],,Содержание торговых точек
Март,3,28.03.2024,"-3 142,99",Тинькофф,Общее,[counterparty_d7a35ccc36],,Расходы на питание персонала
Март,3,28.03.2024,"24 481,43",Альфа,Клиенты-физ.лица,[counterparty_db1aef506b],,Поступление денег с торг. точек
Март,3,28.03.2024,"-27,05",Альфа,Общее,[counterparty_831a0f4ab6],,Эквайринг
Март,3,28.03.2024,"-93,00",Сейф,Общее,[counterparty_d7a35ccc36],,Содержание торговых точек
Март,3,28.03.2024,"-8 561,00",ТК Черникова,Общее,[counterparty_d7a35ccc36],,Оплата поставщикам 
Март,3,28.03.2024,"-7 520,00",ТК Черникова,Общее,[counterparty_552231dcd7],,Курьерская служба -
Март,3,28.03.2024,"12 708,00",ТК Черникова,Клиенты-физ.лица,[counterparty_db1aef506b],,Поступление денег с торг. точек
Март,3,29.03.2024,"-217,04",Сбербанк,Общее,[counterparty_831a0f4ab6],,РКО
Март,3,29.03.2024,"-1 300,00",ТК Черникова,Общее,[counterparty_903a43fe3c],,Курьерская служба -
Март,3,29.03.2024,"-16 370,00",ТК Черникова,Общее,[counterparty_552231dcd7],,Курьерская служба -
Март,3,29.03.2024,"-6 000,00",ТК Черникова,Общее,[counterparty_c7f82a55d3],,Транспортные услуги
Март,3,29.03.2024,"35 013,00",ТК Черникова,Клиенты-физ.лица,[counterparty_db1aef506b],,Поступление денег с торг. точек
Март,3,30.03.2024,"-14 410,00",ТК Черникова,Общее,[counterparty_552231dcd7],,Курьерская служба -
Март,3,30.03.2024,"15 637,00",ТК Черникова,Клиенты-физ.лица,[counterparty_db1aef506b],,Поступление денег с торг. точек
Март,3,30.03.2024,"-11 870,00",ТК Черникова,Общее,[counterparty_d7a35ccc36],,Оплата поставщикам 
Март,3,31.03.2024,"24 727,00",ТК Черникова,Клиенты-физ.лица,[counterparty_db1aef506b],,Поступление денег с торг. точек
Март,3,31.03.2024,"-10 820,00",ТК Черникова,Общее,[counterparty_552231dcd7],,Курьерская служба -
Март,3,31.03.2024,"-1 500,00",ТК Черникова,Общее,[counterparty_3f0fc87298],[private_text_d78ae1e865],Содержание торговых точек
Март,3,29.03.2024,"-2 000,00",Сейф,Общее,[counterparty_903a43fe3c],,Оплата поставщикам 
Март,3,31.03.2024,"81 251,00",Сейф,Корпоративные клиенты,[counterparty_d346fb5ae4],,Поступление денег с торг. точек
Март,3,29.03.2024,"-788,14",Тинькофф,Общее,[counterparty_831a0f4ab6],,Эквайринг
Март,3,29.03.2024,"52 534,00",Тинькофф,Клиенты-физ.лица,[counterparty_db1aef506b],,Поступление денег с торг. точек
Март,3,29.03.2024,"-5 000,00",Тинькофф,Общее,[counterparty_7e3a73c9be],,Зарплата административного персонала
Март,3,29.03.2024,"339 000,00",Тинькофф,Общее,,,Поступление — Перевод между счетами
Март,3,29.03.2024,"-3 300,87",Тинькофф,Общее,[counterparty_fb5384e8b9],,Оплата поставщикам 
Март,3,29.03.2024,"-90 453,50",Тинькофф,Общее,[counterparty_dc430ed78e],,Оплата поставщикам 
Март,3,29.03.2024,"-30 927,29",Тинькофф,Общее,[counterparty_8e70032df8],,Оплата поставщикам 
Март,3,29.03.2024,"-56 167,14",Тинькофф,Общее,[counterparty_fb5384e8b9],,Оплата поставщикам 
Март,3,29.03.2024,"-39 341,80",Тинькофф,Общее,[counterparty_c4e92b27e2],,Оплата поставщикам 
Март,3,29.03.2024,"-5 269,84",Тинькофф,Общее,[counterparty_6d6a37d791],,Оплата поставщикам 
Март,3,29.03.2024,"-26 740,75",Тинькофф,Общее,[counterparty_19f4d4c15b],,Оплата поставщикам 
Март,3,29.03.2024,"-75 000,00",Тинькофф,Общее,[counterparty_cd0c8c2f69],,Услуги ФД и НК
Март,3,29.03.2024,"390,00",Тинькофф,Клиенты-физ.лица,[counterparty_db1aef506b],,Поступление денег с торг. точек
Март,3,29.03.2024,"-1,56",Тинькофф,Общее,[counterparty_831a0f4ab6],,Эквайринг
Март,3,29.03.2024,"-5 000,00",Тинькофф,Общее,[counterparty_41bef12399],,Зарплата административного персонала
Март,3,29.03.2024,"-12 885,00",Тинькофф,Общее,[counterparty_449fa47f79],,Оплаты систем автоматизации
Март,3,29.03.2024,"599,00",Тинькофф,Клиенты-физ.лица,[counterparty_db1aef506b],,Поступление денег с торг. точек
Март,3,29.03.2024,"-2,40",Тинькофф,Общее,[counterparty_831a0f4ab6],,Эквайринг
Март,3,29.03.2024,"1 070,00",Тинькофф,Клиенты-физ.лица,[counterparty_db1aef506b],,Поступление денег с торг. точек
Март,3,29.03.2024,"-4,28",Тинькофф,Общее,[counterparty_831a0f4ab6],,Эквайринг
Март,3,29.03.2024,"1 330,00",Тинькофф,Клиенты-физ.лица,[counterparty_db1aef506b],,Поступление денег с торг. точек
Март,3,29.03.2024,"-5,32",Тинькофф,Общее,[counterparty_831a0f4ab6],,Эквайринг
Март,3,30.03.2024,"-1 844,19",Тинькофф,Общее,[counterparty_831a0f4ab6],,Эквайринг
Март,3,30.03.2024,"122 928,00",Тинькофф,Клиенты-физ.лица,[counterparty_db1aef506b],,Поступление денег с торг. точек
Март,3,30.03.2024,"937,00",Тинькофф,Клиенты-физ.лица,[counterparty_db1aef506b],,Поступление денег с торг. точек
Март,3,30.03.2024,"-3,75",Тинькофф,Общее,[counterparty_831a0f4ab6],,Эквайринг
Март,3,30.03.2024,"750,00",Тинькофф,Клиенты-физ.лица,[counterparty_db1aef506b],,Поступление денег с торг. точек
Март,3,30.03.2024,"-3,00",Тинькофф,Общее,[counterparty_831a0f4ab6],,Эквайринг
Март,3,30.03.2024,"238,00",Тинькофф,Клиенты-физ.лица,[counterparty_db1aef506b],,Поступление денег с торг. точек
Март,3,30.03.2024,"-0,95",Тинькофф,Общее,[counterparty_831a0f4ab6],,Эквайринг
Март,3,30.03.2024,"1 099,00",Тинькофф,Клиенты-физ.лица,[counterparty_db1aef506b],,Поступление денег с торг. точек
Март,3,30.03.2024,"-4,40",Тинькофф,Общее,[counterparty_831a0f4ab6],,Эквайринг
Март,3,30.03.2024,"-588,91",Тинькофф,Общее,[counterparty_d7a35ccc36],,Содержание торговых точек
Март,3,30.03.2024,"-1 649,93",Тинькофф,Общее,[counterparty_d7a35ccc36],,Расходы на питание персонала
Март,3,30.03.2024,"-3 451,64",Тинькофф,Общее,[counterparty_d7a35ccc36],,Оплата поставщикам 
Март,3,31.03.2024,"-1 929,44",Тинькофф,Общее,[counterparty_831a0f4ab6],,Эквайринг
Март,3,31.03.2024,"128 610,00",Тинькофф,Клиенты-физ.лица,[counterparty_db1aef506b],,Поступление денег с торг. точек
Март,3,31.03.2024,"-5 000,00",Тинькофф,Общее,[counterparty_7e3a73c9be],,Зарплата административного персонала
Март,3,31.03.2024,"-129,00",Тинькофф,Общее,[counterparty_831a0f4ab6],,РКО
Март,3,29.03.2024,"26 720,75",Альфа,Клиенты-физ.лица,[counterparty_db1aef506b],,Поступление денег с торг. точек
Март,3,29.03.2024,"-339 000,00",Альфа,Общее,,,Выбытие — Перевод между счетами
Март,3,29.03.2024,"-99,00",Альфа,Общее,[counterparty_831a0f4ab6],,РКО
Март,3,29.03.2024,"-57,44",Альфа,Общее,[counterparty_831a0f4ab6],,Эквайринг
Март,3,30.03.2024,"37 190,13",Альфа,Клиенты-физ.лица,[counterparty_db1aef506b],,Поступление денег с торг. точек
Март,3,30.03.2024,"-42,22",Альфа,Общее,[counterparty_831a0f4ab6],,Эквайринг
Март,3,31.03.2024,"49 813,88",Альфа,Клиенты-физ.лица,[counterparty_db1aef506b],,Поступление денег с торг. точек
Март,3,31.03.2024,"-50,44",Альфа,Общее,[counterparty_831a0f4ab6],,Эквайринг
Апрель,4,01.04.2024,"19 858,76",Альфа,Клиенты-физ.лица,[counterparty_db1aef506b],,Поступление денег с торг. точек
Апрель,4,01.04.2024,"-12,57",Альфа,Общее,[counterparty_831a0f4ab6],,Эквайринг
Апрель,4,01.04.2024,"-1 172,42",Тинькофф,Общее,[counterparty_831a0f4ab6],,Эквайринг
Апрель,4,01.04.2024,"78 152,00",Тинькофф,Клиенты-физ.лица,[counterparty_db1aef506b],,Поступление денег с торг. точек
Апрель,4,01.04.2024,"-39 000,00",Тинькофф,Общее,,,Выбытие — Перевод между счетами
Апрель,4,01.04.2024,"-4 000,00",Тинькофф,Общее,[counterparty_e08d6e58b9],,Аренда склада
Апрель,4,01.04.2024,"1 099,00",Тинькофф,Клиенты-физ.лица,[counterparty_db1aef506b],,Поступление денег с торг. точек
Апрель,4,01.04.2024,"-4,40",Тинькофф,Общее,[counterparty_831a0f4ab6],,Эквайринг
Апрель,4,01.04.2024,"890,00",Тинькофф,Клиенты-физ.лица,[counterparty_db1aef506b],,Поступление денег с торг. точек
Апрель,4,01.04.2024,"-3,56",Тинькофф,Общее,[counterparty_831a0f4ab6],,Эквайринг
Апрель,4,01.04.2024,"-429,96",Тинькофф,Общее,[counterparty_d7a35ccc36],,Расходы на питание персонала
Апрель,4,01.04.2024,"-2 620,37",Тинькофф,Общее,[counterparty_d7a35ccc36],,Оплата поставщикам 
Апрель,4,01.04.2024,"-34,95",Тинькофф,Общее,[counterparty_d7a35ccc36],,Содержание торговых точек
Апрель,4,01.04.2024,"10 000,00",Сейф,Общее,,,Поступление — Перевод между счетами
Апрель,4,01.04.2024,"-200,00",Сейф,Общее,[counterparty_831a0f4ab6],[private_text_32d7cd7a8a],РКО
Апрель,4,01.04.2024,"-5 728,00",ТК Черникова,Общее,[counterparty_d7a35ccc36],,Оплата поставщикам 
Апрель,4,01.04.2024,"-10 000,00",ТК Черникова,Общее,,,Выбытие — Перевод между счетами
Апрель,4,01.04.2024,"-7 000,00",ТК Черникова,Общее,[counterparty_552231dcd7],,Содержание торговых точек
Апрель,4,01.04.2024,"-7 840,00",ТК Черникова,Общее,[counterparty_552231dcd7],,Курьерская служба -
Апрель,4,01.04.2024,"14 994,00",ТК Черникова,Клиенты-физ.лица,[counterparty_db1aef506b],,Поступление денег с торг. точек
Апрель,4,02.04.2024,"30 187,37",Альфа,Клиенты-физ.лица,[counterparty_db1aef506b],,Поступление денег с торг. точек
Апрель,4,02.04.2024,"-50,83",Альфа,Общее,[counterparty_831a0f4ab6],,Эквайринг
Апрель,4,02.04.2024,"-801,83",Тинькофф,Общее,[counterparty_831a0f4ab6],,Эквайринг
Апрель,4,02.04.2024,"53 447,00",Тинькофф,Клиенты-физ.лица,[counterparty_db1aef506b],,Поступление денег с торг. точек
Апрель,4,02.04.2024,"-62 170,00",Тинькофф,Общее,,,Выбытие — Перевод между счетами
Апрель,4,02.04.2024,"-20 000,00",Тинькофф,Общее,,,Выбытие — Перевод между счетами
Апрель,4,02.04.2024,"-299,98",Тинькофф,Общее,[counterparty_d7a35ccc36],,Оплата поставщикам 
Апрель,4,02.04.2024,"5 000,00",Сейф,Общее,,,Поступление — Перевод между счетами
Апрель,4,02.04.2024,"-154 670,00",Сейф,Общее,[counterparty_552231dcd7],,Зарплата производственного персонала
Апрель,4,02.04.2024,"62 170,00",Сейф,Общее,,,Поступление — Перевод между счетами
Апрель,4,02.04.2024,"-5 000,00",ТК Черникова,Общее,,,Выбытие — Перевод между счетами
Апрель,4,02.04.2024,"-8 720,00",ТК Черникова,Общее,[counterparty_552231dcd7],,Курьерская служба -
Апрель,4,02.04.2024,"12 008,00",ТК Черникова,Клиенты-физ.лица,[counterparty_db1aef506b],,Поступление денег с торг. точек
Апрель,4,03.04.2024,"-8 189,00",ТК Черникова,Общее,[counterparty_d7a35ccc36],,Оплата поставщикам 
Апрель,4,03.04.2024,"-9 360,00",ТК Черникова,Общее,[counterparty_552231dcd7],,Курьерская служба -
Апрель,4,03.04.2024,"12 937,00",ТК Черникова,Клиенты-физ.лица,[counterparty_db1aef506b],,Поступление денег с торг. точек
Апрель,4,03.04.2024,"-916,25",Тинькофф,Общее,[counterparty_831a0f4ab6],,Эквайринг
Апрель,4,03.04.2024,"61 076,00",Тинькофф,Клиенты-физ.лица,[counterparty_db1aef506b],,Поступление денег с торг. точек
Апрель,4,03.04.2024,"-87 000,00",Тинькофф,Общее,,,Выбытие — Перевод между счетами
Апрель,4,03.04.2024,"1 623,00",Тинькофф,Клиенты-физ.лица,[counterparty_db1aef506b],,Поступление денег с торг. точек
Апрель,4,03.04.2024,"-6,49",Тинькофф,Общее,[counterparty_831a0f4ab6],,Эквайринг
Апрель,4,03.04.2024,"-7 796,03",Тинькофф,Общее,[counterparty_d7a35ccc36],,Оплата поставщикам 
Апрель,4,03.04.2024,"-36,96",Тинькофф,Общее,[counterparty_d7a35ccc36],,Содержание торговых точек
Апрель,4,03.04.2024,"-982,96",Тинькофф,Общее,[counterparty_d7a35ccc36],,Расходы на питание персонала
Апрель,4,03.04.2024,"22 722,88",Альфа,Клиенты-физ.лица,[counterparty_db1aef506b],,Поступление денег с торг. точек
Апрель,4,03.04.2024,"-47,04",Альфа,Общее,[counterparty_831a0f4ab6],,Эквайринг
Апрель,4,04.04.2024,"-1 014,29",Тинькофф,Общее,[counterparty_831a0f4ab6],,Эквайринг
Апрель,4,04.04.2024,"67 609,00",Тинькофф,Клиенты-физ.лица,[counterparty_db1aef506b],,Поступление денег с торг. точек
Апрель,4,04.04.2024,"-5 000,00",Тинькофф,Общее,[counterparty_50d958815d],,Телекоммуникации
Апрель,4,04.04.2024,"-426,92",Тинькофф,Общее,[counterparty_d7a35ccc36],,Оплата поставщикам 
Апрель,4,04.04.2024,"15 021,27",Альфа,Клиенты-физ.лица,[counterparty_db1aef506b],,Поступление денег с торг. точек
Апрель,4,04.04.2024,"-19,18",Альфа,Общее,[counterparty_831a0f4ab6],,Эквайринг
Апрель,4,04.04.2024,"-400,00",Сейф,Общее,[counterparty_3f0fc87298],[private_text_b570c32762],Прочие маркетинговые услуги
Апрель,4,04.04.2024,"-1 813,00",Сейф,Общее,[counterparty_45d6b05c94],,Поиск и найм персонала
Апрель,4,04.04.2024,"-1 000,00",Сейф,Общее,[counterparty_3f0fc87298],[private_text_fe7bc240c7],Прочие маркетинговые услуги
Апрель,4,04.04.2024,"-9 860,00",ТК Черникова,Общее,[counterparty_552231dcd7],,Курьерская служба -
Апрель,4,04.04.2024,"22 575,00",ТК Черникова,Клиенты-физ.лица,[counterparty_db1aef506b],,Поступление денег с торг. точек
Апрель,4,05.04.2024,"35 587,21",Альфа,Клиенты-физ.лица,[counterparty_db1aef506b],,Поступление денег с торг. точек
Апрель,4,05.04.2024,"-49,71",Альфа,Общее,[counterparty_831a0f4ab6],,Эквайринг
Апрель,4,06.04.2024,"37 404,89",Альфа,Клиенты-физ.лица,[counterparty_db1aef506b],,Поступление денег с торг. точек
Апрель,4,06.04.2024,"-43,31",Альфа,Общее,[counterparty_831a0f4ab6],,Эквайринг
Апрель,4,07.04.2024,"23 415,36",Альфа,Клиенты-физ.лица,[counterparty_db1aef506b],,Поступление денег с торг. точек
Апрель,4,07.04.2024,"-27,12",Альфа,Общее,[counterparty_831a0f4ab6],,Эквайринг
Апрель,4,05.04.2024,"-1 003,78",Тинькофф,Общее,[counterparty_831a0f4ab6],,Эквайринг
Апрель,4,05.04.2024,"66 908,00",Тинькофф,Клиенты-физ.лица,[counterparty_db1aef506b],,Поступление денег с торг. точек
Апрель,4,05.04.2024,"-734,92",Тинькофф,Общее,[counterparty_d7a35ccc36],,Содержание торговых точек
Апрель,4,05.04.2024,"-1 668,24",Тинькофф,Общее,[counterparty_d7a35ccc36],,Расходы на питание персонала
Апрель,4,05.04.2024,"-4 919,85",Тинькофф,Общее,[counterparty_d7a35ccc36],,Оплата поставщикам 
Апрель,4,05.04.2024,"-1 000,00",Тинькофф,Общее,[counterparty_9147d41bbb],,Аренда торговых точек
Апрель,4,05.04.2024,"-2 400,00",Тинькофф,Общее,[counterparty_e3d41d1621],,Телекоммуникации
Апрель,4,05.04.2024,"-27 856,00",Тинькофф,Общее,[counterparty_bb8cb2d348],,Оплата поставщикам 
Апрель,4,05.04.2024,"-30 871,73",Тинькофф,Общее,[counterparty_8e70032df8],,Оплата поставщикам 
Апрель,4,05.04.2024,"-43 305,64",Тинькофф,Общее,[counterparty_c4e92b27e2],,Оплата поставщикам 
Апрель,4,05.04.2024,"-4 000,00",Тинькофф,Общее,[counterparty_ab325eb126],,Оплаты систем автоматизации
Апрель,4,05.04.2024,"-58 029,26",Тинькофф,Общее,[counterparty_fb5384e8b9],,Оплата поставщикам 
Апрель,4,05.04.2024,"-96 637,00",Тинькофф,Общее,[counterparty_dc430ed78e],,Оплата поставщикам 
Апрель,4,05.04.2024,"-4 000,00",Тинькофф,Общее,[counterparty_9147d41bbb],,Аренда торговых точек
Апрель,4,05.04.2024,"-95 254,00",Тинькофф,Общее,[counterparty_cb93f56848],,Сайт и приложение
Апрель,4,05.04.2024,"-675,98",Тинькофф,Общее,[counterparty_ecf3465a86],,Аренда торговых точек
Апрель,4,05.04.2024,"-2 930,36",Тинькофф,Общее,[counterparty_ecf3465a86],,Аренда торговых точек
Апрель,4,05.04.2024,"-4 366,78",Тинькофф,Общее,[counterparty_6d6a37d791],,Оплата поставщикам 
Апрель,4,05.04.2024,"-6 000,00",Тинькофф,Общее,[counterparty_ab325eb126],,Оплаты систем автоматизации
Апрель,4,05.04.2024,"-23 903,65",Тинькофф,Общее,[counterparty_19f4d4c15b],,Оплата поставщикам 
Апрель,4,05.04.2024,"-3 549,20",Тинькофф,Общее,[counterparty_fb5384e8b9],,Оплата поставщикам 
Апрель,4,06.04.2024,"-1 232,50",Тинькофф,Общее,[counterparty_831a0f4ab6],,Эквайринг
Апрель,4,06.04.2024,"82 152,00",Тинькофф,Клиенты-физ.лица,[counterparty_db1aef506b],,Поступление денег с торг. точек
Апрель,4,06.04.2024,"1 299,00",Тинькофф,Клиенты-физ.лица,[counterparty_db1aef506b],,Поступление денег с торг. точек
Апрель,4,06.04.2024,"-5,20",Тинькофф,Общее,[counterparty_831a0f4ab6],,Эквайринг
Апрель,4,07.04.2024,"-1 230,09",Тинькофф,Общее,[counterparty_831a0f4ab6],,Эквайринг
Апрель,4,07.04.2024,"81 996,00",Тинькофф,Клиенты-физ.лица,[counterparty_db1aef506b],,Поступление денег с торг. точек
Апрель,4,07.04.2024,"1 799,00",Тинькофф,Клиенты-физ.лица,[counterparty_db1aef506b],,Поступление денег с торг. точек
Апрель,4,07.04.2024,"-7,20",Тинькофф,Общее,[counterparty_831a0f4ab6],,Эквайринг
Апрель,4,07.04.2024,"-1 201,27",Тинькофф,Общее,[counterparty_d7a35ccc36],,Расходы на питание персонала
Апрель,4,07.04.2024,"-137,97",Тинькофф,Общее,[counterparty_d7a35ccc36],,Содержание торговых точек
Апрель,4,07.04.2024,"-2 064,95",Тинькофф,Общее,[counterparty_d7a35ccc36],,Оплата поставщикам 
Апрель,4,05.04.2024,"-11 605,00",ТК Черникова,Общее,[counterparty_d7a35ccc36],,Оплата поставщикам 
Апрель,4,05.04.2024,"-97,00",ТК Черникова,Общее,[counterparty_d7a35ccc36],,Расходы на питание персонала
Апрель,4,05.04.2024,"-12 240,00",ТК Черникова,Общее,[counterparty_552231dcd7],,Курьерская служба -
Апрель,4,05.04.2024,"35 251,00",ТК Черникова,Клиенты-физ.лица,[counterparty_db1aef506b],,Поступление денег с торг. точек
Апрель,4,06.04.2024,"-10 520,00",ТК Черникова,Общее,[counterparty_552231dcd7],,Курьерская служба -
Апрель,4,06.04.2024,"24 831,00",ТК Черникова,Клиенты-физ.лица,[counterparty_db1aef506b],,Поступление денег с торг. точек
Апрель,4,07.04.2024,"-10 680,00",ТК Черникова,Общее,[counterparty_552231dcd7],,Курьерская служба -
Апрель,4,07.04.2024,"-65,00",ТК Черникова,Общее,[counterparty_d7a35ccc36],,Расходы на питание персонала
Апрель,4,07.04.2024,"-4 329,00",ТК Черникова,Общее,[counterparty_d7a35ccc36],,Оплата поставщикам 
Апрель,4,07.04.2024,"19 653,00",ТК Черникова,Клиенты-физ.лица,[counterparty_db1aef506b],,Поступление денег с торг. точек
Апрель,4,08.04.2024,"25 017,03",Альфа,Клиенты-физ.лица,[counterparty_db1aef506b],,Поступление денег с торг. точек
Апрель,4,08.04.2024,"-24,02",Альфа,Общее,[counterparty_831a0f4ab6],,Эквайринг
Апрель,4,09.04.2024,"17 086,74",Альфа,Клиенты-физ.лица,[counterparty_db1aef506b],,Поступление денег с торг. точек
Апрель,4,09.04.2024,"-11,91",Альфа,Общее,[counterparty_831a0f4ab6],,Эквайринг
Апрель,4,01.04.2024,"39 000,00",Сбербанк,Общее,,,Поступление — Перевод между счетами
Апрель,4,01.04.2024,"-39 000,00",Сбербанк,Общее,,,Выбытие — Перевод между счетами
Апрель,4,02.04.2024,"-2 057,31",Сбербанк,Общее,[counterparty_831a0f4ab6],,Оплаты по кредитам и займам
Апрель,4,02.04.2024,"-16 401,69",Сбербанк,Общее,[counterparty_831a0f4ab6],,Оплаты по кредитам и займам
Апрель,4,02.04.2024,"-62 170,00",Сбербанк,Общее,,,Выбытие — Перевод между счетами
Апрель,4,02.04.2024,"20 000,00",Сбербанк,Общее,,,Поступление — Перевод между счетами
Апрель,4,02.04.2024,"62 170,00",Сбербанк,Общее,,,Поступление — Перевод между счетами
Апрель,4,03.04.2024,"87 000,00",Сбербанк,Общее,,,Поступление — Перевод между счетами
Апрель,4,03.04.2024,"-30 000,00",Сбербанк,Общее,[counterparty_7e3a73c9be],,Зарплата административного персонала
Апрель,4,03.04.2024,"-57 000,00",Сбербанк,Общее,[counterparty_41bef12399],,Зарплата административного персонала
Апрель,4,08.04.2024,"3 300,00",Сбербанк,Общее,,,Поступление — Перевод между счетами
Апрель,4,09.04.2024,"90 000,00",Сбербанк,Общее,,,Поступление — Перевод между счетами
Апрель,4,09.04.2024,"-94 965,00",Сбербанк,Общее,,,Выбытие — Перевод между счетами
Апрель,4,08.04.2024,"-1 078,97",Тинькофф,Общее,[counterparty_831a0f4ab6],,Эквайринг
Апрель,4,08.04.2024,"71 920,00",Тинькофф,Клиенты-физ.лица,[counterparty_db1aef506b],,Поступление денег с торг. точек
Апрель,4,08.04.2024,"-3 300,00",Тинькофф,Общее,,,Выбытие — Перевод между счетами
Апрель,4,08.04.2024,"1 030,00",Тинькофф,Клиенты-физ.лица,[counterparty_db1aef506b],,Поступление денег с торг. точек
Апрель,4,08.04.2024,"-4,12",Тинькофф,Общее,[counterparty_831a0f4ab6],,Эквайринг
Апрель,4,08.04.2024,"-3 300,00",Тинькофф,Общее,[counterparty_552231dcd7],,Расходы на персонал
Апрель,4,09.04.2024,"-531,13",Тинькофф,Общее,[counterparty_831a0f4ab6],,Эквайринг
Апрель,4,09.04.2024,"35 402,45",Тинькофф,Клиенты-физ.лица,[counterparty_db1aef506b],,Поступление денег с торг. точек
Апрель,4,09.04.2024,"-90 000,00",Тинькофф,Общее,,,Выбытие — Перевод между счетами
Апрель,4,09.04.2024,"426,00",Тинькофф,Клиенты-физ.лица,[counterparty_db1aef506b],,Поступление денег с торг. точек
Апрель,4,09.04.2024,"-1,70",Тинькофф,Общее,[counterparty_831a0f4ab6],,Эквайринг
Апрель,4,09.04.2024,"-6 034,44",Тинькофф,Общее,[counterparty_d7a35ccc36],,Оплата поставщикам 
Апрель,4,09.04.2024,"-418,91",Тинькофф,Общее,[counterparty_d7a35ccc36],,Содержание торговых точек
Апрель,4,09.04.2024,"-550,69",Тинькофф,Общее,[counterparty_d7a35ccc36],,Расходы на питание персонала
Апрель,4,08.04.2024,"3 200,00",Сейф,Общее,[counterparty_3f0fc87298],[private_text_8b3c965ad0],Прочие поступления
Апрель,4,08.04.2024,"-636,00",Сейф,Общее,[counterparty_d7a35ccc36],[private_text_e62bd7375b],Содержание торговых точек
Апрель,4,08.04.2024,"40 000,00",Сейф,Общее,,,Поступление — Перевод между счетами
Апрель,4,08.04.2024,"-11 221,00",Сейф,Общее,[counterparty_07485de87e],,Оплата поставщикам 
Апрель,4,08.04.2024,"-2 000,00",Сейф,Общее,[counterparty_903a43fe3c],,Оплата поставщикам 
Апрель,4,09.04.2024,"12 800,00",Сейф,Общее,,,Поступление — Перевод между счетами
Апрель,4,09.04.2024,"-6 095,00",Сейф,Общее,[counterparty_5ea766e786],,Оплата поставщикам 
Апрель,4,09.04.2024,"-131 165,00",Сейф,Общее,[counterparty_552231dcd7],,Зарплата производственного персонала
Апрель,4,09.04.2024,"94 965,00",Сейф,Общее,,,Поступление — Перевод между счетами
Апрель,4,10.04.2024,"4 000,00",Сейф,Общее,,,Поступление — Перевод между счетами
Апрель,4,10.04.2024,"27 590,00",Сейф,Общее,,,Поступление — Перевод между счетами
Апрель,4,10.04.2024,"-11 000,00",Сейф,Общее,[counterparty_7e3a73c9be],,Зарплата административного персонала
Апрель,4,10.04.2024,"-2 000,00",Сейф,Общее,[counterparty_335f3233c9],,Аренда торговых точек
Апрель,4,10.04.2024,"-6 404,00",Сейф,Общее,[counterparty_e08d6e58b9],[private_text_ace57e06ae],Аренда торговых точек
Апрель,4,10.04.2024,"-8 550,00",Сейф,Общее,[counterparty_d7a35ccc36],[private_text_725d610bca],Оплата поставщикам 
Апрель,4,08.04.2024,"-8 060,00",ТК Черникова,Общее,[counterparty_552231dcd7],,Курьерская служба -
Апрель,4,08.04.2024,"18 482,00",ТК Черникова,Клиенты-физ.лица,[counterparty_db1aef506b],,Поступление денег с торг. точек
Апрель,4,08.04.2024,"-40 000,00",ТК Черникова,Общее,,,Выбытие — Перевод между счетами
Апрель,4,09.04.2024,"-12 800,00",ТК Черникова,Общее,,,Выбытие — Перевод между счетами
Апрель,4,09.04.2024,"-4 372,00",ТК Черникова,Общее,[counterparty_d7a35ccc36],,Оплата поставщикам 
Апрель,4,09.04.2024,"-8 360,00",ТК Черникова,Общее,[counterparty_552231dcd7],,Курьерская служба -
Апрель,4,09.04.2024,"21 751,00",ТК Черникова,Клиенты-физ.лица,[counterparty_db1aef506b],,Поступление денег с торг. точек
Апрель,4,10.04.2024,"-312,00",ТК Черникова,Общее,[counterparty_b2323408fa],,Оплата поставщикам 
Апрель,4,10.04.2024,"-4 000,00",ТК Черникова,Общее,,,Выбытие — Перевод между счетами
Апрель,4,10.04.2024,"-7 650,00",ТК Черникова,Общее,[counterparty_5ea766e786],,Оплата поставщикам 
Апрель,4,10.04.2024,"-8 600,00",ТК Черникова,Общее,[counterparty_552231dcd7],,Курьерская служба -
Апрель,4,10.04.2024,"14 011,00",ТК Черникова,Клиенты-физ.лица,[counterparty_db1aef506b],,Поступление денег с торг. точек
Апрель,4,10.04.2024,"18 396,58",Альфа,Клиенты-физ.лица,[counterparty_db1aef506b],,Поступление денег с торг. точек
Апрель,4,10.04.2024,"-299,00",Альфа,Общее,[counterparty_831a0f4ab6],,РКО
Апрель,4,10.04.2024,"-15,76",Альфа,Общее,[counterparty_831a0f4ab6],,Эквайринг
Апрель,4,10.04.2024,"-851,20",Тинькофф,Общее,[counterparty_831a0f4ab6],,Эквайринг
Апрель,4,10.04.2024,"56 737,00",Тинькофф,Клиенты-физ.лица,[counterparty_db1aef506b],,Поступление денег с торг. точек
Апрель,4,10.04.2024,"-27 590,00",Тинькофф,Общее,,,Выбытие — Перевод между счетами
Апрель,4,10.04.2024,"-4 392,00",Тинькофф,Общее,[counterparty_416f60a5fd],[private_text_38c55cba4e],Расходы на персонал
Апрель,4,10.04.2024,"-9 640,00",Тинькофф,Общее,[counterparty_416f60a5fd],[private_text_38c55cba4e],Расходы на персонал
Апрель,4,01.04.2024,"39 000,00",Сейф,Общее,,,Поступление — Перевод между счетами
Апрель,4,01.04.2024,"-15 000,00",Сейф,Общее,[counterparty_552231dcd7],,Зарплата административного персонала
Апрель,4,01.04.2024,"-24 000,00",Сейф,Общее,[counterparty_552231dcd7],,Зарплата административного персонала
Апрель,4,11.04.2024,"27 645,18",Альфа,Клиенты-физ.лица,[counterparty_db1aef506b],,Поступление денег с торг. точек
Апрель,4,11.04.2024,"-45,67",Альфа,Общее,[counterparty_831a0f4ab6],,Эквайринг
Апрель,4,12.04.2024,"23 035,11",Альфа,Клиенты-физ.лица,[counterparty_db1aef506b],,Поступление денег с торг. точек
Апрель,4,12.04.2024,"-385 000,00",Альфа,Общее,,,Выбытие — Перевод между счетами
Апрель,4,12.04.2024,"-32,84",Альфа,Общее,[counterparty_831a0f4ab6],,Эквайринг
Апрель,4,13.04.2024,"35 307,99",Альфа,Клиенты-физ.лица,[counterparty_db1aef506b],,Поступление денег с торг. точек
Апрель,4,13.04.2024,"-35,53",Альфа,Общее,[counterparty_831a0f4ab6],,Эквайринг
Апрель,4,14.04.2024,"34 225,87",Альфа,Клиенты-физ.лица,[counterparty_db1aef506b],,Поступление денег с торг. точек
Апрель,4,14.04.2024,"-25,12",Альфа,Общее,[counterparty_831a0f4ab6],,Эквайринг
Апрель,4,11.04.2024,"-715,55",Тинькофф,Общее,[counterparty_831a0f4ab6],,Эквайринг
Апрель,4,11.04.2024,"47 696,00",Тинькофф,Клиенты-физ.лица,[counterparty_db1aef506b],,Поступление денег с торг. точек
Апрель,4,11.04.2024,"-166,96",Тинькофф,Общее,[counterparty_d7a35ccc36],,Содержание торговых точек
Апрель,4,11.04.2024,"-2 690,24",Тинькофф,Общее,[counterparty_d7a35ccc36],,Расходы на питание персонала
Апрель,4,11.04.2024,"-4 171,16",Тинькофф,Общее,[counterparty_d7a35ccc36],,Оплата поставщикам 
Апрель,4,12.04.2024,"-1 034,34",Тинькофф,Общее,[counterparty_831a0f4ab6],,Эквайринг
Апрель,4,12.04.2024,"68 946,15",Тинькофф,Клиенты-физ.лица,[counterparty_db1aef506b],,Поступление денег с торг. точек
Апрель,4,12.04.2024,"385 000,00",Тинькофф,Общее,,,Поступление — Перевод между счетами
Апрель,4,12.04.2024,"-37 087,62",Тинькофф,Общее,[counterparty_8e70032df8],,Оплата поставщикам 
Апрель,4,12.04.2024,"-5 005,32",Тинькофф,Общее,[counterparty_6d6a37d791],,Оплата поставщикам 
Апрель,4,12.04.2024,"-13 617,69",Тинькофф,Общее,[counterparty_fb5384e8b9],,Оплата поставщикам 
Апрель,4,12.04.2024,"-52 933,40",Тинькофф,Общее,[counterparty_c4e92b27e2],,Оплата поставщикам 
Апрель,4,12.04.2024,"-21 929,93",Тинькофф,Общее,[counterparty_19f4d4c15b],,Оплата поставщикам 
Апрель,4,12.04.2024,"-105 651,70",Тинькофф,Общее,[counterparty_dc430ed78e],,Оплата поставщикам 
Апрель,4,12.04.2024,"-85 432,48",Тинькофф,Общее,[counterparty_fb5384e8b9],,Оплата поставщикам 
Апрель,4,12.04.2024,"-2 234,50",Тинькофф,Общее,[counterparty_b2323408fa],,Оплата поставщикам 
Апрель,4,12.04.2024,"-180 000,00",Тинькофф,Общее,,,Выбытие — Перевод между счетами
Апрель,4,12.04.2024,"2 198,00",Тинькофф,Клиенты-физ.лица,[counterparty_db1aef506b],,Поступление денег с торг. точек
Апрель,4,12.04.2024,"-8,79",Тинькофф,Общее,[counterparty_831a0f4ab6],,Эквайринг
Апрель,4,13.04.2024,"-1 371,57",Тинькофф,Общее,[counterparty_831a0f4ab6],,Эквайринг
Апрель,4,13.04.2024,"91 423,00",Тинькофф,Клиенты-физ.лица,[counterparty_db1aef506b],,Поступление денег с торг. точек
Апрель,4,13.04.2024,"-5 000,00",Тинькофф,Общее,[counterparty_50d958815d],,Телекоммуникации
Апрель,4,13.04.2024,"-1 129,96",Тинькофф,Общее,[counterparty_d7a35ccc36],,Расходы на питание персонала
Апрель,4,13.04.2024,"-14,38",Тинькофф,Общее,[counterparty_d7a35ccc36],,Содержание торговых точек
Апрель,4,13.04.2024,"-2 842,85",Тинькофф,Общее,[counterparty_d7a35ccc36],,Оплата поставщикам 
Апрель,4,13.04.2024,"1 104,00",Тинькофф,Клиенты-физ.лица,[counterparty_db1aef506b],,Поступление денег с торг. точек
Апрель,4,13.04.2024,"-5,42",Тинькофф,Общее,[counterparty_831a0f4ab6],,Эквайринг
Апрель,4,13.04.2024,"1 250,00",Тинькофф,Клиенты-физ.лица,[counterparty_db1aef506b],,Поступление денег с торг. точек
Апрель,4,13.04.2024,"-5,00",Тинькофф,Общее,[counterparty_831a0f4ab6],,Эквайринг
Апрель,4,14.04.2024,"-1 562,24",Тинькофф,Общее,[counterparty_831a0f4ab6],,Эквайринг
Апрель,4,14.04.2024,"104 135,00",Тинькофф,Клиенты-физ.лица,[counterparty_db1aef506b],,Поступление денег с торг. точек
Апрель,4,14.04.2024,"535,00",Тинькофф,Клиенты-физ.лица,[counterparty_db1aef506b],,Поступление денег с торг. точек
Апрель,4,14.04.2024,"-2,14",Тинькофф,Общее,[counterparty_831a0f4ab6],,Эквайринг
Апрель,4,14.04.2024,"-866,90",Тинькофф,Общее,[counterparty_d7a35ccc36],,Оплата поставщикам 
Апрель,4,11.04.2024,"-6 452,00",ТК Черникова,Общее,[counterparty_d7a35ccc36],,Оплата поставщикам 
Апрель,4,11.04.2024,"-121,00",ТК Черникова,Общее,[counterparty_d7a35ccc36],,Расходы на питание персонала
Апрель,4,11.04.2024,"-9 810,00",ТК Черникова,Общее,[counterparty_552231dcd7],,Курьерская служба -
Апрель,4,11.04.2024,"19 581,00",ТК Черникова,Клиенты-физ.лица,[counterparty_db1aef506b],,Поступление денег с торг. точек
Апрель,4,12.04.2024,"-13 779,00",ТК Черникова,Общее,[counterparty_552231dcd7],,Курьерская служба -
Апрель,4,12.04.2024,"31 566,00",ТК Черникова,Клиенты-физ.лица,[counterparty_db1aef506b],,Поступление денег с торг. точек
Апрель,4,13.04.2024,"-5 348,52",ТК Черникова,Общее,[counterparty_d7a35ccc36],,Оплата поставщикам 
Апрель,4,13.04.2024,"-8,00",ТК Черникова,Общее,[counterparty_d7a35ccc36],,Содержание торговых точек
Апрель,4,13.04.2024,"-96,00",ТК Черникова,Общее,[counterparty_d7a35ccc36],,Расходы на питание персонала
Апрель,4,13.04.2024,"-9 879,00",ТК Черникова,Общее,[counterparty_d7a35ccc36],,Оплата поставщикам 
Апрель,4,13.04.2024,"-239,96",ТК Черникова,Общее,[counterparty_d7a35ccc36],,Оплата поставщикам 
Апрель,4,13.04.2024,"-14 490,00",ТК Черникова,Общее,[counterparty_552231dcd7],,Курьерская служба -
Апрель,4,13.04.2024,"-1 000,00",ТК Черникова,Общее,[counterparty_903a43fe3c],,Транспортные услуги
Апрель,4,13.04.2024,"18 114,00",ТК Черникова,Клиенты-физ.лица,[counterparty_db1aef506b],,Поступление денег с торг. точек
Апрель,4,14.04.2024,"-11 240,00",ТК Черникова,Общее,[counterparty_552231dcd7],,Курьерская служба -
Апрель,4,14.04.2024,"30 869,00",ТК Черникова,Клиенты-физ.лица,[counterparty_db1aef506b],,Поступление денег с торг. точек
Апрель,4,15.04.2024,"-8 900,00",ТК Черникова,Общее,[counterparty_552231dcd7],,Курьерская служба -
Апрель,4,15.04.2024,"16 741,00",ТК Черникова,Клиенты-физ.лица,[counterparty_db1aef506b],,Поступление денег с торг. точек
Апрель,4,15.04.2024,"-4 468,00",ТК Черникова,Общее,[counterparty_d7a35ccc36],,Оплата поставщикам 
Апрель,4,15.04.2024,"-5 000,00",ТК Черникова,Общее,[counterparty_552231dcd7],,Содержание торговых точек
Апрель,4,16.04.2024,"-25 000,00",ТК Черникова,Общее,,,Выбытие — Перевод между счетами
Апрель,4,16.04.2024,"-8 100,00",ТК Черникова,Общее,[counterparty_552231dcd7],,Курьерская служба -
Апрель,4,16.04.2024,"10 940,00",ТК Черникова,Клиенты-физ.лица,[counterparty_db1aef506b],,Поступление денег с торг. точек
Апрель,4,17.04.2024,"-7 960,00",ТК Черникова,Общее,[counterparty_552231dcd7],,Курьерская служба -
Апрель,4,17.04.2024,"-156,00",ТК Черникова,Общее,[counterparty_d7a35ccc36],,Расходы на питание персонала
Апрель,4,17.04.2024,"-9 360,00",ТК Черникова,Общее,[counterparty_d7a35ccc36],,Оплата поставщикам 
Апрель,4,17.04.2024,"4 789,00",ТК Черникова,Клиенты-физ.лица,[counterparty_db1aef506b],,Поступление денег с торг. точек
Апрель,4,11.04.2024,"-261,00",Сбербанк,Общее,[counterparty_831a0f4ab6],,РКО
Апрель,4,12.04.2024,"180 000,00",Сбербанк,Общее,,,Поступление — Перевод между счетами
Апрель,4,12.04.2024,"-90 000,00",Сбербанк,Общее,[counterparty_7e3a73c9be],,Дивиденды
Апрель,4,12.04.2024,"-90 000,00",Сбербанк,Общее,[counterparty_41bef12399],,Дивиденды
Апрель,4,15.04.2024,"55 000,00",Сбербанк,Общее,,,Поступление — Перевод между счетами
Апрель,4,15.04.2024,"-25 000,00",Сбербанк,Общее,[counterparty_552231dcd7],,Зарплата административного персонала
Апрель,4,15.04.2024,"-15 000,00",Сбербанк,Общее,[counterparty_552231dcd7],,Зарплата административного персонала
Апрель,4,15.04.2024,"-15 000,00",Сбербанк,Общее,[counterparty_552231dcd7],,Содержание торговых точек
Апрель,4,16.04.2024,"145 000,00",Сбербанк,Общее,,,Поступление — Перевод между счетами
Апрель,4,16.04.2024,"101 100,00",Сбербанк,Общее,,,Поступление — Перевод между счетами
Апрель,4,16.04.2024,"-45 000,00",Сбербанк,Общее,[counterparty_831a0f4ab6],,Оплаты по кредитам и займам
Апрель,4,16.04.2024,"-101 100,00",Сбербанк,Общее,,,Выбытие — Перевод между счетами
Апрель,4,16.04.2024,"-100 000,00",Сбербанк,Общее,[counterparty_831a0f4ab6],[private_text_277e5b18aa],Оплаты по кредитам и займам
Апрель,4,16.04.2024,"25 000,00",Сейф,Общее,,,Поступление — Перевод между счетами
Апрель,4,16.04.2024,"101 100,00",Сейф,Общее,,,Поступление — Перевод между счетами
Апрель,4,16.04.2024,"-126 100,00",Сейф,Общее,[counterparty_552231dcd7],,Зарплата производственного персонала
Апрель,4,18.04.2024,"-1 000,00",Сейф,Общее,[counterparty_45d6b05c94],,Поиск и найм персонала
Апрель,4,18.04.2024,"-2 000,00",Сейф,Общее,[counterparty_903a43fe3c],,Оплата поставщикам 
Апрель,4,15.04.2024,"24 898,80",Альфа,Клиенты-физ.лица,[counterparty_db1aef506b],,Поступление денег с торг. точек
Апрель,4,15.04.2024,"-38,42",Альфа,Общее,[counterparty_831a0f4ab6],,Эквайринг
Апрель,4,16.04.2024,"17 410,74",Альфа,Клиенты-физ.лица,[counterparty_db1aef506b],,Поступление денег с торг. точек
Апрель,4,16.04.2024,"-20,99",Альфа,Общее,[counterparty_831a0f4ab6],,Эквайринг
Апрель,4,17.04.2024,"22 608,51",Альфа,Клиенты-физ.лица,[counterparty_db1aef506b],,Поступление денег с торг. точек
Апрель,4,17.04.2024,"-52,94",Альфа,Общее,[counterparty_831a0f4ab6],,Эквайринг
Апрель,4,15.04.2024,"-1 213,28",Тинькофф,Общее,[counterparty_831a0f4ab6],,Эквайринг
Апрель,4,15.04.2024,"80 873,00",Тинькофф,Клиенты-физ.лица,[counterparty_db1aef506b],,Поступление денег с торг. точек
Апрель,4,15.04.2024,"-55 000,00",Тинькофф,Общее,,,Выбытие — Перевод между счетами
Апрель,4,15.04.2024,"560,00",Тинькофф,Клиенты-физ.лица,[counterparty_db1aef506b],,Поступление денег с торг. точек
Апрель,4,15.04.2024,"-2,24",Тинькофф,Общее,[counterparty_831a0f4ab6],,Эквайринг
Апрель,4,15.04.2024,"2 867,00",Тинькофф,Клиенты-физ.лица,[counterparty_db1aef506b],,Поступление денег с торг. точек
Апрель,4,15.04.2024,"-11,47",Тинькофф,Общее,[counterparty_831a0f4ab6],,Эквайринг
Апрель,4,15.04.2024,"1 015,00",Тинькофф,Клиенты-физ.лица,[counterparty_db1aef506b],,Поступление денег с торг. точек
Апрель,4,15.04.2024,"-4,06",Тинькофф,Общее,[counterparty_831a0f4ab6],,Эквайринг
Апрель,4,15.04.2024,"-1 144,33",Тинькофф,Общее,[counterparty_d7a35ccc36],,Содержание торговых точек
Апрель,4,15.04.2024,"-2 251,32",Тинькофф,Общее,[counterparty_d7a35ccc36],,Расходы на питание персонала
Апрель,4,15.04.2024,"-7 899,18",Тинькофф,Общее,[counterparty_d7a35ccc36],,Оплата поставщикам 
Апрель,4,16.04.2024,"-799,85",Тинькофф,Общее,[counterparty_831a0f4ab6],,Эквайринг
Апрель,4,16.04.2024,"53 317,00",Тинькофф,Клиенты-физ.лица,[counterparty_db1aef506b],,Поступление денег с торг. точек
Апрель,4,16.04.2024,"-145 000,00",Тинькофф,Общее,,,Выбытие — Перевод между счетами
Апрель,4,16.04.2024,"-1 180,00",Тинькофф,Общее,[counterparty_d7a35ccc36],,Содержание торговых точек
Апрель,4,16.04.2024,"-550,00",Тинькофф,Общее,[counterparty_d7a35ccc36],,Содержание торговых точек
Апрель,4,16.04.2024,"-101 100,00",Тинькофф,Общее,,,Выбытие — Перевод между счетами
Апрель,4,16.04.2024,"150,00",Тинькофф,Клиенты-физ.лица,[counterparty_db1aef506b],,Поступление денег с торг. точек
Апрель,4,16.04.2024,"-0,60",Тинькофф,Общее,[counterparty_831a0f4ab6],,Эквайринг
Апрель,4,16.04.2024,"799,00",Тинькофф,Клиенты-физ.лица,[counterparty_db1aef506b],,Поступление денег с торг. точек
Апрель,4,16.04.2024,"-3,20",Тинькофф,Общее,[counterparty_831a0f4ab6],,Эквайринг
Апрель,4,17.04.2024,"-1 128,03",Тинькофф,Общее,[counterparty_831a0f4ab6],,Эквайринг
Апрель,4,17.04.2024,"75 192,15",Тинькофф,Клиенты-физ.лица,[counterparty_db1aef506b],,Поступление денег с торг. точек
Апрель,4,17.04.2024,"1 099,00",Тинькофф,Клиенты-физ.лица,[counterparty_db1aef506b],,Поступление денег с торг. точек
Апрель,4,17.04.2024,"-4,40",Тинькофф,Общее,[counterparty_831a0f4ab6],,Эквайринг
Апрель,4,17.04.2024,"332,00",Тинькофф,Клиенты-физ.лица,[counterparty_db1aef506b],,Поступление денег с торг. точек
Апрель,4,17.04.2024,"-1,33",Тинькофф,Общее,[counterparty_831a0f4ab6],,Эквайринг
Апрель,4,17.04.2024,"-1 416,57",Тинькофф,Общее,[counterparty_d7a35ccc36],,Содержание торговых точек
Апрель,4,17.04.2024,"-3 731,25",Тинькофф,Общее,[counterparty_d7a35ccc36],,Оплата поставщикам 
Апрель,4,17.04.2024,"-2 069,19",Тинькофф,Общее,[counterparty_d7a35ccc36],,Расходы на питание персонала
Апрель,4,18.04.2024,"21 421,14",Альфа,Клиенты-физ.лица,[counterparty_db1aef506b],,Поступление денег с торг. точек
Апрель,4,18.04.2024,"-18,70",Альфа,Общее,[counterparty_831a0f4ab6],,Эквайринг
Апрель,4,19.04.2024,"27 567,45",Альфа,Клиенты-физ.лица,[counterparty_db1aef506b],,Поступление денег с торг. точек
Апрель,4,19.04.2024,"-64,39",Альфа,Общее,[counterparty_831a0f4ab6],,Эквайринг
Апрель,4,20.04.2024,"34 342,40",Альфа,Клиенты-физ.лица,[counterparty_db1aef506b],,Поступление денег с торг. точек
Апрель,4,20.04.2024,"-21,63",Альфа,Общее,[counterparty_831a0f4ab6],,Эквайринг
Апрель,4,21.04.2024,"29 760,62",Альфа,Клиенты-физ.лица,[counterparty_db1aef506b],,Поступление денег с торг. точек
Апрель,4,21.04.2024,"-33,92",Альфа,Общее,[counterparty_831a0f4ab6],,Эквайринг
Апрель,4,18.04.2024,"-732,05",Тинькофф,Общее,[counterparty_831a0f4ab6],,Эквайринг
Апрель,4,18.04.2024,"48 793,65",Тинькофф,Клиенты-физ.лица,[counterparty_db1aef506b],,Поступление денег с торг. точек
Апрель,4,18.04.2024,"-868,00",Тинькофф,Общее,[counterparty_b2323408fa],,Оплата поставщикам 
Апрель,4,18.04.2024,"-28,54",Тинькофф,Общее,[counterparty_b2323408fa],,Оплата поставщикам 
Апрель,4,18.04.2024,"-430,08",Тинькофф,Общее,[counterparty_d7a35ccc36],,Оплата поставщикам 
Апрель,4,18.04.2024,"-72,00",Тинькофф,Общее,[counterparty_d7a35ccc36],,Содержание торговых точек
Апрель,4,18.04.2024,"889,00",Тинькофф,Клиенты-физ.лица,[counterparty_db1aef506b],,Поступление денег с торг. точек
Апрель,4,18.04.2024,"-3,56",Тинькофф,Общее,[counterparty_831a0f4ab6],,Эквайринг
Апрель,4,18.04.2024,"-6 400,00",Тинькофф,Общее,,[private_text_138167c525],Выбытие — Перевод между счетами
Апрель,4,18.04.2024,"555,00",Тинькофф,Клиенты-физ.лица,[counterparty_db1aef506b],,Поступление денег с торг. точек
Апрель,4,18.04.2024,"-2,22",Тинькофф,Общее,[counterparty_831a0f4ab6],,Эквайринг
Апрель,4,19.04.2024,"-826,13",Тинькофф,Общее,[counterparty_831a0f4ab6],,Эквайринг
Апрель,4,19.04.2024,"55 068,00",Тинькофф,Клиенты-физ.лица,[counterparty_db1aef506b],,Поступление денег с торг. точек
Апрель,4,19.04.2024,"-33 199,58",Тинькофф,Общее,[counterparty_19f4d4c15b],,Оплата поставщикам 
Апрель,4,19.04.2024,"-10 000,00",Тинькофф,Общее,[counterparty_a8c88d8a2c],,SEO-оптимизация
Апрель,4,19.04.2024,"-4 343,12",Тинькофф,Общее,[counterparty_6d6a37d791],,Оплата поставщикам 
Апрель,4,19.04.2024,"-59 936,92",Тинькофф,Общее,[counterparty_fb5384e8b9],,Оплата поставщикам 
Апрель,4,19.04.2024,"-12 885,00",Тинькофф,Общее,[counterparty_449fa47f79],,Оплаты систем автоматизации
Апрель,4,19.04.2024,"-31 505,90",Тинькофф,Общее,[counterparty_bb8cb2d348],,Оплата поставщикам 
Апрель,4,19.04.2024,"-41 927,40",Тинькофф,Общее,[counterparty_c4e92b27e2],,Оплата поставщикам 
Апрель,4,19.04.2024,"-118 770,10",Тинькофф,Общее,[counterparty_dc430ed78e],,Оплата поставщикам 
Апрель,4,19.04.2024,"-38 186,63",Тинькофф,Общее,[counterparty_8e70032df8],,Оплата поставщикам 
Апрель,4,19.04.2024,"-13 500,00",Тинькофф,Общее,,,Выбытие — Перевод между счетами
Апрель,4,19.04.2024,"-3 993,74",Тинькофф,Общее,[counterparty_d7a35ccc36],,Оплата поставщикам 
Апрель,4,19.04.2024,"-564,06",Тинькофф,Общее,[counterparty_d7a35ccc36],,Расходы на питание персонала
Апрель,4,20.04.2024,"-1 668,82",Тинькофф,Общее,[counterparty_831a0f4ab6],,Эквайринг
Апрель,4,20.04.2024,"111 240,00",Тинькофф,Клиенты-физ.лица,[counterparty_db1aef506b],,Поступление денег с торг. точек
Апрель,4,20.04.2024,"1 921,00",Тинькофф,Клиенты-физ.лица,[counterparty_db1aef506b],,Поступление денег с торг. точек
Апрель,4,20.04.2024,"-7,68",Тинькофф,Общее,[counterparty_831a0f4ab6],,Эквайринг
Апрель,4,21.04.2024,"-1 755,12",Тинькофф,Общее,[counterparty_831a0f4ab6],,Эквайринг
Апрель,4,21.04.2024,"116 993,00",Тинькофф,Клиенты-физ.лица,[counterparty_db1aef506b],,Поступление денег с торг. точек
Апрель,4,21.04.2024,"-5 000,00",Тинькофф,Общее,[counterparty_50d958815d],,Телекоммуникации
Апрель,4,21.04.2024,"2 301,00",Тинькофф,Клиенты-физ.лица,[counterparty_db1aef506b],,Поступление денег с торг. точек
Апрель,4,21.04.2024,"-9,20",Тинькофф,Общее,[counterparty_831a0f4ab6],,Эквайринг
Апрель,4,21.04.2024,"-15,49",Тинькофф,Общее,[counterparty_d7a35ccc36],,Содержание торговых точек
Апрель,4,21.04.2024,"-4 551,22",Тинькофф,Общее,[counterparty_d7a35ccc36],,Оплата поставщикам 
Апрель,4,21.04.2024,"-1 351,46",Тинькофф,Общее,[counterparty_d7a35ccc36],,Расходы на питание персонала
Апрель,4,19.04.2024,"13 500,00",Сейф,Общее,,,Поступление — Перевод между счетами
Апрель,4,19.04.2024,"-3 500,00",Сейф,Общее,[counterparty_552231dcd7],,Зарплата производственного персонала
Апрель,4,18.04.2024,"-7 980,00",ТК Черникова,Общее,[counterparty_552231dcd7],,Курьерская служба -
Апрель,4,18.04.2024,"15 454,15",ТК Черникова,Клиенты-физ.лица,[counterparty_db1aef506b],,Поступление денег с торг. точек
Апрель,4,19.04.2024,"-10 082,00",ТК Черникова,Общее,[counterparty_d7a35ccc36],,Оплата поставщикам 
Апрель,4,19.04.2024,"-13 060,00",ТК Черникова,Общее,[counterparty_552231dcd7],,Курьерская служба -
Апрель,4,19.04.2024,"21 764,00",ТК Черникова,Клиенты-физ.лица,[counterparty_db1aef506b],,Поступление денег с торг. точек
Апрель,4,20.04.2024,"-14 780,00",ТК Черникова,Общее,[counterparty_552231dcd7],,Курьерская служба -
Апрель,4,20.04.2024,"36 940,90",ТК Черникова,Клиенты-физ.лица,[counterparty_db1aef506b],,Поступление денег с торг. точек
Апрель,4,21.04.2024,"-7 174,00",ТК Черникова,Общее,[counterparty_d7a35ccc36],,Оплата поставщикам 
Апрель,4,21.04.2024,"-513,00",ТК Черникова,Общее,[counterparty_b2323408fa],,Оплата поставщикам 
Апрель,4,21.04.2024,"-97,00",ТК Черникова,Общее,[counterparty_d7a35ccc36],,Расходы на питание персонала
Апрель,4,21.04.2024,"-12 540,00",ТК Черникова,Общее,[counterparty_552231dcd7],,Курьерская служба -
Апрель,4,21.04.2024,"32 101,80",ТК Черникова,Клиенты-физ.лица,[counterparty_db1aef506b],,Поступление денег с торг. точек
Апрель,4,22.04.2024,"19 171,83",Альфа,Клиенты-физ.лица,[counterparty_db1aef506b],,Поступление денег с торг. точек
Апрель,4,22.04.2024,"-17,42",Альфа,Общее,[counterparty_831a0f4ab6],,Эквайринг
Апрель,4,22.04.2024,"-273 000,00",Альфа,Общее,,,Выбытие — Перевод между счетами
Апрель,4,23.04.2024,"7 823,45",Альфа,Клиенты-физ.лица,[counterparty_db1aef506b],,Поступление денег с торг. точек
Апрель,4,23.04.2024,"-10,17",Альфа,Общее,[counterparty_831a0f4ab6],,Эквайринг
Апрель,4,24.04.2024,"11 743,08",Альфа,Клиенты-физ.лица,[counterparty_db1aef506b],,Поступление денег с торг. точек
Апрель,4,24.04.2024,"-22,41",Альфа,Общее,[counterparty_831a0f4ab6],,Эквайринг
Апрель,4,25.04.2024,"31 524,18",Альфа,Клиенты-физ.лица,[counterparty_db1aef506b],,Поступление денег с торг. точек
Апрель,4,25.04.2024,"-60,27",Альфа,Общее,[counterparty_831a0f4ab6],,Эквайринг
Апрель,4,26.04.2024,"25 005,49",Альфа,Клиенты-физ.лица,[counterparty_db1aef506b],,Поступление денег с торг. точек
Апрель,4,26.04.2024,"-30,47",Альфа,Общее,[counterparty_831a0f4ab6],,Эквайринг
Апрель,4,26.04.2024,"-71 000,00",Альфа,Общее,,,Выбытие — Перевод между счетами
Апрель,4,27.04.2024,"26 328,92",Альфа,Клиенты-физ.лица,[counterparty_db1aef506b],,Поступление денег с торг. точек
Апрель,4,27.04.2024,"-56,83",Альфа,Общее,[counterparty_831a0f4ab6],,Эквайринг
Апрель,4,28.04.2024,"38 126,85",Альфа,Клиенты-физ.лица,[counterparty_db1aef506b],,Поступление денег с торг. точек
Апрель,4,28.04.2024,"-32,79",Альфа,Общее,[counterparty_831a0f4ab6],,Эквайринг
Апрель,4,22.04.2024,"-1 244,20",Тинькофф,Общее,[counterparty_831a0f4ab6],,Эквайринг
Апрель,4,22.04.2024,"-1 000,00",Тинькофф,Общее,[counterparty_831a0f4ab6],,Возвраты клиентам
Апрель,4,22.04.2024,"82 934,00",Тинькофф,Клиенты-физ.лица,[counterparty_db1aef506b],,Поступление денег с торг. точек
Апрель,4,22.04.2024,"430,00",Тинькофф,Клиенты-физ.лица,[counterparty_db1aef506b],,Поступление денег с торг. точек
Апрель,4,22.04.2024,"-1,72",Тинькофф,Общее,[counterparty_831a0f4ab6],,Эквайринг
Апрель,4,22.04.2024,"-85,00",Тинькофф,Общее,[counterparty_831a0f4ab6],,Эквайринг
Апрель,4,22.04.2024,"273 000,00",Тинькофф,Общее,,,Поступление — Перевод между счетами
Апрель,4,22.04.2024,"710,00",Тинькофф,Клиенты-физ.лица,[counterparty_db1aef506b],,Поступление денег с торг. точек
Апрель,4,22.04.2024,"-2,84",Тинькофф,Общее,[counterparty_831a0f4ab6],,Эквайринг
Апрель,4,22.04.2024,"-1 990,00",Тинькофф,Общее,[counterparty_831a0f4ab6],,РКО
Апрель,4,22.04.2024,"-99,00",Тинькофф,Общее,[counterparty_831a0f4ab6],,РКО
Апрель,4,22.04.2024,"-990,00",Тинькофф,Общее,[counterparty_831a0f4ab6],,РКО
Апрель,4,23.04.2024,"-837,97",Тинькофф,Общее,[counterparty_831a0f4ab6],,Эквайринг
Апрель,4,22.04.2024,"-86,00",Тинькофф,Общее,[counterparty_d7a35ccc36],,Расходы на питание персонала
Апрель,4,22.04.2024,"-3 502,00",Тинькофф,Общее,[counterparty_d7a35ccc36],,Содержание торговых точек
Апрель,4,23.04.2024,"55 855,00",Тинькофф,Клиенты-физ.лица,[counterparty_db1aef506b],,Поступление денег с торг. точек
Апрель,4,23.04.2024,"-15 000,00",Тинькофф,Общее,,[private_text_d704a344cc],Расходы на персонал
Апрель,4,23.04.2024,"-101 300,00",Тинькофф,Общее,,,Выбытие — Перевод между счетами
Апрель,4,23.04.2024,"-500,00",Тинькофф,Общее,,,Выбытие — Перевод между счетами
Апрель,4,23.04.2024,"-965,96",Тинькофф,Общее,[counterparty_d7a35ccc36],,Оплата поставщикам 
Апрель,4,23.04.2024,"-705,41",Тинькофф,Общее,[counterparty_d7a35ccc36],,Содержание торговых точек
Апрель,4,23.04.2024,"-2 246,71",Тинькофф,Общее,[counterparty_d7a35ccc36],,Расходы на питание персонала
Апрель,4,24.04.2024,"-824,80",Тинькофф,Общее,[counterparty_831a0f4ab6],,Эквайринг
Апрель,4,24.04.2024,"54 979,00",Тинькофф,Клиенты-физ.лица,[counterparty_db1aef506b],,Поступление денег с торг. точек
Апрель,4,24.04.2024,"-86 000,00",Тинькофф,Общее,,,Выбытие — Перевод между счетами
Апрель,4,25.04.2024,"-755,64",Тинькофф,Общее,[counterparty_831a0f4ab6],,Эквайринг
Апрель,4,25.04.2024,"50 366,00",Тинькофф,Клиенты-физ.лица,[counterparty_db1aef506b],,Поступление денег с торг. точек
Апрель,4,25.04.2024,"-1 499,72",Тинькофф,Общее,,[private_text_d704a344cc],Расходы на персонал
Апрель,4,25.04.2024,"-288,00",Тинькофф,Общее,,[private_text_d704a344cc],Расходы на персонал
Апрель,4,24.04.2024,"-368,13",Тинькофф,Общее,[counterparty_b2323408fa],,Оплата поставщикам 
Апрель,4,25.04.2024,"-150,00",Тинькофф,Общее,,[private_text_d704a344cc],Расходы на персонал
Апрель,4,25.04.2024,"-270,00",Тинькофф,Общее,,[private_text_d704a344cc],Расходы на персонал
Апрель,4,25.04.2024,"-120,00",Тинькофф,Общее,,[private_text_d704a344cc],Расходы на персонал
Апрель,4,25.04.2024,"-200,00",Тинькофф,Общее,,[private_text_d704a344cc],Расходы на персонал
Апрель,4,25.04.2024,"-221,19",Тинькофф,Общее,[counterparty_b2323408fa],,Оплата поставщикам 
Апрель,4,25.04.2024,"-310,00",Тинькофф,Общее,,[private_text_d704a344cc],Расходы на персонал
Апрель,4,25.04.2024,"-220,00",Тинькофф,Общее,,[private_text_d704a344cc],Расходы на персонал
Апрель,4,25.04.2024,"-220,00",Тинькофф,Общее,,[private_text_d704a344cc],Расходы на персонал
Апрель,4,25.04.2024,"-350,00",Тинькофф,Общее,,[private_text_d704a344cc],Расходы на персонал
Апрель,4,25.04.2024,"-34 800,00",Тинькофф,Общее,[counterparty_fb5384e8b9],,Оплата поставщикам 
Апрель,4,25.04.2024,"-49 450,81",Тинькофф,Общее,[counterparty_c4e92b27e2],,Оплата поставщикам 
Апрель,4,25.04.2024,"-85 000,00",Тинькофф,Общее,[counterparty_347b901ee4],,Контекстная реклама
Апрель,4,25.04.2024,"-60 705,68",Тинькофф,Общее,[counterparty_fb5384e8b9],,Оплата поставщикам 
Апрель,4,25.04.2024,"-29 334,62",Тинькофф,Общее,[counterparty_8e70032df8],,Оплата поставщикам 
Апрель,4,25.04.2024,"-105 278,10",Тинькофф,Общее,[counterparty_dc430ed78e],,Оплата поставщикам 
Апрель,4,25.04.2024,"-6 000,00",Тинькофф,Общее,[counterparty_1c967c7874],,Комиссия агрегатору
Апрель,4,25.04.2024,"-75 000,00",Тинькофф,Общее,[counterparty_cd0c8c2f69],,Услуги ФД и НК
Апрель,4,25.04.2024,"-29 523,71",Тинькофф,Общее,[counterparty_19f4d4c15b],,Оплата поставщикам 
Апрель,4,25.04.2024,"-250,00",Тинькофф,Общее,,[private_text_d704a344cc],Расходы на персонал
Апрель,4,25.04.2024,"-1 579,95",Тинькофф,Общее,[counterparty_d7a35ccc36],,Расходы на питание персонала
Апрель,4,25.04.2024,"-6 736,06",Тинькофф,Общее,[counterparty_d7a35ccc36],,Оплата поставщикам 
Апрель,4,25.04.2024,"-461,66",Тинькофф,Общее,[counterparty_d7a35ccc36],,Содержание торговых точек
Апрель,4,26.04.2024,"-854,08",Тинькофф,Общее,[counterparty_831a0f4ab6],,Эквайринг
Апрель,4,26.04.2024,"56 930,00",Тинькофф,Клиенты-физ.лица,[counterparty_db1aef506b],,Поступление денег с торг. точек
Апрель,4,26.04.2024,"-19 000,00",Тинькофф,Общее,,,Выбытие — Перевод между счетами
Апрель,4,26.04.2024,"-890,00",Тинькофф,Общее,,[private_text_d704a344cc],Расходы на персонал
Апрель,4,26.04.2024,"71 000,00",Тинькофф,Общее,,,Поступление — Перевод между счетами
Апрель,4,26.04.2024,"829,00",Тинькофф,Клиенты-физ.лица,[counterparty_db1aef506b],,Поступление денег с торг. точек
Апрель,4,26.04.2024,"-3,32",Тинькофф,Общее,[counterparty_831a0f4ab6],,Эквайринг
Апрель,4,26.04.2024,"-730,00",Тинькофф,Общее,,[private_text_d704a344cc],Расходы на персонал
Апрель,4,26.04.2024,"999,00",Тинькофф,Клиенты-физ.лица,[counterparty_db1aef506b],,Поступление денег с торг. точек
Апрель,4,26.04.2024,"-4,00",Тинькофф,Общее,[counterparty_831a0f4ab6],,Эквайринг
Апрель,4,26.04.2024,"1 232,00",Тинькофф,Клиенты-физ.лица,[counterparty_db1aef506b],,Поступление денег с торг. точек
Апрель,4,26.04.2024,"-4,93",Тинькофф,Общее,[counterparty_831a0f4ab6],,Эквайринг
Апрель,4,26.04.2024,"-1 034,00",Тинькофф,Общее,,[private_text_d704a344cc],Расходы на персонал
Апрель,4,26.04.2024,"-1 999,00",Тинькофф,Общее,,[private_text_d704a344cc],Расходы на персонал
Апрель,4,26.04.2024,"-674,00",Тинькофф,Общее,,[private_text_d704a344cc],Расходы на персонал
Апрель,4,26.04.2024,"-634,00",Тинькофф,Общее,,[private_text_d704a344cc],Расходы на персонал
Апрель,4,27.04.2024,"-1 193,95",Тинькофф,Общее,[counterparty_831a0f4ab6],,Эквайринг
Апрель,4,27.04.2024,"79 586,00",Тинькофф,Клиенты-физ.лица,[counterparty_db1aef506b],,Поступление денег с торг. точек
Апрель,4,27.04.2024,"-960,00",Тинькофф,Общее,[counterparty_831a0f4ab6],,Эквайринг
Апрель,4,27.04.2024,"-780,00",Тинькофф,Общее,,[private_text_d704a344cc],Расходы на персонал
Апрель,4,27.04.2024,"-15 703,00",Тинькофф,Общее,,[private_text_d704a344cc],Расходы на персонал
Апрель,4,27.04.2024,"-3 008,00",Тинькофф,Общее,,[private_text_d704a344cc],Расходы на персонал
Апрель,4,27.04.2024,"-1,00",Тинькофф,Общее,,[private_text_d704a344cc],Расходы на персонал
Апрель,4,27.04.2024,"-2 460,00",Тинькофф,Общее,,[private_text_d704a344cc],Расходы на персонал
Апрель,4,27.04.2024,"811,00",Тинькофф,Клиенты-физ.лица,[counterparty_db1aef506b],,Поступление денег с торг. точек
Апрель,4,27.04.2024,"-3,24",Тинькофф,Общее,[counterparty_831a0f4ab6],,Эквайринг
Апрель,4,27.04.2024,"25,00",Тинькофф,Клиенты-физ.лица,[counterparty_db1aef506b],,Поступление денег с торг. точек
Апрель,4,27.04.2024,"-0,10",Тинькофф,Общее,[counterparty_831a0f4ab6],,Эквайринг
Апрель,4,27.04.2024,"-341,93",Тинькофф,Общее,[counterparty_d7a35ccc36],,Содержание торговых точек
Апрель,4,27.04.2024,"-4 571,94",Тинькофф,Общее,[counterparty_d7a35ccc36],,Оплата поставщикам 
Апрель,4,27.04.2024,"-692,69",Тинькофф,Общее,[counterparty_d7a35ccc36],,Расходы на питание персонала
Апрель,4,28.04.2024,"-2 124,10",Тинькофф,Общее,[counterparty_831a0f4ab6],,Эквайринг
Апрель,4,28.04.2024,"-1 226,00",Тинькофф,Общее,[counterparty_831a0f4ab6],,Возвраты клиентам
Апрель,4,28.04.2024,"141 587,00",Тинькофф,Клиенты-физ.лица,[counterparty_db1aef506b],,Поступление денег с торг. точек
Апрель,4,28.04.2024,"-118,80",Тинькофф,Общее,,[private_text_d704a344cc],Расходы на персонал
Апрель,4,28.04.2024,"-1 094,00",Тинькофф,Общее,,[private_text_d704a344cc],Расходы на персонал
Апрель,4,28.04.2024,"-440,00",Тинькофф,Общее,,[private_text_d704a344cc],Расходы на персонал
Апрель,4,28.04.2024,"-444,00",Тинькофф,Общее,,[private_text_d704a344cc],Расходы на персонал
Апрель,4,28.04.2024,"-270,00",Тинькофф,Общее,,[private_text_d704a344cc],Расходы на персонал
Апрель,4,28.04.2024,"625,00",Тинькофф,Клиенты-физ.лица,[counterparty_db1aef506b],,Поступление денег с торг. точек
Апрель,4,28.04.2024,"-2,50",Тинькофф,Общее,[counterparty_831a0f4ab6],,Эквайринг
Апрель,4,28.04.2024,"-243,00",Тинькофф,Общее,,[private_text_d704a344cc],Расходы на персонал
Апрель,4,28.04.2024,"-270,00",Тинькофф,Общее,,[private_text_d704a344cc],Расходы на персонал
Апрель,4,28.04.2024,"-350,00",Тинькофф,Общее,,[private_text_d704a344cc],Расходы на персонал
Апрель,4,28.04.2024,"-300,00",Тинькофф,Общее,,[private_text_d704a344cc],Расходы на персонал
Апрель,4,28.04.2024,"-130,00",Тинькофф,Общее,,[private_text_d704a344cc],Расходы на персонал
Апрель,4,28.04.2024,"-1 293,00",Тинькофф,Общее,,[private_text_d704a344cc],Расходы на персонал
Апрель,4,28.04.2024,"-1 999,71",Тинькофф,Общее,,[private_text_d704a344cc],Расходы на персонал
Апрель,4,28.04.2024,"-738,00",Тинькофф,Общее,,[private_text_d704a344cc],Расходы на персонал
Апрель,4,28.04.2024,"-200,00",Тинькофф,Общее,,[private_text_d704a344cc],Расходы на персонал
Апрель,4,28.04.2024,"-200,00",Тинькофф,Общее,,[private_text_d704a344cc],Расходы на персонал
Апрель,4,28.04.2024,"-550,00",Тинькофф,Общее,,[private_text_d704a344cc],Расходы на персонал
Апрель,4,28.04.2024,"-250,00",Тинькофф,Общее,,[private_text_d704a344cc],Расходы на персонал
Апрель,4,28.04.2024,"-236,61",Тинькофф,Общее,,[private_text_d704a344cc],Расходы на персонал
Апрель,4,28.04.2024,"-219,98",Тинькофф,Общее,,[private_text_d704a344cc],Расходы на персонал
Апрель,4,28.04.2024,"-898,27",Тинькофф,Общее,[counterparty_d7a35ccc36],,Оплата поставщикам 
Апрель,4,18.04.2024,"6 400,00",Сбербанк,Общее,,,Поступление — Перевод между счетами
Апрель,4,18.04.2024,"-6 400,00",Сбербанк,Общее,[counterparty_3f0fc87298],,Содержание торговых точек
Апрель,4,19.04.2024,"13 500,00",Сбербанк,Общее,,,Поступление — Перевод между счетами
Апрель,4,19.04.2024,"-13 500,00",Сбербанк,Общее,,,Выбытие — Перевод между счетами
Апрель,4,22.04.2024,"-1 278,30",Сбербанк,Общее,[counterparty_831a0f4ab6],,РКО
Апрель,4,23.04.2024,"-101 500,00",Сбербанк,Общее,,,Выбытие — Перевод между счетами
Апрель,4,23.04.2024,"500,00",Сбербанк,Общее,,,Поступление — Перевод между счетами
Апрель,4,23.04.2024,"101 300,00",Сбербанк,Общее,,,Поступление — Перевод между счетами
Апрель,4,24.04.2024,"86 000,00",Сбербанк,Общее,,,Поступление — Перевод между счетами
Апрель,4,24.04.2024,"-85 990,00",Сбербанк,Общее,[counterparty_e08d6e58b9],,Аренда торговых точек
Апрель,4,26.04.2024,"19 000,00",Сбербанк,Общее,,,Поступление — Перевод между счетами
Апрель,4,26.04.2024,"-19 000,00",Сбербанк,Общее,[counterparty_7e3a73c9be],,Зарплата административного персонала
Апрель,4,27.04.2024,"-619,47",Сбербанк,Общее,[counterparty_831a0f4ab6],,Эквайринг
Апрель,4,23.04.2024,"101 500,00",Сейф,Общее,,,Поступление — Перевод между счетами
Апрель,4,24.04.2024,"-2 000,00",Сейф,Общее,[counterparty_903a43fe3c],,Оплата поставщикам 
Апрель,4,24.04.2024,"-136 300,00",Сейф,Общее,[counterparty_552231dcd7],,Зарплата производственного персонала
Апрель,4,28.04.2024,"7 150,00",Сейф,Общее,,[private_text_3a0ffa326b],Прочие поступления
Апрель,4,20.04.2024,"-900,00",ТК Черникова,Общее,[counterparty_903a43fe3c],,Транспортные услуги
Апрель,4,20.04.2024,"-1 000,00",ТК Черникова,Общее,[counterparty_552231dcd7],,Содержание торговых точек
Апрель,4,13.04.2024,"-900,00",ТК Черникова,Общее,[counterparty_903a43fe3c],,Транспортные услуги
Апрель,4,21.04.2024,"-198,52",ТК Черникова,Общее,,,Корретировки кассы -
Апрель,4,22.04.2024,"-1 000,00",ТК Черникова,Общее,[counterparty_903a43fe3c],,Транспортные услуги
Апрель,4,22.04.2024,"-9 370,00",ТК Черникова,Общее,[counterparty_552231dcd7],,Курьерская служба -
Апрель,4,22.04.2024,"21 732,15",ТК Черникова,Клиенты-физ.лица,[counterparty_db1aef506b],,Поступление денег с торг. точек
Апрель,4,23.04.2024,"-5 655,00",ТК Черникова,Общее,[counterparty_552231dcd7],,Курьерская служба -
Апрель,4,23.04.2024,"14 665,00",ТК Черникова,Клиенты-физ.лица,[counterparty_db1aef506b],,Поступление денег с торг. точек
Апрель,4,23.04.2024,"-8 420,00",ТК Черникова,Общее,[counterparty_552231dcd7],,Курьерская служба -
Апрель,4,23.04.2024,"-1 500,00",ТК Черникова,Общее,[counterparty_3f0fc87298],,Содержание торговых точек
Апрель,4,23.04.2024,"-34 800,00",ТК Черникова,Общее,,,Выбытие — Перевод между счетами
Апрель,4,23.04.2024,"34 800,00",Сейф,Общее,,,Поступление — Перевод между счетами
Апрель,4,24.04.2024,"-8 440,00",ТК Черникова,Общее,[counterparty_552231dcd7],,Курьерская служба -
Апрель,4,24.04.2024,"11 579,00",ТК Черникова,Клиенты-физ.лица,[counterparty_db1aef506b],,Поступление денег с торг. точек
Апрель,4,25.04.2024,"-10 500,00",ТК Черникова,Общее,[counterparty_552231dcd7],,Курьерская служба -
Апрель,4,25.04.2024,"-10 004,00",ТК Черникова,Общее,[counterparty_d7a35ccc36],,Оплата поставщикам 
Апрель,4,25.04.2024,"19 937,00",ТК Черникова,Клиенты-физ.лица,[counterparty_db1aef506b],,Поступление денег с торг. точек
Апрель,4,26.04.2024,"-10 960,00",ТК Черникова,Общее,[counterparty_552231dcd7],,Курьерская служба -
Апрель,4,26.04.2024,"26 093,00",ТК Черникова,Клиенты-физ.лица,[counterparty_db1aef506b],,Поступление денег с торг. точек
Апрель,4,27.04.2024,"-6 038,00",ТК Черникова,Общее,[counterparty_d7a35ccc36],,Оплата поставщикам 
Апрель,4,27.04.2024,"-95,00",ТК Черникова,Общее,[counterparty_d7a35ccc36],,Расходы на питание персонала
Апрель,4,27.04.2024,"-15 110,00",ТК Черникова,Общее,[counterparty_552231dcd7],,Курьерская служба -
Апрель,4,27.04.2024,"28 861,00",ТК Черникова,Клиенты-физ.лица,[counterparty_db1aef506b],,Поступление денег с торг. точек
Апрель,4,28.04.2024,"-13 500,00",ТК Черникова,Общее,[counterparty_552231dcd7],,Курьерская служба -
Апрель,4,28.04.2024,"19 148,00",ТК Черникова,Клиенты-физ.лица,[counterparty_db1aef506b],,Поступление денег с торг. точек
Апрель,4,29.04.2024,"28 232,41",Альфа,Клиенты-физ.лица,[counterparty_db1aef506b],,Поступление денег с торг. точек
Апрель,4,29.04.2024,"-24,54",Альфа,Общее,[counterparty_831a0f4ab6],,Эквайринг
Апрель,4,29.04.2024,"-1 743,07",Тинькофф,Общее,[counterparty_831a0f4ab6],,Эквайринг
Апрель,4,29.04.2024,"116 187,75",Тинькофф,Клиенты-физ.лица,[counterparty_db1aef506b],,Поступление денег с торг. точек
Апрель,4,29.04.2024,"-999,81",Тинькофф,Общее,,[private_text_d704a344cc],Расходы на персонал
Апрель,4,29.04.2024,"-145,00",Тинькофф,Общее,,[private_text_d704a344cc],Расходы на персонал
Апрель,4,29.04.2024,"-1 706,63",Тинькофф,Общее,[counterparty_b2323408fa],,Оплата поставщикам 
Апрель,4,29.04.2024,"-16 377,62",Тинькофф,Общее,[counterparty_d7a35ccc36],,Оплата поставщикам 
Апрель,4,29.04.2024,"-27,99",Тинькофф,Общее,[counterparty_d7a35ccc36],,Содержание торговых точек
Апрель,4,29.04.2024,"-954,92",Тинькофф,Общее,[counterparty_d7a35ccc36],,Расходы на питание персонала
Апрель,4,29.04.2024,"27 950,00",Сейф,Общее,,,Поступление — Перевод между счетами
Апрель,4,29.04.2024,"-5 896,80",Сейф,Общее,[counterparty_07485de87e],,Оплата поставщикам 
Апрель,4,29.04.2024,"-6 764,00",Сейф,Общее,[counterparty_5ea766e786],,Оплата поставщикам 
Апрель,4,29.04.2024,"-6 096,50",Сейф,Общее,[counterparty_5ea766e786],,Оплата поставщикам 
Апрель,4,29.04.2024,"-11 500,00",ТК Черникова,Общее,[counterparty_552231dcd7],,Курьерская служба -
Апрель,4,29.04.2024,"-4,00",ТК Черникова,Общее,,,Корретировки кассы -
Апрель,4,29.04.2024,"26 504,00",ТК Черникова,Клиенты-физ.лица,[counterparty_db1aef506b],,Поступление денег с торг. точек
Апрель,4,29.04.2024,"-127,00",ТК Черникова,Общее,[counterparty_d7a35ccc36],,Расходы на питание персонала
Апрель,4,29.04.2024,"-12 735,00",ТК Черникова,Общее,[counterparty_d7a35ccc36],,Оплата поставщикам 
Апрель,4,29.04.2024,"-27 950,00",ТК Черникова,Общее,,,Выбытие — Перевод между счетами
Апрель,4,30.04.2024,"-2 000,00",ТК Черникова,Общее,[counterparty_3f0fc87298],[private_text_b40410bcbc],Содержание торговых точек
Апрель,4,30.04.2024,"-900,00",ТК Черникова,Общее,[counterparty_903a43fe3c],,Оплата поставщикам 
Апрель,4,30.04.2024,"-12 640,00",ТК Черникова,Общее,[counterparty_552231dcd7],,Курьерская служба -
Апрель,4,30.04.2024,"23 475,00",ТК Черникова,Клиенты-физ.лица,[counterparty_db1aef506b],,Поступление денег с торг. точек
Апрель,4,30.04.2024,"19 570,00",Сейф,Общее,,,Поступление — Перевод между счетами
Апрель,4,29.04.2024,"131 205,00",Сейф,Корпоративные клиенты,[counterparty_d346fb5ae4],,Поступление денег с торг. точек
Апрель,4,30.04.2024,"-149 575,00",Сейф,Общее,[counterparty_552231dcd7],,Зарплата производственного персонала
Апрель,4,30.04.2024,"-10 400,00",Сейф,Общее,[counterparty_416f60a5fd],[private_text_38c55cba4e],Расходы на персонал
Апрель,4,30.04.2024,"-1 000,00",Сейф,Общее,[counterparty_45d6b05c94],,Поиск и найм персонала
Апрель,4,20.04.2024,"-99,00",Сейф,Общее,[counterparty_831a0f4ab6],,РКО
Апрель,4,20.04.2024,"-100,00",Сейф,Общее,[counterparty_831a0f4ab6],,РКО
Апрель,4,30.04.2024,"100 000,00",Сбербанк,Общее,,,Поступление — Перевод между счетами
Апрель,4,30.04.2024,"19 570,00",Сбербанк,Общее,,,Поступление — Перевод между счетами
Апрель,4,30.04.2024,"-100 000,00",Сбербанк,Общее,[counterparty_e08d6e58b9],,Аренда торговых точек
Апрель,4,30.04.2024,"-19 570,00",Сбербанк,Общее,,,Выбытие — Перевод между счетами
Апрель,4,30.04.2024,"600,00",Сбербанк,Общее,,,Прочие поступления
Апрель,4,30.04.2024,"38 348,43",Альфа,Клиенты-физ.лица,[counterparty_db1aef506b],,Поступление денег с торг. точек
Апрель,4,30.04.2024,"-91,61",Альфа,Общее,[counterparty_831a0f4ab6],,Эквайринг
Апрель,4,30.04.2024,"-865,12",Тинькофф,Общее,[counterparty_831a0f4ab6],,Эквайринг
Апрель,4,30.04.2024,"80 996,00",Тинькофф,Клиенты-физ.лица,[counterparty_db1aef506b],,Поступление денег с торг. точек
Апрель,4,30.04.2024,"-5 000,00",Тинькофф,Общее,[counterparty_50d958815d],,Телекоммуникации
Апрель,4,30.04.2024,"-100 000,00",Тинькофф,Общее,,,Выбытие — Перевод между счетами
Апрель,4,30.04.2024,"-19 570,00",Тинькофф,Общее,,,Выбытие — Перевод между счетами
Апрель,4,30.04.2024,"-60,00",Тинькофф,Общее,[counterparty_552231dcd7],[private_text_d704a344cc],Расходы на персонал
Апрель,4,30.04.2024,"-1 520,52",Тинькофф,Общее,[counterparty_d7a35ccc36],,Оплата поставщикам 
Май,5,01.05.2024,"-6 000,00",ТК Черникова,Общее,[counterparty_552231dcd7],,Содержание торговых точек
Май,5,01.05.2024,"-11 935,00",ТК Черникова,Общее,[counterparty_d7a35ccc36],,Оплата поставщикам 
Май,5,01.05.2024,"-900,00",ТК Черникова,Общее,[counterparty_903a43fe3c],,Оплата поставщикам 
Май,5,01.05.2024,"-12 150,00",ТК Черникова,Общее,[counterparty_552231dcd7],,Курьерская служба -
Май,5,01.05.2024,"-1 000,00",ТК Черникова,Общее,[counterparty_903a43fe3c],,Транспортные услуги
Май,5,01.05.2024,"28 221,00",ТК Черникова,Клиенты-физ.лица,[counterparty_db1aef506b],,Поступление денег с торг. точек
Май,5,01.05.2024,"-4 000,00",Сейф,Общее,[counterparty_e08d6e58b9],,Аренда склада
Май,5,01.05.2024,"43 000,00",Сейф,Общее,,,Поступление — Перевод между счетами
Май,5,01.05.2024,"-24 000,00",Сейф,Общее,[counterparty_552231dcd7],,Зарплата административного персонала
Май,5,01.05.2024,"-15 000,00",Сейф,Общее,[counterparty_552231dcd7],,Зарплата административного персонала
Май,5,01.05.2024,"27 151,77",Альфа,Клиенты-физ.лица,[counterparty_db1aef506b],,Поступление денег с торг. точек
Май,5,02.05.2024,"22 066,22",Альфа,Клиенты-физ.лица,[counterparty_db1aef506b],,Поступление денег с торг. точек
Май,5,01.05.2024,"-8,77",Альфа,Общее,[counterparty_831a0f4ab6],,Эквайринг
Май,5,02.05.2024,"-9,72",Альфа,Общее,[counterparty_831a0f4ab6],,Эквайринг
Май,5,01.05.2024,"-1 277,37",Тинькофф,Общее,[counterparty_831a0f4ab6],,Эквайринг
Май,5,01.05.2024,"85 144,15",Тинькофф,Клиенты-физ.лица,[counterparty_db1aef506b],,Поступление денег с торг. точек
Май,5,01.05.2024,"-43 000,00",Тинькофф,Общее,,,Выбытие — Перевод между счетами
Май,5,01.05.2024,"150,00",Тинькофф,Клиенты-физ.лица,[counterparty_db1aef506b],,Поступление денег с торг. точек
Май,5,01.05.2024,"-0,60",Тинькофф,Общее,[counterparty_831a0f4ab6],,Эквайринг
Май,5,01.05.2024,"-15 725,20",Тинькофф,Общее,[counterparty_d7a35ccc36],,Оплата поставщикам 
Май,5,01.05.2024,"-35,97",Тинькофф,Общее,[counterparty_d7a35ccc36],,Содержание торговых точек
Май,5,01.05.2024,"-825,63",Тинькофф,Общее,[counterparty_d7a35ccc36],,Расходы на питание персонала
Май,5,02.05.2024,"-1 499,48",Тинькофф,Общее,[counterparty_831a0f4ab6],,Эквайринг
Май,5,02.05.2024,"99 951,00",Тинькофф,Клиенты-физ.лица,[counterparty_db1aef506b],,Поступление денег с торг. точек
Май,5,02.05.2024,"-2 187,00",Тинькофф,Общее,[counterparty_d7a35ccc36],,Оплата поставщикам 
Май,5,03.05.2024,"18 003,80",Альфа,Клиенты-физ.лица,[counterparty_db1aef506b],,Поступление денег с торг. точек
Май,5,03.05.2024,"-38,87",Альфа,Общее,[counterparty_831a0f4ab6],,Эквайринг
Май,5,04.05.2024,"24 656,18",Альфа,Клиенты-физ.лица,[counterparty_db1aef506b],,Поступление денег с торг. точек
Май,5,04.05.2024,"-33,90",Альфа,Общее,[counterparty_831a0f4ab6],,Эквайринг
Май,5,05.05.2024,"26 676,73",Альфа,Клиенты-физ.лица,[counterparty_db1aef506b],,Поступление денег с торг. точек
Май,5,05.05.2024,"-34,37",Альфа,Общее,[counterparty_831a0f4ab6],,Эквайринг
Май,5,03.05.2024,"-881,49",Тинькофф,Общее,[counterparty_831a0f4ab6],,Эквайринг
Май,5,03.05.2024,"58 759,00",Тинькофф,Клиенты-физ.лица,[counterparty_db1aef506b],,Поступление денег с торг. точек
Май,5,03.05.2024,"-8 331,34",Тинькофф,Общее,[counterparty_b2323408fa],,Оплата поставщикам 
Май,5,03.05.2024,"-1 000,00",Тинькофф,Общее,[counterparty_9147d41bbb],,Аренда торговых точек
Май,5,03.05.2024,"-105 230,00",Тинькофф,Общее,[counterparty_dc430ed78e],,Оплата поставщикам 
Май,5,03.05.2024,"-57 303,64",Тинькофф,Общее,[counterparty_8e70032df8],,Оплата поставщикам 
Май,5,03.05.2024,"-7 092,00",Тинькофф,Общее,[counterparty_fb5384e8b9],,Оплата поставщикам 
Май,5,03.05.2024,"-2 365,92",Тинькофф,Общее,[counterparty_6d6a37d791],,Оплата поставщикам 
Май,5,03.05.2024,"-675,98",Тинькофф,Общее,[counterparty_ecf3465a86],,Аренда торговых точек
Май,5,03.05.2024,"-48 610,24",Тинькофф,Общее,[counterparty_fb5384e8b9],,Оплата поставщикам 
Май,5,03.05.2024,"-2 400,00",Тинькофф,Общее,[counterparty_e3d41d1621],,Телекоммуникации
Май,5,03.05.2024,"-21 947,18",Тинькофф,Общее,[counterparty_19f4d4c15b],,Оплата поставщикам 
Май,5,03.05.2024,"-28 124,65",Тинькофф,Общее,[counterparty_bb8cb2d348],,Оплата поставщикам 
Май,5,03.05.2024,"-3 662,95",Тинькофф,Общее,[counterparty_ecf3465a86],,Аренда торговых точек
Май,5,03.05.2024,"-44 439,80",Тинькофф,Общее,[counterparty_c4e92b27e2],,Оплата поставщикам 
Май,5,03.05.2024,"-4 000,00",Тинькофф,Общее,[counterparty_9147d41bbb],,Аренда торговых точек
Май,5,03.05.2024,"-30 000,00",Тинькофф,Общее,[counterparty_7e3a73c9be],,Зарплата административного персонала
Май,5,03.05.2024,"-62 000,00",Тинькофф,Общее,[counterparty_41bef12399],,Зарплата административного персонала
Май,5,03.05.2024,"-60 522,00",Тинькофф,Общее,[counterparty_e08d6e58b9],,Аренда торговых точек
Май,5,03.05.2024,"-17 800,00",Тинькофф,Общее,,,Выбытие — Перевод между счетами
Май,5,03.05.2024,"-152,00",Тинькофф,Общее,[counterparty_b2323408fa],,Оплата поставщикам 
Май,5,03.05.2024,"1 079,00",Тинькофф,Клиенты-физ.лица,[counterparty_db1aef506b],,Поступление денег с торг. точек
Май,5,03.05.2024,"-4,32",Тинькофф,Общее,[counterparty_831a0f4ab6],,Эквайринг
Май,5,03.05.2024,"-4 554,01",Тинькофф,Общее,[counterparty_d7a35ccc36],,Оплата поставщикам 
Май,5,03.05.2024,"-620,88",Тинькофф,Общее,[counterparty_d7a35ccc36],,Содержание торговых точек
Май,5,03.05.2024,"-2 211,05",Тинькофф,Общее,[counterparty_d7a35ccc36],,Расходы на питание персонала
Май,5,04.05.2024,"-1 403,15",Тинькофф,Общее,[counterparty_831a0f4ab6],,Эквайринг
Май,5,04.05.2024,"93 530,00",Тинькофф,Клиенты-физ.лица,[counterparty_db1aef506b],,Поступление денег с торг. точек
Май,5,04.05.2024,"670,00",Тинькофф,Клиенты-физ.лица,[counterparty_db1aef506b],,Поступление денег с торг. точек
Май,5,04.05.2024,"-2,68",Тинькофф,Общее,[counterparty_831a0f4ab6],,Эквайринг
Май,5,04.05.2024,"2 623,00",Тинькофф,Клиенты-физ.лица,[counterparty_db1aef506b],,Поступление денег с торг. точек
Май,5,04.05.2024,"-10,49",Тинькофф,Общее,[counterparty_831a0f4ab6],,Эквайринг
Май,5,04.05.2024,"199,00",Тинькофф,Клиенты-физ.лица,[counterparty_db1aef506b],,Поступление денег с торг. точек
Май,5,04.05.2024,"-0,80",Тинькофф,Общее,[counterparty_831a0f4ab6],,Эквайринг
Май,5,05.05.2024,"88 671,00",Тинькофф,Клиенты-физ.лица,[counterparty_db1aef506b],,Поступление денег с торг. точек
Май,5,05.05.2024,"-1 330,26",Тинькофф,Общее,[counterparty_831a0f4ab6],,Эквайринг
Май,5,05.05.2024,"250,00",Тинькофф,Клиенты-физ.лица,[counterparty_db1aef506b],,Поступление денег с торг. точек
Май,5,05.05.2024,"-1,00",Тинькофф,Общее,[counterparty_831a0f4ab6],,Эквайринг
Май,5,05.05.2024,"-4 644,48",Тинькофф,Общее,[counterparty_d7a35ccc36],,Оплата поставщикам 
Май,5,05.05.2024,"-30,97",Тинькофф,Общее,[counterparty_d7a35ccc36],,Содержание торговых точек
Май,5,05.05.2024,"-2 250,05",Тинькофф,Общее,[counterparty_d7a35ccc36],,Расходы на питание персонала
Май,5,03.05.2024,"-2 000,00",Сейф,Общее,[counterparty_903a43fe3c],,Оплата поставщикам 
Май,5,02.05.2024,"-6 696,00",ТК Черникова,Общее,[counterparty_5ea766e786],,Оплата поставщикам 
Май,5,02.05.2024,"-6 980,00",ТК Черникова,Общее,[counterparty_552231dcd7],,Курьерская служба -
Май,5,02.05.2024,"11 046,00",ТК Черникова,Клиенты-физ.лица,[counterparty_db1aef506b],,Поступление денег с торг. точек
Май,5,03.05.2024,"-8 124,00",ТК Черникова,Общее,[counterparty_d7a35ccc36],,Оплата поставщикам 
Май,5,03.05.2024,"-11 200,00",ТК Черникова,Общее,[counterparty_552231dcd7],,Курьерская служба -
Май,5,03.05.2024,"16 427,15",ТК Черникова,Клиенты-физ.лица,[counterparty_db1aef506b],,Поступление денег с торг. точек
Май,5,04.05.2024,"-11 740,00",ТК Черникова,Общее,[counterparty_552231dcd7],,Курьерская служба -
Май,5,04.05.2024,"20 435,85",ТК Черникова,Клиенты-физ.лица,[counterparty_db1aef506b],,Поступление денег с торг. точек
Май,5,05.05.2024,"-6 576,00",ТК Черникова,Общее,[counterparty_d7a35ccc36],,Оплата поставщикам 
Май,5,05.05.2024,"-124,00",ТК Черникова,Общее,[counterparty_d7a35ccc36],,Расходы на питание персонала
Май,5,05.05.2024,"-10 400,00",ТК Черникова,Общее,[counterparty_552231dcd7],,Курьерская служба -
Май,5,05.05.2024,"30 095,15",ТК Черникова,Клиенты-физ.лица,[counterparty_db1aef506b],,Поступление денег с торг. точек
Май,5,07.05.2024,"5 000,00",ГарантФонд,Общее,[counterparty_552231dcd7],[private_text_b092aeb3b2],Курьерская служба +
Май,5,06.05.2024,"20 253,91",Альфа,Клиенты-физ.лица,[counterparty_db1aef506b],,Поступление денег с торг. точек
Май,5,06.05.2024,"-14,19",Альфа,Общее,[counterparty_831a0f4ab6],,Эквайринг
Май,5,07.05.2024,"15 222,56",Альфа,Клиенты-физ.лица,[counterparty_db1aef506b],,Поступление денег с торг. точек
Май,5,07.05.2024,"-22,20",Альфа,Общее,[counterparty_831a0f4ab6],,Эквайринг
Май,5,07.05.2024,"-287 000,00",Альфа,Общее,,,Выбытие — Перевод между счетами
Май,5,06.05.2024,"-1 235,74",Тинькофф,Общее,[counterparty_831a0f4ab6],,Эквайринг
Май,5,06.05.2024,"82 370,00",Тинькофф,Клиенты-физ.лица,[counterparty_db1aef506b],,Поступление денег с торг. точек
Май,5,06.05.2024,"-399,00",Тинькофф,Общее,[counterparty_d7a35ccc36],,Содержание торговых точек
Май,5,06.05.2024,"646,00",Тинькофф,Клиенты-физ.лица,[counterparty_db1aef506b],,Поступление денег с торг. точек
Май,5,06.05.2024,"-2,58",Тинькофф,Общее,[counterparty_831a0f4ab6],,Эквайринг
Май,5,06.05.2024,"-103,98",Тинькофф,Общее,[counterparty_d7a35ccc36],,Расходы на питание персонала
Май,5,07.05.2024,"-897,85",Тинькофф,Общее,[counterparty_831a0f4ab6],,Эквайринг
Май,5,07.05.2024,"59 847,00",Тинькофф,Клиенты-физ.лица,[counterparty_db1aef506b],,Поступление денег с торг. точек
Май,5,07.05.2024,"-28 000,00",Тинькофф,Общее,[counterparty_33844b2195],,Прочие маркетинговые услуги
Май,5,07.05.2024,"-565,00",Тинькофф,Общее,[counterparty_9147d41bbb],,Аренда торговых точек
Май,5,07.05.2024,"287 000,00",Тинькофф,Общее,,,Поступление — Перевод между счетами
Май,5,07.05.2024,"-88 884,00",Тинькофф,Общее,[counterparty_cb93f56848],,Сайт и приложение
Май,5,07.05.2024,"-153 490,00",Тинькофф,Общее,,,Выбытие — Перевод между счетами
Май,5,07.05.2024,"-1 134,25",Тинькофф,Общее,[counterparty_d7a35ccc36],,Расходы на питание персонала
Май,5,07.05.2024,"-117,95",Тинькофф,Общее,[counterparty_d7a35ccc36],,Содержание торговых точек
Май,5,07.05.2024,"-3 967,02",Тинькофф,Общее,[counterparty_d7a35ccc36],,Оплата поставщикам 
Май,5,06.05.2024,"30 000,00",Сейф,Общее,,,Поступление — Перевод между счетами
Май,5,06.05.2024,"-1 000,00",Сейф,Общее,[counterparty_c7f82a55d3],,Транспортные услуги
Май,5,07.05.2024,"-1 500,00",Сейф,Общее,,,Выбытие — Перевод между счетами
Май,5,07.05.2024,"153 490,00",Сейф,Общее,,,Поступление — Перевод между счетами
Май,5,07.05.2024,"-2 000,00",Сейф,Общее,[counterparty_903a43fe3c],,Оплата поставщикам 
Май,5,07.05.2024,"-9 346,68",Сейф,Общее,[counterparty_07485de87e],,Оплата поставщикам 
Май,5,07.05.2024,"-1 000,00",Сейф,Общее,[counterparty_552231dcd7],,Содержание торговых точек
Май,5,07.05.2024,"-134 990,00",Сейф,Общее,[counterparty_552231dcd7],,Зарплата производственного персонала
Май,5,06.05.2024,"-30 000,00",ТК Черникова,Общее,,,Выбытие — Перевод между счетами
Май,5,06.05.2024,"-8 720,00",ТК Черникова,Общее,[counterparty_552231dcd7],,Курьерская служба -
Май,5,06.05.2024,"-1 350,00",ТК Черникова,Общее,[counterparty_903a43fe3c],,Транспортные услуги
Май,5,06.05.2024,"13 785,00",ТК Черникова,Клиенты-физ.лица,[counterparty_db1aef506b],,Поступление денег с торг. точек
Май,5,07.05.2024,"1 500,00",ТК Черникова,Общее,,,Поступление — Перевод между счетами
Май,5,07.05.2024,"-5 904,90",ТК Черникова,Общее,[counterparty_5ea766e786],,Оплата поставщикам 
Май,5,07.05.2024,"-5 208,00",ТК Черникова,Общее,[counterparty_d7a35ccc36],,Оплата поставщикам 
Май,5,07.05.2024,"-7 620,00",ТК Черникова,Общее,[counterparty_552231dcd7],,Курьерская служба -
Май,5,07.05.2024,"5 534,00",ТК Черникова,Клиенты-физ.лица,[counterparty_db1aef506b],,Поступление денег с торг. точек
Май,5,02.05.2024,"-684,54",Сбербанк,Общее,[counterparty_831a0f4ab6],,Оплаты по кредитам и займам
Май,5,03.05.2024,"-17,77",Сбербанк,Общее,[counterparty_831a0f4ab6],,Оплаты по кредитам и займам
Май,5,03.05.2024,"-17 774,46",Сбербанк,Общее,[counterparty_831a0f4ab6],,Оплаты по кредитам и займам
Май,5,03.05.2024,"17 800,00",Сбербанк,Общее,,,Поступление — Перевод между счетами
Май,5,08.05.2024,"-888,28",Тинькофф,Общее,[counterparty_831a0f4ab6],,Эквайринг
Май,5,08.05.2024,"59 210,00",Тинькофф,Клиенты-физ.лица,[counterparty_db1aef506b],,Поступление денег с торг. точек
Май,5,08.05.2024,"-5 000,00",Тинькофф,Общее,[counterparty_50d958815d],,Телекоммуникации
Май,5,08.05.2024,"1 079,00",Тинькофф,Клиенты-физ.лица,[counterparty_db1aef506b],,Поступление денег с торг. точек
Май,5,08.05.2024,"-4,32",Тинькофф,Общее,[counterparty_831a0f4ab6],,Эквайринг
Май,5,08.05.2024,"31 989,99",Альфа,Клиенты-физ.лица,[counterparty_db1aef506b],,Поступление денег с торг. точек
Май,5,08.05.2024,"-93,35",Альфа,Общее,[counterparty_831a0f4ab6],,Эквайринг
Май,5,08.05.2024,"-15 530,00",ТК Черникова,Общее,[counterparty_552231dcd7],,Курьерская служба -
Май,5,08.05.2024,"22 947,00",ТК Черникова,Клиенты-физ.лица,[counterparty_db1aef506b],,Поступление денег с торг. точек
Май,5,09.05.2024,"-600,00",Сейф,Общее,[counterparty_b2323408fa],,Оплата поставщикам 
Май,5,09.05.2024,"-229,98",Сейф,Общее,[counterparty_d7a35ccc36],,Оплата поставщикам 
Май,5,09.05.2024,"-1 500,00",Сейф,Общее,[counterparty_ea5804ea3c],,Прочие маркетинговые услуги
Май,5,09.05.2024,"-34 900,00",Сейф,Общее,[counterparty_552231dcd7],,Зарплата производственного персонала
Май,5,09.05.2024,"-12 368,00",ТК Черникова,Общее,[counterparty_d7a35ccc36],,Оплата поставщикам 
Май,5,09.05.2024,"-124,00",ТК Черникова,Общее,[counterparty_d7a35ccc36],,Расходы на питание персонала
Май,5,09.05.2024,"-94,15",ТК Черникова,Общее,,,Корретировки кассы -
Май,5,09.05.2024,"-16 720,00",ТК Черникова,Общее,[counterparty_552231dcd7],,Курьерская служба -
Май,5,09.05.2024,"28 267,00",ТК Черникова,Клиенты-физ.лица,[counterparty_db1aef506b],,Поступление денег с торг. точек
Май,5,09.05.2024,"31 967,32",Альфа,Клиенты-физ.лица,[counterparty_db1aef506b],,Поступление денег с торг. точек
Май,5,09.05.2024,"-53,70",Альфа,Общее,[counterparty_831a0f4ab6],,Эквайринг
Май,5,09.05.2024,"-2 057,86",Тинькофф,Общее,[counterparty_831a0f4ab6],,Эквайринг
Май,5,09.05.2024,"137 174,00",Тинькофф,Клиенты-физ.лица,[counterparty_db1aef506b],,Поступление денег с торг. точек
Май,5,09.05.2024,"-329,99",Тинькофф,Общее,[counterparty_d7a35ccc36],,Оплата поставщикам 
Май,5,09.05.2024,"-560,50",Тинькофф,Общее,[counterparty_d7a35ccc36],,Оплата поставщикам 
Май,5,09.05.2024,"-352,96",Тинькофф,Общее,[counterparty_d7a35ccc36],,Оплата поставщикам 
Май,5,09.05.2024,"370,00",Тинькофф,Клиенты-физ.лица,[counterparty_db1aef506b],,Поступление денег с торг. точек
Май,5,09.05.2024,"-1,48",Тинькофф,Общее,[counterparty_831a0f4ab6],,Эквайринг
Май,5,09.05.2024,"1 199,00",Тинькофф,Клиенты-физ.лица,[counterparty_db1aef506b],,Поступление денег с торг. точек
Май,5,09.05.2024,"-4,80",Тинькофф,Общее,[counterparty_831a0f4ab6],,Эквайринг
Май,5,09.05.2024,"-193,94",Тинькофф,Общее,[counterparty_d7a35ccc36],,Содержание торговых точек
Май,5,09.05.2024,"-1 760,91",Тинькофф,Общее,[counterparty_d7a35ccc36],,Расходы на питание персонала
Май,5,09.05.2024,"-6 897,65",Тинькофф,Общее,[counterparty_d7a35ccc36],,Оплата поставщикам 
Май,5,10.05.2024,"-2 565,12",Тинькофф,Общее,[counterparty_831a0f4ab6],,Эквайринг
Май,5,10.05.2024,"-4 000,00",Тинькофф,Общее,[counterparty_ab325eb126],,Оплаты систем автоматизации
Май,5,10.05.2024,"-6 000,00",Тинькофф,Общее,[counterparty_ab325eb126],,Оплаты систем автоматизации
Май,5,10.05.2024,"-30 800,00",Тинькофф,Общее,[counterparty_483af3edc2],,Листовки
Май,5,10.05.2024,"170 980,00",Тинькофф,Клиенты-физ.лица,[counterparty_db1aef506b],,Поступление денег с торг. точек
Май,5,10.05.2024,"-113 452,50",Тинькофф,Общее,[counterparty_dc430ed78e],,Оплата поставщикам 
Май,5,10.05.2024,"-5 664,00",Тинькофф,Общее,[counterparty_fb5384e8b9],,Оплата поставщикам 
Май,5,10.05.2024,"-24 730,64",Тинькофф,Общее,[counterparty_19f4d4c15b],,Оплата поставщикам 
Май,5,10.05.2024,"-56 771,38",Тинькофф,Общее,[counterparty_c4e92b27e2],,Оплата поставщикам 
Май,5,10.05.2024,"-75 275,23",Тинькофф,Общее,[counterparty_fb5384e8b9],,Оплата поставщикам 
Май,5,10.05.2024,"-14 529,19",Тинькофф,Общее,[counterparty_b2323408fa],,Оплата поставщикам 
Май,5,10.05.2024,"-54 969,00",Тинькофф,Общее,[counterparty_e08d6e58b9],,Аренда торговых точек
Май,5,10.05.2024,"-30 000,00",Тинькофф,Общее,,,Выбытие — Перевод между счетами
Май,5,10.05.2024,"1 898,00",Тинькофф,Клиенты-физ.лица,[counterparty_db1aef506b],,Поступление денег с торг. точек
Май,5,10.05.2024,"-7,59",Тинькофф,Общее,[counterparty_831a0f4ab6],,Эквайринг
Май,5,10.05.2024,"999,00",Тинькофф,Клиенты-физ.лица,[counterparty_db1aef506b],,Поступление денег с торг. точек
Май,5,10.05.2024,"-4,00",Тинькофф,Общее,[counterparty_831a0f4ab6],,Эквайринг
Май,5,11.05.2024,"-1 140,99",Тинькофф,Общее,[counterparty_831a0f4ab6],,Эквайринг
Май,5,11.05.2024,"76 053,00",Тинькофф,Клиенты-физ.лица,[counterparty_db1aef506b],,Поступление денег с торг. точек
Май,5,11.05.2024,"894,00",Тинькофф,Клиенты-физ.лица,[counterparty_db1aef506b],,Поступление денег с торг. точек
Май,5,11.05.2024,"-3,58",Тинькофф,Общее,[counterparty_831a0f4ab6],,Эквайринг
Май,5,11.05.2024,"525,00",Тинькофф,Клиенты-физ.лица,[counterparty_db1aef506b],,Поступление денег с торг. точек
Май,5,11.05.2024,"-2,10",Тинькофф,Общее,[counterparty_831a0f4ab6],,Эквайринг
Май,5,11.05.2024,"-290,66",Тинькофф,Общее,[counterparty_d7a35ccc36],,Содержание торговых точек
Май,5,11.05.2024,"-1 702,72",Тинькофф,Общее,[counterparty_d7a35ccc36],,Расходы на питание персонала
Май,5,11.05.2024,"-8 141,31",Тинькофф,Общее,[counterparty_d7a35ccc36],,Оплата поставщикам 
Май,5,12.05.2024,"-1 397,14",Тинькофф,Общее,[counterparty_831a0f4ab6],,Эквайринг
Май,5,12.05.2024,"93 130,00",Тинькофф,Клиенты-физ.лица,[counterparty_db1aef506b],,Поступление денег с торг. точек
Май,5,12.05.2024,"1 690,00",Тинькофф,Клиенты-физ.лица,[counterparty_db1aef506b],,Поступление денег с торг. точек
Май,5,12.05.2024,"-6,76",Тинькофф,Общее,[counterparty_831a0f4ab6],,Эквайринг
Май,5,12.05.2024,"720,00",Тинькофф,Клиенты-физ.лица,[counterparty_db1aef506b],,Поступление денег с торг. точек
Май,5,12.05.2024,"-2,88",Тинькофф,Общее,[counterparty_831a0f4ab6],,Эквайринг
Май,5,12.05.2024,"560,00",Тинькофф,Клиенты-физ.лица,[counterparty_db1aef506b],,Поступление денег с торг. точек
Май,5,12.05.2024,"-2,24",Тинькофф,Общее,[counterparty_831a0f4ab6],,Эквайринг
Май,5,12.05.2024,"-2 267,92",Тинькофф,Общее,[counterparty_d7a35ccc36],,Оплата поставщикам 
Май,5,10.05.2024,"28 133,93",Альфа,Клиенты-физ.лица,[counterparty_db1aef506b],,Поступление денег с торг. точек
Май,5,10.05.2024,"-35,73",Альфа,Общее,[counterparty_831a0f4ab6],,Эквайринг
Май,5,10.05.2024,"-299,00",Альфа,Общее,[counterparty_831a0f4ab6],,РКО
Май,5,11.05.2024,"33 869,63",Альфа,Клиенты-физ.лица,[counterparty_db1aef506b],,Поступление денег с торг. точек
Май,5,11.05.2024,"-48,53",Альфа,Общее,[counterparty_831a0f4ab6],,Эквайринг
Май,5,12.05.2024,"17 051,78",Альфа,Клиенты-физ.лица,[counterparty_db1aef506b],,Поступление денег с торг. точек
Май,5,12.05.2024,"-24,12",Альфа,Общее,[counterparty_831a0f4ab6],,Эквайринг
Май,5,10.05.2024,"-11 500,00",ТК Черникова,Общее,[counterparty_552231dcd7],,Курьерская служба -
Май,5,10.05.2024,"30 542,00",ТК Черникова,Клиенты-физ.лица,[counterparty_db1aef506b],,Поступление денег с торг. точек
Май,5,10.05.2024,"-0,10",ТК Черникова,Общее,,,Корретировки кассы -
Май,5,11.05.2024,"-5 731,00",ТК Черникова,Общее,[counterparty_d7a35ccc36],,Оплата поставщикам 
Май,5,11.05.2024,"-110,00",ТК Черникова,Общее,[counterparty_d7a35ccc36],,Расходы на питание персонала
Май,5,11.05.2024,"-11 520,00",ТК Черникова,Общее,[counterparty_552231dcd7],,Курьерская служба -
Май,5,11.05.2024,"27 607,25",ТК Черникова,Клиенты-физ.лица,[counterparty_db1aef506b],,Поступление денег с торг. точек
Май,5,12.05.2024,"-1 350,00",ТК Черникова,Общее,[counterparty_903a43fe3c],,Транспортные услуги
Май,5,12.05.2024,"-12 620,00",ТК Черникова,Общее,[counterparty_552231dcd7],,Курьерская служба -
Май,5,12.05.2024,"14 685,00",ТК Черникова,Клиенты-физ.лица,[counterparty_db1aef506b],,Поступление денег с торг. точек
Май,5,13.05.2024,"-49,00",ТК Черникова,Общее,[counterparty_d7a35ccc36],,Содержание торговых точек
Май,5,13.05.2024,"-25 600,00",ТК Черникова,Общее,,,Выбытие — Перевод между счетами
Май,5,13.05.2024,"-5 108,00",ТК Черникова,Общее,[counterparty_d7a35ccc36],,Оплата поставщикам 
Май,5,13.05.2024,"-9 600,00",ТК Черникова,Общее,[counterparty_552231dcd7],,Курьерская служба -
Май,5,13.05.2024,"19 220,75",ТК Черникова,Клиенты-физ.лица,[counterparty_db1aef506b],,Поступление денег с торг. точек
Май,5,14.05.2024,"-5 000,00",ТК Черникова,Общее,,,Выбытие — Перевод между счетами
Май,5,14.05.2024,"-8 640,00",ТК Черникова,Общее,[counterparty_552231dcd7],,Курьерская служба -
Май,5,14.05.2024,"15 642,00",ТК Черникова,Клиенты-физ.лица,[counterparty_db1aef506b],,Поступление денег с торг. точек
Май,5,13.05.2024,"25 600,00",Сейф,Общее,,,Поступление — Перевод между счетами
Май,5,13.05.2024,"-10 400,00",Сейф,Общее,[counterparty_552231dcd7],,Зарплата производственного персонала
Май,5,14.05.2024,"5 000,00",Сейф,Общее,,,Поступление — Перевод между счетами
Май,5,14.05.2024,"135 850,00",Сейф,Общее,,,Поступление — Перевод между счетами
Май,5,14.05.2024,"-1 600,00",Сейф,Общее,[counterparty_335f3233c9],[private_text_fba0448232],Аренда торговых точек
Май,5,14.05.2024,"-8 000,00",Сейф,Общее,[counterparty_416f60a5fd],[private_text_a27ff3fdc9],Печатные материалы
Май,5,14.05.2024,"-2 000,00",Сейф,Общее,[counterparty_903a43fe3c],,Оплата поставщикам 
Май,5,14.05.2024,"-145 650,00",Сейф,Общее,[counterparty_552231dcd7],,Зарплата производственного персонала
Май,5,13.05.2024,"19 715,67",Альфа,Клиенты-физ.лица,[counterparty_db1aef506b],,Поступление денег с торг. точек
Май,5,14.05.2024,"15 309,61",Альфа,Клиенты-физ.лица,[counterparty_db1aef506b],,Поступление денег с торг. точек
Май,5,13.05.2024,"-29,58",Альфа,Общее,[counterparty_831a0f4ab6],,Эквайринг
Май,5,14.05.2024,"-9,49",Альфа,Общее,[counterparty_831a0f4ab6],,Эквайринг
Май,5,10.05.2024,"30 000,00",Сбербанк,Общее,,,Поступление — Перевод между счетами
Май,5,10.05.2024,"-30 000,00",Сбербанк,Общее,[counterparty_7e3a73c9be],,Зарплата административного персонала
Май,5,14.05.2024,"-7,77",Сбербанк,Общее,[counterparty_831a0f4ab6],,РКО
Май,5,14.05.2024,"-968,64",Сбербанк,Общее,[counterparty_831a0f4ab6],,РКО
Май,5,14.05.2024,"-135 850,00",Сбербанк,Общее,,,Выбытие — Перевод между счетами
Май,5,14.05.2024,"143 950,00",Сбербанк,Общее,,,Поступление — Перевод между счетами
Май,5,13.05.2024,"108 250,00",Тинькофф,Клиенты-физ.лица,[counterparty_db1aef506b],,Поступление денег с торг. точек
Май,5,13.05.2024,"-1 623,99",Тинькофф,Общее,[counterparty_831a0f4ab6],,Эквайринг
Май,5,13.05.2024,"-2 888,10",Тинькофф,Общее,[counterparty_d7a35ccc36],,Расходы на питание персонала
Май,5,13.05.2024,"-10 301,42",Тинькофф,Общее,[counterparty_d7a35ccc36],,Оплата поставщикам 
Май,5,13.05.2024,"-935,87",Тинькофф,Общее,[counterparty_d7a35ccc36],,Содержание торговых точек
Май,5,13.05.2024,"-2 352,00",Тинькофф,Общее,[counterparty_b2323408fa],,Оплата поставщикам 
Май,5,14.05.2024,"-1 038,67",Тинькофф,Общее,[counterparty_831a0f4ab6],,Эквайринг
Май,5,14.05.2024,"69 235,00",Тинькофф,Клиенты-физ.лица,[counterparty_db1aef506b],,Поступление денег с торг. точек
Май,5,14.05.2024,"-1 027,54",Тинькофф,Общее,[counterparty_b2323408fa],,Оплата поставщикам 
Май,5,14.05.2024,"-95,00",Тинькофф,Общее,[counterparty_d7a35ccc36],,Содержание офиса
Май,5,14.05.2024,"-143 950,00",Тинькофф,Общее,,,Выбытие — Перевод между счетами
Май,5,14.05.2024,"-96 600,00",Тинькофф,Общее,[counterparty_6e66cfc0d7],,Оплата поставщикам 
Май,5,14.05.2024,"-129,95",Тинькофф,Общее,[counterparty_d7a35ccc36],,Оплата поставщикам 
Май,5,14.05.2024,"-1 049,97",Тинькофф,Общее,[counterparty_d7a35ccc36],,Расходы на питание персонала
Май,5,14.05.2024,"-13,98",Тинькофф,Общее,[counterparty_d7a35ccc36],,Содержание торговых точек
Май,5,15.05.2024,"12 447,05",Альфа,Клиенты-физ.лица,[counterparty_db1aef506b],,Поступление денег с торг. точек
Май,5,15.05.2024,"-18,96",Альфа,Общее,[counterparty_831a0f4ab6],,Эквайринг
Май,5,15.05.2024,"70 567,00",Тинькофф,Клиенты-физ.лица,[counterparty_db1aef506b],,Поступление денег с торг. точек
Май,5,15.05.2024,"-1 058,63",Тинькофф,Общее,[counterparty_831a0f4ab6],,Эквайринг
Май,5,15.05.2024,"-60 000,00",Тинькофф,Общее,,,Выбытие — Перевод между счетами
Май,5,15.05.2024,"940,00",Тинькофф,Клиенты-физ.лица,[counterparty_db1aef506b],,Поступление денег с торг. точек
Май,5,15.05.2024,"-3,76",Тинькофф,Общее,[counterparty_831a0f4ab6],,Эквайринг
Май,5,15.05.2024,"1 499,00",Тинькофф,Клиенты-физ.лица,[counterparty_db1aef506b],,Поступление денег с торг. точек
Май,5,15.05.2024,"-6,00",Тинькофф,Общее,[counterparty_831a0f4ab6],,Эквайринг
Май,5,15.05.2024,"-124,20",Тинькофф,Общее,[counterparty_b2323408fa],,Оплата поставщикам 
Май,5,15.05.2024,"-10 993,95",Тинькофф,Общее,[counterparty_d7a35ccc36],,Оплата поставщикам 
Май,5,15.05.2024,"-1 944,50",Тинькофф,Общее,[counterparty_d7a35ccc36],,Расходы на питание персонала
Май,5,15.05.2024,"-1 208,00",Тинькофф,Общее,[counterparty_cb93f56848],,Сайт и приложение
Май,5,15.05.2024,"-142,97",Тинькофф,Общее,[counterparty_d7a35ccc36],,Содержание торговых точек
Май,5,15.05.2024,"60 000,00",Сейф,Общее,,,Поступление — Перевод между счетами
Май,5,15.05.2024,"-5 000,00",Сейф,Общее,[counterparty_552231dcd7],,Зарплата производственного персонала
Май,5,15.05.2024,"-15 000,00",Сейф,Общее,[counterparty_552231dcd7],[private_text_a332d66b1e],Зарплата административного персонала
Май,5,15.05.2024,"-25 000,00",Сейф,Общее,[counterparty_552231dcd7],[private_text_c79531204b],Зарплата административного персонала
Май,5,15.05.2024,"-15 000,00",Сейф,Общее,[counterparty_552231dcd7],,Содержание торговых точек
Май,5,15.05.2024,"-4 000,00",ТК Черникова,Общее,[counterparty_552231dcd7],,Содержание торговых точек
Май,5,15.05.2024,"-112,00",ТК Черникова,Общее,[counterparty_d7a35ccc36],,Расходы на питание персонала
Май,5,15.05.2024,"-8 471,00",ТК Черникова,Общее,[counterparty_d7a35ccc36],,Оплата поставщикам 
Май,5,15.05.2024,"-10 040,00",ТК Черникова,Общее,[counterparty_552231dcd7],,Курьерская служба -
Май,5,15.05.2024,"19 980,00",ТК Черникова,Клиенты-физ.лица,[counterparty_db1aef506b],,Поступление денег с торг. точек
Май,5,16.05.2024,"-10 320,00",ТК Черникова,Общее,[counterparty_552231dcd7],,Курьерская служба -
Май,5,16.05.2024,"19 635,00",ТК Черникова,Клиенты-физ.лица,[counterparty_db1aef506b],,Поступление денег с торг. точек
Май,5,16.05.2024,"-5 736,00",ТК Черникова,Общее,[counterparty_5ea766e786],,Оплата поставщикам 
Май,5,16.05.2024,"31 778,79",Альфа,Клиенты-физ.лица,[counterparty_db1aef506b],,Поступление денег с торг. точек
Май,5,16.05.2024,"-222 000,00",Альфа,Общее,,,Выбытие — Перевод между счетами
Май,5,16.05.2024,"-17,43",Альфа,Общее,[counterparty_831a0f4ab6],,Эквайринг
Май,5,16.05.2024,"59 754,00",Тинькофф,Клиенты-физ.лица,[counterparty_db1aef506b],,Поступление денег с торг. точек
Май,5,16.05.2024,"-896,44",Тинькофф,Общее,[counterparty_831a0f4ab6],,Эквайринг
Май,5,16.05.2024,"-216 000,00",Тинькофф,Общее,[counterparty_831a0f4ab6],,Выбытие — Перевод между счетами
Май,5,16.05.2024,"222 000,00",Тинькофф,Общее,,,Поступление — Перевод между счетами
Май,5,16.05.2024,"2 069,00",Тинькофф,Клиенты-физ.лица,[counterparty_db1aef506b],,Поступление денег с торг. точек
Май,5,16.05.2024,"-8,28",Тинькофф,Общее,[counterparty_831a0f4ab6],,Эквайринг
Май,5,16.05.2024,"870,00",Тинькофф,Клиенты-физ.лица,[counterparty_db1aef506b],,Поступление денег с торг. точек
Май,5,16.05.2024,"-3,48",Тинькофф,Общее,[counterparty_831a0f4ab6],,Эквайринг
Май,5,16.05.2024,"2 328,00",Тинькофф,Клиенты-физ.лица,[counterparty_db1aef506b],,Поступление денег с торг. точек
Май,5,16.05.2024,"-9,31",Тинькофф,Общее,[counterparty_831a0f4ab6],,Эквайринг
Май,5,17.05.2024,"18 377,51",Альфа,Клиенты-физ.лица,[counterparty_db1aef506b],,Поступление денег с торг. точек
Май,5,17.05.2024,"-25,08",Альфа,Общее,[counterparty_831a0f4ab6],,Эквайринг
Май,5,18.05.2024,"30 643,73",Альфа,Клиенты-физ.лица,[counterparty_db1aef506b],,Поступление денег с торг. точек
Май,5,18.05.2024,"-39,32",Альфа,Общее,[counterparty_831a0f4ab6],,Эквайринг
Май,5,19.05.2024,"37 683,60",Альфа,Клиенты-физ.лица,[counterparty_db1aef506b],,Поступление денег с торг. точек
Май,5,19.05.2024,"-17,00",Альфа,Общее,[counterparty_831a0f4ab6],,Эквайринг
Май,5,16.05.2024,"-2 000,00",Сейф,Общее,[counterparty_c7f82a55d3],,Транспортные услуги
Май,5,17.05.2024,"25 382,00",ТК Черникова,Клиенты-физ.лица,[counterparty_db1aef506b],,Поступление денег с торг. точек
Май,5,17.05.2024,"-13 660,00",ТК Черникова,Общее,[counterparty_552231dcd7],,Курьерская служба -
Май,5,17.05.2024,"-9 605,00",ТК Черникова,Общее,[counterparty_d7a35ccc36],,Оплата поставщикам 
Май,5,17.05.2024,"-160,00",ТК Черникова,Общее,[counterparty_d7a35ccc36],,Расходы на питание персонала
Май,5,17.05.2024,"-80,00",ТК Черникова,Общее,[counterparty_d7a35ccc36],,Расходы на питание персонала
Май,5,18.05.2024,"-13 000,00",ТК Черникова,Общее,[counterparty_552231dcd7],,Курьерская служба -
Май,5,18.05.2024,"24 405,00",ТК Черникова,Клиенты-физ.лица,[counterparty_db1aef506b],,Поступление денег с торг. точек
Май,5,19.05.2024,"-5 129,00",ТК Черникова,Общее,[counterparty_d7a35ccc36],,Оплата поставщикам 
Май,5,19.05.2024,"-1 350,00",ТК Черникова,Общее,[counterparty_903a43fe3c],,Транспортные услуги
Май,5,19.05.2024,"24 758,00",ТК Черникова,Клиенты-физ.лица,[counterparty_db1aef506b],,Поступление денег с торг. точек
Май,5,19.05.2024,"-13 470,00",ТК Черникова,Общее,[counterparty_552231dcd7],,Курьерская служба -
Май,5,17.05.2024,"70 844,00",Тинькофф,Клиенты-физ.лица,[counterparty_db1aef506b],,Поступление денег с торг. точек
Май,5,17.05.2024,"-1 062,83",Тинькофф,Общее,[counterparty_831a0f4ab6],,Эквайринг
Май,5,17.05.2024,"-5 000,00",Тинькофф,Общее,[counterparty_50d958815d],,Телекоммуникации
Май,5,17.05.2024,"1 069,00",Тинькофф,Клиенты-физ.лица,[counterparty_db1aef506b],,Поступление денег с торг. точек
Май,5,17.05.2024,"-4,28",Тинькофф,Общее,[counterparty_831a0f4ab6],,Эквайринг
Май,5,17.05.2024,"300,00",Тинькофф,Клиенты-физ.лица,[counterparty_db1aef506b],,Поступление денег с торг. точек
Май,5,17.05.2024,"-1,20",Тинькофф,Общее,[counterparty_831a0f4ab6],,Эквайринг
Май,5,17.05.2024,"-4 245,82",Тинькофф,Общее,[counterparty_d7a35ccc36],,Оплата поставщикам 
Май,5,17.05.2024,"-1 909,94",Тинькофф,Общее,[counterparty_d7a35ccc36],,Расходы на питание персонала
Май,5,17.05.2024,"-42,95",Тинькофф,Общее,[counterparty_d7a35ccc36],,Содержание торговых точек
Май,5,18.05.2024,"-7 518,00",Тинькофф,Общее,[counterparty_fb5384e8b9],,Оплата поставщикам 
Май,5,18.05.2024,"132 408,95",Тинькофф,Клиенты-физ.лица,[counterparty_db1aef506b],,Поступление денег с торг. точек
Май,5,18.05.2024,"-1 986,39",Тинькофф,Общее,[counterparty_831a0f4ab6],,Эквайринг
Май,5,18.05.2024,"-24 894,11",Тинькофф,Общее,[counterparty_8e70032df8],,Оплата поставщикам 
Май,5,18.05.2024,"-149 014,30",Тинькофф,Общее,[counterparty_dc430ed78e],,Оплата поставщикам 
Май,5,18.05.2024,"-3 757,80",Тинькофф,Общее,[counterparty_b2323408fa],,Оплата поставщикам 
Май,5,18.05.2024,"310,00",Тинькофф,Клиенты-физ.лица,[counterparty_db1aef506b],,Поступление денег с торг. точек
Май,5,18.05.2024,"-1,24",Тинькофф,Общее,[counterparty_831a0f4ab6],,Эквайринг
Май,5,18.05.2024,"1 289,00",Тинькофф,Клиенты-физ.лица,[counterparty_db1aef506b],,Поступление денег с торг. точек
Май,5,18.05.2024,"-5,16",Тинькофф,Общее,[counterparty_831a0f4ab6],,Эквайринг
Май,5,18.05.2024,"719,00",Тинькофф,Клиенты-физ.лица,[counterparty_db1aef506b],,Поступление денег с торг. точек
Май,5,18.05.2024,"-2,88",Тинькофф,Общее,[counterparty_831a0f4ab6],,Эквайринг
Май,5,18.05.2024,"-54 178,80",Тинькофф,Общее,[counterparty_c4e92b27e2],,Оплата поставщикам 
Май,5,18.05.2024,"-31 934,85",Тинькофф,Общее,[counterparty_19f4d4c15b],,Оплата поставщикам 
Май,5,18.05.2024,"-23 062,00",Тинькофф,Общее,[counterparty_bb8cb2d348],,Оплата поставщикам 
Май,5,18.05.2024,"-58 670,43",Тинькофф,Общее,[counterparty_fb5384e8b9],,Оплата поставщикам 
Май,5,18.05.2024,"-4 807,68",Тинькофф,Общее,[counterparty_6d6a37d791],,Оплата поставщикам 
Май,5,19.05.2024,"90 859,00",Тинькофф,Клиенты-физ.лица,[counterparty_db1aef506b],,Поступление денег с торг. точек
Май,5,19.05.2024,"-1 363,09",Тинькофф,Общее,[counterparty_831a0f4ab6],,Эквайринг
Май,5,19.05.2024,"1 185,00",Тинькофф,Клиенты-физ.лица,[counterparty_db1aef506b],,Поступление денег с торг. точек
Май,5,19.05.2024,"-4,74",Тинькофф,Общее,[counterparty_831a0f4ab6],,Эквайринг
Май,5,19.05.2024,"-717,84",Тинькофф,Общее,[counterparty_d7a35ccc36],,Содержание торговых точек
Май,5,19.05.2024,"-1 651,49",Тинькофф,Общее,[counterparty_d7a35ccc36],,Расходы на питание персонала
Май,5,19.05.2024,"-2 494,94",Тинькофф,Общее,[counterparty_b2323408fa],,Оплата поставщикам 
Май,5,19.05.2024,"-3 578,69",Тинькофф,Общее,[counterparty_d7a35ccc36],,Оплата поставщикам 
Май,5,19.05.2024,"-480,00",ТК Черникова,Общее,[counterparty_d7a35ccc36],,Содержание торговых точек
Май,5,20.05.2024,"3 000,00",ГарантФонд,Общее,[counterparty_552231dcd7],[private_text_3ddf2cf065],Курьерская служба +
Май,5,20.05.2024,"-2 500,00",ГарантФонд,Общее,[counterparty_552231dcd7],[private_text_3ddf2cf065],Курьерская служба -
Май,5,20.05.2024,"-500,00",ГарантФонд,Общее,,,Выбытие — Перевод между счетами
Май,5,20.05.2024,"500,00",Сейф,Общее,,,Поступление — Перевод между счетами
Май,5,21.05.2024,"128 170,00",Сейф,Общее,,,Поступление — Перевод между счетами
Май,5,21.05.2024,"20 000,00",Сейф,Общее,,,Поступление — Перевод между счетами
Май,5,21.05.2024,"-2 000,00",Сейф,Общее,[counterparty_903a43fe3c],,Оплата поставщикам 
Май,5,21.05.2024,"-146 170,00",Сейф,Общее,[counterparty_552231dcd7],,Зарплата производственного персонала
Май,5,20.05.2024,"-8 120,00",ТК Черникова,Общее,[counterparty_552231dcd7],,Курьерская служба -
Май,5,20.05.2024,"7 318,00",ТК Черникова,Клиенты-физ.лица,[counterparty_db1aef506b],,Поступление денег с торг. точек
Май,5,21.05.2024,"-8 360,00",ТК Черникова,Общее,[counterparty_552231dcd7],,Курьерская служба -
Май,5,21.05.2024,"19 105,00",ТК Черникова,Клиенты-физ.лица,[counterparty_db1aef506b],,Поступление денег с торг. точек
Май,5,21.05.2024,"-5 011,00",ТК Черникова,Общее,[counterparty_d7a35ccc36],,Оплата поставщикам 
Май,5,21.05.2024,"-86,00",ТК Черникова,Общее,[counterparty_d7a35ccc36],,Расходы на питание персонала
Май,5,21.05.2024,"-20 000,00",ТК Черникова,Общее,,,Выбытие — Перевод между счетами
Май,5,16.05.2024,"-108,00",ТК Черникова,Общее,,,Корретировки кассы -
Май,5,17.05.2024,"-3 816,00",ТК Черникова,Общее,[counterparty_6d6a37d791],,Оплата поставщикам 
Май,5,19.05.2024,"-1 500,00",ТК Черникова,Общее,[counterparty_3f0fc87298],[private_text_6a89c8e84d],Содержание торговых точек
Май,5,20.05.2024,"20 273,13",Альфа,Клиенты-физ.лица,[counterparty_db1aef506b],,Поступление денег с торг. точек
Май,5,20.05.2024,"-33,41",Альфа,Общее,[counterparty_831a0f4ab6],,Эквайринг
Май,5,21.05.2024,"15 851,51",Альфа,Клиенты-физ.лица,[counterparty_db1aef506b],,Поступление денег с торг. точек
Май,5,21.05.2024,"-14,37",Альфа,Общее,[counterparty_831a0f4ab6],,Эквайринг
Май,5,16.05.2024,"216 000,00",Сбербанк,Общее,,,Поступление — Перевод между счетами
Май,5,16.05.2024,"-145 000,00",Сбербанк,Общее,[counterparty_831a0f4ab6],,Оплаты по кредитам и займам
Май,5,16.05.2024,"-35 500,00",Сбербанк,Общее,[counterparty_7e3a73c9be],,Дивиденды
Май,5,16.05.2024,"-35 500,00",Сбербанк,Общее,[counterparty_41bef12399],,Дивиденды
Май,5,21.05.2024,"-648,00",Сбербанк,Общее,[counterparty_831a0f4ab6],,РКО
Май,5,21.05.2024,"128 170,00",Сбербанк,Общее,,,Поступление — Перевод между счетами
Май,5,21.05.2024,"-128 170,00",Сбербанк,Общее,,,Выбытие — Перевод между счетами
Май,5,20.05.2024,"100 056,15",Тинькофф,Клиенты-физ.лица,[counterparty_db1aef506b],,Поступление денег с торг. точек
Май,5,20.05.2024,"-1 501,06",Тинькофф,Общее,[counterparty_831a0f4ab6],,Эквайринг
Май,5,21.05.2024,"63 361,00",Тинькофф,Клиенты-физ.лица,[counterparty_db1aef506b],,Поступление денег с торг. точек
Май,5,21.05.2024,"-950,53",Тинькофф,Общее,[counterparty_831a0f4ab6],,Эквайринг
Май,5,21.05.2024,"-128 170,00",Тинькофф,Общее,,,Выбытие — Перевод между счетами
Май,5,21.05.2024,"-3 497,00",Тинькофф,Общее,[counterparty_d7a35ccc36],[private_text_06a1435c1e],Содержание офиса
Май,5,21.05.2024,"1 370,00",Тинькофф,Клиенты-физ.лица,[counterparty_db1aef506b],,Поступление денег с торг. точек
Май,5,21.05.2024,"-5,48",Тинькофф,Общее,[counterparty_831a0f4ab6],,Эквайринг
Май,5,21.05.2024,"1 618,00",Тинькофф,Клиенты-физ.лица,[counterparty_db1aef506b],,Поступление денег с торг. точек
Май,5,21.05.2024,"-6,47",Тинькофф,Общее,[counterparty_831a0f4ab6],,Эквайринг
Май,5,21.05.2024,"-940,60",Тинькофф,Общее,[counterparty_b2323408fa],,Оплата поставщикам 
Май,5,21.05.2024,"-34,97",Тинькофф,Общее,[counterparty_d7a35ccc36],,Содержание торговых точек
Май,5,21.05.2024,"-10 262,70",Тинькофф,Общее,[counterparty_d7a35ccc36],,Оплата поставщикам 
Май,5,21.05.2024,"-1 413,24",Тинькофф,Общее,[counterparty_d7a35ccc36],,Расходы на питание персонала
Май,5,13.05.2024,"-99,00",Сейф,Общее,[counterparty_831a0f4ab6],,РКО
Май,5,13.05.2024,"-99,00",Сейф,Общее,[counterparty_831a0f4ab6],,РКО
Май,5,22.05.2024,"24 638,60",Альфа,Клиенты-физ.лица,[counterparty_db1aef506b],,Поступление денег с торг. точек
Май,5,22.05.2024,"-50,15",Альфа,Общее,[counterparty_831a0f4ab6],,Эквайринг
Май,5,22.05.2024,"57 652,20",Тинькофф,Клиенты-физ.лица,[counterparty_db1aef506b],,Поступление денег с торг. точек
Май,5,22.05.2024,"-864,91",Тинькофф,Общее,[counterparty_831a0f4ab6],,Эквайринг
Май,5,22.05.2024,"-1 328,00",Тинькофф,Общее,[counterparty_d7a35ccc36],,Содержание торговых точек
Май,5,22.05.2024,"-280,00",Тинькофф,Общее,[counterparty_b2323408fa],,Оплата поставщикам 
Май,5,22.05.2024,"-9 160,00",ТК Черникова,Общее,[counterparty_552231dcd7],,Курьерская служба -
Май,5,22.05.2024,"24 337,00",ТК Черникова,Клиенты-физ.лица,[counterparty_db1aef506b],,Поступление денег с торг. точек
Май,5,22.05.2024,"-6 400,00",ТК Черникова,Общее,[counterparty_5ea766e786],,Оплата поставщикам 
Май,5,24.05.2024,"-5 000,00",ГарантФонд,Общее,[counterparty_552231dcd7],,Курьерская служба -
Май,5,23.05.2024,"-400,00",Сейф,Общее,[counterparty_3f0fc87298],[private_text_00d169637c],Прочие маркетинговые услуги
Май,5,23.05.2024,"-91,00",ТК Черникова,Общее,[counterparty_d7a35ccc36],,Расходы на питание персонала
Май,5,23.05.2024,"-8 224,00",ТК Черникова,Общее,[counterparty_d7a35ccc36],,Оплата поставщикам 
Май,5,23.05.2024,"-9 580,00",ТК Черникова,Общее,[counterparty_552231dcd7],,Курьерская служба -
Май,5,23.05.2024,"13 631,00",ТК Черникова,Клиенты-физ.лица,[counterparty_db1aef506b],,Поступление денег с торг. точек
Май,5,23.05.2024,"19 298,72",Альфа,Клиенты-физ.лица,[counterparty_db1aef506b],,Поступление денег с торг. точек
Май,5,23.05.2024,"-44,08",Альфа,Общее,[counterparty_831a0f4ab6],,Эквайринг
Май,5,23.05.2024,"-1 990,00",Тинькофф,Общее,[counterparty_831a0f4ab6],,РКО
Май,5,23.05.2024,"-99,00",Тинькофф,Общее,[counterparty_831a0f4ab6],,РКО
Май,5,23.05.2024,"-990,00",Тинькофф,Общее,[counterparty_831a0f4ab6],,РКО
Май,5,23.05.2024,"-783,92",Тинькофф,Общее,[counterparty_831a0f4ab6],,Эквайринг
Май,5,23.05.2024,"52 252,00",Тинькофф,Клиенты-физ.лица,[counterparty_db1aef506b],,Поступление денег с торг. точек
Май,5,23.05.2024,"-356,93",Тинькофф,Общее,[counterparty_d7a35ccc36],,Содержание торговых точек
Май,5,23.05.2024,"-3 215,06",Тинькофф,Общее,[counterparty_d7a35ccc36],,Оплата поставщикам 
Май,5,23.05.2024,"-1 825,83",Тинькофф,Общее,[counterparty_d7a35ccc36],,Расходы на питание персонала
Май,5,24.05.2024,"25 552,15",Альфа,Клиенты-физ.лица,[counterparty_db1aef506b],,Поступление денег с торг. точек
Май,5,24.05.2024,"-26,65",Альфа,Общее,[counterparty_831a0f4ab6],,Эквайринг
Май,5,25.05.2024,"41 387,05",Альфа,Клиенты-физ.лица,[counterparty_db1aef506b],,Поступление денег с торг. точек
Май,5,25.05.2024,"-40,15",Альфа,Общее,[counterparty_831a0f4ab6],,Эквайринг
Май,5,26.05.2024,"45 158,14",Альфа,Клиенты-физ.лица,[counterparty_db1aef506b],,Поступление денег с торг. точек
Май,5,26.05.2024,"-79,27",Альфа,Общее,[counterparty_831a0f4ab6],,Эквайринг
Май,5,24.05.2024,"66 025,00",Тинькофф,Клиенты-физ.лица,[counterparty_db1aef506b],,Поступление денег с торг. точек
Май,5,24.05.2024,"-990,50",Тинькофф,Общее,[counterparty_831a0f4ab6],,Эквайринг
Май,5,24.05.2024,"-67 178,00",Тинькофф,Общее,[counterparty_e08d6e58b9],,Аренда торговых точек
Май,5,24.05.2024,"-30 000,00",Тинькофф,Общее,[counterparty_552231dcd7],,Зарплата производственного персонала
Май,5,24.05.2024,"-1 012,00",Тинькофф,Общее,[counterparty_d7a35ccc36],,Содержание торговых точек
Май,5,24.05.2024,"1 988,00",Тинькофф,Клиенты-физ.лица,[counterparty_db1aef506b],,Поступление денег с торг. точек
Май,5,24.05.2024,"-7,95",Тинькофф,Общее,[counterparty_831a0f4ab6],,Эквайринг
Май,5,24.05.2024,"-7 863,75",Тинькофф,Общее,[counterparty_fb5384e8b9],,Оплата поставщикам 
Май,5,25.05.2024,"174 321,00",Тинькофф,Клиенты-физ.лица,[counterparty_db1aef506b],,Поступление денег с торг. точек
Май,5,25.05.2024,"-2 615,12",Тинькофф,Общее,[counterparty_831a0f4ab6],,Эквайринг
Май,5,25.05.2024,"-124 228,00",Тинькофф,Общее,[counterparty_dc430ed78e],,Оплата поставщикам 
Май,5,25.05.2024,"-14 838,87",Тинькофф,Общее,[counterparty_b2323408fa],,Оплата поставщикам 
Май,5,25.05.2024,"-40 255,33",Тинькофф,Общее,[counterparty_8e70032df8],,Оплата поставщикам 
Май,5,25.05.2024,"-5 000,00",Тинькофф,Общее,[counterparty_50d958815d],,Телекоммуникации
Май,5,25.05.2024,"-2 291,44",Тинькофф,Общее,[counterparty_b2323408fa],,Оплата поставщикам 
Май,5,25.05.2024,"-18 000,00",Тинькофф,Общее,[counterparty_7e3a73c9be],,Зарплата административного персонала
Май,5,25.05.2024,"1 299,00",Тинькофф,Клиенты-физ.лица,[counterparty_db1aef506b],,Поступление денег с торг. точек
Май,5,25.05.2024,"-5,20",Тинькофф,Общее,[counterparty_831a0f4ab6],,Эквайринг
Май,5,25.05.2024,"-6 940,44",Тинькофф,Общее,[counterparty_d7a35ccc36],,Оплата поставщикам 
Май,5,25.05.2024,"-1 268,93",Тинькофф,Общее,[counterparty_d7a35ccc36],,Расходы на питание персонала
Май,5,25.05.2024,"-704,89",Тинькофф,Общее,[counterparty_d7a35ccc36],,Содержание торговых точек
Май,5,26.05.2024,"-26 399,96",Тинькофф,Общее,[counterparty_19f4d4c15b],,Оплата поставщикам 
Май,5,26.05.2024,"-10 000,00",Тинькофф,Общее,[counterparty_a8c88d8a2c],,SEO-оптимизация
Май,5,26.05.2024,"-30 657,59",Тинькофф,Общее,[counterparty_bb8cb2d348],,Оплата поставщикам 
Май,5,26.05.2024,"-846,00",Тинькофф,Общее,[counterparty_6d6a37d791],,Оплата поставщикам 
Май,5,26.05.2024,"-68 609,30",Тинькофф,Общее,[counterparty_c4e92b27e2],,Оплата поставщикам 
Май,5,26.05.2024,"-55 752,00",Тинькофф,Общее,[counterparty_fb5384e8b9],,Оплата поставщикам 
Май,5,26.05.2024,"140 056,00",Тинькофф,Клиенты-физ.лица,[counterparty_db1aef506b],,Поступление денег с торг. точек
Май,5,26.05.2024,"-2 101,13",Тинькофф,Общее,[counterparty_831a0f4ab6],,Эквайринг
Май,5,24.05.2024,"-1 350,00",ТК Черникова,Общее,[counterparty_903a43fe3c],,Транспортные услуги
Май,5,24.05.2024,"-17 780,00",ТК Черникова,Общее,[counterparty_552231dcd7],,Курьерская служба -
Май,5,24.05.2024,"42 156,00",ТК Черникова,Клиенты-физ.лица,[counterparty_db1aef506b],,Поступление денег с торг. точек
Май,5,25.05.2024,"-9 590,00",ТК Черникова,Общее,[counterparty_d7a35ccc36],,Оплата поставщикам 
Май,5,25.05.2024,"-82,00",ТК Черникова,Общее,[counterparty_d7a35ccc36],,Расходы на питание персонала
Май,5,25.05.2024,"-16 180,00",ТК Черникова,Общее,[counterparty_552231dcd7],,Курьерская служба -
Май,5,25.05.2024,"20 019,00",ТК Черникова,Клиенты-физ.лица,[counterparty_db1aef506b],,Поступление денег с торг. точек
Май,5,26.05.2024,"-14 220,00",ТК Черникова,Общее,[counterparty_552231dcd7],,Курьерская служба -
Май,5,26.05.2024,"20 206,00",ТК Черникова,Клиенты-физ.лица,[counterparty_db1aef506b],,Поступление денег с торг. точек
Май,5,27.05.2024,"23 196,18",Альфа,Клиенты-физ.лица,[counterparty_db1aef506b],,Поступление денег с торг. точек
Май,5,27.05.2024,"-9,10",Альфа,Общее,[counterparty_831a0f4ab6],,Эквайринг
Май,5,27.05.2024,"-306 200,00",Альфа,Общее,,,Выбытие — Перевод между счетами
Май,5,28.05.2024,"12 174,95",Альфа,Клиенты-физ.лица,[counterparty_db1aef506b],,Поступление денег с торг. точек
Май,5,28.05.2024,"-19,84",Альфа,Общее,[counterparty_831a0f4ab6],,Эквайринг
Май,5,27.05.2024,"103 810,00",Тинькофф,Клиенты-физ.лица,[counterparty_db1aef506b],,Поступление денег с торг. точек
Май,5,27.05.2024,"-1 557,38",Тинькофф,Общее,[counterparty_831a0f4ab6],,Эквайринг
Май,5,27.05.2024,"670,00",Тинькофф,Клиенты-физ.лица,[counterparty_db1aef506b],,Поступление денег с торг. точек
Май,5,27.05.2024,"-2,68",Тинькофф,Общее,[counterparty_831a0f4ab6],,Эквайринг
Май,5,27.05.2024,"1 199,00",Тинькофф,Клиенты-физ.лица,[counterparty_db1aef506b],,Поступление денег с торг. точек
Май,5,27.05.2024,"-4,80",Тинькофф,Общее,[counterparty_831a0f4ab6],,Эквайринг
Май,5,27.05.2024,"-2 610,40",Тинькофф,Общее,[counterparty_d7a35ccc36],,Расходы на питание персонала
Май,5,27.05.2024,"-7 275,61",Тинькофф,Общее,[counterparty_d7a35ccc36],,Оплата поставщикам 
Май,5,27.05.2024,"-1 024,16",Тинькофф,Общее,[counterparty_d7a35ccc36],,Содержание торговых точек
Май,5,27.05.2024,"-3 388,00",Тинькофф,Общее,[counterparty_b2323408fa],,Оплата поставщикам 
Май,5,27.05.2024,"32 250,00",Сейф,Общее,,,Поступление — Перевод между счетами
Май,5,27.05.2024,"-799,00",Сейф,Общее,[counterparty_db1aef506b],,Возвраты клиентам
Май,5,28.05.2024,"10 000,00",Сейф,Общее,,,Поступление — Перевод между счетами
Май,5,28.05.2024,"95 251,00",Сейф,Общее,,,Поступление — Перевод между счетами
Май,5,28.05.2024,"-135 801,00",Сейф,Общее,[counterparty_552231dcd7],,Зарплата производственного персонала
Май,5,28.05.2024,"-2 000,00",Сейф,Общее,[counterparty_903a43fe3c],,Оплата поставщикам 
Май,5,28.05.2024,"195 251,00",Сбербанк,Общее,,,Поступление — Перевод между счетами
Май,5,28.05.2024,"-100 000,00",Сбербанк,Общее,[counterparty_e08d6e58b9],,Аренда торговых точек
Май,5,28.05.2024,"-95 251,00",Сбербанк,Общее,,,Выбытие — Перевод между счетами
Май,5,28.05.2024,"89 020,00",Тинькофф,Клиенты-физ.лица,[counterparty_db1aef506b],,Поступление денег с торг. точек
Май,5,28.05.2024,"306 200,00",Тинькофф,Общее,,,Поступление — Перевод между счетами
Май,5,28.05.2024,"-1 335,47",Тинькофф,Общее,[counterparty_831a0f4ab6],,Эквайринг
Май,5,28.05.2024,"2 348,00",Тинькофф,Клиенты-физ.лица,[counterparty_db1aef506b],,Поступление денег с торг. точек
Май,5,28.05.2024,"-9,39",Тинькофф,Общее,[counterparty_831a0f4ab6],,Эквайринг
Май,5,28.05.2024,"-195 251,00",Тинькофф,Общее,,,Выбытие — Перевод между счетами
Май,5,28.05.2024,"-75 000,00",Тинькофф,Общее,[counterparty_347b901ee4],,Контекстная реклама
Май,5,28.05.2024,"-1 940,00",Тинькофф,Общее,[counterparty_d7a35ccc36],,Содержание торговых точек
Май,5,28.05.2024,"-259,98",Тинькофф,Общее,[counterparty_d7a35ccc36],,Содержание торговых точек
Май,5,27.05.2024,"-32 250,00",ТК Черникова,Общее,,,Выбытие — Перевод между счетами
Май,5,27.05.2024,"-3 871,00",ТК Черникова,Общее,[counterparty_d7a35ccc36],,Оплата поставщикам 
Май,5,27.05.2024,"-9 440,00",ТК Черникова,Общее,[counterparty_552231dcd7],,Курьерская служба -
Май,5,27.05.2024,"18 607,00",ТК Черникова,Клиенты-физ.лица,[counterparty_db1aef506b],,Поступление денег с торг. точек
Май,5,28.05.2024,"-10 000,00",ТК Черникова,Общее,,,Выбытие — Перевод между счетами
Май,5,28.05.2024,"-820,00",ТК Черникова,Общее,,,Корретировки кассы -
Май,5,28.05.2024,"-9 640,00",ТК Черникова,Общее,[counterparty_552231dcd7],,Курьерская служба -
Май,5,28.05.2024,"10 490,00",ТК Черникова,Клиенты-физ.лица,[counterparty_db1aef506b],,Поступление денег с торг. точек
Май,5,29.05.2024,"-9 040,00",ТК Черникова,Общее,[counterparty_552231dcd7],,Курьерская служба -
Май,5,29.05.2024,"19 765,00",ТК Черникова,Клиенты-физ.лица,[counterparty_db1aef506b],,Поступление денег с торг. точек
Май,5,29.05.2024,"-5 675,00",ТК Черникова,Общее,[counterparty_d7a35ccc36],,Оплата поставщикам 
Май,5,29.05.2024,"-82,00",ТК Черникова,Общее,[counterparty_d7a35ccc36],,Расходы на питание персонала
Май,5,29.05.2024,"-1 000,00",Сейф,Общее,[counterparty_45d6b05c94],,Поиск и найм персонала
Май,5,29.05.2024,"32 055,90",Альфа,Клиенты-физ.лица,[counterparty_db1aef506b],,Поступление денег с торг. точек
Май,5,29.05.2024,"-16,76",Альфа,Общее,[counterparty_831a0f4ab6],,Эквайринг
Май,5,29.05.2024,"70 164,55",Тинькофф,Клиенты-физ.лица,[counterparty_db1aef506b],,Поступление денег с торг. точек
Май,5,29.05.2024,"-1 052,65",Тинькофф,Общее,[counterparty_831a0f4ab6],,Эквайринг
Май,5,29.05.2024,"1 289,00",Тинькофф,Клиенты-физ.лица,[counterparty_db1aef506b],,Поступление денег с торг. точек
Май,5,29.05.2024,"-5,16",Тинькофф,Общее,[counterparty_831a0f4ab6],,Эквайринг
Май,5,29.05.2024,"2 036,00",Тинькофф,Клиенты-физ.лица,[counterparty_db1aef506b],,Поступление денег с торг. точек
Май,5,29.05.2024,"-8,14",Тинькофф,Общее,[counterparty_831a0f4ab6],,Эквайринг
Май,5,29.05.2024,"-39,96",Тинькофф,Общее,[counterparty_d7a35ccc36],,Содержание торговых точек
Май,5,29.05.2024,"-1 220,43",Тинькофф,Общее,[counterparty_d7a35ccc36],,Расходы на питание персонала
Май,5,29.05.2024,"-13 203,22",Тинькофф,Общее,[counterparty_d7a35ccc36],,Оплата поставщикам 
Май,5,30.05.2024,"15 073,60",Альфа,Клиенты-физ.лица,[counterparty_db1aef506b],,Поступление денег с торг. точек
Май,5,30.05.2024,"-30,18",Альфа,Общее,[counterparty_831a0f4ab6],,Эквайринг
Май,5,30.05.2024,"-199,00",Сейф,Общее,[counterparty_831a0f4ab6],,РКО
Май,5,30.05.2024,"-6 668,00",ТК Черникова,Общее,[counterparty_5ea766e786],,Оплата поставщикам 
Май,5,30.05.2024,"-1 000,00",ТК Черникова,Общее,[counterparty_903a43fe3c],,Транспортные услуги
Май,5,30.05.2024,"-8 450,00",ТК Черникова,Общее,[counterparty_552231dcd7],,Курьерская служба -
Май,5,30.05.2024,"13 168,15",ТК Черникова,Клиенты-физ.лица,[counterparty_db1aef506b],,Поступление денег с торг. точек
Май,5,30.05.2024,"-1 219,70",Тинькофф,Общее,[counterparty_831a0f4ab6],,Эквайринг
Май,5,30.05.2024,"81 303,00",Тинькофф,Клиенты-физ.лица,[counterparty_db1aef506b],,Поступление денег с торг. точек
Май,5,30.05.2024,"940,00",Тинькофф,Клиенты-физ.лица,[counterparty_db1aef506b],,Поступление денег с торг. точек
Май,5,30.05.2024,"-3,76",Тинькофф,Общее,[counterparty_831a0f4ab6],,Эквайринг
Май,5,31.05.2024,"84 317,00",Тинькофф,Клиенты-физ.лица,[counterparty_db1aef506b],,Поступление денег с торг. точек
Май,5,31.05.2024,"-1 264,91",Тинькофф,Общее,[counterparty_831a0f4ab6],,Эквайринг
Май,5,31.05.2024,"2 198,00",Тинькофф,Клиенты-физ.лица,[counterparty_db1aef506b],,Поступление денег с торг. точек
Май,5,31.05.2024,"-8,79",Тинькофф,Общее,[counterparty_831a0f4ab6],,Эквайринг
Май,5,31.05.2024,"635,00",Тинькофф,Клиенты-физ.лица,[counterparty_db1aef506b],,Поступление денег с торг. точек
Май,5,31.05.2024,"-2,54",Тинькофф,Общее,[counterparty_831a0f4ab6],,Эквайринг
Май,5,31.05.2024,"1 466,00",Тинькофф,Клиенты-физ.лица,[counterparty_db1aef506b],,Поступление денег с торг. точек
Май,5,31.05.2024,"-5,86",Тинькофф,Общее,[counterparty_831a0f4ab6],,Эквайринг
Май,5,31.05.2024,"-5 845,50",Тинькофф,Общее,[counterparty_fb5384e8b9],,Оплата поставщикам 
Май,5,31.05.2024,"-21 131,33",Тинькофф,Общее,[counterparty_8e70032df8],,Оплата поставщикам 
Май,5,31.05.2024,"-106 845,00",Тинькофф,Общее,[counterparty_dc430ed78e],,Оплата поставщикам 
Май,5,31.05.2024,"-30 698,00",Тинькофф,Общее,[counterparty_19f4d4c15b],,Оплата поставщикам 
Май,5,31.05.2024,"-67 027,35",Тинькофф,Общее,[counterparty_fb5384e8b9],,Оплата поставщикам 
Май,5,31.05.2024,"-83 911,80",Тинькофф,Общее,[counterparty_c4e92b27e2],,Оплата поставщикам 
Май,5,31.05.2024,"-5 422,70",Тинькофф,Общее,[counterparty_6d6a37d791],,Оплата поставщикам 
Май,5,31.05.2024,"-50 244,12",Тинькофф,Общее,[counterparty_bb8cb2d348],,Оплата поставщикам 
Май,5,31.05.2024,"-52 974,00",Тинькофф,Общее,,,Выбытие — Перевод между счетами
Май,5,31.05.2024,"1 124,00",Тинькофф,Клиенты-физ.лица,[counterparty_db1aef506b],,Поступление денег с торг. точек
Май,5,31.05.2024,"-4,50",Тинькофф,Общее,[counterparty_831a0f4ab6],,Эквайринг
Май,5,31.05.2024,"-279,00",Тинькофф,Общее,,,Выбытие — Перевод между счетами
Май,5,31.05.2024,"-526,00",Тинькофф,Общее,[counterparty_b2323408fa],,Оплата поставщикам 
Май,5,31.05.2024,"-3 243,27",Тинькофф,Общее,[counterparty_d7a35ccc36],,Оплата поставщикам 
Май,5,31.05.2024,"-565,39",Тинькофф,Общее,[counterparty_d7a35ccc36],,Содержание торговых точек
Май,5,31.05.2024,"-2 562,48",Тинькофф,Общее,[counterparty_d7a35ccc36],,Расходы на питание персонала
Июнь,6,01.06.2024,"96 527,00",Тинькофф,Клиенты-физ.лица,[counterparty_db1aef506b],,Поступление денег с торг. точек
Июнь,6,01.06.2024,"-1 448,08",Тинькофф,Общее,[counterparty_831a0f4ab6],,Эквайринг
Июнь,6,01.06.2024,"-4 000,00",Тинькофф,Общее,,,Выбытие — Перевод между счетами
Июнь,6,01.06.2024,"-62 000,00",Тинькофф,Общее,[counterparty_41bef12399],,Зарплата административного персонала
Июнь,6,01.06.2024,"-40 000,00",Тинькофф,Общее,[counterparty_7e3a73c9be],,Зарплата административного персонала
Июнь,6,01.06.2024,"2 024,00",Тинькофф,Клиенты-физ.лица,[counterparty_db1aef506b],,Поступление денег с торг. точек
Июнь,6,01.06.2024,"-8,10",Тинькофф,Общее,[counterparty_831a0f4ab6],,Эквайринг
Июнь,6,01.06.2024,"-5 000,00",Тинькофф,Общее,[counterparty_50d958815d],,Телекоммуникации
Июнь,6,01.06.2024,"250,00",Тинькофф,Клиенты-физ.лица,[counterparty_db1aef506b],,Поступление денег с торг. точек
Июнь,6,01.06.2024,"-1,00",Тинькофф,Общее,[counterparty_831a0f4ab6],,Эквайринг
Июнь,6,02.06.2024,"150,00",Тинькофф,Клиенты-физ.лица,[counterparty_db1aef506b],,Поступление денег с торг. точек
Июнь,6,02.06.2024,"-0,60",Тинькофф,Общее,[counterparty_831a0f4ab6],,Эквайринг
Июнь,6,02.06.2024,"154 699,05",Тинькофф,Клиенты-физ.лица,[counterparty_db1aef506b],,Поступление денег с торг. точек
Июнь,6,02.06.2024,"-2 320,82",Тинькофф,Общее,[counterparty_831a0f4ab6],,Эквайринг
Июнь,6,02.06.2024,"-768,96",Тинькофф,Общее,[counterparty_d7a35ccc36],,Расходы на питание персонала
Июнь,6,02.06.2024,"-499,91",Тинькофф,Общее,[counterparty_d7a35ccc36],,Содержание торговых точек
Июнь,6,02.06.2024,"-5 267,63",Тинькофф,Общее,[counterparty_d7a35ccc36],,Оплата поставщикам 
Май,5,31.05.2024,"27 594,11",Альфа,Клиенты-физ.лица,[counterparty_db1aef506b],,Поступление денег с торг. точек
Май,5,31.05.2024,"-89,47",Альфа,Общее,[counterparty_831a0f4ab6],,Эквайринг
Июнь,6,01.06.2024,"47 334,94",Альфа,Клиенты-физ.лица,[counterparty_db1aef506b],,Поступление денег с торг. точек
Июнь,6,01.06.2024,"-70,54",Альфа,Общее,[counterparty_831a0f4ab6],,Эквайринг
Июнь,6,02.06.2024,"60 418,66",Альфа,Клиенты-физ.лица,[counterparty_db1aef506b],,Поступление денег с торг. точек
Июнь,6,02.06.2024,"-60,00",Альфа,Общее,[counterparty_831a0f4ab6],,Эквайринг
Май,5,31.05.2024,"-970,26",Сбербанк,Общее,[counterparty_831a0f4ab6],,РКО
Май,5,31.05.2024,"52 974,00",Сейф,Общее,,,Поступление — Перевод между счетами
Май,5,31.05.2024,"-2 000,00",Сейф,Общее,[counterparty_903a43fe3c],,Оплата поставщикам 
Май,5,31.05.2024,"-6 223,44",Сейф,Общее,[counterparty_07485de87e],,Оплата поставщикам 
Май,5,31.05.2024,"-4 000,00",Сейф,Общее,[counterparty_c7f82a55d3],,Транспортные услуги
Июнь,6,01.06.2024,"4 000,00",Сейф,Общее,,,Поступление — Перевод между счетами
Июнь,6,01.06.2024,"-7 000,00",Сейф,Общее,[counterparty_552231dcd7],,Содержание торговых точек
Июнь,6,01.06.2024,"-14 750,00",Сейф,Общее,[counterparty_552231dcd7],,Зарплата административного персонала
Июнь,6,01.06.2024,"-23 000,00",Сейф,Общее,[counterparty_552231dcd7],,Зарплата административного персонала
Июнь,6,01.06.2024,"-4 000,00",Сейф,Общее,[counterparty_e08d6e58b9],,Аренда склада
Май,5,31.05.2024,"-285,00",ТК Черникова,Общее,[counterparty_d7a35ccc36],,Содержание торговых точек
Май,5,31.05.2024,"279,00",ТК Черникова,Общее,,,Поступление — Перевод между счетами
Май,5,31.05.2024,"-14 260,00",ТК Черникова,Общее,[counterparty_552231dcd7],,Курьерская служба -
Май,5,31.05.2024,"26 935,85",ТК Черникова,Клиенты-физ.лица,[counterparty_db1aef506b],,Поступление денег с торг. точек
Май,5,31.05.2024,"-1 000,00",ТК Черникова,Общее,[counterparty_3f0fc87298],[private_text_b40410bcbc],Транспортные услуги
Май,5,30.05.2024,"-1 000,00",ТК Черникова,Общее,[counterparty_3f0fc87298],[private_text_c1d50160b4],Содержание торговых точек
Июнь,6,01.06.2024,"-19 680,00",ТК Черникова,Общее,[counterparty_552231dcd7],,Курьерская служба -
Июнь,6,01.06.2024,"49 745,00",ТК Черникова,Клиенты-физ.лица,[counterparty_db1aef506b],,Поступление денег с торг. точек
Июнь,6,02.06.2024,"-300,00",ТК Черникова,Общее,[counterparty_3f0fc87298],[private_text_cbfd71f349],Содержание торговых точек
Июнь,6,02.06.2024,"-7 163,00",ТК Черникова,Общее,[counterparty_d7a35ccc36],,Оплата поставщикам 
Июнь,6,02.06.2024,"-1 800,00",ТК Черникова,Общее,[counterparty_d7a35ccc36],,Оплата поставщикам 
Июнь,6,02.06.2024,"-6 657,00",ТК Черникова,Общее,[counterparty_d7a35ccc36],,Оплата поставщикам 
Июнь,6,02.06.2024,"-12 140,00",ТК Черникова,Общее,[counterparty_552231dcd7],,Курьерская служба -
Июнь,6,02.06.2024,"31 943,00",ТК Черникова,Клиенты-физ.лица,[counterparty_db1aef506b],,Поступление денег с торг. точек
Июнь,6,03.06.2024,"40 000,00",Сейф,Общее,,,Поступление — Перевод между счетами
Июнь,6,04.06.2024,"-54 200,00",Сейф,Общее,[counterparty_552231dcd7],,Зарплата производственного персонала
Июнь,6,04.06.2024,"226 240,00",Сейф,Корпоративные клиенты,,,Поступление денег с торг. точек
Июнь,6,04.06.2024,"-107 000,00",Сейф,Общее,[counterparty_552231dcd7],,Зарплата производственного персонала
Июнь,6,06.06.2024,"2 000,00",Сейф,Общее,,[private_text_90c60979f4],Прочие поступления
Июнь,6,06.06.2024,"-500,00",Сейф,Общее,[counterparty_d7a35ccc36],,Содержание торговых точек
Июнь,6,03.06.2024,"-40 000,00",ТК Черникова,Общее,,,Выбытие — Перевод между счетами
Июнь,6,03.06.2024,"-9 680,00",ТК Черникова,Общее,[counterparty_552231dcd7],,Курьерская служба -
Июнь,6,03.06.2024,"16 777,00",ТК Черникова,Клиенты-физ.лица,[counterparty_db1aef506b],,Поступление денег с торг. точек
Июнь,6,04.06.2024,"-4 874,00",ТК Черникова,Общее,[counterparty_d7a35ccc36],,Оплата поставщикам 
Июнь,6,04.06.2024,"-7 000,00",ТК Черникова,Общее,[counterparty_5ea766e786],,Оплата поставщикам 
Июнь,6,04.06.2024,"-8 780,00",ТК Черникова,Общее,[counterparty_552231dcd7],,Курьерская служба -
Июнь,6,04.06.2024,"21 790,15",ТК Черникова,Клиенты-физ.лица,[counterparty_db1aef506b],,Поступление денег с торг. точек
Июнь,6,05.06.2024,"-6 520,00",ТК Черникова,Общее,[counterparty_552231dcd7],,Курьерская служба -
Июнь,6,05.06.2024,"13 684,00",ТК Черникова,Клиенты-физ.лица,[counterparty_db1aef506b],,Поступление денег с торг. точек
Июнь,6,03.06.2024,"25 321,62",Альфа,Клиенты-физ.лица,[counterparty_db1aef506b],,Поступление денег с торг. точек
Июнь,6,03.06.2024,"-10,35",Альфа,Общее,[counterparty_831a0f4ab6],,Эквайринг
Июнь,6,04.06.2024,"20 031,03",Альфа,Клиенты-физ.лица,[counterparty_db1aef506b],,Поступление денег с торг. точек
Июнь,6,04.06.2024,"-16,98",Альфа,Общее,[counterparty_831a0f4ab6],,Эквайринг
Июнь,6,05.06.2024,"20 009,39",Альфа,Клиенты-физ.лица,[counterparty_db1aef506b],,Поступление денег с торг. точек
Июнь,6,05.06.2024,"-37,88",Альфа,Общее,[counterparty_831a0f4ab6],,Эквайринг
Июнь,6,06.06.2024,"12 211,71",Альфа,Клиенты-физ.лица,[counterparty_db1aef506b],,Поступление денег с торг. точек
Июнь,6,06.06.2024,"-21,44",Альфа,Общее,[counterparty_831a0f4ab6],,Эквайринг
Июнь,6,06.06.2024,"-5 765,00",ТК Черникова,Общее,[counterparty_d7a35ccc36],,Оплата поставщикам 
Июнь,6,06.06.2024,"-9 740,00",ТК Черникова,Общее,[counterparty_552231dcd7],,Курьерская служба -
Июнь,6,06.06.2024,"28 930,65",ТК Черникова,Клиенты-физ.лица,[counterparty_db1aef506b],,Поступление денег с торг. точек
Июнь,6,04.06.2024,"-300,00",ТК Черникова,Общее,[counterparty_3f0fc87298],[private_text_5dc3cd8acf],Содержание торговых точек
Июнь,6,04.06.2024,"-1 200,00",ТК Черникова,Общее,[counterparty_3f0fc87298],[private_text_e26c5f7e02],Содержание торговых точек
Июнь,6,03.06.2024,"82 682,00",Тинькофф,Клиенты-физ.лица,[counterparty_db1aef506b],,Поступление денег с торг. точек
Июнь,6,03.06.2024,"-1 240,39",Тинькофф,Общее,[counterparty_831a0f4ab6],,Эквайринг
Июнь,6,03.06.2024,"-7 000,00",Тинькофф,Общее,[counterparty_1c967c7874],,Комиссия агрегатору
Июнь,6,03.06.2024,"-18 000,00",Тинькофф,Общее,,,Выбытие — Перевод между счетами
Июнь,6,04.06.2024,"76 430,00",Тинькофф,Клиенты-физ.лица,[counterparty_db1aef506b],,Поступление денег с торг. точек
Июнь,6,04.06.2024,"-1 146,59",Тинькофф,Общее,[counterparty_831a0f4ab6],,Эквайринг
Июнь,6,04.06.2024,"-75 000,00",Тинькофф,Общее,[counterparty_cd0c8c2f69],,Услуги ФД и НК
Июнь,6,04.06.2024,"-12 885,00",Тинькофф,Общее,[counterparty_449fa47f79],,Оплаты систем автоматизации
Июнь,6,04.06.2024,"1 007,00",Тинькофф,Клиенты-физ.лица,[counterparty_db1aef506b],,Поступление денег с торг. точек
Июнь,6,04.06.2024,"-4,03",Тинькофф,Общее,[counterparty_831a0f4ab6],,Эквайринг
Июнь,6,04.06.2024,"1 030,00",Тинькофф,Клиенты-физ.лица,[counterparty_db1aef506b],,Поступление денег с торг. точек
Июнь,6,04.06.2024,"-4,12",Тинькофф,Общее,[counterparty_831a0f4ab6],,Эквайринг
Июнь,6,04.06.2024,"-5 937,69",Тинькофф,Общее,[counterparty_d7a35ccc36],,Оплата поставщикам 
Июнь,6,04.06.2024,"-44,94",Тинькофф,Общее,[counterparty_d7a35ccc36],,Содержание торговых точек
Июнь,6,04.06.2024,"-1 141,55",Тинькофф,Общее,[counterparty_d7a35ccc36],,Расходы на питание персонала
Июнь,6,05.06.2024,"66 549,00",Тинькофф,Клиенты-физ.лица,[counterparty_db1aef506b],,Поступление денег с торг. точек
Июнь,6,05.06.2024,"-998,37",Тинькофф,Общее,[counterparty_831a0f4ab6],,Эквайринг
Июнь,6,05.06.2024,"-4 781,00",Тинькофф,Общее,[counterparty_d7a35ccc36],,Оплата поставщикам 
Июнь,6,05.06.2024,"-20 000,00",Тинькофф,Общее,[counterparty_7e3a73c9be],,Зарплата административного персонала
Июнь,6,05.06.2024,"1 958,00",Тинькофф,Клиенты-физ.лица,[counterparty_db1aef506b],,Поступление денег с торг. точек
Июнь,6,05.06.2024,"-7,83",Тинькофф,Общее,[counterparty_831a0f4ab6],,Эквайринг
Июнь,6,05.06.2024,"-128,99",Тинькофф,Общее,[counterparty_d7a35ccc36],,Оплата поставщикам 
Июнь,6,06.06.2024,"45 893,80",Тинькофф,Клиенты-физ.лица,[counterparty_db1aef506b],,Поступление денег с торг. точек
Июнь,6,06.06.2024,"-688,52",Тинькофф,Общее,[counterparty_831a0f4ab6],,Эквайринг
Июнь,6,06.06.2024,"-4 000,00",Тинькофф,Общее,[counterparty_9147d41bbb],,Аренда торговых точек
Июнь,6,06.06.2024,"-1 000,00",Тинькофф,Общее,[counterparty_9147d41bbb],,Аренда торговых точек
Июнь,6,06.06.2024,"-2 930,36",Тинькофф,Общее,[counterparty_ecf3465a86],,Аренда торговых точек
Июнь,6,06.06.2024,"-2 400,00",Тинькофф,Общее,[counterparty_e3d41d1621],,Телекоммуникации
Июнь,6,06.06.2024,"-675,98",Тинькофф,Общее,[counterparty_ecf3465a86],,Аренда торговых точек
Июнь,6,06.06.2024,"-6 000,00",Тинькофф,Общее,[counterparty_ab325eb126],,Оплаты систем автоматизации
Июнь,6,06.06.2024,"-4 000,00",Тинькофф,Общее,[counterparty_ab325eb126],,Оплаты систем автоматизации
Июнь,6,06.06.2024,"-101 927,00",Тинькофф,Общее,[counterparty_cb93f56848],,Сайт и приложение
Июнь,6,06.06.2024,"-176,40",Тинькофф,Общее,[counterparty_b2323408fa],,Оплата поставщикам 
Июнь,6,06.06.2024,"-6 624,00",Тинькофф,Общее,[counterparty_3f0fc87298],[private_text_38c55cba4e],Расходы на персонал
Июнь,6,06.06.2024,"1 636,00",Тинькофф,Клиенты-физ.лица,[counterparty_db1aef506b],,Поступление денег с торг. точек
Июнь,6,06.06.2024,"-6,54",Тинькофф,Общее,[counterparty_831a0f4ab6],,Эквайринг
Июнь,6,06.06.2024,"-360,95",Тинькофф,Общее,[counterparty_d7a35ccc36],,Содержание торговых точек
Июнь,6,06.06.2024,"-3 533,09",Тинькофф,Общее,[counterparty_d7a35ccc36],,Оплата поставщикам 
Июнь,6,06.06.2024,"-965,96",Тинькофф,Общее,[counterparty_d7a35ccc36],,Расходы на питание персонала
Июнь,6,07.06.2024,"28 150,00",Сейф,Общее,,,Поступление — Перевод между счетами
Июнь,6,08.06.2024,"-12 000,00",Сейф,Общее,[counterparty_3f0fc87298],[private_text_d42deae3b6],Содержание торговых точек
Июнь,6,07.06.2024,"-12 750,00",ТК Черникова,Общее,[counterparty_552231dcd7],,Курьерская служба -
Июнь,6,07.06.2024,"29 259,00",ТК Черникова,Клиенты-физ.лица,[counterparty_db1aef506b],,Поступление денег с торг. точек
Июнь,6,07.06.2024,"-28 150,00",ТК Черникова,Общее,,,Выбытие — Перевод между счетами
Июнь,6,07.06.2024,"-4 716,00",ТК Черникова,Общее,[counterparty_5ea766e786],,Оплата поставщикам 
Июнь,6,08.06.2024,"-5 052,00",ТК Черникова,Общее,[counterparty_d7a35ccc36],,Оплата поставщикам 
Июнь,6,08.06.2024,"-12 482,00",ТК Черникова,Общее,[counterparty_552231dcd7],,Курьерская служба -
Июнь,6,08.06.2024,"26 048,00",ТК Черникова,Клиенты-физ.лица,[counterparty_db1aef506b],,Поступление денег с торг. точек
Июнь,6,09.06.2024,"-900,00",ТК Черникова,Общее,[counterparty_903a43fe3c],,Оплата поставщикам 
Июнь,6,09.06.2024,"-700,00",ТК Черникова,Общее,[counterparty_552231dcd7],,Курьерская служба -
Июнь,6,09.06.2024,"-10 860,00",ТК Черникова,Общее,[counterparty_552231dcd7],,Курьерская служба -
Июнь,6,09.06.2024,"23 747,00",ТК Черникова,Клиенты-физ.лица,[counterparty_db1aef506b],,Поступление денег с торг. точек
Июнь,6,07.06.2024,"28 406,35",Альфа,Клиенты-физ.лица,[counterparty_db1aef506b],,Поступление денег с торг. точек
Июнь,6,07.06.2024,"-30,84",Альфа,Общее,[counterparty_831a0f4ab6],,Эквайринг
Июнь,6,08.06.2024,"29 024,18",Альфа,Клиенты-физ.лица,[counterparty_db1aef506b],,Поступление денег с торг. точек
Июнь,6,08.06.2024,"-56,50",Альфа,Общее,[counterparty_831a0f4ab6],,Эквайринг
Июнь,6,09.06.2024,"21 606,94",Альфа,Клиенты-физ.лица,[counterparty_db1aef506b],,Поступление денег с торг. точек
Июнь,6,07.06.2024,"69 595,45",Тинькофф,Клиенты-физ.лица,[counterparty_db1aef506b],,Поступление денег с торг. точек
Июнь,6,07.06.2024,"-1 044,07",Тинькофф,Общее,[counterparty_831a0f4ab6],,Эквайринг
Июнь,6,07.06.2024,"-35 343,81",Тинькофф,Общее,[counterparty_8e70032df8],,Оплата поставщикам 
Июнь,6,07.06.2024,"-5 339,25",Тинькофф,Общее,[counterparty_fb5384e8b9],,Оплата поставщикам 
Июнь,6,07.06.2024,"-6 142,00",Тинькофф,Общее,[counterparty_b2323408fa],,Оплата поставщикам 
Июнь,6,07.06.2024,"-114 006,50",Тинькофф,Общее,[counterparty_dc430ed78e],,Оплата поставщикам 
Июнь,6,07.06.2024,"260,00",Тинькофф,Клиенты-физ.лица,[counterparty_db1aef506b],,Поступление денег с торг. точек
Июнь,6,07.06.2024,"-1,04",Тинькофф,Общее,[counterparty_831a0f4ab6],,Эквайринг
Июнь,6,08.06.2024,"94 157,00",Тинькофф,Клиенты-физ.лица,[counterparty_db1aef506b],,Поступление денег с торг. точек
Июнь,6,08.06.2024,"-1 412,58",Тинькофф,Общее,[counterparty_831a0f4ab6],,Эквайринг
Июнь,6,08.06.2024,"-2 591,18",Тинькофф,Общее,[counterparty_d7a35ccc36],,Оплата поставщикам 
Июнь,6,08.06.2024,"-313,97",Тинькофф,Общее,[counterparty_d7a35ccc36],,Содержание торговых точек
Июнь,6,08.06.2024,"-1 394,72",Тинькофф,Общее,[counterparty_d7a35ccc36],,Расходы на питание персонала
Июнь,6,09.06.2024,"94 391,00",Тинькофф,Клиенты-физ.лица,[counterparty_db1aef506b],,Поступление денег с торг. точек
Июнь,6,09.06.2024,"-1 416,13",Тинькофф,Общее,[counterparty_831a0f4ab6],,Эквайринг
Июнь,6,09.06.2024,"-7 500,00",Тинькофф,Общее,[counterparty_d1d2f948bb],,Оплаты систем автоматизации
Июнь,6,09.06.2024,"-61 891,76",Тинькофф,Общее,[counterparty_fb5384e8b9],,Оплата поставщикам 
Июнь,6,09.06.2024,"-21 978,00",Тинькофф,Общее,[counterparty_bb8cb2d348],,Оплата поставщикам 
Июнь,6,09.06.2024,"-31 850,44",Тинькофф,Общее,[counterparty_19f4d4c15b],,Оплата поставщикам 
Июнь,6,09.06.2024,"-55 202,60",Тинькофф,Общее,[counterparty_c4e92b27e2],,Оплата поставщикам 
Июнь,6,09.06.2024,"-12 885,00",Тинькофф,Общее,[counterparty_449fa47f79],,Оплаты систем автоматизации
Июнь,6,09.06.2024,"1 299,00",Тинькофф,Клиенты-физ.лица,[counterparty_db1aef506b],,Поступление денег с торг. точек
Июнь,6,09.06.2024,"-5,20",Тинькофф,Общее,[counterparty_831a0f4ab6],,Эквайринг
Июнь,6,09.06.2024,"1 213,00",Тинькофф,Клиенты-физ.лица,[counterparty_db1aef506b],,Поступление денег с торг. точек
Июнь,6,09.06.2024,"-4,85",Тинькофф,Общее,[counterparty_831a0f4ab6],,Эквайринг
Июнь,6,09.06.2024,"-987,90",Тинькофф,Общее,[counterparty_d7a35ccc36],,Оплата поставщикам 
Июнь,6,09.06.2024,"-8,99",Тинькофф,Общее,[counterparty_d7a35ccc36],,Содержание торговых точек
Июнь,6,03.06.2024,"18 000,00",Сбербанк,Общее,,,Поступление — Перевод между счетами
Июнь,6,03.06.2024,"-18 000,00",Сбербанк,Общее,[counterparty_831a0f4ab6],,Оплаты по кредитам и займам
Июнь,6,04.06.2024,"-459,00",Сбербанк,Общее,[counterparty_831a0f4ab6],,Оплаты по кредитам и займам
Июнь,6,10.06.2024,"21 675,02",Альфа,Клиенты-физ.лица,[counterparty_db1aef506b],,Поступление денег с торг. точек
Июнь,6,10.06.2024,"-299,00",Альфа,Общее,[counterparty_831a0f4ab6],,РКО
Июнь,6,10.06.2024,"-365 000,00",Альфа,Общее,,,Выбытие — Перевод между счетами
Июнь,6,10.06.2024,"-30,45",Альфа,Общее,[counterparty_831a0f4ab6],,Эквайринг
Июнь,6,11.06.2024,"27 530,53",Альфа,Клиенты-физ.лица,[counterparty_db1aef506b],,Поступление денег с торг. точек
Июнь,6,11.06.2024,"-35,60",Альфа,Общее,[counterparty_831a0f4ab6],,Эквайринг
Июнь,6,10.06.2024,"80 457,00",Тинькофф,Клиенты-физ.лица,[counterparty_db1aef506b],,Поступление денег с торг. точек
Июнь,6,10.06.2024,"-1 207,05",Тинькофф,Общее,[counterparty_831a0f4ab6],,Эквайринг
Июнь,6,10.06.2024,"-5 000,00",Тинькофф,Общее,[counterparty_50d958815d],,Телекоммуникации
Июнь,6,10.06.2024,"365 000,00",Тинькофф,Общее,,,Поступление — Перевод между счетами
Июнь,6,10.06.2024,"-65 618,00",Тинькофф,Общее,[counterparty_e08d6e58b9],,Аренда торговых точек
Июнь,6,10.06.2024,"1 089,00",Тинькофф,Клиенты-физ.лица,[counterparty_db1aef506b],,Поступление денег с торг. точек
Июнь,6,10.06.2024,"-4,36",Тинькофф,Общее,[counterparty_831a0f4ab6],,Эквайринг
Июнь,6,10.06.2024,"465,00",Тинькофф,Клиенты-физ.лица,[counterparty_db1aef506b],,Поступление денег с торг. точек
Июнь,6,10.06.2024,"-1,86",Тинькофф,Общее,[counterparty_831a0f4ab6],,Эквайринг
Июнь,6,10.06.2024,"370,00",Тинькофф,Клиенты-физ.лица,[counterparty_db1aef506b],,Поступление денег с торг. точек
Июнь,6,10.06.2024,"-1,48",Тинькофф,Общее,[counterparty_831a0f4ab6],,Эквайринг
Июнь,6,10.06.2024,"-556,60",Тинькофф,Общее,[counterparty_b2323408fa],,Оплата поставщикам 
Июнь,6,10.06.2024,"-6 123,13",Тинькофф,Общее,[counterparty_d7a35ccc36],,Оплата поставщикам 
Июнь,6,10.06.2024,"-1 697,10",Тинькофф,Общее,[counterparty_d7a35ccc36],,Расходы на питание персонала
Июнь,6,10.06.2024,"-471,95",Тинькофф,Общее,[counterparty_d7a35ccc36],,Содержание торговых точек
Июнь,6,11.06.2024,"68 020,60",Тинькофф,Клиенты-физ.лица,[counterparty_db1aef506b],,Поступление денег с торг. точек
Июнь,6,11.06.2024,"-1 020,43",Тинькофф,Общее,[counterparty_831a0f4ab6],,Эквайринг
Июнь,6,11.06.2024,"-22 242,00",Тинькофф,Общее,[counterparty_47248277c0],[private_text_6a89c8e84d],Покупка ОС
Июнь,6,11.06.2024,"-540,00",Тинькофф,Общее,[counterparty_d7a35ccc36],,Оплата поставщикам 
Июнь,6,11.06.2024,"-1 767,00",Тинькофф,Общее,[counterparty_3f0fc87298],[private_text_38c55cba4e],Расходы на персонал
Июнь,6,11.06.2024,"-2 245,25",Тинькофф,Общее,[counterparty_d7a35ccc36],,Оплата поставщикам 
Июнь,6,10.06.2024,"30 150,00",Сейф,Общее,,,Поступление — Перевод между счетами
Июнь,6,11.06.2024,"-1 883,00",Сейф,Общее,[counterparty_45d6b05c94],,Поиск и найм персонала
Июнь,6,11.06.2024,"2 200,00",Сейф,Общее,[counterparty_3f0fc87298],[private_text_8b3c965ad0],Прочие поступления
Июнь,6,11.06.2024,"500,00",Сейф,Общее,[counterparty_552231dcd7],,Курьерская служба +
Июнь,6,11.06.2024,"-2 000,00",Сейф,Общее,[counterparty_335f3233c9],,Аренда торговых точек
Июнь,6,11.06.2024,"-113 720,00",Сейф,Общее,[counterparty_552231dcd7],,Зарплата производственного персонала
Июнь,6,10.06.2024,"-9 660,00",ТК Черникова,Общее,[counterparty_552231dcd7],,Курьерская служба -
Июнь,6,10.06.2024,"26 046,20",ТК Черникова,Клиенты-физ.лица,[counterparty_db1aef506b],,Поступление денег с торг. точек
Июнь,6,10.06.2024,"-30 150,00",ТК Черникова,Общее,,,Выбытие — Перевод между счетами
Июнь,6,10.06.2024,"-5 238,00",ТК Черникова,Общее,[counterparty_d7a35ccc36],,Оплата поставщикам 
Июнь,6,10.06.2024,"-186,00",ТК Черникова,Общее,[counterparty_d7a35ccc36],,Расходы на питание персонала
Июнь,6,11.06.2024,"-10 560,00",ТК Черникова,Общее,[counterparty_552231dcd7],,Курьерская служба -
Июнь,6,11.06.2024,"20 714,00",ТК Черникова,Клиенты-физ.лица,[counterparty_db1aef506b],,Поступление денег с торг. точек
Июнь,6,12.06.2024,"27 399,03",Альфа,Клиенты-физ.лица,[counterparty_db1aef506b],,Поступление денег с торг. точек
Июнь,6,12.06.2024,"-44,34",Альфа,Общее,[counterparty_831a0f4ab6],,Эквайринг
Июнь,6,12.06.2024,"-7 731,00",ТК Черникова,Общее,[counterparty_d7a35ccc36],,Оплата поставщикам 
Июнь,6,12.06.2024,"-12 480,00",ТК Черникова,Общее,[counterparty_552231dcd7],,Курьерская служба -
Июнь,6,12.06.2024,"26 188,15",ТК Черникова,Клиенты-физ.лица,[counterparty_db1aef506b],,Поступление денег с торг. точек
Июнь,6,12.06.2024,"79 702,00",Тинькофф,Клиенты-физ.лица,[counterparty_db1aef506b],,Поступление денег с торг. точек
Июнь,6,12.06.2024,"-1 195,67",Тинькофф,Общее,[counterparty_831a0f4ab6],,Эквайринг
Июнь,6,12.06.2024,"320,00",Тинькофф,Клиенты-физ.лица,[counterparty_db1aef506b],,Поступление денег с торг. точек
Июнь,6,12.06.2024,"-1,28",Тинькофф,Общее,[counterparty_831a0f4ab6],,Эквайринг
Июнь,6,12.06.2024,"-7 412,00",Тинькофф,Общее,[counterparty_d7a35ccc36],[private_text_644176a47d],Содержание торговых точек
Июнь,6,12.06.2024,"-37,96",Тинькофф,Общее,[counterparty_d7a35ccc36],,Содержание торговых точек
Июнь,6,12.06.2024,"-4 882,87",Тинькофф,Общее,[counterparty_d7a35ccc36],,Оплата поставщикам 
Июнь,6,12.06.2024,"-2 719,63",Тинькофф,Общее,[counterparty_d7a35ccc36],,Расходы на питание персонала
Июнь,6,13.06.2024,"103 652,80",Тинькофф,Клиенты-физ.лица,[counterparty_db1aef506b],,Поступление денег с торг. точек
Июнь,6,13.06.2024,"-1 555,00",Тинькофф,Общее,[counterparty_831a0f4ab6],,Эквайринг
Июнь,6,13.06.2024,"-5 000,00",Тинькофф,Общее,[counterparty_50d958815d],,Оплата поставщикам 
Июнь,6,13.06.2024,"-2 426,63",Тинькофф,Общее,[counterparty_d7a35ccc36],,Оплата поставщикам 
Июнь,6,13.06.2024,"-279,00",ТК Черникова,Общее,[counterparty_d7a35ccc36],,Оплата поставщикам 
Июнь,6,13.06.2024,"-7 740,00",ТК Черникова,Общее,[counterparty_552231dcd7],,Курьерская служба -
Июнь,6,13.06.2024,"-900,00",ТК Черникова,Общее,[counterparty_903a43fe3c],,Оплата поставщикам 
Июнь,6,13.06.2024,"17 225,00",ТК Черникова,Клиенты-физ.лица,[counterparty_db1aef506b],,Поступление денег с торг. точек
Июнь,6,13.06.2024,"31 638,43",Альфа,Клиенты-физ.лица,[counterparty_db1aef506b],,Поступление денег с торг. точек
Июнь,6,13.06.2024,"-36,17",Альфа,Общее,[counterparty_831a0f4ab6],,Эквайринг
Июнь,6,14.06.2024,"25 367,51",Альфа,Клиенты-физ.лица,[counterparty_db1aef506b],,Поступление денег с торг. точек
Июнь,6,14.06.2024,"-30,87",Альфа,Общее,[counterparty_831a0f4ab6],,Эквайринг
Июнь,6,15.06.2024,"23 417,33",Альфа,Клиенты-физ.лица,[counterparty_db1aef506b],,Поступление денег с торг. точек
Июнь,6,15.06.2024,"-13,13",Альфа,Общее,[counterparty_831a0f4ab6],,Эквайринг
Июнь,6,16.06.2024,"30 311,64",Альфа,Клиенты-физ.лица,[counterparty_db1aef506b],,Поступление денег с торг. точек
Июнь,6,16.06.2024,"-36,36",Альфа,Общее,[counterparty_831a0f4ab6],,Эквайринг
Июнь,6,14.06.2024,"-8 412,00",ТК Черникова,Общее,[counterparty_d7a35ccc36],,Оплата поставщикам 
Июнь,6,14.06.2024,"-185,00",ТК Черникова,Общее,[counterparty_d7a35ccc36],,Расходы на питание персонала
Июнь,6,14.06.2024,"-13 460,00",ТК Черникова,Общее,[counterparty_552231dcd7],,Курьерская служба -
Июнь,6,14.06.2024,"-1 350,00",ТК Черникова,Общее,[counterparty_903a43fe3c],,Транспортные услуги
Июнь,6,14.06.2024,"27 118,70",ТК Черникова,Клиенты-физ.лица,[counterparty_db1aef506b],,Поступление денег с торг. точек
Июнь,6,15.06.2024,"-12 880,00",ТК Черникова,Общее,[counterparty_552231dcd7],,Курьерская служба -
Июнь,6,15.06.2024,"13 444,00",ТК Черникова,Клиенты-физ.лица,[counterparty_db1aef506b],,Поступление денег с торг. точек
Июнь,6,16.06.2024,"-4 272,00",ТК Черникова,Общее,[counterparty_d7a35ccc36],,Оплата поставщикам 
Июнь,6,16.06.2024,"-11 700,00",ТК Черникова,Общее,[counterparty_552231dcd7],,Курьерская служба -
Июнь,6,16.06.2024,"20 931,00",ТК Черникова,Клиенты-физ.лица,[counterparty_db1aef506b],,Поступление денег с торг. точек
Июнь,6,14.06.2024,"47 555,95",Тинькофф,Клиенты-физ.лица,[counterparty_db1aef506b],,Поступление денег с торг. точек
Июнь,6,14.06.2024,"-713,44",Тинькофф,Общее,[counterparty_831a0f4ab6],,Эквайринг
Июнь,6,14.06.2024,"-65 000,00",Тинькофф,Общее,,,Выбытие — Перевод между счетами
Июнь,6,14.06.2024,"2 207,00",Тинькофф,Клиенты-физ.лица,[counterparty_db1aef506b],,Поступление денег с торг. точек
Июнь,6,14.06.2024,"-8,83",Тинькофф,Общее,[counterparty_831a0f4ab6],,Эквайринг
Июнь,6,14.06.2024,"-229,98",Тинькофф,Общее,[counterparty_d7a35ccc36],,Содержание торговых точек
Июнь,6,14.06.2024,"-164,97",Тинькофф,Общее,[counterparty_d7a35ccc36],,Расходы на питание персонала
Июнь,6,14.06.2024,"-4 737,84",Тинькофф,Общее,[counterparty_d7a35ccc36],,Оплата поставщикам 
Июнь,6,14.06.2024,"-93,15",Тинькофф,Общее,[counterparty_b2323408fa],,Оплата поставщикам 
Июнь,6,15.06.2024,"125 097,00",Тинькофф,Клиенты-физ.лица,[counterparty_db1aef506b],,Поступление денег с торг. точек
Июнь,6,15.06.2024,"-1 876,67",Тинькофф,Общее,[counterparty_831a0f4ab6],,Эквайринг
Июнь,6,15.06.2024,"-3 665,25",Тинькофф,Общее,[counterparty_fb5384e8b9],,Оплата поставщикам 
Июнь,6,15.06.2024,"-21 794,60",Тинькофф,Общее,[counterparty_8e70032df8],,Оплата поставщикам 
Июнь,6,15.06.2024,"-9 085,14",Тинькофф,Общее,[counterparty_b2323408fa],,Оплата поставщикам 
Июнь,6,15.06.2024,"-7 200,00",Тинькофф,Общее,[counterparty_b2323408fa],,Оплата поставщикам 
Июнь,6,15.06.2024,"-95 878,50",Тинькофф,Общее,[counterparty_dc430ed78e],,Оплата поставщикам 
Июнь,6,15.06.2024,"3 961,00",Тинькофф,Клиенты-физ.лица,[counterparty_db1aef506b],,Поступление денег с торг. точек
Июнь,6,15.06.2024,"-15,84",Тинькофф,Общее,[counterparty_831a0f4ab6],,Эквайринг
Июнь,6,15.06.2024,"2 289,00",Тинькофф,Клиенты-физ.лица,[counterparty_db1aef506b],,Поступление денег с торг. точек
Июнь,6,15.06.2024,"-9,16",Тинькофф,Общее,[counterparty_831a0f4ab6],,Эквайринг
Июнь,6,15.06.2024,"1 567,00",Тинькофф,Клиенты-физ.лица,[counterparty_db1aef506b],,Поступление денег с торг. точек
Июнь,6,15.06.2024,"-6,27",Тинькофф,Общее,[counterparty_831a0f4ab6],,Эквайринг
Июнь,6,16.06.2024,"-33 829,81",Тинькофф,Общее,[counterparty_bb8cb2d348],,Оплата поставщикам 
Июнь,6,16.06.2024,"-31 631,96",Тинькофф,Общее,[counterparty_19f4d4c15b],,Оплата поставщикам 
Июнь,6,16.06.2024,"-75 441,52",Тинькофф,Общее,[counterparty_fb5384e8b9],,Оплата поставщикам 
Июнь,6,16.06.2024,"-1 364,00",Тинькофф,Общее,[counterparty_6d6a37d791],,Оплата поставщикам 
Июнь,6,16.06.2024,"-41 388,00",Тинькофф,Общее,[counterparty_c4e92b27e2],,Оплата поставщикам 
Июнь,6,16.06.2024,"111 098,00",Тинькофф,Клиенты-физ.лица,[counterparty_db1aef506b],,Поступление денег с торг. точек
Июнь,6,16.06.2024,"-72,00",Тинькофф,Общее,[counterparty_682bbbb771],,Налоги с з/п
Июнь,6,16.06.2024,"-1 666,73",Тинькофф,Общее,[counterparty_831a0f4ab6],,Эквайринг
Июнь,6,16.06.2024,"-145 000,00",Тинькофф,Общее,,,Выбытие — Перевод между счетами
Июнь,6,16.06.2024,"816,00",Тинькофф,Клиенты-физ.лица,[counterparty_db1aef506b],,Поступление денег с торг. точек
Июнь,6,16.06.2024,"-3,26",Тинькофф,Общее,[counterparty_831a0f4ab6],,Эквайринг
Июнь,6,16.06.2024,"22,00",Тинькофф,Клиенты-физ.лица,[counterparty_db1aef506b],,Поступление денег с торг. точек
Июнь,6,16.06.2024,"-0,09",Тинькофф,Общее,[counterparty_831a0f4ab6],,Эквайринг
Июнь,6,16.06.2024,"-2 306,38",Тинькофф,Общее,[counterparty_d7a35ccc36],,Расходы на питание персонала
Июнь,6,16.06.2024,"-135,99",Тинькофф,Общее,[counterparty_d7a35ccc36],,Содержание торговых точек
Июнь,6,16.06.2024,"-3 702,34",Тинькофф,Общее,[counterparty_d7a35ccc36],,Оплата поставщикам 
Июнь,6,13.06.2024,"-3 000,00",ТК Черникова,Общее,[counterparty_3f0fc87298],[private_text_e0aadd15ff],Содержание торговых точек
Июнь,6,15.06.2024,"-5 000,00",ТК Черникова,Общее,[counterparty_552231dcd7],,Содержание торговых точек
Июнь,6,13.06.2024,"-28 350,00",ТК Черникова,Общее,,,Выбытие — Перевод между счетами
Июнь,6,10.06.2024,"-900,00",ТК Черникова,Общее,[counterparty_903a43fe3c],,Оплата поставщикам 
Июнь,6,13.06.2024,"28 350,00",Сейф,Общее,,,Поступление — Перевод между счетами
Июнь,6,17.06.2024,"-2 000,00",Сейф,Общее,[counterparty_903a43fe3c],,Оплата поставщикам 
Июнь,6,18.06.2024,"15 090,00",Сейф,Общее,,,Поступление — Перевод между счетами
Июнь,6,18.06.2024,"-200,00",Сейф,Общее,[counterparty_831a0f4ab6],,РКО
Июнь,6,15.06.2024,"-100,00",Сейф,Общее,[counterparty_3f0fc87298],,Телекоммуникации
Июнь,6,17.06.2024,"-6 876,00",ТК Черникова,Общее,[counterparty_5ea766e786],,Оплата поставщикам 
Июнь,6,17.06.2024,"-900,00",ТК Черникова,Общее,[counterparty_3f0fc87298],[private_text_2e1a5e228a],Содержание торговых точек
Июнь,6,17.06.2024,"-8 320,00",ТК Черникова,Общее,[counterparty_552231dcd7],,Курьерская служба -
Июнь,6,17.06.2024,"22 033,95",ТК Черникова,Клиенты-физ.лица,[counterparty_db1aef506b],,Поступление денег с торг. точек
Июнь,6,17.06.2024,"18 158,54",Альфа,Клиенты-физ.лица,[counterparty_db1aef506b],,Поступление денег с торг. точек
Июнь,6,17.06.2024,"-16,32",Альфа,Общее,[counterparty_831a0f4ab6],,Эквайринг
Июнь,6,17.06.2024,"94 793,00",Тинькофф,Клиенты-физ.лица,[counterparty_db1aef506b],,Поступление денег с торг. точек
Июнь,6,17.06.2024,"-1 422,13",Тинькофф,Общее,[counterparty_831a0f4ab6],,Эквайринг
Июнь,6,17.06.2024,"465,00",Тинькофф,Клиенты-физ.лица,[counterparty_db1aef506b],,Поступление денег с торг. точек
Июнь,6,17.06.2024,"-1,86",Тинькофф,Общее,[counterparty_831a0f4ab6],,Эквайринг
Июнь,6,17.06.2024,"310,00",Тинькофф,Клиенты-физ.лица,[counterparty_db1aef506b],,Поступление денег с торг. точек
Июнь,6,17.06.2024,"-1,24",Тинькофф,Общее,[counterparty_831a0f4ab6],,Эквайринг
Июнь,6,17.06.2024,"500,00",Тинькофф,Клиенты-физ.лица,[counterparty_db1aef506b],,Поступление денег с торг. точек
Июнь,6,17.06.2024,"-2,00",Тинькофф,Общее,[counterparty_831a0f4ab6],,Эквайринг
Июнь,6,17.06.2024,"-18,98",Тинькофф,Общее,[counterparty_d7a35ccc36],,Содержание торговых точек
Июнь,6,17.06.2024,"-1 071,75",Тинькофф,Общее,[counterparty_d7a35ccc36],,Оплата поставщикам 
Июнь,6,18.06.2024,"74 600,00",Сейф,Общее,,,Поступление — Перевод между счетами
Июнь,6,18.06.2024,"-154 650,00",Сейф,Общее,[counterparty_552231dcd7],,Зарплата производственного персонала
Июнь,6,14.06.2024,"65 000,00",Сбербанк,Общее,,,Поступление — Перевод между счетами
Июнь,6,14.06.2024,"-10 000,00",Сбербанк,Общее,,,Выбытие — Перевод между счетами
Июнь,6,14.06.2024,"-15 000,00",Сбербанк,Общее,[counterparty_552231dcd7],,Зарплата административного персонала
Июнь,6,14.06.2024,"-15 000,00",Сбербанк,Общее,[counterparty_552231dcd7],,Содержание торговых точек
Июнь,6,14.06.2024,"10 000,00",Сейф,Общее,,,Поступление — Перевод между счетами
Июнь,6,14.06.2024,"-25 000,00",Сбербанк,Общее,[counterparty_552231dcd7],,Зарплата административного персонала
Июнь,6,16.06.2024,"145 000,00",Сбербанк,Общее,,,Поступление — Перевод между счетами
Июнь,6,16.06.2024,"-145 000,00",Сбербанк,Общее,[counterparty_831a0f4ab6],,Оплаты по кредитам и займам
Июнь,6,18.06.2024,"74 600,00",Сбербанк,Общее,,,Поступление — Перевод между счетами
Июнь,6,18.06.2024,"-74 600,00",Сбербанк,Общее,,,Выбытие — Перевод между счетами
Июнь,6,18.06.2024,"-4 167,00",ТК Черникова,Общее,[counterparty_d7a35ccc36],,Оплата поставщикам 
Июнь,6,18.06.2024,"-15 090,00",ТК Черникова,Общее,,,Выбытие — Перевод между счетами
Июнь,6,18.06.2024,"-9 940,00",ТК Черникова,Общее,[counterparty_552231dcd7],,Курьерская служба -
Июнь,6,18.06.2024,"20 016,00",ТК Черникова,Клиенты-физ.лица,[counterparty_db1aef506b],,Поступление денег с торг. точек
Июнь,6,18.06.2024,"16 272,53",Альфа,Клиенты-физ.лица,[counterparty_db1aef506b],,Поступление денег с торг. точек
Июнь,6,18.06.2024,"-10,58",Альфа,Общее,[counterparty_831a0f4ab6],,Эквайринг
Июнь,6,18.06.2024,"-200 000,00",Альфа,Общее,,,Выбытие — Перевод между счетами
Июнь,6,18.06.2024,"60 939,00",Тинькофф,Клиенты-физ.лица,[counterparty_db1aef506b],,Поступление денег с торг. точек
Июнь,6,18.06.2024,"-914,20",Тинькофф,Общее,[counterparty_831a0f4ab6],,Эквайринг
Июнь,6,18.06.2024,"-5 000,00",Тинькофф,Общее,[counterparty_50d958815d],,Телекоммуникации
Июнь,6,18.06.2024,"-74 600,00",Тинькофф,Общее,,,Выбытие — Перевод между счетами
Июнь,6,18.06.2024,"805,00",Тинькофф,Клиенты-физ.лица,[counterparty_db1aef506b],,Поступление денег с торг. точек
Июнь,6,18.06.2024,"-3,22",Тинькофф,Общее,[counterparty_831a0f4ab6],,Эквайринг
Июнь,6,18.06.2024,"250,00",Тинькофф,Клиенты-физ.лица,[counterparty_db1aef506b],,Поступление денег с торг. точек
Июнь,6,18.06.2024,"-1,00",Тинькофф,Общее,[counterparty_831a0f4ab6],,Эквайринг
Июнь,6,18.06.2024,"-5 992,02",Тинькофф,Общее,[counterparty_d7a35ccc36],,Оплата поставщикам 
Июнь,6,18.06.2024,"-1 537,17",Тинькофф,Общее,[counterparty_d7a35ccc36],,Расходы на питание персонала
Июнь,6,18.06.2024,"-429,92",Тинькофф,Общее,[counterparty_d7a35ccc36],,Содержание торговых точек
Июнь,6,10.06.2024,"-105 000,00",Тинькофф,Общее,[counterparty_41bef12399],,Дивиденды
Июнь,6,10.06.2024,"-105 000,00",Тинькофф,Общее,[counterparty_7e3a73c9be],,Дивиденды
Июнь,6,19.06.2024,"-9 640,00",ТК Черникова,Общее,[counterparty_552231dcd7],,Курьерская служба -
Июнь,6,19.06.2024,"24 978,00",ТК Черникова,Клиенты-физ.лица,[counterparty_db1aef506b],,Поступление денег с торг. точек
Июнь,6,19.06.2024,"20 109,29",Альфа,Клиенты-физ.лица,[counterparty_db1aef506b],,Поступление денег с торг. точек
Июнь,6,19.06.2024,"-30,41",Альфа,Общее,[counterparty_831a0f4ab6],,Эквайринг
Июнь,6,19.06.2024,"80 332,65",Тинькофф,Клиенты-физ.лица,[counterparty_db1aef506b],,Поступление денег с торг. точек
Июнь,6,19.06.2024,"200 000,00",Тинькофф,Общее,,,Поступление — Перевод между счетами
Июнь,6,19.06.2024,"-1 205,16",Тинькофф,Общее,[counterparty_831a0f4ab6],,Эквайринг
Июнь,6,19.06.2024,"1 299,00",Тинькофф,Клиенты-физ.лица,[counterparty_db1aef506b],,Поступление денег с торг. точек
Июнь,6,19.06.2024,"10,00",Тинькофф,Клиенты-физ.лица,[counterparty_db1aef506b],,Поступление денег с торг. точек
Июнь,6,19.06.2024,"-5,24",Тинькофф,Общее,[counterparty_831a0f4ab6],,Эквайринг
Июнь,6,19.06.2024,"1 579,00",Тинькофф,Клиенты-физ.лица,[counterparty_db1aef506b],,Поступление денег с торг. точек
Июнь,6,19.06.2024,"-6,32",Тинькофф,Общее,[counterparty_831a0f4ab6],,Эквайринг
Июнь,6,19.06.2024,"2 099,00",Тинькофф,Клиенты-физ.лица,[counterparty_db1aef506b],,Поступление денег с торг. точек
Июнь,6,19.06.2024,"-8,40",Тинькофф,Общее,[counterparty_831a0f4ab6],,Эквайринг
Июнь,6,20.06.2024,"-1 000,00",Сейф,Общее,[counterparty_45d6b05c94],,Поиск и найм персонала
Июнь,6,20.06.2024,"81 202,00",Тинькофф,Клиенты-физ.лица,[counterparty_db1aef506b],,Поступление денег с торг. точек
Июнь,6,20.06.2024,"-1 218,16",Тинькофф,Общее,[counterparty_831a0f4ab6],,Эквайринг
Июнь,6,20.06.2024,"2 465,00",Тинькофф,Клиенты-физ.лица,[counterparty_db1aef506b],,Поступление денег с торг. точек
Июнь,6,20.06.2024,"955,00",Тинькофф,Клиенты-физ.лица,[counterparty_db1aef506b],,Поступление денег с торг. точек
Июнь,6,20.06.2024,"-9,86",Тинькофф,Общее,[counterparty_831a0f4ab6],,Эквайринг
Июнь,6,20.06.2024,"-3,82",Тинькофф,Общее,[counterparty_831a0f4ab6],,Эквайринг
Июнь,6,20.06.2024,"-3 776,52",Тинькофф,Общее,[counterparty_d7a35ccc36],,Оплата поставщикам 
Июнь,6,20.06.2024,"-35,96",Тинькофф,Общее,[counterparty_d7a35ccc36],,Содержание торговых точек
Июнь,6,20.06.2024,"-990,13",Тинькофф,Общее,[counterparty_d7a35ccc36],,Расходы на питание персонала
Июнь,6,20.06.2024,"8 817,95",Альфа,Клиенты-физ.лица,[counterparty_db1aef506b],,Поступление денег с торг. точек
Июнь,6,20.06.2024,"-22,53",Альфа,Общее,[counterparty_831a0f4ab6],,Эквайринг
Июнь,6,20.06.2024,"-10 520,00",ТК Черникова,Общее,[counterparty_552231dcd7],,Курьерская служба -
Июнь,6,20.06.2024,"15 845,00",ТК Черникова,Клиенты-физ.лица,[counterparty_db1aef506b],,Поступление денег с торг. точек
Июнь,6,20.06.2024,"-6 013,00",ТК Черникова,Общее,[counterparty_d7a35ccc36],,Оплата поставщикам 
Июнь,6,21.06.2024,"-13 740,00",ТК Черникова,Общее,[counterparty_552231dcd7],,Курьерская служба -
Июнь,6,21.06.2024,"-1 350,00",ТК Черникова,Общее,[counterparty_903a43fe3c],,Транспортные услуги
Июнь,6,21.06.2024,"17 295,00",ТК Черникова,Клиенты-физ.лица,[counterparty_db1aef506b],,Поступление денег с торг. точек
Июнь,6,21.06.2024,"-18 550,00",ТК Черникова,Общее,,,Выбытие — Перевод между счетами
Июнь,6,21.06.2024,"18 550,00",Сейф,Общее,,,Поступление — Перевод между счетами
Июнь,6,22.06.2024,"-6 260,00",ТК Черникова,Общее,[counterparty_d7a35ccc36],,Оплата поставщикам 
Июнь,6,22.06.2024,"-244,00",ТК Черникова,Общее,[counterparty_d7a35ccc36],,Расходы на питание персонала
Июнь,6,22.06.2024,"-12 900,00",ТК Черникова,Общее,[counterparty_552231dcd7],,Курьерская служба -
Июнь,6,22.06.2024,"29 704,35",ТК Черникова,Клиенты-физ.лица,[counterparty_db1aef506b],,Поступление денег с торг. точек
Июнь,6,23.06.2024,"-10 880,00",ТК Черникова,Общее,[counterparty_552231dcd7],,Курьерская служба -
Июнь,6,23.06.2024,"21 262,70",ТК Черникова,Клиенты-физ.лица,[counterparty_db1aef506b],,Поступление денег с торг. точек
Июнь,6,21.06.2024,"11 412,55",Альфа,Клиенты-физ.лица,[counterparty_db1aef506b],,Поступление денег с торг. точек
Июнь,6,21.06.2024,"-14,91",Альфа,Общее,[counterparty_831a0f4ab6],,Эквайринг
Июнь,6,22.06.2024,"30 379,32",Альфа,Клиенты-физ.лица,[counterparty_db1aef506b],,Поступление денег с торг. точек
Июнь,6,22.06.2024,"-42,77",Альфа,Общее,[counterparty_831a0f4ab6],,Эквайринг
Июнь,6,23.06.2024,"24 306,77",Альфа,Клиенты-физ.лица,[counterparty_db1aef506b],,Поступление денег с торг. точек
Июнь,6,23.06.2024,"-15,67",Альфа,Общее,[counterparty_831a0f4ab6],,Эквайринг
Июнь,6,21.06.2024,"80 292,00",Тинькофф,Клиенты-физ.лица,[counterparty_db1aef506b],,Поступление денег с торг. точек
Июнь,6,21.06.2024,"-1 204,55",Тинькофф,Общее,[counterparty_831a0f4ab6],,Эквайринг
Июнь,6,21.06.2024,"250,00",Тинькофф,Клиенты-физ.лица,[counterparty_db1aef506b],,Поступление денег с торг. точек
Июнь,6,21.06.2024,"-1,00",Тинькофф,Общее,[counterparty_831a0f4ab6],,Эквайринг
Июнь,6,21.06.2024,"70,00",Тинькофф,Клиенты-физ.лица,[counterparty_db1aef506b],,Поступление денег с торг. точек
Июнь,6,21.06.2024,"-0,28",Тинькофф,Общее,[counterparty_831a0f4ab6],,Эквайринг
Июнь,6,21.06.2024,"1 352,00",Тинькофф,Клиенты-физ.лица,[counterparty_db1aef506b],,Поступление денег с торг. точек
Июнь,6,21.06.2024,"-5,41",Тинькофф,Общее,[counterparty_831a0f4ab6],,Эквайринг
Июнь,6,21.06.2024,"2 029,00",Тинькофф,Клиенты-физ.лица,[counterparty_db1aef506b],,Поступление денег с торг. точек
Июнь,6,21.06.2024,"-8,12",Тинькофф,Общее,[counterparty_831a0f4ab6],,Эквайринг
Июнь,6,21.06.2024,"1 552,00",Тинькофф,Клиенты-физ.лица,[counterparty_db1aef506b],,Поступление денег с торг. точек
Июнь,6,21.06.2024,"-6,21",Тинькофф,Общее,[counterparty_831a0f4ab6],,Эквайринг
Июнь,6,22.06.2024,"114 673,00",Тинькофф,Клиенты-физ.лица,[counterparty_db1aef506b],,Поступление денег с торг. точек
Июнь,6,22.06.2024,"-1 720,35",Тинькофф,Общее,[counterparty_831a0f4ab6],,Эквайринг
Июнь,6,22.06.2024,"260,00",Тинькофф,Клиенты-физ.лица,[counterparty_db1aef506b],,Поступление денег с торг. точек
Июнь,6,22.06.2024,"-1,04",Тинькофф,Общее,[counterparty_831a0f4ab6],,Эквайринг
Июнь,6,22.06.2024,"-9 897,11",Тинькофф,Общее,[counterparty_b2323408fa],,Оплата поставщикам 
Июнь,6,22.06.2024,"-103 348,50",Тинькофф,Общее,[counterparty_dc430ed78e],,Оплата поставщикам 
Июнь,6,22.06.2024,"-25 972,17",Тинькофф,Общее,[counterparty_8e70032df8],,Оплата поставщикам 
Июнь,6,22.06.2024,"-2 639,25",Тинькофф,Общее,[counterparty_fb5384e8b9],,Оплата поставщикам 
Июнь,6,22.06.2024,"1 187,00",Тинькофф,Клиенты-физ.лица,[counterparty_db1aef506b],,Поступление денег с торг. точек
Июнь,6,22.06.2024,"-4,75",Тинькофф,Общее,[counterparty_831a0f4ab6],,Эквайринг
Июнь,6,23.06.2024,"-1 990,00",Тинькофф,Общее,[counterparty_831a0f4ab6],,РКО
Июнь,6,23.06.2024,"-99,00",Тинькофф,Общее,[counterparty_831a0f4ab6],,РКО
Июнь,6,23.06.2024,"-990,00",Тинькофф,Общее,[counterparty_831a0f4ab6],,РКО
Июнь,6,23.06.2024,"-30 422,00",Тинькофф,Общее,[counterparty_bb8cb2d348],,Оплата поставщикам 
Июнь,6,23.06.2024,"-28 550,89",Тинькофф,Общее,[counterparty_19f4d4c15b],,Оплата поставщикам 
Июнь,6,23.06.2024,"-48 446,00",Тинькофф,Общее,[counterparty_c4e92b27e2],,Оплата поставщикам 
Июнь,6,23.06.2024,"-96 510,11",Тинькофф,Общее,[counterparty_fb5384e8b9],,Оплата поставщикам 
Июнь,6,23.06.2024,"104 434,00",Тинькофф,Клиенты-физ.лица,[counterparty_db1aef506b],,Поступление денег с торг. точек
Июнь,6,23.06.2024,"-1 566,68",Тинькофф,Общее,[counterparty_831a0f4ab6],,Эквайринг
Июнь,6,23.06.2024,"480,00",Тинькофф,Клиенты-физ.лица,[counterparty_db1aef506b],,Поступление денег с торг. точек
Июнь,6,23.06.2024,"-1,92",Тинькофф,Общее,[counterparty_831a0f4ab6],,Эквайринг
Июнь,6,22.06.2024,"-543,94",Тинькофф,Общее,[counterparty_d7a35ccc36],,Содержание торговых точек
Июнь,6,22.06.2024,"-1 015,41",Тинькофф,Общее,[counterparty_d7a35ccc36],,Расходы на питание персонала
Июнь,6,22.06.2024,"-5 905,57",Тинькофф,Общее,[counterparty_d7a35ccc36],,Оплата поставщикам 
Июнь,6,24.06.2024,"87 559,00",Тинькофф,Клиенты-физ.лица,[counterparty_db1aef506b],,Поступление денег с торг. точек
Июнь,6,24.06.2024,"-1 313,54",Тинькофф,Общее,[counterparty_831a0f4ab6],,Эквайринг
Июнь,6,24.06.2024,"-84 111,00",Тинькофф,Общее,[counterparty_e08d6e58b9],,Аренда торговых точек
Июнь,6,24.06.2024,"-25 200,00",Тинькофф,Общее,[counterparty_7e3a73c9be],,Зарплата административного персонала
Июнь,6,24.06.2024,"-51,06",Тинькофф,Общее,[counterparty_b2323408fa],,Оплата поставщикам 
Июнь,6,24.06.2024,"2 271,00",Тинькофф,Клиенты-физ.лица,[counterparty_db1aef506b],,Поступление денег с торг. точек
Июнь,6,24.06.2024,"-9,08",Тинькофф,Общее,[counterparty_831a0f4ab6],,Эквайринг
Июнь,6,24.06.2024,"-4 361,09",Тинькофф,Общее,[counterparty_d7a35ccc36],,Оплата поставщикам 
Июнь,6,24.06.2024,"-2 022,88",Тинькофф,Общее,[counterparty_d7a35ccc36],,Расходы на питание персонала
Июнь,6,24.06.2024,"-19,98",Тинькофф,Общее,[counterparty_d7a35ccc36],,Содержание торговых точек
Июнь,6,25.06.2024,"72 393,70",Тинькофф,Клиенты-физ.лица,[counterparty_db1aef506b],,Поступление денег с торг. точек
Июнь,6,25.06.2024,"-1 086,02",Тинькофф,Общее,[counterparty_831a0f4ab6],,Эквайринг
Июнь,6,25.06.2024,"-500,00",Тинькофф,Общее,[counterparty_b2323408fa],,Оплата поставщикам 
Июнь,6,25.06.2024,"280,00",Тинькофф,Клиенты-физ.лица,[counterparty_db1aef506b],,Поступление денег с торг. точек
Июнь,6,25.06.2024,"-1,12",Тинькофф,Общее,[counterparty_831a0f4ab6],,Эквайринг
Июнь,6,25.06.2024,"1 149,00",Тинькофф,Клиенты-физ.лица,[counterparty_db1aef506b],,Поступление денег с торг. точек
Июнь,6,25.06.2024,"-4,60",Тинькофф,Общее,[counterparty_831a0f4ab6],,Эквайринг
Июнь,6,25.06.2024,"-75 000,00",Тинькофф,Общее,[counterparty_cd0c8c2f69],,Услуги ФД и НК
Июнь,6,25.06.2024,"-91 650,00",Тинькофф,Общее,,,Выбытие — Перевод между счетами
Июнь,6,25.06.2024,"1 322,00",Тинькофф,Клиенты-физ.лица,[counterparty_db1aef506b],,Поступление денег с торг. точек
Июнь,6,25.06.2024,"-5,29",Тинькофф,Общее,[counterparty_831a0f4ab6],,Эквайринг
Июнь,6,24.06.2024,"21 736,87",Альфа,Клиенты-физ.лица,[counterparty_db1aef506b],,Поступление денег с торг. точек
Июнь,6,24.06.2024,"-23,09",Альфа,Общее,[counterparty_831a0f4ab6],,Эквайринг
Июнь,6,25.06.2024,"27 656,53",Альфа,Клиенты-физ.лица,[counterparty_db1aef506b],,Поступление денег с торг. точек
Июнь,6,25.06.2024,"-31,93",Альфа,Общее,[counterparty_831a0f4ab6],,Эквайринг
Июнь,6,21.06.2024,"-658,80",Сбербанк,Общее,[counterparty_831a0f4ab6],,РКО
Июнь,6,24.06.2024,"19 800,00",Сейф,Общее,,,Поступление — Перевод между счетами
Июнь,6,25.06.2024,"91 650,00",Сейф,Общее,,,Поступление — Перевод между счетами
Июнь,6,25.06.2024,"-2 000,00",Сейф,Общее,[counterparty_903a43fe3c],,Оплата поставщикам 
Июнь,6,25.06.2024,"10 000,00",Сейф,Общее,,,Поступление — Перевод между счетами
Июнь,6,25.06.2024,"-140 050,00",Сейф,Общее,[counterparty_552231dcd7],,Зарплата производственного персонала
Июнь,6,24.06.2024,"-3 239,00",ТК Черникова,Общее,[counterparty_d7a35ccc36],,Оплата поставщикам 
Июнь,6,24.06.2024,"-349,00",ТК Черникова,Общее,[counterparty_d7a35ccc36],,Расходы на питание персонала
Июнь,6,24.06.2024,"-19 800,00",ТК Черникова,Общее,,,Выбытие — Перевод между счетами
Июнь,6,24.06.2024,"-10 220,00",ТК Черникова,Общее,[counterparty_552231dcd7],,Курьерская служба -
Июнь,6,24.06.2024,"21 503,15",ТК Черникова,Клиенты-физ.лица,[counterparty_db1aef506b],,Поступление денег с торг. точек
Июнь,6,25.06.2024,"-10 000,00",ТК Черникова,Общее,,,Выбытие — Перевод между счетами
Июнь,6,25.06.2024,"-9 480,00",ТК Черникова,Общее,[counterparty_552231dcd7],,Курьерская служба -
Июнь,6,25.06.2024,"24 356,00",ТК Черникова,Клиенты-физ.лица,[counterparty_db1aef506b],,Поступление денег с торг. точек
Июнь,6,25.06.2024,"-900,00",ТК Черникова,Общее,[counterparty_903a43fe3c],,Оплата поставщикам 
Июнь,6,26.06.2024,"18 093,46",Альфа,Клиенты-физ.лица,[counterparty_db1aef506b],,Поступление денег с торг. точек
Июнь,6,26.06.2024,"-28,49",Альфа,Общее,[counterparty_831a0f4ab6],,Эквайринг
Июнь,6,27.06.2024,"21 401,94",Альфа,Клиенты-физ.лица,[counterparty_db1aef506b],,Поступление денег с торг. точек
Июнь,6,27.06.2024,"-31,71",Альфа,Общее,[counterparty_831a0f4ab6],,Эквайринг
Июнь,6,27.06.2024,"-189 084,00",Альфа,Общее,,,Выбытие — Перевод между счетами
Июнь,6,26.06.2024,"63 898,15",Тинькофф,Клиенты-физ.лица,[counterparty_db1aef506b],,Поступление денег с торг. точек
Июнь,6,26.06.2024,"-958,60",Тинькофф,Общее,[counterparty_831a0f4ab6],,Эквайринг
Июнь,6,26.06.2024,"-5 000,00",Тинькофф,Общее,[counterparty_50d958815d],,Телекоммуникации
Июнь,6,26.06.2024,"1 116,00",Тинькофф,Клиенты-физ.лица,[counterparty_db1aef506b],,Поступление денег с торг. точек
Июнь,6,26.06.2024,"-4,46",Тинькофф,Общее,[counterparty_831a0f4ab6],,Эквайринг
Июнь,6,26.06.2024,"740,00",Тинькофф,Клиенты-физ.лица,[counterparty_db1aef506b],,Поступление денег с торг. точек
Июнь,6,26.06.2024,"70,00",Тинькофф,Клиенты-физ.лица,[counterparty_db1aef506b],,Поступление денег с торг. точек
Июнь,6,26.06.2024,"-2,96",Тинькофф,Общее,[counterparty_831a0f4ab6],,Эквайринг
Июнь,6,26.06.2024,"-0,28",Тинькофф,Общее,[counterparty_831a0f4ab6],,Эквайринг
Июнь,6,26.06.2024,"-411,98",Тинькофф,Общее,[counterparty_d7a35ccc36],,Содержание торговых точек
Июнь,6,26.06.2024,"-9 829,30",Тинькофф,Общее,[counterparty_d7a35ccc36],,Оплата поставщикам 
Июнь,6,26.06.2024,"-2 419,65",Тинькофф,Общее,[counterparty_d7a35ccc36],,Расходы на питание персонала
Июнь,6,27.06.2024,"-1 079,00",Тинькофф,Общее,[counterparty_db1aef506b],,Возвраты клиентам
Июнь,6,27.06.2024,"71 022,25",Тинькофф,Клиенты-физ.лица,[counterparty_db1aef506b],,Поступление денег с торг. точек
Июнь,6,27.06.2024,"-1 065,49",Тинькофф,Общее,[counterparty_831a0f4ab6],,Эквайринг
Июнь,6,27.06.2024,"370,00",Тинькофф,Клиенты-физ.лица,[counterparty_db1aef506b],,Поступление денег с торг. точек
Июнь,6,27.06.2024,"-1,48",Тинькофф,Общее,[counterparty_831a0f4ab6],,Эквайринг
Июнь,6,27.06.2024,"189 084,00",Тинькофф,Общее,,,Поступление — Перевод между счетами
Июнь,6,27.06.2024,"-19 175,00",Тинькофф,Общее,[counterparty_682bbbb771],,Налоги с з/п
Июнь,6,27.06.2024,"-10 000,00",Тинькофф,Общее,[counterparty_a8c88d8a2c],,SEO-оптимизация
Июнь,6,27.06.2024,"1 099,00",Тинькофф,Клиенты-физ.лица,[counterparty_db1aef506b],,Поступление денег с торг. точек
Июнь,6,27.06.2024,"-4,40",Тинькофф,Общее,[counterparty_831a0f4ab6],,Эквайринг
Июнь,6,26.06.2024,"-10 030,00",ТК Черникова,Общее,[counterparty_552231dcd7],,Курьерская служба -
Июнь,6,26.06.2024,"18 496,90",ТК Черникова,Клиенты-физ.лица,[counterparty_db1aef506b],,Поступление денег с торг. точек
Июнь,6,26.06.2024,"-6 580,70",ТК Черникова,Общее,[counterparty_5ea766e786],,Оплата поставщикам 
Июнь,6,26.06.2024,"-225,00",ТК Черникова,Общее,[counterparty_d7a35ccc36],,Расходы на питание персонала
Июнь,6,26.06.2024,"-5 915,00",ТК Черникова,Общее,[counterparty_d7a35ccc36],,Оплата поставщикам 
Июнь,6,27.06.2024,"-10 360,00",ТК Черникова,Общее,[counterparty_552231dcd7],,Курьерская служба -
Июнь,6,27.06.2024,"23 066,10",ТК Черникова,Клиенты-физ.лица,[counterparty_db1aef506b],,Поступление денег с торг. точек
Июнь,6,27.06.2024,"-0,30",ТК Черникова,Общее,,,Корретировки кассы -
Июнь,6,28.06.2024,"26 116,98",Альфа,Клиенты-физ.лица,[counterparty_db1aef506b],,Поступление денег с торг. точек
Июнь,6,28.06.2024,"-32,99",Альфа,Общее,[counterparty_831a0f4ab6],,Эквайринг
Июнь,6,29.06.2024,"51 071,79",Альфа,Клиенты-физ.лица,[counterparty_db1aef506b],,Поступление денег с торг. точек
Июнь,6,29.06.2024,"-69,25",Альфа,Общее,[counterparty_831a0f4ab6],,Эквайринг
Июнь,6,30.06.2024,"26 605,01",Альфа,Клиенты-физ.лица,[counterparty_db1aef506b],,Поступление денег с торг. точек
Июнь,6,30.06.2024,"-34,76",Альфа,Общее,[counterparty_831a0f4ab6],,Эквайринг
Июнь,6,28.06.2024,"-100,00",Тинькофф,Общее,[counterparty_db1aef506b],,Возвраты клиентам
Июнь,6,28.06.2024,"70 510,00",Тинькофф,Клиенты-физ.лица,[counterparty_db1aef506b],,Поступление денег с торг. точек
Июнь,6,28.06.2024,"-1 057,77",Тинькофф,Общее,[counterparty_831a0f4ab6],,Эквайринг
Июнь,6,28.06.2024,"-861,40",Тинькофф,Общее,[counterparty_b2323408fa],,Оплата поставщикам 
Июнь,6,28.06.2024,"-1 440,00",Тинькофф,Общее,[counterparty_e3d41d1621],,Телекоммуникации
Июнь,6,28.06.2024,"-32 620,29",Тинькофф,Общее,[counterparty_19f4d4c15b],,Оплата поставщикам 
Июнь,6,28.06.2024,"-5 447,25",Тинькофф,Общее,[counterparty_fb5384e8b9],,Оплата поставщикам 
Июнь,6,28.06.2024,"-69 859,09",Тинькофф,Общее,[counterparty_fb5384e8b9],,Оплата поставщикам 
Июнь,6,28.06.2024,"-40 979,57",Тинькофф,Общее,[counterparty_bb8cb2d348],,Оплата поставщикам 
Июнь,6,28.06.2024,"-7 852,80",Тинькофф,Общее,[counterparty_b2323408fa],,Оплата поставщикам 
Июнь,6,28.06.2024,"-111 500,00",Тинькофф,Общее,[counterparty_dc430ed78e],,Оплата поставщикам 
Июнь,6,28.06.2024,"-65 000,00",Тинькофф,Общее,[counterparty_347b901ee4],,Контекстная реклама
Июнь,6,28.06.2024,"-47 609,20",Тинькофф,Общее,[counterparty_c4e92b27e2],,Оплата поставщикам 
Июнь,6,28.06.2024,"-100 000,00",Тинькофф,Общее,[counterparty_e08d6e58b9],,Аренда торговых точек
Июнь,6,28.06.2024,"-88,61",Тинькофф,Общее,[counterparty_831a0f4ab6],,РКО
Июнь,6,28.06.2024,"-25 967,97",Тинькофф,Общее,[counterparty_8e70032df8],,Оплата поставщикам 
Июнь,6,28.06.2024,"999,00",Тинькофф,Клиенты-физ.лица,[counterparty_db1aef506b],,Поступление денег с торг. точек
Июнь,6,28.06.2024,"-4,00",Тинькофф,Общее,[counterparty_831a0f4ab6],,Эквайринг
Июнь,6,28.06.2024,"839,00",Тинькофф,Клиенты-физ.лица,[counterparty_db1aef506b],,Поступление денег с торг. точек
Июнь,6,28.06.2024,"-3,36",Тинькофф,Общее,[counterparty_831a0f4ab6],,Эквайринг
Июнь,6,28.06.2024,"-7 234,93",Тинькофф,Общее,[counterparty_d7a35ccc36],,Оплата поставщикам 
Июнь,6,28.06.2024,"-19,98",Тинькофф,Общее,[counterparty_d7a35ccc36],,Содержание торговых точек
Июнь,6,28.06.2024,"-1 493,43",Тинькофф,Общее,[counterparty_d7a35ccc36],,Расходы на питание персонала
Июнь,6,29.06.2024,"160 415,35",Тинькофф,Клиенты-физ.лица,[counterparty_db1aef506b],,Поступление денег с торг. точек
Июнь,6,29.06.2024,"-2 406,51",Тинькофф,Общее,[counterparty_831a0f4ab6],,Эквайринг
Июнь,6,29.06.2024,"580,00",Тинькофф,Клиенты-физ.лица,[counterparty_db1aef506b],,Поступление денег с торг. точек
Июнь,6,29.06.2024,"-2,32",Тинькофф,Общее,[counterparty_831a0f4ab6],,Эквайринг
Июнь,6,29.06.2024,"250,00",Тинькофф,Клиенты-физ.лица,[counterparty_db1aef506b],,Поступление денег с торг. точек
Июнь,6,29.06.2024,"-1,00",Тинькофф,Общее,[counterparty_831a0f4ab6],,Эквайринг
Июнь,6,29.06.2024,"1 065,00",Тинькофф,Клиенты-физ.лица,[counterparty_db1aef506b],,Поступление денег с торг. точек
Июнь,6,29.06.2024,"-4,26",Тинькофф,Общее,[counterparty_831a0f4ab6],,Эквайринг
Июнь,6,29.06.2024,"260,00",Тинькофф,Клиенты-физ.лица,[counterparty_db1aef506b],,Поступление денег с торг. точек
Июнь,6,29.06.2024,"-1,04",Тинькофф,Общее,[counterparty_831a0f4ab6],,Эквайринг
Июнь,6,29.06.2024,"107,00",Тинькофф,Клиенты-физ.лица,[counterparty_db1aef506b],,Поступление денег с торг. точек
Июнь,6,29.06.2024,"-0,43",Тинькофф,Общее,[counterparty_831a0f4ab6],,Эквайринг
Июнь,6,29.06.2024,"770,00",Тинькофф,Клиенты-физ.лица,[counterparty_db1aef506b],,Поступление денег с торг. точек
Июнь,6,29.06.2024,"-3,08",Тинькофф,Общее,[counterparty_831a0f4ab6],,Эквайринг
Июнь,6,30.06.2024,"109 596,50",Тинькофф,Клиенты-физ.лица,[counterparty_db1aef506b],,Поступление денег с торг. точек
Июнь,6,30.06.2024,"-1 644,17",Тинькофф,Общее,[counterparty_831a0f4ab6],,Эквайринг
Июнь,6,30.06.2024,"680,00",Тинькофф,Клиенты-физ.лица,[counterparty_db1aef506b],,Поступление денег с торг. точек
Июнь,6,30.06.2024,"-2,72",Тинькофф,Общее,[counterparty_831a0f4ab6],,Эквайринг
Июнь,6,30.06.2024,"585,00",Тинькофф,Клиенты-физ.лица,[counterparty_db1aef506b],,Поступление денег с торг. точек
Июнь,6,30.06.2024,"-2,34",Тинькофф,Общее,[counterparty_831a0f4ab6],,Эквайринг
Июнь,6,30.06.2024,"-4 581,60",Тинькофф,Общее,[counterparty_d7a35ccc36],,Оплата поставщикам 
Июнь,6,30.06.2024,"-450,94",Тинькофф,Общее,[counterparty_d7a35ccc36],,Содержание торговых точек
Июнь,6,30.06.2024,"-2 234,41",Тинькофф,Общее,[counterparty_d7a35ccc36],,Расходы на питание персонала
Июнь,6,28.06.2024,"-14 980,00",ТК Черникова,Общее,[counterparty_552231dcd7],,Курьерская служба -
Июнь,6,28.06.2024,"-1 350,00",ТК Черникова,Общее,[counterparty_903a43fe3c],,Транспортные услуги
Июнь,6,28.06.2024,"25 702,00",ТК Черникова,Клиенты-физ.лица,[counterparty_db1aef506b],,Поступление денег с торг. точек
Июнь,6,28.06.2024,"-357,00",ТК Черникова,Общее,[counterparty_d7a35ccc36],,Расходы на питание персонала
Июнь,6,28.06.2024,"-5 287,00",ТК Черникова,Общее,[counterparty_d7a35ccc36],,Оплата поставщикам 
Июнь,6,29.06.2024,"-13 320,00",ТК Черникова,Общее,[counterparty_552231dcd7],,Курьерская служба -
Июнь,6,29.06.2024,"34 753,00",ТК Черникова,Клиенты-физ.лица,[counterparty_db1aef506b],,Поступление денег с торг. точек
Июнь,6,30.06.2024,"-4 653,00",ТК Черникова,Общее,[counterparty_d7a35ccc36],,Оплата поставщикам 
Июнь,6,30.06.2024,"-292,00",ТК Черникова,Общее,[counterparty_d7a35ccc36],,Расходы на питание персонала
Июнь,6,30.06.2024,"-10 840,00",ТК Черникова,Общее,[counterparty_552231dcd7],,Курьерская служба -
Июнь,6,30.06.2024,"16 656,00",ТК Черникова,Клиенты-физ.лица,[counterparty_db1aef506b],,Поступление денег с торг. точек
Июнь,6,28.06.2024,"-300,00",ТК Черникова,Общее,[counterparty_552231dcd7],,Содержание торговых точек
Июль,7,01.07.2024,"-8 660,00",ТК Черникова,Общее,[counterparty_552231dcd7],,Курьерская служба -
Июль,7,01.07.2024,"14 942,00",ТК Черникова,Клиенты-физ.лица,[counterparty_db1aef506b],,Поступление денег с торг. точек
Июль,7,01.07.2024,"-6 700,00",ТК Черникова,Общее,[counterparty_552231dcd7],,Содержание торговых точек
Июль,7,01.07.2024,"-44 200,00",ТК Черникова,Общее,,,Выбытие — Перевод между счетами
Июль,7,02.07.2024,"18 950,00",ТК Черникова,Клиенты-физ.лица,[counterparty_db1aef506b],,Поступление денег с торг. точек
Июль,7,02.07.2024,"-9 860,00",ТК Черникова,Общее,[counterparty_552231dcd7],,Курьерская служба -
Июль,7,02.07.2024,"-5 011,00",ТК Черникова,Общее,[counterparty_d7a35ccc36],,Оплата поставщикам 
Июль,7,02.07.2024,"-223,00",ТК Черникова,Общее,[counterparty_d7a35ccc36],,Расходы на питание персонала
Июль,7,02.07.2024,"-6 876,00",ТК Черникова,Общее,[counterparty_5ea766e786],,Оплата поставщикам 
Июль,7,01.07.2024,"44 200,00",Сейф,Общее,,,Поступление — Перевод между счетами
Июль,7,02.07.2024,"120 000,00",Сейф,Общее,,,Поступление — Перевод между счетами
Июль,7,02.07.2024,"-165 489,00",Сейф,Общее,[counterparty_552231dcd7],,Зарплата производственного персонала
Июль,7,01.07.2024,"19 266,59",Альфа,Клиенты-физ.лица,[counterparty_db1aef506b],,Поступление денег с торг. точек
Июль,7,01.07.2024,"-25,62",Альфа,Общее,[counterparty_831a0f4ab6],,Эквайринг
Июль,7,02.07.2024,"21 157,37",Альфа,Клиенты-физ.лица,[counterparty_db1aef506b],,Поступление денег с торг. точек
Июль,7,02.07.2024,"-39,61",Альфа,Общее,[counterparty_831a0f4ab6],,Эквайринг
Июль,7,01.07.2024,"96 093,00",Тинькофф,Клиенты-физ.лица,[counterparty_db1aef506b],,Поступление денег с торг. точек
Июль,7,01.07.2024,"-1 441,59",Тинькофф,Общее,[counterparty_831a0f4ab6],,Эквайринг
Июль,7,01.07.2024,"-145 000,00",Тинькофф,Общее,,,Выбытие — Перевод между счетами
Июль,7,01.07.2024,"876,00",Тинькофф,Клиенты-физ.лица,[counterparty_db1aef506b],,Поступление денег с торг. точек
Июль,7,01.07.2024,"-3,50",Тинькофф,Общее,[counterparty_831a0f4ab6],,Эквайринг
Июль,7,01.07.2024,"-42,99",Тинькофф,Общее,[counterparty_d7a35ccc36],,Расходы на питание персонала
Июль,7,02.07.2024,"95 043,00",Тинькофф,Клиенты-физ.лица,[counterparty_db1aef506b],,Поступление денег с торг. точек
Июль,7,02.07.2024,"-1 425,79",Тинькофф,Общее,[counterparty_831a0f4ab6],,Эквайринг
Июль,7,02.07.2024,"-93,15",Тинькофф,Общее,[counterparty_b2323408fa],,Оплата поставщикам 
Июль,7,02.07.2024,"580,00",Тинькофф,Клиенты-физ.лица,[counterparty_db1aef506b],,Поступление денег с торг. точек
Июль,7,02.07.2024,"420,00",Тинькофф,Клиенты-физ.лица,[counterparty_db1aef506b],,Поступление денег с торг. точек
Июль,7,02.07.2024,"-2,32",Тинькофф,Общее,[counterparty_831a0f4ab6],,Эквайринг
Июль,7,02.07.2024,"740,00",Тинькофф,Клиенты-физ.лица,[counterparty_db1aef506b],,Поступление денег с торг. точек
Июль,7,02.07.2024,"-1,68",Тинькофф,Общее,[counterparty_831a0f4ab6],,Эквайринг
Июль,7,02.07.2024,"-2,96",Тинькофф,Общее,[counterparty_831a0f4ab6],,Эквайринг
Июль,7,02.07.2024,"-120 000,00",Тинькофф,Общее,,,Выбытие — Перевод между счетами
Июль,7,02.07.2024,"-20 000,00",Тинькофф,Общее,,,Выбытие — Перевод между счетами
Июль,7,02.07.2024,"-467,98",Тинькофф,Общее,[counterparty_d7a35ccc36],,Содержание торговых точек
Июль,7,02.07.2024,"-180,97",Тинькофф,Общее,[counterparty_d7a35ccc36],,Расходы на питание персонала
Июль,7,02.07.2024,"-5 267,51",Тинькофф,Общее,[counterparty_d7a35ccc36],,Оплата поставщикам 
Июнь,6,30.06.2024,"-5 000,00",ГарантФонд,Общее,[counterparty_552231dcd7],[private_text_f6d54b1a0f],Курьерская служба -
Июль,7,03.07.2024,"25 551,82",Альфа,Клиенты-физ.лица,[counterparty_db1aef506b],,Поступление денег с торг. точек
Июль,7,03.07.2024,"-42,50",Альфа,Общее,[counterparty_831a0f4ab6],,Эквайринг
Июль,7,03.07.2024,"84 625,10",Тинькофф,Клиенты-физ.лица,[counterparty_db1aef506b],,Поступление денег с торг. точек
Июль,7,03.07.2024,"-1 269,54",Тинькофф,Общее,[counterparty_831a0f4ab6],,Эквайринг
Июль,7,03.07.2024,"-60 000,00",Тинькофф,Общее,,,Выбытие — Перевод между счетами
Июль,7,03.07.2024,"-28 000,00",Тинькофф,Общее,[counterparty_33844b2195],,Прочие маркетинговые услуги
Июль,7,03.07.2024,"-100 202,00",Тинькофф,Общее,[counterparty_cb93f56848],,Сайт и приложение
Июль,7,03.07.2024,"-1 000,00",Тинькофф,Общее,[counterparty_9147d41bbb],,Аренда торговых точек
Июль,7,03.07.2024,"-4 000,00",Тинькофф,Общее,[counterparty_9147d41bbb],,Аренда торговых точек
Июль,7,03.07.2024,"-10 000,00",Тинькофф,Общее,[counterparty_3f0fc87298],,Услуги ФД и НК
Июль,7,03.07.2024,"-2 640,00",Тинькофф,Общее,[counterparty_e3d41d1621],,Телекоммуникации
Июль,7,03.07.2024,"1 351,00",Тинькофф,Клиенты-физ.лица,[counterparty_db1aef506b],,Поступление денег с торг. точек
Июль,7,03.07.2024,"-5,40",Тинькофф,Общее,[counterparty_831a0f4ab6],,Эквайринг
Июль,7,03.07.2024,"106,00",Тинькофф,Клиенты-физ.лица,[counterparty_db1aef506b],,Поступление денег с торг. точек
Июль,7,03.07.2024,"-0,42",Тинькофф,Общее,[counterparty_831a0f4ab6],,Эквайринг
Июль,7,03.07.2024,"-6,99",Тинькофф,Общее,[counterparty_d7a35ccc36],,Содержание торговых точек
Июль,7,03.07.2024,"-5 988,94",Тинькофф,Общее,[counterparty_d7a35ccc36],,Оплата поставщикам 
Июль,7,03.07.2024,"-2 000,00",Сейф,Общее,[counterparty_903a43fe3c],,Оплата поставщикам 
Июль,7,03.07.2024,"-1 000,00",Сейф,Общее,[counterparty_45d6b05c94],,Поиск и найм персонала
Июль,7,03.07.2024,"10 000,00",Сейф,Общее,,,Поступление — Перевод между счетами
Июль,7,03.07.2024,"-10 000,00",ТК Черникова,Общее,,,Выбытие — Перевод между счетами
Июль,7,03.07.2024,"-10 540,00",ТК Черникова,Общее,[counterparty_552231dcd7],,Курьерская служба -
Июль,7,03.07.2024,"15 627,00",ТК Черникова,Клиенты-физ.лица,[counterparty_db1aef506b],,Поступление денег с торг. точек
Июль,7,04.07.2024,"74 602,85",Тинькофф,Клиенты-физ.лица,[counterparty_db1aef506b],,Поступление денег с торг. точек
Июль,7,04.07.2024,"-1 119,19",Тинькофф,Общее,[counterparty_831a0f4ab6],,Эквайринг
Июль,7,04.07.2024,"-5 000,00",Тинькофф,Общее,[counterparty_50d958815d],,Телекоммуникации
Июль,7,04.07.2024,"-5 963,32",Тинькофф,Общее,[counterparty_d7a35ccc36],,Оплата поставщикам 
Июль,7,04.07.2024,"-35,96",Тинькофф,Общее,[counterparty_d7a35ccc36],,Содержание торговых точек
Июль,7,04.07.2024,"-1 152,34",Тинькофф,Общее,[counterparty_d7a35ccc36],,Расходы на питание персонала
Июль,7,04.07.2024,"19 928,29",Альфа,Клиенты-физ.лица,[counterparty_db1aef506b],,Поступление денег с торг. точек
Июль,7,04.07.2024,"-22,72",Альфа,Общее,[counterparty_831a0f4ab6],,Эквайринг
Июль,7,04.07.2024,"-5 684,00",ТК Черникова,Общее,[counterparty_d7a35ccc36],,Оплата поставщикам 
Июль,7,04.07.2024,"-7 420,00",ТК Черникова,Общее,[counterparty_552231dcd7],,Курьерская служба -
Июль,7,04.07.2024,"8 353,00",ТК Черникова,Клиенты-физ.лица,[counterparty_db1aef506b],,Поступление денег с торг. точек
Июль,7,01.07.2024,"93 460,00",Сейф,Корпоративные клиенты,[counterparty_d346fb5ae4],,Поступление денег с торг. точек
Июль,7,05.07.2024,"19 978,41",Альфа,Клиенты-физ.лица,[counterparty_db1aef506b],,Поступление денег с торг. точек
Июль,7,05.07.2024,"-27,66",Альфа,Общее,[counterparty_831a0f4ab6],,Эквайринг
Июль,7,06.07.2024,"21 020,96",Альфа,Клиенты-физ.лица,[counterparty_db1aef506b],,Поступление денег с торг. точек
Июль,7,06.07.2024,"-35,55",Альфа,Общее,[counterparty_831a0f4ab6],,Эквайринг
Июль,7,07.07.2024,"26 227,73",Альфа,Клиенты-физ.лица,[counterparty_db1aef506b],,Поступление денег с торг. точек
Июль,7,07.07.2024,"-33,83",Альфа,Общее,[counterparty_831a0f4ab6],,Эквайринг
Июль,7,05.07.2024,"-11 540,00",ТК Черникова,Общее,[counterparty_552231dcd7],,Курьерская служба -
Июль,7,05.07.2024,"-1 350,00",ТК Черникова,Общее,[counterparty_903a43fe3c],,Транспортные услуги
Июль,7,05.07.2024,"24 303,00",ТК Черникова,Клиенты-физ.лица,[counterparty_db1aef506b],,Поступление денег с торг. точек
Июль,7,06.07.2024,"-5 321,00",ТК Черникова,Общее,[counterparty_d7a35ccc36],,Оплата поставщикам 
Июль,7,06.07.2024,"-14 500,00",ТК Черникова,Общее,[counterparty_552231dcd7],,Курьерская служба -
Июль,7,06.07.2024,"22 817,65",ТК Черникова,Клиенты-физ.лица,[counterparty_db1aef506b],,Поступление денег с торг. точек
Июль,7,07.07.2024,"-10 880,00",ТК Черникова,Общее,[counterparty_552231dcd7],,Курьерская служба -
Июль,7,07.07.2024,"14 456,00",ТК Черникова,Клиенты-физ.лица,[counterparty_db1aef506b],,Поступление денег с торг. точек
Июль,7,07.07.2024,"-0,65",ТК Черникова,Общее,,,Корретировки кассы -
Июль,7,05.07.2024,"74 086,00",Тинькофф,Клиенты-физ.лица,[counterparty_db1aef506b],,Поступление денег с торг. точек
Июль,7,05.07.2024,"-1 111,42",Тинькофф,Общее,[counterparty_831a0f4ab6],,Эквайринг
Июль,7,05.07.2024,"1 193,00",Тинькофф,Клиенты-физ.лица,[counterparty_db1aef506b],,Поступление денег с торг. точек
Июль,7,05.07.2024,"-4,77",Тинькофф,Общее,[counterparty_831a0f4ab6],,Эквайринг
Июль,7,05.07.2024,"1 067,00",Тинькофф,Клиенты-физ.лица,[counterparty_db1aef506b],,Поступление денег с торг. точек
Июль,7,05.07.2024,"-4,27",Тинькофф,Общее,[counterparty_831a0f4ab6],,Эквайринг
Июль,7,05.07.2024,"1 224,00",Тинькофф,Клиенты-физ.лица,[counterparty_db1aef506b],,Поступление денег с торг. точек
Июль,7,05.07.2024,"-4,90",Тинькофф,Общее,[counterparty_831a0f4ab6],,Эквайринг
Июль,7,05.07.2024,"1 448,00",Тинькофф,Клиенты-физ.лица,[counterparty_db1aef506b],,Поступление денег с торг. точек
Июль,7,05.07.2024,"-5,79",Тинькофф,Общее,[counterparty_831a0f4ab6],,Эквайринг
Июль,7,05.07.2024,"-8,99",Тинькофф,Общее,[counterparty_d7a35ccc36],,Содержание торговых точек
Июль,7,05.07.2024,"-839,97",Тинькофф,Общее,[counterparty_d7a35ccc36],,Оплата поставщикам 
Июль,7,06.07.2024,"106 810,00",Тинькофф,Клиенты-физ.лица,[counterparty_db1aef506b],,Поступление денег с торг. точек
Июль,7,06.07.2024,"-1 602,33",Тинькофф,Общее,[counterparty_831a0f4ab6],,Эквайринг
Июль,7,06.07.2024,"-4 043,25",Тинькофф,Общее,[counterparty_fb5384e8b9],,Оплата поставщикам 
Июль,7,06.07.2024,"-123 786,80",Тинькофф,Общее,[counterparty_dc430ed78e],,Оплата поставщикам 
Июль,7,06.07.2024,"-22 198,23",Тинькофф,Общее,[counterparty_8e70032df8],,Оплата поставщикам 
Июль,7,06.07.2024,"-15 393,55",Тинькофф,Общее,[counterparty_b2323408fa],,Оплата поставщикам 
Июль,7,06.07.2024,"-471,30",Тинькофф,Общее,[counterparty_b2323408fa],,Оплата поставщикам 
Июль,7,06.07.2024,"-2 107,91",Тинькофф,Общее,[counterparty_d7a35ccc36],,Расходы на питание персонала
Июль,7,06.07.2024,"-35,47",Тинькофф,Общее,[counterparty_d7a35ccc36],,Содержание торговых точек
Июль,7,06.07.2024,"-2 798,81",Тинькофф,Общее,[counterparty_d7a35ccc36],,Оплата поставщикам 
Июль,7,07.07.2024,"-49 360,95",Тинькофф,Общее,[counterparty_bb8cb2d348],,Оплата поставщикам 
Июль,7,07.07.2024,"-6 000,00",Тинькофф,Общее,[counterparty_ab325eb126],,Оплаты систем автоматизации
Июль,7,07.07.2024,"-29 494,68",Тинькофф,Общее,[counterparty_19f4d4c15b],,Оплата поставщикам 
Июль,7,07.07.2024,"-675,98",Тинькофф,Общее,[counterparty_ecf3465a86],,Аренда торговых точек
Июль,7,07.07.2024,"-2 820,00",Тинькофф,Общее,[counterparty_449fa47f79],[private_text_96578d295d],Оплаты систем автоматизации
Июль,7,07.07.2024,"-4 000,00",Тинькофф,Общее,[counterparty_ab325eb126],,Оплаты систем автоматизации
Июль,7,07.07.2024,"-38 969,08",Тинькофф,Общее,[counterparty_c4e92b27e2],,Оплата поставщикам 
Июль,7,07.07.2024,"-2 930,36",Тинькофф,Общее,[counterparty_ecf3465a86],,Аренда торговых точек
Июль,7,07.07.2024,"-64 101,46",Тинькофф,Общее,[counterparty_fb5384e8b9],,Оплата поставщикам 
Июль,7,07.07.2024,"118 543,25",Тинькофф,Клиенты-физ.лица,[counterparty_db1aef506b],,Поступление денег с торг. точек
Июль,7,07.07.2024,"-1 778,41",Тинькофф,Общее,[counterparty_831a0f4ab6],,Эквайринг
Июль,7,07.07.2024,"434,00",Тинькофф,Клиенты-физ.лица,[counterparty_db1aef506b],,Поступление денег с торг. точек
Июль,7,07.07.2024,"-1,74",Тинькофф,Общее,[counterparty_831a0f4ab6],,Эквайринг
Июль,7,08.07.2024,"20 514,67",Альфа,Клиенты-физ.лица,[counterparty_db1aef506b],,Поступление денег с торг. точек
Июль,7,08.07.2024,"-8,05",Альфа,Общее,[counterparty_831a0f4ab6],,Эквайринг
Июль,7,08.07.2024,"-276 000,00",Альфа,Общее,,,Выбытие — Перевод между счетами
Июль,7,08.07.2024,"-1 000,00",Сейф,Общее,[counterparty_3f0fc87298],[private_text_e6b12afa3a],Расходы на персонал
Июль,7,08.07.2024,"-2 000,00",Сейф,Общее,[counterparty_903a43fe3c],,Оплата поставщикам 
Июль,7,08.07.2024,"-7 392,48",Сейф,Общее,[counterparty_07485de87e],,Оплата поставщикам 
Июль,7,08.07.2024,"-3 325,20",Сейф,Общее,[counterparty_07485de87e],,Оплата поставщикам 
Июль,7,08.07.2024,"-6 000,00",Сейф,Общее,[counterparty_416f60a5fd],[private_text_224e217c9c],Расходы на персонал
Июль,7,09.07.2024,"35 465,00",Сейф,Общее,,,Поступление — Перевод между счетами
Июль,7,09.07.2024,"-7,00",Сейф,Общее,[counterparty_d7a35ccc36],,Расходы на питание персонала
Июль,7,09.07.2024,"38 801,00",Сейф,Общее,,,Поступление — Перевод между счетами
Июль,7,09.07.2024,"-150 312,00",Сейф,Общее,[counterparty_552231dcd7],,Зарплата производственного персонала
Июль,7,09.07.2024,"-2 000,00",Сейф,Общее,[counterparty_3f0fc87298],[private_text_ff3ef6a97c],Содержание торговых точек
Июль,7,09.07.2024,"19 586,90",Альфа,Клиенты-физ.лица,[counterparty_db1aef506b],,Поступление денег с торг. точек
Июль,7,09.07.2024,"-33,45",Альфа,Общее,[counterparty_831a0f4ab6],,Эквайринг
Июль,7,08.07.2024,"96 605,00",Тинькофф,Клиенты-физ.лица,[counterparty_db1aef506b],,Поступление денег с торг. точек
Июль,7,08.07.2024,"-1 449,23",Тинькофф,Общее,[counterparty_831a0f4ab6],,Эквайринг
Июль,7,08.07.2024,"276 000,00",Тинькофф,Общее,,,Поступление — Перевод между счетами
Июль,7,08.07.2024,"250,00",Тинькофф,Клиенты-физ.лица,[counterparty_db1aef506b],,Поступление денег с торг. точек
Июль,7,08.07.2024,"-1,00",Тинькофф,Общее,[counterparty_831a0f4ab6],,Эквайринг
Июль,7,08.07.2024,"-200 000,00",Тинькофф,Общее,,,Выбытие — Перевод между счетами
Июль,7,08.07.2024,"1 429,00",Тинькофф,Клиенты-физ.лица,[counterparty_db1aef506b],,Поступление денег с торг. точек
Июль,7,08.07.2024,"-5,72",Тинькофф,Общее,[counterparty_831a0f4ab6],,Эквайринг
Июль,7,08.07.2024,"-2 522,89",Тинькофф,Общее,[counterparty_d7a35ccc36],,Содержание торговых точек
Июль,7,08.07.2024,"-2 513,43",Тинькофф,Общее,[counterparty_d7a35ccc36],,Расходы на питание персонала
Июль,7,08.07.2024,"-7 581,50",Тинькофф,Общее,[counterparty_d7a35ccc36],,Оплата поставщикам 
Июль,7,08.07.2024,"-72,00",Тинькофф,Общее,[counterparty_b2323408fa],,Оплата поставщикам 
Июль,7,09.07.2024,"94 336,00",Тинькофф,Клиенты-физ.лица,[counterparty_db1aef506b],,Поступление денег с торг. точек
Июль,7,09.07.2024,"-1 415,22",Тинькофф,Общее,[counterparty_831a0f4ab6],,Эквайринг
Июль,7,09.07.2024,"1 899,00",Тинькофф,Клиенты-физ.лица,[counterparty_db1aef506b],,Поступление денег с торг. точек
Июль,7,09.07.2024,"-7,60",Тинькофф,Общее,[counterparty_831a0f4ab6],,Эквайринг
Июль,7,09.07.2024,"-80 850,00",Тинькофф,Общее,[counterparty_6e66cfc0d7],,Оплата поставщикам 
Июль,7,09.07.2024,"-38 801,00",Тинькофф,Общее,,,Выбытие — Перевод между счетами
Июль,7,09.07.2024,"-600,00",Тинькофф,Общее,[counterparty_d7a35ccc36],[private_text_0d19633353],Содержание торговых точек
Июль,7,01.07.2024,"145 000,00",Сбербанк,Общее,,,Поступление — Перевод между счетами
Июль,7,01.07.2024,"-15 000,00",Сбербанк,Общее,[counterparty_552231dcd7],,Зарплата административного персонала
Июль,7,01.07.2024,"-24 000,00",Сбербанк,Общее,[counterparty_552231dcd7],,Зарплата административного персонала
Июль,7,01.07.2024,"-40 000,00",Сбербанк,Общее,[counterparty_7e3a73c9be],,Зарплата административного персонала
Июль,7,01.07.2024,"-62 000,00",Сбербанк,Общее,[counterparty_41bef12399],,Зарплата административного персонала
Июль,7,01.07.2024,"-4 000,00",Сбербанк,Общее,[counterparty_e08d6e58b9],,Аренда склада
Июль,7,02.07.2024,"-4 395,30",Сбербанк,Общее,[counterparty_831a0f4ab6],,Оплаты по кредитам и займам
Июль,7,02.07.2024,"-14 063,70",Сбербанк,Общее,[counterparty_831a0f4ab6],,Оплаты по кредитам и займам
Июль,7,02.07.2024,"-120 000,00",Сбербанк,Общее,,,Выбытие — Перевод между счетами
Июль,7,02.07.2024,"120 000,00",Сбербанк,Общее,,,Поступление — Перевод между счетами
Июль,7,02.07.2024,"20 000,00",Сбербанк,Общее,,,Поступление — Перевод между счетами
Июль,7,03.07.2024,"60 000,00",Сбербанк,Общее,,,Поступление — Перевод между счетами
Июль,7,03.07.2024,"-60 000,00",Сбербанк,Общее,,[private_text_8910ec4344],Выдача кредитов и займов
Июль,7,08.07.2024,"200 000,00",Сбербанк,Общее,,,Поступление — Перевод между счетами
Июль,7,08.07.2024,"-100 000,00",Сбербанк,Общее,[counterparty_41bef12399],,Дивиденды
Июль,7,08.07.2024,"-100 000,00",Сбербанк,Общее,[counterparty_7e3a73c9be],,Дивиденды
Июль,7,09.07.2024,"38 801,00",Сбербанк,Общее,,,Поступление — Перевод между счетами
Июль,7,09.07.2024,"-38 801,00",Сбербанк,Общее,,,Выбытие — Перевод между счетами
Июль,7,08.07.2024,"-10 700,00",ТК Черникова,Общее,[counterparty_552231dcd7],,Курьерская служба -
Июль,7,08.07.2024,"36 512,90",ТК Черникова,Клиенты-физ.лица,[counterparty_db1aef506b],,Поступление денег с торг. точек
Июль,7,09.07.2024,"-8 200,00",ТК Черникова,Общее,[counterparty_552231dcd7],,Курьерская служба -
Июль,7,09.07.2024,"20 099,75",ТК Черникова,Клиенты-физ.лица,[counterparty_db1aef506b],,Поступление денег с торг. точек
Июль,7,09.07.2024,"-5 000,00",ТК Черникова,Общее,[counterparty_552231dcd7],,Содержание торговых точек
Июль,7,09.07.2024,"-35 465,00",ТК Черникова,Общее,,,Выбытие — Перевод между счетами
Июль,7,09.07.2024,"-23,65",ТК Черникова,Общее,,,Корретировки кассы -
Июль,7,10.07.2024,"75 991,00",Тинькофф,Клиенты-физ.лица,[counterparty_db1aef506b],,Поступление денег с торг. точек
Июль,7,10.07.2024,"-1 139,97",Тинькофф,Общее,[counterparty_831a0f4ab6],,Эквайринг
Июль,7,10.07.2024,"-280,00",Тинькофф,Общее,[counterparty_d7a35ccc36],,Содержание торговых точек
Июль,7,10.07.2024,"718,00",Тинькофф,Клиенты-физ.лица,[counterparty_db1aef506b],,Поступление денег с торг. точек
Июль,7,10.07.2024,"-2,87",Тинькофф,Общее,[counterparty_831a0f4ab6],,Эквайринг
Июль,7,10.07.2024,"-93,15",Тинькофф,Общее,[counterparty_b2323408fa],,Оплата поставщикам 
Июль,7,10.07.2024,"-1 846,85",Тинькофф,Общее,[counterparty_d7a35ccc36],,Оплата поставщикам 
Июль,7,10.07.2024,"-23,97",Тинькофф,Общее,[counterparty_d7a35ccc36],,Содержание торговых точек
Июль,7,10.07.2024,"-1 640,51",Тинькофф,Общее,[counterparty_d7a35ccc36],,Расходы на питание персонала
Июль,7,10.07.2024,"-4 726,00",ТК Черникова,Общее,[counterparty_d7a35ccc36],,Оплата поставщикам 
Июль,7,10.07.2024,"-7 346,00",ТК Черникова,Общее,[counterparty_5ea766e786],,Оплата поставщикам 
Июль,7,10.07.2024,"-3 842,00",ТК Черникова,Общее,[counterparty_d7a35ccc36],,Оплата поставщикам 
Июль,7,10.07.2024,"-10 340,00",ТК Черникова,Общее,[counterparty_552231dcd7],,Курьерская служба -
Июль,7,10.07.2024,"21 140,00",ТК Черникова,Клиенты-физ.лица,[counterparty_db1aef506b],,Поступление денег с торг. точек
Июль,7,10.07.2024,"15 627,75",Альфа,Клиенты-физ.лица,[counterparty_db1aef506b],,Поступление денег с торг. точек
Июль,7,10.07.2024,"-299,00",Альфа,Общее,[counterparty_831a0f4ab6],,РКО
Июль,7,10.07.2024,"-29,00",Альфа,Общее,[counterparty_831a0f4ab6],,Эквайринг
Июль,7,12.07.2024,"-5 000,00",ГарантФонд,Общее,[counterparty_552231dcd7],[private_text_68028db302],Курьерская служба -
Июль,7,11.07.2024,"-8 630,00",ТК Черникова,Общее,[counterparty_552231dcd7],,Курьерская служба -
Июль,7,11.07.2024,"14 258,00",ТК Черникова,Клиенты-физ.лица,[counterparty_db1aef506b],,Поступление денег с торг. точек
Июль,7,11.07.2024,"89 604,00",Тинькофф,Клиенты-физ.лица,[counterparty_db1aef506b],,Поступление денег с торг. точек
Июль,7,11.07.2024,"-1 344,21",Тинькофф,Общее,[counterparty_831a0f4ab6],,Эквайринг
Июль,7,11.07.2024,"-53 302,00",Тинькофф,Общее,[counterparty_e08d6e58b9],,Аренда торговых точек
Июль,7,11.07.2024,"1 045,00",Тинькофф,Клиенты-физ.лица,[counterparty_db1aef506b],,Поступление денег с торг. точек
Июль,7,11.07.2024,"-4,18",Тинькофф,Общее,[counterparty_831a0f4ab6],,Эквайринг
Июль,7,11.07.2024,"1 899,00",Тинькофф,Клиенты-физ.лица,[counterparty_db1aef506b],,Поступление денег с торг. точек
Июль,7,11.07.2024,"-7,60",Тинькофф,Общее,[counterparty_831a0f4ab6],,Эквайринг
Июль,7,11.07.2024,"785,00",Тинькофф,Клиенты-физ.лица,[counterparty_db1aef506b],,Поступление денег с торг. точек
Июль,7,11.07.2024,"-3,14",Тинькофф,Общее,[counterparty_831a0f4ab6],,Эквайринг
Июль,7,11.07.2024,"2 343,00",Тинькофф,Клиенты-физ.лица,[counterparty_db1aef506b],,Поступление денег с торг. точек
Июль,7,08.07.2024,"250,00",Тинькофф,Клиенты-физ.лица,[counterparty_db1aef506b],,Поступление денег с торг. точек
Июль,7,08.07.2024,"-1,00",Тинькофф,Общее,[counterparty_831a0f4ab6],,Эквайринг
Июль,7,11.07.2024,"11 706,44",Альфа,Клиенты-физ.лица,[counterparty_db1aef506b],,Поступление денег с торг. точек
Июль,7,11.07.2024,"-20,54",Альфа,Общее,[counterparty_831a0f4ab6],,Эквайринг
Июль,7,12.07.2024,"33 096,28",Альфа,Клиенты-физ.лица,[counterparty_db1aef506b],,Поступление денег с торг. точек
Июль,7,12.07.2024,"-88,47",Альфа,Общее,[counterparty_831a0f4ab6],,Эквайринг
Июль,7,13.07.2024,"31 024,13",Альфа,Клиенты-физ.лица,[counterparty_db1aef506b],,Поступление денег с торг. точек
Июль,7,13.07.2024,"-61,17",Альфа,Общее,[counterparty_831a0f4ab6],,Эквайринг
Июль,7,14.07.2024,"20 014,45",Альфа,Клиенты-физ.лица,[counterparty_db1aef506b],,Поступление денег с торг. точек
Июль,7,14.07.2024,"-20,57",Альфа,Общее,[counterparty_831a0f4ab6],,Эквайринг
Июль,7,12.07.2024,"-5 771,00",ТК Черникова,Общее,[counterparty_d7a35ccc36],,Оплата поставщикам 
Июль,7,12.07.2024,"-188,00",ТК Черникова,Общее,[counterparty_d7a35ccc36],,Расходы на питание персонала
Июль,7,12.07.2024,"-1 350,00",ТК Черникова,Общее,[counterparty_903a43fe3c],,Транспортные услуги
Июль,7,12.07.2024,"-13 140,00",ТК Черникова,Общее,[counterparty_552231dcd7],,Курьерская служба -
Июль,7,12.07.2024,"38 783,90",ТК Черникова,Клиенты-физ.лица,[counterparty_db1aef506b],,Поступление денег с торг. точек
Июль,7,13.07.2024,"-11 420,00",ТК Черникова,Общее,[counterparty_552231dcd7],,Курьерская служба -
Июль,7,13.07.2024,"27 408,10",ТК Черникова,Клиенты-физ.лица,[counterparty_db1aef506b],,Поступление денег с торг. точек
Июль,7,14.07.2024,"-3 261,00",ТК Черникова,Общее,[counterparty_d7a35ccc36],,Оплата поставщикам 
Июль,7,14.07.2024,"-316,00",ТК Черникова,Общее,[counterparty_d7a35ccc36],,Расходы на питание персонала
Июль,7,14.07.2024,"-11 460,00",ТК Черникова,Общее,[counterparty_552231dcd7],,Курьерская служба -
Июль,7,14.07.2024,"19 909,00",ТК Черникова,Клиенты-физ.лица,[counterparty_db1aef506b],,Поступление денег с торг. точек
Июль,7,12.07.2024,"63 612,00",Тинькофф,Клиенты-физ.лица,[counterparty_db1aef506b],,Поступление денег с торг. точек
Июль,7,12.07.2024,"-954,29",Тинькофф,Общее,[counterparty_831a0f4ab6],,Эквайринг
Июль,7,12.07.2024,"-9,37",Тинькофф,Общее,[counterparty_831a0f4ab6],,Эквайринг
Июль,7,12.07.2024,"1 057,00",Тинькофф,Клиенты-физ.лица,[counterparty_db1aef506b],,Поступление денег с торг. точек
Июль,7,12.07.2024,"-4,23",Тинькофф,Общее,[counterparty_831a0f4ab6],,Эквайринг
Июль,7,12.07.2024,"-5 000,00",Тинькофф,Общее,[counterparty_50d958815d],,Телекоммуникации
Июль,7,12.07.2024,"740,00",Тинькофф,Клиенты-физ.лица,[counterparty_db1aef506b],,Поступление денег с торг. точек
Июль,7,12.07.2024,"-2,96",Тинькофф,Общее,[counterparty_831a0f4ab6],,Эквайринг
Июль,7,12.07.2024,"239,00",Тинькофф,Клиенты-физ.лица,[counterparty_db1aef506b],,Поступление денег с торг. точек
Июль,7,12.07.2024,"-21 459,03",Тинькофф,Общее,[counterparty_8e70032df8],,Оплата поставщикам 
Июль,7,12.07.2024,"-7 577,52",Тинькофф,Общее,[counterparty_b2323408fa],,Оплата поставщикам 
Июль,7,12.07.2024,"-101 270,60",Тинькофф,Общее,[counterparty_dc430ed78e],,Оплата поставщикам 
Июль,7,12.07.2024,"-4 191,75",Тинькофф,Общее,[counterparty_fb5384e8b9],,Оплата поставщикам 
Июль,7,12.07.2024,"1 154,00",Тинькофф,Клиенты-физ.лица,[counterparty_db1aef506b],,Поступление денег с торг. точек
Июль,7,12.07.2024,"-4,62",Тинькофф,Общее,[counterparty_831a0f4ab6],,Эквайринг
Июль,7,13.07.2024,"111 813,00",Тинькофф,Клиенты-физ.лица,[counterparty_db1aef506b],,Поступление денег с торг. точек
Июль,7,13.07.2024,"-1 677,46",Тинькофф,Общее,[counterparty_831a0f4ab6],,Эквайринг
Июль,7,13.07.2024,"-0,96",Тинькофф,Общее,[counterparty_831a0f4ab6],,Эквайринг
Июль,7,14.07.2024,"93 843,25",Тинькофф,Клиенты-физ.лица,[counterparty_db1aef506b],,Поступление денег с торг. точек
Июль,7,14.07.2024,"-1 407,81",Тинькофф,Общее,[counterparty_831a0f4ab6],,Эквайринг
Июль,7,12.07.2024,"-5 853,63",Тинькофф,Общее,[counterparty_d7a35ccc36],,Оплата поставщикам 
Июль,7,12.07.2024,"-209,97",Тинькофф,Общее,[counterparty_d7a35ccc36],,Расходы на питание персонала
Июль,7,12.07.2024,"-8,99",Тинькофф,Общее,[counterparty_d7a35ccc36],,Содержание торговых точек
Июль,7,12.07.2024,"-364,34",Тинькофф,Общее,[counterparty_b2323408fa],,Оплата поставщикам 
Июль,7,14.07.2024,"-54 072,76",Тинькофф,Общее,[counterparty_bb8cb2d348],,Оплата поставщикам 
Июль,7,14.07.2024,"-5 036,47",Тинькофф,Общее,[counterparty_bb8cb2d348],,Расходы на персонал
Июль,7,14.07.2024,"-81 226,73",Тинькофф,Общее,[counterparty_fb5384e8b9],,Оплата поставщикам 
Июль,7,14.07.2024,"-7 137,10",Тинькофф,Общее,[counterparty_6d6a37d791],,Оплата поставщикам 
Июль,7,14.07.2024,"-38 671,50",Тинькофф,Общее,[counterparty_c4e92b27e2],,Оплата поставщикам 
Июль,7,14.07.2024,"-33 045,69",Тинькофф,Общее,[counterparty_19f4d4c15b],,Оплата поставщикам 
Июль,7,14.07.2024,"250,00",Тинькофф,Клиенты-физ.лица,[counterparty_db1aef506b],,Поступление денег с торг. точек
Июль,7,14.07.2024,"-1,00",Тинькофф,Общее,[counterparty_831a0f4ab6],,Эквайринг
Июль,7,14.07.2024,"-4 363,64",Тинькофф,Общее,[counterparty_d7a35ccc36],,Оплата поставщикам 
Июль,7,14.07.2024,"-2 386,14",Тинькофф,Общее,[counterparty_d7a35ccc36],,Расходы на питание персонала
Июль,7,14.07.2024,"-322,96",Тинькофф,Общее,[counterparty_d7a35ccc36],,Содержание торговых точек
Июль,7,13.07.2024,"-99,00",Сейф,Общее,[counterparty_831a0f4ab6],,РКО
Июль,7,13.07.2024,"-99,00",Сейф,Общее,[counterparty_831a0f4ab6],,РКО
Июль,7,02.07.2024,"-1 600,00",Сейф,Общее,[counterparty_335f3233c9],,Аренда торговых точек
Июль,7,15.07.2024,"19 560,47",Альфа,Клиенты-физ.лица,[counterparty_db1aef506b],,Поступление денег с торг. точек
Июль,7,15.07.2024,"-26,10",Альфа,Общее,[counterparty_831a0f4ab6],,Эквайринг
Июль,7,16.07.2024,"32 671,19",Альфа,Клиенты-физ.лица,[counterparty_db1aef506b],,Поступление денег с торг. точек
Июль,7,16.07.2024,"-56,36",Альфа,Общее,[counterparty_831a0f4ab6],,Эквайринг
Июль,7,17.07.2024,"7 826,48",Альфа,Клиенты-физ.лица,[counterparty_db1aef506b],,Поступление денег с торг. точек
Июль,7,15.07.2024,"51 265,00",Сейф,Общее,,,Поступление — Перевод между счетами
Июль,7,16.07.2024,"116 218,00",Сейф,Общее,,,Поступление — Перевод между счетами
Июль,7,16.07.2024,"-156 505,00",Сейф,Общее,[counterparty_552231dcd7],,Зарплата производственного персонала
Июль,7,16.07.2024,"-9 000,00",Сейф,Общее,[counterparty_552231dcd7],,Расходы на персонал
Июль,7,16.07.2024,"-2 000,00",Сейф,Общее,[counterparty_903a43fe3c],,Оплата поставщикам 
Июль,7,16.07.2024,"-2 500,00",Сейф,Общее,[counterparty_552231dcd7],,Расходы на персонал
Июль,7,15.07.2024,"-51 265,00",ТК Черникова,Общее,,,Выбытие — Перевод между счетами
Июль,7,15.07.2024,"-10 780,00",ТК Черникова,Общее,[counterparty_552231dcd7],,Курьерская служба -
Июль,7,15.07.2024,"21 570,15",ТК Черникова,Клиенты-физ.лица,[counterparty_db1aef506b],,Поступление денег с торг. точек
Июль,7,16.07.2024,"-5 251,00",ТК Черникова,Общее,[counterparty_d7a35ccc36],,Оплата поставщикам 
Июль,7,16.07.2024,"-276,00",ТК Черникова,Общее,[counterparty_d7a35ccc36],,Расходы на питание персонала
Июль,7,16.07.2024,"-10 903,50",ТК Черникова,Общее,[counterparty_5ea766e786],,Оплата поставщикам 
Июль,7,16.07.2024,"-264,00",ТК Черникова,Общее,[counterparty_5ea766e786],,Расходы на питание персонала
Июль,7,16.07.2024,"-10 280,00",ТК Черникова,Общее,[counterparty_552231dcd7],,Курьерская служба -
Июль,7,16.07.2024,"-1 350,00",ТК Черникова,Общее,[counterparty_903a43fe3c],,Транспортные услуги
Июль,7,16.07.2024,"23 649,85",ТК Черникова,Клиенты-физ.лица,[counterparty_db1aef506b],,Поступление денег с торг. точек
Июль,7,11.07.2024,"-896,40",Сбербанк,Общее,[counterparty_831a0f4ab6],,РКО
Июль,7,15.07.2024,"55 000,00",Сбербанк,Общее,,,Поступление — Перевод между счетами
Июль,7,15.07.2024,"-25 000,00",Сбербанк,Общее,[counterparty_552231dcd7],,Зарплата административного персонала
Июль,7,16.07.2024,"261 218,00",Сбербанк,Общее,,,Поступление — Перевод между счетами
Июль,7,16.07.2024,"-116 218,00",Сбербанк,Общее,,,Выбытие — Перевод между счетами
Июль,7,16.07.2024,"-145 000,00",Сбербанк,Общее,[counterparty_831a0f4ab6],,Оплаты по кредитам и займам
Июль,7,15.07.2024,"103 884,00",Тинькофф,Клиенты-физ.лица,[counterparty_db1aef506b],,Поступление денег с торг. точек
Июль,7,15.07.2024,"-1 558,48",Тинькофф,Общее,[counterparty_831a0f4ab6],,Эквайринг
Июль,7,15.07.2024,"-120,00",Тинькофф,Общее,[counterparty_682bbbb771],,Налоги с з/п
Июль,7,15.07.2024,"-55 000,00",Тинькофф,Общее,,,Выбытие — Перевод между счетами
Июль,7,15.07.2024,"750,00",Тинькофф,Клиенты-физ.лица,[counterparty_db1aef506b],,Поступление денег с торг. точек
Июль,7,15.07.2024,"-3,00",Тинькофф,Общее,[counterparty_831a0f4ab6],,Эквайринг
Июль,7,15.07.2024,"-2 116,00",Тинькофф,Общее,[counterparty_d7a35ccc36],,Содержание торговых точек
Июль,7,16.07.2024,"87 903,00",Тинькофф,Клиенты-физ.лица,[counterparty_db1aef506b],,Поступление денег с торг. точек
Июль,7,16.07.2024,"-1 318,77",Тинькофф,Общее,[counterparty_831a0f4ab6],,Эквайринг
Июль,7,16.07.2024,"1 241,00",Тинькофф,Клиенты-физ.лица,[counterparty_db1aef506b],,Поступление денег с торг. точек
Июль,7,16.07.2024,"-4,96",Тинькофф,Общее,[counterparty_831a0f4ab6],,Эквайринг
Июль,7,16.07.2024,"110,00",Тинькофф,Клиенты-физ.лица,[counterparty_db1aef506b],,Поступление денег с торг. точек
Июль,7,16.07.2024,"-261 218,00",Тинькофф,Общее,,,Выбытие — Перевод между счетами
Июль,7,16.07.2024,"-11,00",Тинькофф,Общее,[counterparty_d7a35ccc36],,Содержание торговых точек
Июль,7,16.07.2024,"-5 756,64",Тинькофф,Общее,[counterparty_d7a35ccc36],,Оплата поставщикам 
Июль,7,16.07.2024,"-4 407,69",Тинькофф,Общее,[counterparty_d7a35ccc36],,Оплата поставщикам 
Июль,7,17.07.2024,"84 826,75",Тинькофф,Клиенты-физ.лица,[counterparty_db1aef506b],,Поступление денег с торг. точек
Июль,7,17.07.2024,"-1 272,58",Тинькофф,Общее,[counterparty_831a0f4ab6],,Эквайринг
Июль,7,17.07.2024,"-0,44",Тинькофф,Общее,[counterparty_831a0f4ab6],,Эквайринг
Июль,7,17.07.2024,"-6 000,00",Тинькофф,Общее,[counterparty_1c967c7874],,Комиссия агрегатору
Июль,7,17.07.2024,"-12 885,00",Тинькофф,Общее,[counterparty_449fa47f79],,Оплаты систем автоматизации
Июль,7,17.07.2024,"-10 326,64",Тинькофф,Общее,[counterparty_552231dcd7],,Расходы на персонал
Июль,7,17.07.2024,"-634,41",Тинькофф,Общее,[counterparty_552231dcd7],,Расходы на персонал
Июль,7,17.07.2024,"-2 694,66",Тинькофф,Общее,[counterparty_552231dcd7],,Расходы на персонал
Июль,7,17.07.2024,"-884,90",Тинькофф,Общее,[counterparty_552231dcd7],,Расходы на персонал
Июль,7,17.07.2024,"-1 718,70",Тинькофф,Общее,[counterparty_552231dcd7],,Расходы на персонал
Июль,7,18.07.2024,"-1 600,00",ТК Черникова,Общее,[counterparty_3f0fc87298],[private_text_d5a47b973f],Содержание торговых точек
Июль,7,18.07.2024,"-4 316,00",ТК Черникова,Общее,[counterparty_d7a35ccc36],,Оплата поставщикам 
Июль,7,18.07.2024,"-10 490,00",ТК Черникова,Общее,[counterparty_552231dcd7],,Курьерская служба -
Июль,7,18.07.2024,"18 233,00",ТК Черникова,Клиенты-физ.лица,[counterparty_db1aef506b],,Поступление денег с торг. точек
Июль,7,18.07.2024,"2 887,00",Альфа,Клиенты-физ.лица,[counterparty_db1aef506b],,Поступление денег с торг. точек
Июль,7,18.07.2024,"-11,55",Альфа,Общее,[counterparty_831a0f4ab6],,Эквайринг
Июль,7,18.07.2024,"500,00",Тинькофф,Клиенты-физ.лица,[counterparty_db1aef506b],,Поступление денег с торг. точек
Июль,7,18.07.2024,"-2,00",Тинькофф,Общее,[counterparty_831a0f4ab6],,Эквайринг
Июль,7,18.07.2024,"466,00",Тинькофф,Клиенты-физ.лица,[counterparty_db1aef506b],,Поступление денег с торг. точек
Июль,7,18.07.2024,"-1,86",Тинькофф,Общее,[counterparty_831a0f4ab6],,Эквайринг
Июль,7,18.07.2024,"3 000,00",Тинькофф,Клиенты-физ.лица,[counterparty_db1aef506b],,Поступление денег с торг. точек
Июль,7,18.07.2024,"-12,00",Тинькофф,Общее,[counterparty_831a0f4ab6],,Эквайринг
Июль,7,18.07.2024,"-120,96",Тинькофф,Общее,[counterparty_d7a35ccc36],,Содержание торговых точек
Июль,7,18.07.2024,"-1 616,75",Тинькофф,Общее,[counterparty_d7a35ccc36],,Расходы на питание персонала
Июль,7,18.07.2024,"-3 626,78",Тинькофф,Общее,[counterparty_d7a35ccc36],,Оплата поставщикам 
Июль,7,15.07.2024,"-15 000,00",Сбербанк,Общее,[counterparty_552231dcd7],,Зарплата административного персонала
Июль,7,15.07.2024,"-15 000,00",Сбербанк,Общее,[counterparty_552231dcd7],,Содержание торговых точек
Июль,7,19.07.2024,"14 486,11",Альфа,Клиенты-физ.лица,[counterparty_db1aef506b],,Поступление денег с торг. точек
Июль,7,19.07.2024,"-9,58",Альфа,Общее,[counterparty_831a0f4ab6],,Эквайринг
Июль,7,20.07.2024,"29 833,23",Альфа,Клиенты-физ.лица,[counterparty_db1aef506b],,Поступление денег с торг. точек
Июль,7,20.07.2024,"-40,16",Альфа,Общее,[counterparty_831a0f4ab6],,Эквайринг
Июль,7,21.07.2024,"28 690,90",Альфа,Клиенты-физ.лица,[counterparty_db1aef506b],,Поступление денег с торг. точек
Июль,7,21.07.2024,"-66,46",Альфа,Общее,[counterparty_831a0f4ab6],,Эквайринг
Июль,7,19.07.2024,"78 071,05",Тинькофф,Клиенты-физ.лица,[counterparty_db1aef506b],,Поступление денег с торг. точек
Июль,7,19.07.2024,"-1 171,23",Тинькофф,Общее,[counterparty_831a0f4ab6],,Эквайринг
Июль,7,19.07.2024,"-300,00",Тинькофф,Общее,[counterparty_552231dcd7],,Расходы на персонал
Июль,7,19.07.2024,"-1 200,00",Тинькофф,Общее,[counterparty_552231dcd7],,Расходы на персонал
Июль,7,19.07.2024,"-3 894,75",Тинькофф,Общее,[counterparty_fb5384e8b9],,Оплата поставщикам 
Июль,7,19.07.2024,"-105 460,80",Тинькофф,Общее,[counterparty_dc430ed78e],,Оплата поставщикам 
Июль,7,19.07.2024,"-22 060,97",Тинькофф,Общее,[counterparty_8e70032df8],,Оплата поставщикам 
Июль,7,19.07.2024,"-32 150,15",Тинькофф,Общее,[counterparty_19f4d4c15b],,Оплата поставщикам 
Июль,7,19.07.2024,"-60 443,24",Тинькофф,Общее,[counterparty_fb5384e8b9],,Оплата поставщикам 
Июль,7,19.07.2024,"-5 122,40",Тинькофф,Общее,[counterparty_6d6a37d791],,Оплата поставщикам 
Июль,7,19.07.2024,"-28 086,52",Тинькофф,Общее,[counterparty_c4e92b27e2],,Оплата поставщикам 
Июль,7,19.07.2024,"-7 090,54",Тинькофф,Общее,[counterparty_b2323408fa],,Оплата поставщикам 
Июль,7,19.07.2024,"-56 103,71",Тинькофф,Общее,[counterparty_bb8cb2d348],,Оплата поставщикам 
Июль,7,19.07.2024,"795,00",Тинькофф,Клиенты-физ.лица,[counterparty_db1aef506b],,Поступление денег с торг. точек
Июль,7,19.07.2024,"-3,18",Тинькофф,Общее,[counterparty_831a0f4ab6],,Эквайринг
Июль,7,19.07.2024,"-498,93",Тинькофф,Общее,[counterparty_d7a35ccc36],[private_text_e270aeb347],Оплата поставщикам 
Июль,7,19.07.2024,"-8,99",Тинькофф,Общее,[counterparty_d7a35ccc36],,Содержание торговых точек
Июль,7,19.07.2024,"-470,69",Тинькофф,Общее,[counterparty_d7a35ccc36],,Оплата поставщикам 
Июль,7,20.07.2024,"-3 267,00",Тинькофф,Общее,[counterparty_db1aef506b],,Возвраты клиентам
Июль,7,20.07.2024,"152 774,00",Тинькофф,Клиенты-физ.лица,[counterparty_db1aef506b],,Поступление денег с торг. точек
Июль,7,20.07.2024,"-2 291,85",Тинькофф,Общее,[counterparty_831a0f4ab6],,Эквайринг
Июль,7,20.07.2024,"828,00",Тинькофф,Клиенты-физ.лица,[counterparty_db1aef506b],,Поступление денег с торг. точек
Июль,7,20.07.2024,"-3,31",Тинькофф,Общее,[counterparty_831a0f4ab6],,Эквайринг
Июль,7,20.07.2024,"642,00",Тинькофф,Клиенты-физ.лица,[counterparty_db1aef506b],,Поступление денег с торг. точек
Июль,7,20.07.2024,"-2,57",Тинькофф,Общее,[counterparty_831a0f4ab6],,Эквайринг
Июль,7,20.07.2024,"-471,90",Тинькофф,Общее,[counterparty_d7a35ccc36],,Расходы на питание персонала
Июль,7,20.07.2024,"-1 562,27",Тинькофф,Общее,[counterparty_d7a35ccc36],,Оплата поставщикам 
Июль,7,21.07.2024,"106 114,10",Тинькофф,Клиенты-физ.лица,[counterparty_db1aef506b],,Поступление денег с торг. точек
Июль,7,21.07.2024,"-1 591,92",Тинькофф,Общее,[counterparty_831a0f4ab6],,Эквайринг
Июль,7,21.07.2024,"-5 000,00",Тинькофф,Общее,[counterparty_50d958815d],,Телекоммуникации
Июль,7,21.07.2024,"-1 179,00",Тинькофф,Общее,[counterparty_b2323408fa],,Оплата поставщикам 
Июль,7,21.07.2024,"5 060,00",Тинькофф,Клиенты-физ.лица,[counterparty_db1aef506b],,Поступление денег с торг. точек
Июль,7,21.07.2024,"-20,24",Тинькофф,Общее,[counterparty_831a0f4ab6],,Эквайринг
Июль,7,21.07.2024,"695,00",Тинькофф,Клиенты-физ.лица,[counterparty_db1aef506b],,Поступление денег с торг. точек
Июль,7,21.07.2024,"-2,78",Тинькофф,Общее,[counterparty_831a0f4ab6],,Эквайринг
Июль,7,21.07.2024,"1 136,00",Тинькофф,Клиенты-физ.лица,[counterparty_db1aef506b],,Поступление денег с торг. точек
Июль,7,21.07.2024,"-4,54",Тинькофф,Общее,[counterparty_831a0f4ab6],,Эквайринг
Июль,7,21.07.2024,"1 282,00",Тинькофф,Клиенты-физ.лица,[counterparty_db1aef506b],,Поступление денег с торг. точек
Июль,7,21.07.2024,"-5,13",Тинькофф,Общее,[counterparty_831a0f4ab6],,Эквайринг
Июль,7,19.07.2024,"-14 160,00",ТК Черникова,Общее,[counterparty_552231dcd7],,Курьерская служба -
Июль,7,19.07.2024,"16 186,00",ТК Черникова,Клиенты-физ.лица,[counterparty_db1aef506b],,Поступление денег с торг. точек
Июль,7,20.07.2024,"-11 320,00",ТК Черникова,Общее,[counterparty_552231dcd7],,Курьерская служба -
Июль,7,20.07.2024,"19 964,00",ТК Черникова,Клиенты-физ.лица,[counterparty_db1aef506b],,Поступление денег с торг. точек
Июль,7,20.07.2024,"-4 298,00",ТК Черникова,Общее,[counterparty_d7a35ccc36],,Оплата поставщикам 
Июль,7,20.07.2024,"-197,00",ТК Черникова,Общее,[counterparty_d7a35ccc36],,Расходы на питание персонала
Июль,7,21.07.2024,"-11 100,00",ТК Черникова,Общее,[counterparty_552231dcd7],,Курьерская служба -
Июль,7,21.07.2024,"17 301,00",ТК Черникова,Клиенты-физ.лица,[counterparty_db1aef506b],,Поступление денег с торг. точек
Июль,7,23.07.2024,"-104 258,00",Тинькофф,Общее,,,Выбытие — Перевод между счетами
Июль,7,23.07.2024,"104 258,00",Сбербанк,Общее,,,Поступление — Перевод между счетами
Июль,7,23.07.2024,"-104 258,00",Сбербанк,Общее,[counterparty_e08d6e58b9],,Аренда торговых точек
Июль,7,23.07.2024,"-15 000,00",ГарантФонд,Общее,,[private_text_ce260964a6],Прочие расходы
Июль,7,22.07.2024,"78 293,00",Тинькофф,Клиенты-физ.лица,[counterparty_db1aef506b],,Поступление денег с торг. точек
Июль,7,22.07.2024,"-1 174,57",Тинькофф,Общее,[counterparty_831a0f4ab6],,Эквайринг
Июль,7,22.07.2024,"284 000,00",Тинькофф,Общее,,,Поступление — Перевод между счетами
Июль,7,22.07.2024,"-80 100,00",Тинькофф,Общее,[counterparty_47248277c0],[private_text_9e2c493ff8],Покупка ОС
Июль,7,22.07.2024,"1 256,00",Тинькофф,Клиенты-физ.лица,[counterparty_db1aef506b],,Поступление денег с торг. точек
Июль,7,22.07.2024,"-5,02",Тинькофф,Общее,[counterparty_831a0f4ab6],,Эквайринг
Июль,7,22.07.2024,"-12,99",Тинькофф,Общее,[counterparty_d7a35ccc36],,Содержание торговых точек
Июль,7,22.07.2024,"-1 428,28",Тинькофф,Общее,[counterparty_d7a35ccc36],,Расходы на питание персонала
Июль,7,22.07.2024,"-2 414,87",Тинькофф,Общее,[counterparty_d7a35ccc36],,Оплата поставщикам 
Июль,7,23.07.2024,"-1 990,00",Тинькофф,Общее,[counterparty_831a0f4ab6],,РКО
Июль,7,23.07.2024,"-99,00",Тинькофф,Общее,[counterparty_831a0f4ab6],,РКО
Июль,7,23.07.2024,"-990,00",Тинькофф,Общее,[counterparty_831a0f4ab6],,РКО
Июль,7,23.07.2024,"75 412,00",Тинькофф,Клиенты-физ.лица,[counterparty_db1aef506b],,Поступление денег с торг. точек
Июль,7,23.07.2024,"-1 131,28",Тинькофф,Общее,[counterparty_831a0f4ab6],,Эквайринг
Июль,7,23.07.2024,"2 207,00",Тинькофф,Клиенты-физ.лица,[counterparty_db1aef506b],,Поступление денег с торг. точек
Июль,7,23.07.2024,"-8,83",Тинькофф,Общее,[counterparty_831a0f4ab6],,Эквайринг
Июль,7,23.07.2024,"-3 652,80",Тинькофф,Общее,[counterparty_b2323408fa],,Оплата поставщикам 
Июль,7,23.07.2024,"-124 255,00",Тинькофф,Общее,,,Выбытие — Перевод между счетами
Июль,7,23.07.2024,"2 409,00",Тинькофф,Клиенты-физ.лица,[counterparty_db1aef506b],,Поступление денег с торг. точек
Июль,7,23.07.2024,"-9,64",Тинькофф,Общее,[counterparty_831a0f4ab6],,Эквайринг
Июль,7,23.07.2024,"539,00",Тинькофф,Клиенты-физ.лица,[counterparty_db1aef506b],,Поступление денег с торг. точек
Июль,7,23.07.2024,"-2,16",Тинькофф,Общее,[counterparty_831a0f4ab6],,Эквайринг
Июль,7,22.07.2024,"18 369,14",Альфа,Клиенты-физ.лица,[counterparty_db1aef506b],,Поступление денег с торг. точек
Июль,7,22.07.2024,"-11,17",Альфа,Общее,[counterparty_831a0f4ab6],,Эквайринг
Июль,7,22.07.2024,"-284 000,00",Альфа,Общее,,,Выбытие — Перевод между счетами
Июль,7,23.07.2024,"28 202,12",Альфа,Клиенты-физ.лица,[counterparty_db1aef506b],,Поступление денег с торг. точек
Июль,7,23.07.2024,"-39,68",Альфа,Общее,[counterparty_831a0f4ab6],,Эквайринг
Июль,7,22.07.2024,"-4 052,00",ТК Черникова,Общее,[counterparty_d7a35ccc36],,Оплата поставщикам 
Июль,7,22.07.2024,"-10 360,00",ТК Черникова,Общее,[counterparty_552231dcd7],,Курьерская служба -
Июль,7,22.07.2024,"14 244,00",ТК Черникова,Клиенты-физ.лица,[counterparty_db1aef506b],,Поступление денег с торг. точек
Июль,7,23.07.2024,"-12 090,00",ТК Черникова,Общее,[counterparty_552231dcd7],,Курьерская служба -
Июль,7,23.07.2024,"-22 150,00",ТК Черникова,Общее,,,Выбытие — Перевод между счетами
Июль,7,23.07.2024,"28 957,40",ТК Черникова,Клиенты-физ.лица,[counterparty_db1aef506b],,Поступление денег с торг. точек
Июль,7,22.07.2024,"-1 000,00",Сейф,Общее,[counterparty_45d6b05c94],,Поиск и найм персонала
Июль,7,22.07.2024,"-100,00",Сейф,Общее,[counterparty_3f0fc87298],,Телекоммуникации
Июль,7,23.07.2024,"22 150,00",Сейф,Общее,,,Поступление — Перевод между счетами
Июль,7,23.07.2024,"124 255,00",Сейф,Общее,,,Поступление — Перевод между счетами
Июль,7,23.07.2024,"-121 135,00",Сейф,Общее,[counterparty_552231dcd7],,Зарплата производственного персонала
Июль,7,23.07.2024,"-2 000,00",Сейф,Общее,[counterparty_903a43fe3c],,Оплата поставщикам 
Июль,7,23.07.2024,"-10 717,68",Сейф,Общее,[counterparty_07485de87e],,Оплата поставщикам 
Июль,7,22.07.2024,"-948,65",Сбербанк,Общее,[counterparty_831a0f4ab6],,РКО
Июль,7,24.07.2024,"26 128,23",Альфа,Клиенты-физ.лица,[counterparty_db1aef506b],,Поступление денег с торг. точек
Июль,7,24.07.2024,"-21,36",Альфа,Общее,[counterparty_831a0f4ab6],,Эквайринг
Июль,7,24.07.2024,"98 108,00",Тинькофф,Клиенты-физ.лица,[counterparty_db1aef506b],,Поступление денег с торг. точек
Июль,7,24.07.2024,"-1 471,82",Тинькофф,Общее,[counterparty_831a0f4ab6],,Эквайринг
Июль,7,24.07.2024,"-127,19",Тинькофф,Общее,[counterparty_b2323408fa],,Оплата поставщикам 
Июль,7,24.07.2024,"1 620,00",Тинькофф,Клиенты-физ.лица,[counterparty_db1aef506b],,Поступление денег с торг. точек
Июль,7,24.07.2024,"-6,48",Тинькофф,Общее,[counterparty_831a0f4ab6],,Эквайринг
Июль,7,24.07.2024,"1 290,00",Тинькофф,Клиенты-физ.лица,[counterparty_db1aef506b],,Поступление денег с торг. точек
Июль,7,24.07.2024,"-5,16",Тинькофф,Общее,[counterparty_831a0f4ab6],,Эквайринг
Июль,7,24.07.2024,"576,00",Тинькофф,Клиенты-физ.лица,[counterparty_db1aef506b],,Поступление денег с торг. точек
Июль,7,24.07.2024,"-2,30",Тинькофф,Общее,[counterparty_831a0f4ab6],,Эквайринг
Июль,7,24.07.2024,"1 056,00",Тинькофф,Клиенты-физ.лица,[counterparty_db1aef506b],,Поступление денег с торг. точек
Июль,7,24.07.2024,"-4,22",Тинькофф,Общее,[counterparty_831a0f4ab6],,Эквайринг
Июль,7,24.07.2024,"-30,97",Тинькофф,Общее,[counterparty_d7a35ccc36],,Содержание торговых точек
Июль,7,24.07.2024,"-8 133,27",Тинькофф,Общее,[counterparty_d7a35ccc36],,Оплата поставщикам 
Июль,7,24.07.2024,"-1 865,54",Тинькофф,Общее,[counterparty_d7a35ccc36],,Расходы на питание персонала
Июль,7,24.07.2024,"-9 680,00",ТК Черникова,Общее,[counterparty_552231dcd7],,Курьерская служба -
Июль,7,24.07.2024,"23 005,95",ТК Черникова,Клиенты-физ.лица,[counterparty_db1aef506b],,Поступление денег с торг. точек
Июль,7,24.07.2024,"-4 733,00",ТК Черникова,Общее,[counterparty_d7a35ccc36],,Оплата поставщикам 
Июль,7,24.07.2024,"-316,00",ТК Черникова,Общее,[counterparty_d7a35ccc36],,Расходы на питание персонала
Июль,7,24.07.2024,"-5 000,00",ТК Черникова,Общее,[counterparty_3f0fc87298],,Транспортные услуги
Июль,7,25.07.2024,"5 000,00",Сейф,Общее,[counterparty_552231dcd7],[private_text_81a5677e54],Курьерская служба +
Июль,7,25.07.2024,"-10 040,00",ТК Черникова,Общее,[counterparty_552231dcd7],,Курьерская служба -
Июль,7,25.07.2024,"20 673,00",ТК Черникова,Клиенты-физ.лица,[counterparty_db1aef506b],,Поступление денег с торг. точек
Июль,7,25.07.2024,"-299,95",ТК Черникова,Общее,[counterparty_d7a35ccc36],,Оплата поставщикам 
Июль,7,25.07.2024,"-577,35",ТК Черникова,Общее,,[private_text_d65d737903],Корретировки кассы -
Июль,7,25.07.2024,"-1 085,00",Сейф,Общее,[counterparty_45d6b05c94],,Поиск и найм персонала
Июль,7,25.07.2024,"25 185,09",Альфа,Клиенты-физ.лица,[counterparty_db1aef506b],,Поступление денег с торг. точек
Июль,7,25.07.2024,"-39,06",Альфа,Общее,[counterparty_831a0f4ab6],,Эквайринг
Июль,7,25.07.2024,"68 088,55",Тинькофф,Клиенты-физ.лица,[counterparty_db1aef506b],,Поступление денег с торг. точек
Июль,7,25.07.2024,"-1 021,44",Тинькофф,Общее,[counterparty_831a0f4ab6],,Эквайринг
Июль,7,25.07.2024,"-75 000,00",Тинькофф,Общее,[counterparty_cd0c8c2f69],,Услуги ФД и НК
Июль,7,25.07.2024,"-26 781,60",Тинькофф,Общее,[counterparty_682bbbb771],,Налоги с з/п
Июль,7,25.07.2024,"-144,00",Тинькофф,Общее,[counterparty_682bbbb771],,Налоги с з/п
Июль,7,25.07.2024,"-47 000,00",Тинькофф,Общее,,,Выбытие — Перевод между счетами
Июль,7,25.07.2024,"-712,00",Тинькофф,Общее,[counterparty_d7a35ccc36],,Содержание торговых точек
Июль,7,25.07.2024,"882,00",Тинькофф,Клиенты-физ.лица,[counterparty_db1aef506b],,Поступление денег с торг. точек
Июль,7,25.07.2024,"-3,53",Тинькофф,Общее,[counterparty_831a0f4ab6],,Эквайринг
Июль,7,26.07.2024,"23 400,00",Сейф,Общее,,,Поступление — Перевод между счетами
Июль,7,30.07.2024,"32 559,00",Сейф,Общее,,,Поступление — Перевод между счетами
Июль,7,26.07.2024,"16 827,22",Альфа,Клиенты-физ.лица,[counterparty_db1aef506b],,Поступление денег с торг. точек
Июль,7,26.07.2024,"-19,95",Альфа,Общее,[counterparty_831a0f4ab6],,Эквайринг
Июль,7,27.07.2024,"12 220,03",Альфа,Клиенты-физ.лица,[counterparty_db1aef506b],,Поступление денег с торг. точек
Июль,7,28.07.2024,"13 931,51",Альфа,Клиенты-физ.лица,[counterparty_db1aef506b],,Поступление денег с торг. точек
Июль,7,28.07.2024,"-9,28",Альфа,Общее,[counterparty_831a0f4ab6],,Эквайринг
Июль,7,29.07.2024,"21 585,96",Альфа,Клиенты-физ.лица,[counterparty_db1aef506b],,Поступление денег с торг. точек
Июль,7,29.07.2024,"-18,85",Альфа,Общее,[counterparty_831a0f4ab6],,Эквайринг
Июль,7,23.07.2024,"-700,00",ТК Черникова,Общее,[counterparty_3f0fc87298],,Содержание торговых точек
Июль,7,25.07.2024,"-900,00",ТК Черникова,Общее,[counterparty_903a43fe3c],,Оплата поставщикам 
Июль,7,26.07.2024,"-23 400,00",ТК Черникова,Общее,,,Выбытие — Перевод между счетами
Июль,7,26.07.2024,"-195,00",ТК Черникова,Общее,[counterparty_d7a35ccc36],,Расходы на питание персонала
Июль,7,26.07.2024,"-4 691,00",ТК Черникова,Общее,[counterparty_d7a35ccc36],,Оплата поставщикам 
Июль,7,26.07.2024,"-11 330,00",ТК Черникова,Общее,[counterparty_552231dcd7],,Курьерская служба -
Июль,7,26.07.2024,"19 332,00",ТК Черникова,Клиенты-физ.лица,[counterparty_db1aef506b],,Поступление денег с торг. точек
Июль,7,27.07.2024,"-900,00",ТК Черникова,Общее,[counterparty_903a43fe3c],,Оплата поставщикам 
Июль,7,27.07.2024,"-11 760,00",ТК Черникова,Общее,[counterparty_552231dcd7],,Курьерская служба -
Июль,7,27.07.2024,"28 889,00",ТК Черникова,Клиенты-физ.лица,[counterparty_db1aef506b],,Поступление денег с торг. точек
Июль,7,28.07.2024,"-5 815,00",ТК Черникова,Общее,[counterparty_d7a35ccc36],,Оплата поставщикам 
Июль,7,28.07.2024,"-250,00",ТК Черникова,Общее,[counterparty_d7a35ccc36],,Расходы на питание персонала
Июль,7,28.07.2024,"-900,00",ТК Черникова,Общее,[counterparty_903a43fe3c],,Оплата поставщикам 
Июль,7,28.07.2024,"-10 700,00",ТК Черникова,Общее,[counterparty_552231dcd7],,Курьерская служба -
Июль,7,28.07.2024,"23 631,65",ТК Черникова,Клиенты-физ.лица,[counterparty_db1aef506b],,Поступление денег с торг. точек
Июль,7,29.07.2024,"-7 000,00",ТК Черникова,Общее,[counterparty_5ea766e786],,Оплата поставщикам 
Июль,7,29.07.2024,"-100,00",ТК Черникова,Общее,[counterparty_41bef12399],,Выдача кредитов и займов
Июль,7,29.07.2024,"-9 220,00",ТК Черникова,Общее,[counterparty_552231dcd7],,Курьерская служба -
Июль,7,29.07.2024,"24 427,95",ТК Черникова,Клиенты-физ.лица,[counterparty_db1aef506b],,Поступление денег с торг. точек
Июль,7,26.07.2024,"72 048,00",Тинькофф,Клиенты-физ.лица,[counterparty_db1aef506b],,Поступление денег с торг. точек
Июль,7,26.07.2024,"-1 080,85",Тинькофф,Общее,[counterparty_831a0f4ab6],,Эквайринг
Июль,7,26.07.2024,"-93,15",Тинькофф,Общее,[counterparty_b2323408fa],,Оплата поставщикам 
Июль,7,26.07.2024,"1 474,00",Тинькофф,Клиенты-физ.лица,[counterparty_db1aef506b],,Поступление денег с торг. точек
Июль,7,26.07.2024,"-5,90",Тинькофф,Общее,[counterparty_831a0f4ab6],,Эквайринг
Июль,7,26.07.2024,"1 898,00",Тинькофф,Клиенты-физ.лица,[counterparty_db1aef506b],,Поступление денег с торг. точек
Июль,7,26.07.2024,"-7,59",Тинькофф,Общее,[counterparty_831a0f4ab6],,Эквайринг
Июль,7,26.07.2024,"-1 599,94",Тинькофф,Общее,[counterparty_d7a35ccc36],,Расходы на питание персонала
Июль,7,26.07.2024,"-12,99",Тинькофф,Общее,[counterparty_d7a35ccc36],,Содержание торговых точек
Июль,7,26.07.2024,"-2 679,90",Тинькофф,Общее,[counterparty_d7a35ccc36],,Оплата поставщикам 
Июль,7,27.07.2024,"99 125,15",Тинькофф,Клиенты-физ.лица,[counterparty_db1aef506b],,Поступление денег с торг. точек
Июль,7,27.07.2024,"-1 487,06",Тинькофф,Общее,[counterparty_831a0f4ab6],,Эквайринг
Июль,7,27.07.2024,"1 205,00",Тинькофф,Клиенты-физ.лица,[counterparty_db1aef506b],,Поступление денег с торг. точек
Июль,7,27.07.2024,"-4,82",Тинькофф,Общее,[counterparty_831a0f4ab6],,Эквайринг
Июль,7,27.07.2024,"250,00",Тинькофф,Клиенты-физ.лица,[counterparty_db1aef506b],,Поступление денег с торг. точек
Июль,7,27.07.2024,"-1,00",Тинькофф,Общее,[counterparty_831a0f4ab6],,Эквайринг
Июль,7,27.07.2024,"1 571,00",Тинькофф,Клиенты-физ.лица,[counterparty_db1aef506b],,Поступление денег с торг. точек
Июль,7,27.07.2024,"-6,28",Тинькофф,Общее,[counterparty_831a0f4ab6],,Эквайринг
Июль,7,27.07.2024,"-727,00",Тинькофф,Общее,[counterparty_d7a35ccc36],,Содержание торговых точек
Июль,7,27.07.2024,"-99,99",Тинькофф,Общее,[counterparty_d7a35ccc36],,Расходы на питание персонала
Июль,7,27.07.2024,"-305,81",Тинькофф,Общее,[counterparty_d7a35ccc36],,Оплата поставщикам 
Июль,7,28.07.2024,"118 329,00",Тинькофф,Клиенты-физ.лица,[counterparty_db1aef506b],,Поступление денег с торг. точек
Июль,7,28.07.2024,"-1 775,13",Тинькофф,Общее,[counterparty_831a0f4ab6],,Эквайринг
Июль,7,28.07.2024,"1 171,00",Тинькофф,Клиенты-физ.лица,[counterparty_db1aef506b],,Поступление денег с торг. точек
Июль,7,28.07.2024,"-4,68",Тинькофф,Общее,[counterparty_831a0f4ab6],,Эквайринг
Июль,7,28.07.2024,"1 738,00",Тинькофф,Клиенты-физ.лица,[counterparty_db1aef506b],,Поступление денег с торг. точек
Июль,7,28.07.2024,"-6,95",Тинькофф,Общее,[counterparty_831a0f4ab6],,Эквайринг
Июль,7,28.07.2024,"1 134,00",Тинькофф,Клиенты-физ.лица,[counterparty_db1aef506b],,Поступление денег с торг. точек
Июль,7,28.07.2024,"-4,54",Тинькофф,Общее,[counterparty_831a0f4ab6],,Эквайринг
Июль,7,28.07.2024,"1 832,00",Тинькофф,Клиенты-физ.лица,[counterparty_db1aef506b],,Поступление денег с торг. точек
Июль,7,28.07.2024,"-7,33",Тинькофф,Общее,[counterparty_831a0f4ab6],,Эквайринг
Июль,7,28.07.2024,"-323,98",Тинькофф,Общее,[counterparty_d7a35ccc36],,Содержание торговых точек
Июль,7,28.07.2024,"-1 515,20",Тинькофф,Общее,[counterparty_d7a35ccc36],,Расходы на питание персонала
Июль,7,28.07.2024,"-4 019,30",Тинькофф,Общее,[counterparty_d7a35ccc36],,Оплата поставщикам 
Июль,7,29.07.2024,"91 809,15",Тинькофф,Клиенты-физ.лица,[counterparty_db1aef506b],,Поступление денег с торг. точек
Июль,7,29.07.2024,"-1 377,30",Тинькофф,Общее,[counterparty_831a0f4ab6],,Эквайринг
Июль,7,29.07.2024,"1 410,00",Тинькофф,Клиенты-физ.лица,[counterparty_db1aef506b],,Поступление денег с торг. точек
Июль,7,29.07.2024,"-5,64",Тинькофф,Общее,[counterparty_831a0f4ab6],,Эквайринг
Июль,7,29.07.2024,"-33 962,32",Тинькофф,Общее,[counterparty_c4e92b27e2],,Оплата поставщикам 
Июль,7,29.07.2024,"-32 183,78",Тинькофф,Общее,[counterparty_b2323408fa],,Оплата поставщикам 
Июль,7,29.07.2024,"-60 000,00",Тинькофф,Общее,[counterparty_347b901ee4],,Контекстная реклама
Июль,7,29.07.2024,"-26 710,55",Тинькофф,Общее,[counterparty_19f4d4c15b],,Оплата поставщикам 
Июль,7,29.07.2024,"-3 000,00",Тинькофф,Общее,[counterparty_449fa47f79],,Оплаты систем автоматизации
Июль,7,29.07.2024,"-3 935,25",Тинькофф,Общее,[counterparty_fb5384e8b9],,Оплата поставщикам 
Июль,7,29.07.2024,"-65 527,24",Тинькофф,Общее,[counterparty_fb5384e8b9],,Оплата поставщикам 
Июль,7,29.07.2024,"-85 910,00",Тинькофф,Общее,[counterparty_dc430ed78e],,Оплата поставщикам 
Июль,7,29.07.2024,"-63 038,36",Тинькофф,Общее,[counterparty_bb8cb2d348],,Оплата поставщикам 
Июль,7,29.07.2024,"-120 500,00",Тинькофф,Общее,,,Выбытие — Перевод между счетами
Июль,7,29.07.2024,"-5 000,00",Тинькофф,Общее,[counterparty_50d958815d],,Телекоммуникации
Июль,7,29.07.2024,"445,00",Тинькофф,Клиенты-физ.лица,[counterparty_db1aef506b],,Поступление денег с торг. точек
Июль,7,29.07.2024,"-1,78",Тинькофф,Общее,[counterparty_831a0f4ab6],,Эквайринг
Июль,7,29.07.2024,"-2 396,00",Тинькофф,Общее,[counterparty_3f0fc87298],,Содержание торговых точек
Июль,7,29.07.2024,"-576,00",Тинькофф,Общее,[counterparty_3f0fc87298],,Содержание торговых точек
Июль,7,29.07.2024,"280,00",Тинькофф,Клиенты-физ.лица,[counterparty_db1aef506b],,Поступление денег с торг. точек
Июль,7,29.07.2024,"-1,12",Тинькофф,Общее,[counterparty_831a0f4ab6],,Эквайринг
Июль,7,29.07.2024,"15,00",Тинькофф,Клиенты-физ.лица,[counterparty_db1aef506b],,Поступление денег с торг. точек
Июль,7,29.07.2024,"-0,06",Тинькофф,Общее,[counterparty_831a0f4ab6],,Эквайринг
Июль,7,29.07.2024,"-539,93",Тинькофф,Общее,[counterparty_d7a35ccc36],,Оплата поставщикам 
Июль,7,29.07.2024,"-1 199,94",Тинькофф,Общее,[counterparty_d7a35ccc36],,Оплата поставщикам 
Июль,7,29.07.2024,"-53,94",Тинькофф,Общее,[counterparty_d7a35ccc36],,Содержание торговых точек
Июль,7,30.07.2024,"80 231,40",Тинькофф,Клиенты-физ.лица,[counterparty_db1aef506b],,Поступление денег с торг. точек
Июль,7,30.07.2024,"-1 203,59",Тинькофф,Общее,[counterparty_831a0f4ab6],,Эквайринг
Июль,7,30.07.2024,"-93,15",Тинькофф,Общее,[counterparty_b2323408fa],,Оплата поставщикам 
Июль,7,30.07.2024,"-120 795,00",Тинькофф,Общее,,,Выбытие — Перевод между счетами
Июль,7,30.07.2024,"-80 000,00",Тинькофф,Общее,,,Выбытие — Перевод между счетами
Июль,7,30.07.2024,"-2 839,10",Тинькофф,Общее,[counterparty_d7a35ccc36],,Расходы на питание персонала
Июль,7,30.07.2024,"-4 985,87",Тинькофф,Общее,[counterparty_d7a35ccc36],,Оплата поставщикам 
Июль,7,30.07.2024,"-113,99",Тинькофф,Общее,[counterparty_d7a35ccc36],,Содержание торговых точек
Июль,7,30.07.2024,"14 430,86",Альфа,Клиенты-физ.лица,[counterparty_db1aef506b],,Поступление денег с торг. точек
Июль,7,30.07.2024,"-37,84",Альфа,Общее,[counterparty_831a0f4ab6],,Эквайринг
Июль,7,30.07.2024,"120 795,00",Сейф,Общее,,,Поступление — Перевод между счетами
Июль,7,30.07.2024,"-163 198,00",Сейф,Общее,[counterparty_552231dcd7],,Зарплата производственного персонала
Июль,7,30.07.2024,"-6 867,00",ТК Черникова,Общее,[counterparty_d7a35ccc36],,Оплата поставщикам 
Июль,7,30.07.2024,"-32 559,00",ТК Черникова,Общее,,,Выбытие — Перевод между счетами
Июль,7,30.07.2024,"-10 710,00",ТК Черникова,Общее,[counterparty_552231dcd7],,Курьерская служба -
Июль,7,30.07.2024,"13 505,00",ТК Черникова,Клиенты-физ.лица,[counterparty_db1aef506b],,Поступление денег с торг. точек
Июль,7,30.07.2024,"-900,00",ТК Черникова,Общее,[counterparty_903a43fe3c],,Оплата поставщикам 
Июль,7,30.07.2024,"-2 500,00",ТК Черникова,Общее,[counterparty_3f0fc87298],,Содержание торговых точек
Июль,7,31.07.2024,"77 402,75",Тинькофф,Клиенты-физ.лица,[counterparty_db1aef506b],,Поступление денег с торг. точек
Июль,7,31.07.2024,"-1 161,23",Тинькофф,Общее,[counterparty_831a0f4ab6],,Эквайринг
Июль,7,31.07.2024,"-79,99",Тинькофф,Общее,[counterparty_d7a35ccc36],,Содержание торговых точек
Июль,7,31.07.2024,"1 899,00",Тинькофф,Клиенты-физ.лица,[counterparty_db1aef506b],,Поступление денег с торг. точек
Июль,7,31.07.2024,"-7,60",Тинькофф,Общее,[counterparty_831a0f4ab6],,Эквайринг
Июль,7,31.07.2024,"1 171,00",Тинькофф,Клиенты-физ.лица,[counterparty_db1aef506b],,Поступление денег с торг. точек
Июль,7,31.07.2024,"-4,68",Тинькофф,Общее,[counterparty_831a0f4ab6],,Эквайринг
Июль,7,31.07.2024,"355,00",Тинькофф,Клиенты-физ.лица,[counterparty_db1aef506b],,Поступление денег с торг. точек
Июль,7,31.07.2024,"-1,42",Тинькофф,Общее,[counterparty_831a0f4ab6],,Эквайринг
Июль,7,31.07.2024,"508,00",Тинькофф,Клиенты-физ.лица,[counterparty_db1aef506b],,Поступление денег с торг. точек
Июль,7,31.07.2024,"-2,03",Тинькофф,Общее,[counterparty_831a0f4ab6],,Эквайринг
Июль,7,31.07.2024,"30 903,79",Альфа,Клиенты-физ.лица,[counterparty_db1aef506b],,Поступление денег с торг. точек
Июль,7,31.07.2024,"-39,44",Альфа,Общее,[counterparty_831a0f4ab6],,Эквайринг
Июль,7,31.07.2024,"-15 000,00",Сейф,Общее,[counterparty_552231dcd7],,Зарплата производственного персонала
Июль,7,31.07.2024,"-1 600,00",Сейф,Общее,[counterparty_335f3233c9],,Аренда торговых точек
Июль,7,31.07.2024,"500,00",Сейф,Общее,[counterparty_552231dcd7],,Курьерская служба +
Август,8,01.08.2024,"-7 000,00",Сейф,Общее,[counterparty_552231dcd7],,Содержание торговых точек
Июль,7,28.07.2024,"-43 000,00",Сбербанк,Общее,[counterparty_7e3a73c9be],,Зарплата административного персонала
Июль,7,28.07.2024,"-4 000,00",Сбербанк,Общее,[counterparty_552231dcd7],,Расходы на персонал
Июль,7,25.07.2024,"47 000,00",Сбербанк,Общее,,,Поступление — Перевод между счетами
Июль,7,29.07.2024,"120 500,00",Сбербанк,Общее,,,Поступление — Перевод между счетами
Июль,7,29.07.2024,"-100 000,00",Сбербанк,Общее,[counterparty_e08d6e58b9],,Аренда торговых точек
Июль,7,29.07.2024,"-20 500,00",Сбербанк,Общее,[counterparty_e08d6e58b9],,Аренда торговых точек
Июль,7,30.07.2024,"80 000,00",Сбербанк,Общее,,,Поступление — Перевод между счетами
Июль,7,30.07.2024,"-80 000,00",Сбербанк,Общее,,,Выдача кредитов и займов
Июль,7,30.07.2024,"-815,27",Сбербанк,Общее,[counterparty_831a0f4ab6],,РКО
Июль,7,31.07.2024,"-3 000,00",ТК Черникова,Общее,[counterparty_3f0fc87298],[private_text_7178902ad8],Содержание торговых точек
Июль,7,31.07.2024,"-10 790,00",ТК Черникова,Общее,[counterparty_552231dcd7],,Курьерская служба -
Июль,7,31.07.2024,"16 207,40",ТК Черникова,Клиенты-физ.лица,[counterparty_db1aef506b],,Поступление денег с торг. точек
Август,8,02.08.2024,"60 000,00",Сбербанк,Общее,,,Возврат кредитов и займов
Август,8,02.08.2024,"-60 000,00",Сбербанк,Общее,[counterparty_552231dcd7],[private_text_8a738d7f04],Зарплата административного персонала
Август,8,04.08.2024,"-1 000,00",Сейф,Общее,[counterparty_45d6b05c94],,Поиск и найм персонала
Август,8,03.08.2024,"-4 000,00",Сейф,Общее,[counterparty_e08d6e58b9],,Аренда торговых точек
Август,8,01.08.2024,"28 901,54",Альфа,Клиенты-физ.лица,[counterparty_db1aef506b],,Поступление денег с торг. точек
Август,8,01.08.2024,"-24,66",Альфа,Общее,[counterparty_831a0f4ab6],,Эквайринг
Август,8,02.08.2024,"25 400,59",Альфа,Клиенты-физ.лица,[counterparty_db1aef506b],,Поступление денег с торг. точек
Август,8,02.08.2024,"-46,71",Альфа,Общее,[counterparty_831a0f4ab6],,Эквайринг
Август,8,03.08.2024,"38 519,34",Альфа,Клиенты-физ.лица,[counterparty_db1aef506b],,Поступление денег с торг. точек
Август,8,03.08.2024,"-27,85",Альфа,Общее,[counterparty_831a0f4ab6],,Эквайринг
Август,8,04.08.2024,"15 087,72",Альфа,Клиенты-физ.лица,[counterparty_db1aef506b],,Поступление денег с торг. точек
Август,8,04.08.2024,"-22,02",Альфа,Общее,[counterparty_831a0f4ab6],,Эквайринг
Август,8,01.08.2024,"-6 204,00",ТК Черникова,Общее,[counterparty_d7a35ccc36],,Оплата поставщикам 
Август,8,01.08.2024,"-4 420,00",ТК Черникова,Общее,[counterparty_552231dcd7],,Курьерская служба -
Август,8,01.08.2024,"-1 800,00",ТК Черникова,Общее,[counterparty_903a43fe3c],,Оплата поставщикам 
Август,8,01.08.2024,"6 474,00",ТК Черникова,Клиенты-физ.лица,[counterparty_db1aef506b],,Поступление денег с торг. точек
Август,8,02.08.2024,"-308,00",ТК Черникова,Общее,[counterparty_d7a35ccc36],,Оплата поставщикам 
Август,8,02.08.2024,"-18 220,00",ТК Черникова,Общее,[counterparty_552231dcd7],,Курьерская служба -
Август,8,02.08.2024,"16 806,00",ТК Черникова,Клиенты-физ.лица,[counterparty_db1aef506b],,Поступление денег с торг. точек
Август,8,03.08.2024,"-12 180,00",ТК Черникова,Общее,[counterparty_552231dcd7],,Курьерская служба -
Август,8,03.08.2024,"24 054,00",ТК Черникова,Клиенты-физ.лица,[counterparty_db1aef506b],,Поступление денег с торг. точек
Август,8,03.08.2024,"10,45",ТК Черникова,Общее,,,Корретировки кассы +
Август,8,04.08.2024,"-900,00",ТК Черникова,Общее,[counterparty_903a43fe3c],,Оплата поставщикам 
Август,8,04.08.2024,"-11 080,00",ТК Черникова,Общее,[counterparty_552231dcd7],,Курьерская служба -
Август,8,04.08.2024,"26 264,00",ТК Черникова,Клиенты-физ.лица,[counterparty_db1aef506b],,Поступление денег с торг. точек
Август,8,01.08.2024,"84 114,20",Тинькофф,Клиенты-физ.лица,[counterparty_db1aef506b],,Поступление денег с торг. точек
Август,8,01.08.2024,"-1 261,91",Тинькофф,Общее,[counterparty_831a0f4ab6],,Эквайринг
Август,8,01.08.2024,"2 029,00",Тинькофф,Клиенты-физ.лица,[counterparty_db1aef506b],,Поступление денег с торг. точек
Август,8,01.08.2024,"-8,12",Тинькофф,Общее,[counterparty_831a0f4ab6],,Эквайринг
Август,8,01.08.2024,"-10 000,00",Тинькофф,Общее,[counterparty_a8c88d8a2c],,SEO-оптимизация
Август,8,01.08.2024,"-39 000,00",Тинькофф,Общее,,,Выбытие — Перевод между счетами
Август,8,01.08.2024,"392,00",Тинькофф,Клиенты-физ.лица,[counterparty_db1aef506b],,Поступление денег с торг. точек
Август,8,01.08.2024,"-1,57",Тинькофф,Общее,[counterparty_831a0f4ab6],,Эквайринг
Август,8,01.08.2024,"-4 205,34",Тинькофф,Общее,[counterparty_d7a35ccc36],,Оплата поставщикам 
Август,8,01.08.2024,"-2 349,97",Тинькофф,Общее,[counterparty_d7a35ccc36],,Содержание торговых точек
Август,8,01.08.2024,"-919,96",Тинькофф,Общее,[counterparty_d7a35ccc36],,Расходы на питание персонала
Август,8,02.08.2024,"89 842,60",Тинькофф,Клиенты-физ.лица,[counterparty_db1aef506b],,Поступление денег с торг. точек
Август,8,02.08.2024,"-1 347,82",Тинькофф,Общее,[counterparty_831a0f4ab6],,Эквайринг
Август,8,02.08.2024,"-13 500,00",Тинькофф,Общее,[counterparty_9e2c493ff8],[private_text_6a89c8e84d],Покупка ОС
Август,8,02.08.2024,"1 164,00",Тинькофф,Клиенты-физ.лица,[counterparty_db1aef506b],,Поступление денег с торг. точек
Август,8,02.08.2024,"-4,66",Тинькофф,Общее,[counterparty_831a0f4ab6],,Эквайринг
Август,8,02.08.2024,"1 385,00",Тинькофф,Клиенты-физ.лица,[counterparty_db1aef506b],,Поступление денег с торг. точек
Август,8,02.08.2024,"119,00",Тинькофф,Клиенты-физ.лица,[counterparty_db1aef506b],,Поступление денег с торг. точек
Август,8,02.08.2024,"-5,54",Тинькофф,Общее,[counterparty_831a0f4ab6],,Эквайринг
Август,8,02.08.2024,"-0,48",Тинькофф,Общее,[counterparty_831a0f4ab6],,Эквайринг
Август,8,03.08.2024,"109 366,25",Тинькофф,Клиенты-физ.лица,[counterparty_db1aef506b],,Поступление денег с торг. точек
Август,8,03.08.2024,"-1 640,72",Тинькофф,Общее,[counterparty_831a0f4ab6],,Эквайринг
Август,8,03.08.2024,"160,00",Тинькофф,Клиенты-физ.лица,[counterparty_db1aef506b],,Поступление денег с торг. точек
Август,8,03.08.2024,"-0,64",Тинькофф,Общее,[counterparty_831a0f4ab6],,Эквайринг
Август,8,03.08.2024,"989,00",Тинькофф,Клиенты-физ.лица,[counterparty_db1aef506b],,Поступление денег с торг. точек
Август,8,03.08.2024,"-3,96",Тинькофф,Общее,[counterparty_831a0f4ab6],,Эквайринг
Август,8,03.08.2024,"903,00",Тинькофф,Клиенты-физ.лица,[counterparty_db1aef506b],,Поступление денег с торг. точек
Август,8,03.08.2024,"-3,61",Тинькофф,Общее,[counterparty_831a0f4ab6],,Эквайринг
Август,8,03.08.2024,"-7 800,47",Тинькофф,Общее,[counterparty_d7a35ccc36],,Оплата поставщикам 
Август,8,03.08.2024,"-749,97",Тинькофф,Общее,[counterparty_d7a35ccc36],,Расходы на питание персонала
Август,8,03.08.2024,"-1 155,28",Тинькофф,Общее,[counterparty_d7a35ccc36],,Содержание торговых точек
Август,8,04.08.2024,"112 208,85",Тинькофф,Клиенты-физ.лица,[counterparty_db1aef506b],,Поступление денег с торг. точек
Август,8,04.08.2024,"-1 683,32",Тинькофф,Общее,[counterparty_831a0f4ab6],,Эквайринг
Август,8,04.08.2024,"-93 286,00",Тинькофф,Общее,[counterparty_cb93f56848],,Сайт и приложение
Август,8,04.08.2024,"-6 000,00",Тинькофф,Общее,[counterparty_ab325eb126],,Оплаты систем автоматизации
Август,8,04.08.2024,"-789,19",Тинькофф,Общее,[counterparty_ecf3465a86],,Аренда торговых точек
Август,8,04.08.2024,"-4 000,00",Тинькофф,Общее,[counterparty_ab325eb126],,Оплаты систем автоматизации
Август,8,04.08.2024,"-5 000,00",Тинькофф,Общее,[counterparty_9147d41bbb],,Аренда торговых точек
Август,8,04.08.2024,"-2 640,00",Тинькофф,Общее,[counterparty_e3d41d1621],,Телекоммуникации
Август,8,04.08.2024,"-4 276,42",Тинькофф,Общее,[counterparty_ecf3465a86],,Аренда торговых точек
Август,8,04.08.2024,"931,00",Тинькофф,Клиенты-физ.лица,[counterparty_db1aef506b],,Поступление денег с торг. точек
Август,8,04.08.2024,"-3,72",Тинькофф,Общее,[counterparty_831a0f4ab6],,Эквайринг
Август,8,04.08.2024,"263,00",Тинькофф,Клиенты-физ.лица,[counterparty_db1aef506b],,Поступление денег с торг. точек
Август,8,04.08.2024,"-1,05",Тинькофф,Общее,[counterparty_831a0f4ab6],,Эквайринг
Август,8,04.08.2024,"-239,96",Тинькофф,Общее,[counterparty_d7a35ccc36],,Оплата поставщикам 
Август,8,04.08.2024,"-7 310,25",Тинькофф,Общее,[counterparty_fb5384e8b9],,Оплата поставщикам 
Август,8,04.08.2024,"-12 922,92",Тинькофф,Общее,[counterparty_b2323408fa],,Оплата поставщикам 
Август,8,04.08.2024,"-91 738,80",Тинькофф,Общее,[counterparty_dc430ed78e],,Оплата поставщикам 
Август,8,04.08.2024,"-23 830,53",Тинькофф,Общее,[counterparty_8e70032df8],,Оплата поставщикам 
Август,8,04.08.2024,"1 482,00",Тинькофф,Клиенты-физ.лица,[counterparty_db1aef506b],,Поступление денег с торг. точек
Август,8,04.08.2024,"-5,93",Тинькофф,Общее,[counterparty_831a0f4ab6],,Эквайринг
Август,8,04.08.2024,"-18 000,00",Тинькофф,Общее,,,Выбытие — Перевод между счетами
Август,8,04.08.2024,"260,00",Тинькофф,Клиенты-физ.лица,[counterparty_db1aef506b],,Поступление денег с торг. точек
Август,8,04.08.2024,"-1,04",Тинькофф,Общее,[counterparty_831a0f4ab6],,Эквайринг
Август,8,04.08.2024,"1 099,00",Тинькофф,Клиенты-физ.лица,[counterparty_db1aef506b],,Поступление денег с торг. точек
Август,8,04.08.2024,"-4,40",Тинькофф,Общее,[counterparty_831a0f4ab6],,Эквайринг
Август,8,05.08.2024,"72 951,00",Сейф,Корпоративные клиенты,[counterparty_d346fb5ae4],,Поступление денег с торг. точек
Август,8,05.08.2024,"17 520,81",Альфа,Клиенты-физ.лица,[counterparty_db1aef506b],,Поступление денег с торг. точек
Август,8,05.08.2024,"-26,59",Альфа,Общее,[counterparty_831a0f4ab6],,Эквайринг
Август,8,06.08.2024,"20 465,83",Альфа,Клиенты-физ.лица,[counterparty_db1aef506b],,Поступление денег с торг. точек
Август,8,06.08.2024,"-35,70",Альфа,Общее,[counterparty_831a0f4ab6],,Эквайринг
Август,8,01.08.2024,"39 000,00",Сбербанк,Общее,,,Поступление — Перевод между счетами
Август,8,01.08.2024,"-15 000,00",Сбербанк,Общее,[counterparty_552231dcd7],,Зарплата административного персонала
Август,8,01.08.2024,"-24 000,00",Сбербанк,Общее,[counterparty_552231dcd7],,Зарплата административного персонала
Август,8,02.08.2024,"-3 275,98",Сбербанк,Общее,[counterparty_831a0f4ab6],,Оплаты по кредитам и займам
Август,8,04.08.2024,"18 000,00",Сбербанк,Общее,,,Поступление — Перевод между счетами
Август,8,05.08.2024,"-45,55",Сбербанк,Общее,[counterparty_831a0f4ab6],,Оплаты по кредитам и займам
Август,8,05.08.2024,"-15 183,02",Сбербанк,Общее,[counterparty_831a0f4ab6],,Оплаты по кредитам и займам
Август,8,06.08.2024,"90 085,00",Сбербанк,Общее,,,Поступление — Перевод между счетами
Август,8,06.08.2024,"-90 085,00",Сбербанк,Общее,,,Выбытие — Перевод между счетами
Август,8,05.08.2024,"85 050,00",Тинькофф,Клиенты-физ.лица,[counterparty_db1aef506b],,Поступление денег с торг. точек
Август,8,05.08.2024,"-1 275,93",Тинькофф,Общее,[counterparty_831a0f4ab6],,Эквайринг
Август,8,05.08.2024,"-28 234,82",Тинькофф,Общее,[counterparty_19f4d4c15b],,Оплата поставщикам 
Август,8,05.08.2024,"-57 887,17",Тинькофф,Общее,[counterparty_fb5384e8b9],,Оплата поставщикам 
Август,8,05.08.2024,"-37 619,55",Тинькофф,Общее,[counterparty_bb8cb2d348],,Оплата поставщикам 
Август,8,05.08.2024,"-2 580,00",Тинькофф,Общее,[counterparty_6d6a37d791],,Оплата поставщикам 
Август,8,05.08.2024,"-36 539,00",Тинькофф,Общее,[counterparty_c4e92b27e2],,Оплата поставщикам 
Август,8,05.08.2024,"-175,41",Тинькофф,Общее,[counterparty_b2323408fa],,Оплата поставщикам 
Август,8,05.08.2024,"2 746,00",Тинькофф,Клиенты-физ.лица,[counterparty_db1aef506b],,Поступление денег с торг. точек
Август,8,05.08.2024,"-10,98",Тинькофф,Общее,[counterparty_831a0f4ab6],,Эквайринг
Август,8,05.08.2024,"-15,98",Тинькофф,Общее,[counterparty_d7a35ccc36],,Содержание торговых точек
Август,8,05.08.2024,"-1 473,93",Тинькофф,Общее,[counterparty_d7a35ccc36],,Расходы на питание персонала
Август,8,05.08.2024,"-5 060,04",Тинькофф,Общее,[counterparty_d7a35ccc36],,Оплата поставщикам 
Август,8,06.08.2024,"64 017,00",Тинькофф,Клиенты-физ.лица,[counterparty_db1aef506b],,Поступление денег с торг. точек
Август,8,06.08.2024,"-960,36",Тинькофф,Общее,[counterparty_831a0f4ab6],,Эквайринг
Август,8,06.08.2024,"939,00",Тинькофф,Клиенты-физ.лица,[counterparty_db1aef506b],,Поступление денег с торг. точек
Август,8,06.08.2024,"-3,76",Тинькофф,Общее,[counterparty_831a0f4ab6],,Эквайринг
Август,8,06.08.2024,"-90 085,00",Тинькофф,Общее,,,Выбытие — Перевод между счетами
Август,8,06.08.2024,"-24 000,00",Тинькофф,Общее,[counterparty_483af3edc2],,Листовки
Август,8,06.08.2024,"-53 310,00",Тинькофф,Общее,[counterparty_e08d6e58b9],,Аренда торговых точек
Август,8,06.08.2024,"-1 578,00",Тинькофф,Общее,[counterparty_552231dcd7],,Расходы на персонал
Август,8,06.08.2024,"2 849,00",Тинькофф,Клиенты-физ.лица,[counterparty_db1aef506b],,Поступление денег с торг. точек
Август,8,06.08.2024,"-11,40",Тинькофф,Общее,[counterparty_831a0f4ab6],,Эквайринг
Август,8,06.08.2024,"-246,00",Тинькофф,Общее,[counterparty_d7a35ccc36],,Содержание торговых точек
Август,8,06.08.2024,"-3 678,09",Тинькофф,Общее,[counterparty_d7a35ccc36],,Оплата поставщикам 
Август,8,05.08.2024,"-4 942,00",ТК Черникова,Общее,[counterparty_d7a35ccc36],,Оплата поставщикам 
Август,8,05.08.2024,"-7 161,00",ТК Черникова,Общее,[counterparty_5ea766e786],,Оплата поставщикам 
Август,8,05.08.2024,"-6 772,00",ТК Черникова,Общее,[counterparty_d7a35ccc36],,Оплата поставщикам 
Август,8,05.08.2024,"-900,00",ТК Черникова,Общее,[counterparty_903a43fe3c],,Оплата поставщикам 
Август,8,05.08.2024,"-10 340,00",ТК Черникова,Общее,[counterparty_552231dcd7],,Курьерская служба -
Август,8,05.08.2024,"17 718,00",ТК Черникова,Клиенты-физ.лица,[counterparty_db1aef506b],,Поступление денег с торг. точек
Август,8,06.08.2024,"-500,00",ТК Черникова,Общее,[counterparty_3f0fc87298],,Содержание торговых точек
Август,8,06.08.2024,"-6 660,00",ТК Черникова,Общее,,,Выбытие — Перевод между счетами
Август,8,06.08.2024,"-8 120,00",ТК Черникова,Общее,[counterparty_552231dcd7],,Курьерская служба -
Август,8,06.08.2024,"8 536,00",ТК Черникова,Клиенты-физ.лица,[counterparty_db1aef506b],,Поступление денег с торг. точек
Август,8,06.08.2024,"90 085,00",Сейф,Общее,,,Поступление — Перевод между счетами
Август,8,06.08.2024,"6 660,00",Сейф,Общее,,,Поступление — Перевод между счетами
Август,8,06.08.2024,"-165 538,00",Сейф,Общее,[counterparty_552231dcd7],,Зарплата производственного персонала
Август,8,07.08.2024,"-5 000,00",Сейф,Общее,[counterparty_552231dcd7],,Содержание торговых точек
Август,8,09.08.2024,"2 600,00",Сейф,Общее,,[private_text_8b3c965ad0],Прочие поступления
Август,8,09.08.2024,"2 500,00",Сейф,Общее,[counterparty_552231dcd7],,Курьерская служба +
Август,8,07.08.2024,"-177,00",ТК Черникова,Общее,[counterparty_d7a35ccc36],,Расходы на питание персонала
Август,8,07.08.2024,"-3 080,00",ТК Черникова,Общее,[counterparty_d7a35ccc36],,Оплата поставщикам 
Август,8,07.08.2024,"-8 140,00",ТК Черникова,Общее,[counterparty_552231dcd7],,Курьерская служба -
Август,8,07.08.2024,"12 900,00",ТК Черникова,Клиенты-физ.лица,[counterparty_db1aef506b],,Поступление денег с торг. точек
Август,8,08.08.2024,"-8 020,00",ТК Черникова,Общее,[counterparty_552231dcd7],,Курьерская служба -
Август,8,08.08.2024,"23 706,00",ТК Черникова,Клиенты-физ.лица,[counterparty_db1aef506b],,Поступление денег с торг. точек
Август,8,07.08.2024,"12 469,80",Альфа,Клиенты-физ.лица,[counterparty_db1aef506b],,Поступление денег с торг. точек
Август,8,07.08.2024,"-14,60",Альфа,Общее,[counterparty_831a0f4ab6],,Эквайринг
Август,8,08.08.2024,"21 105,60",Альфа,Клиенты-физ.лица,[counterparty_db1aef506b],,Поступление денег с торг. точек
Август,8,08.08.2024,"-25,07",Альфа,Общее,[counterparty_831a0f4ab6],,Эквайринг
Август,8,07.08.2024,"58 293,90",Тинькофф,Клиенты-физ.лица,[counterparty_db1aef506b],,Поступление денег с торг. точек
Август,8,07.08.2024,"-874,49",Тинькофф,Общее,[counterparty_831a0f4ab6],,Эквайринг
Август,8,07.08.2024,"-5 000,00",Тинькофф,Общее,[counterparty_50d958815d],,Телекоммуникации
Август,8,07.08.2024,"-10 000,00",Тинькофф,Общее,,,Выбытие — Перевод между счетами
Август,8,07.08.2024,"-27 000,00",Тинькофф,Общее,[counterparty_9e2c493ff8],[private_text_64aea20bcc],Покупка ОС
Август,8,07.08.2024,"570,00",Тинькофф,Клиенты-физ.лица,[counterparty_db1aef506b],,Поступление денег с торг. точек
Август,8,07.08.2024,"10 000,00",Сейф,Общее,,,Поступление — Перевод между счетами
Август,8,07.08.2024,"-2,28",Тинькофф,Общее,[counterparty_831a0f4ab6],,Эквайринг
Август,8,07.08.2024,"770,00",Тинькофф,Клиенты-физ.лица,[counterparty_db1aef506b],,Поступление денег с торг. точек
Август,8,07.08.2024,"-3,08",Тинькофф,Общее,[counterparty_831a0f4ab6],,Эквайринг
Август,8,07.08.2024,"-9 251,50",Тинькофф,Общее,[counterparty_552231dcd7],,Расходы на персонал
Август,8,07.08.2024,"-2 897,36",Тинькофф,Общее,[counterparty_d7a35ccc36],,Оплата поставщикам 
Август,8,07.08.2024,"-1 079,88",Тинькофф,Общее,[counterparty_d7a35ccc36],,Содержание торговых точек
Август,8,07.08.2024,"-2 444,58",Тинькофф,Общее,[counterparty_d7a35ccc36],,Расходы на питание персонала
Август,8,08.08.2024,"56 443,00",Тинькофф,Клиенты-физ.лица,[counterparty_db1aef506b],,Поступление денег с торг. точек
Август,8,08.08.2024,"-846,75",Тинькофф,Общее,[counterparty_831a0f4ab6],,Эквайринг
Август,8,08.08.2024,"-737,87",Тинькофф,Общее,[counterparty_d7a35ccc36],,Оплата поставщикам 
Август,8,08.08.2024,"-239,96",Тинькофф,Общее,[counterparty_d7a35ccc36],,Оплата поставщикам 
Август,8,08.08.2024,"919,00",Тинькофф,Клиенты-физ.лица,[counterparty_db1aef506b],,Поступление денег с торг. точек
Август,8,08.08.2024,"-3,68",Тинькофф,Общее,[counterparty_831a0f4ab6],,Эквайринг
Август,8,12.08.2024,"80 000,00",Сбербанк,Общее,[counterparty_552231dcd7],,Возврат кредитов и займов
Август,8,12.08.2024,"-80 000,00",Сбербанк,Общее,[counterparty_552231dcd7],[private_text_98d244af00],Зарплата производственного персонала
Август,8,09.08.2024,"14 509,89",Альфа,Клиенты-физ.лица,[counterparty_db1aef506b],,Поступление денег с торг. точек
Август,8,09.08.2024,"-31,02",Альфа,Общее,[counterparty_831a0f4ab6],,Эквайринг
Август,8,09.08.2024,"-299,00",Альфа,Общее,[counterparty_831a0f4ab6],,РКО
Август,8,10.08.2024,"30 974,53",Альфа,Клиенты-физ.лица,[counterparty_db1aef506b],,Поступление денег с торг. точек
Август,8,10.08.2024,"-48,39",Альфа,Общее,[counterparty_831a0f4ab6],,Эквайринг
Август,8,11.08.2024,"21 387,28",Альфа,Клиенты-физ.лица,[counterparty_db1aef506b],,Поступление денег с торг. точек
Август,8,11.08.2024,"-29,25",Альфа,Общее,[counterparty_831a0f4ab6],,Эквайринг
Август,8,11.08.2024,"-878,00",Сейф,Общее,[counterparty_db1aef506b],,Возвраты клиентам
Август,8,11.08.2024,"-1 272,00",Сейф,Общее,[counterparty_db1aef506b],,Возвраты клиентам
Август,8,08.08.2024,"-900,00",ТК Черникова,Общее,[counterparty_903a43fe3c],,Оплата поставщикам 
Август,8,09.08.2024,"-13 340,00",ТК Черникова,Общее,[counterparty_552231dcd7],,Курьерская служба -
Август,8,09.08.2024,"28 824,00",ТК Черникова,Клиенты-физ.лица,[counterparty_db1aef506b],,Поступление денег с торг. точек
Август,8,09.08.2024,"-1 000,00",ТК Черникова,Общее,[counterparty_335f3233c9],,Аренда торговых точек
Август,8,09.08.2024,"-900,00",ТК Черникова,Общее,[counterparty_903a43fe3c],,Оплата поставщикам 
Август,8,09.08.2024,"-3 572,00",ТК Черникова,Общее,[counterparty_d7a35ccc36],,Оплата поставщикам 
Август,8,10.08.2024,"-12 820,00",ТК Черникова,Общее,[counterparty_552231dcd7],,Курьерская служба -
Август,8,10.08.2024,"22 622,00",ТК Черникова,Клиенты-физ.лица,[counterparty_db1aef506b],,Поступление денег с торг. точек
Август,8,11.08.2024,"-5 062,00",ТК Черникова,Общее,[counterparty_d7a35ccc36],,Оплата поставщикам 
Август,8,11.08.2024,"-190,00",ТК Черникова,Общее,[counterparty_d7a35ccc36],,Расходы на питание персонала
Август,8,11.08.2024,"-1 800,00",ТК Черникова,Общее,[counterparty_903a43fe3c],,Оплата поставщикам 
Август,8,11.08.2024,"-10 980,00",ТК Черникова,Общее,[counterparty_552231dcd7],,Курьерская служба -
Август,8,11.08.2024,"-900,00",ТК Черникова,Общее,[counterparty_552231dcd7],,Курьерская служба -
Август,8,11.08.2024,"29 958,40",ТК Черникова,Клиенты-физ.лица,[counterparty_db1aef506b],,Поступление денег с торг. точек
Август,8,09.08.2024,"54 754,65",Тинькофф,Клиенты-физ.лица,[counterparty_db1aef506b],,Поступление денег с торг. точек
Август,8,09.08.2024,"-821,46",Тинькофф,Общее,[counterparty_831a0f4ab6],,Эквайринг
Август,8,09.08.2024,"-170,65",Тинькофф,Общее,[counterparty_b2323408fa],,Оплата поставщикам 
Август,8,09.08.2024,"5 759,00",Тинькофф,Клиенты-физ.лица,[counterparty_db1aef506b],,Поступление денег с торг. точек
Август,8,09.08.2024,"-23,04",Тинькофф,Общее,[counterparty_831a0f4ab6],,Эквайринг
Август,8,09.08.2024,"-55 000,00",Тинькофф,Общее,,,Выбытие — Перевод между счетами
Август,8,09.08.2024,"-270,00",Тинькофф,Общее,[counterparty_d7a35ccc36],,Содержание торговых точек
Август,8,09.08.2024,"-5 280,00",Тинькофф,Общее,[counterparty_b2323408fa],,Оплата поставщикам 
Август,8,09.08.2024,"1 136,00",Тинькофф,Клиенты-физ.лица,[counterparty_db1aef506b],,Поступление денег с торг. точек
Август,8,09.08.2024,"-4,54",Тинькофф,Общее,[counterparty_831a0f4ab6],,Эквайринг
Август,8,09.08.2024,"542,00",Тинькофф,Клиенты-физ.лица,[counterparty_db1aef506b],,Поступление денег с торг. точек
Август,8,09.08.2024,"-2,17",Тинькофф,Общее,[counterparty_831a0f4ab6],,Эквайринг
Август,8,09.08.2024,"-149,98",Тинькофф,Общее,[counterparty_d7a35ccc36],,Расходы на питание персонала
Август,8,09.08.2024,"-4 534,57",Тинькофф,Общее,[counterparty_d7a35ccc36],,Оплата поставщикам 
Август,8,09.08.2024,"-83,97",Тинькофф,Общее,[counterparty_d7a35ccc36],,Содержание торговых точек
Август,8,10.08.2024,"105 665,55",Тинькофф,Клиенты-физ.лица,[counterparty_db1aef506b],,Поступление денег с торг. точек
Август,8,10.08.2024,"-1 585,18",Тинькофф,Общее,[counterparty_831a0f4ab6],,Эквайринг
Август,8,10.08.2024,"1 242,00",Тинькофф,Клиенты-физ.лица,[counterparty_db1aef506b],,Поступление денег с торг. точек
Август,8,10.08.2024,"-4,97",Тинькофф,Общее,[counterparty_831a0f4ab6],,Эквайринг
Август,8,11.08.2024,"98 444,20",Тинькофф,Клиенты-физ.лица,[counterparty_db1aef506b],,Поступление денег с торг. точек
Август,8,11.08.2024,"-1 476,87",Тинькофф,Общее,[counterparty_831a0f4ab6],,Эквайринг
Август,8,11.08.2024,"860,00",Тинькофф,Клиенты-физ.лица,[counterparty_db1aef506b],,Поступление денег с торг. точек
Август,8,11.08.2024,"-3,44",Тинькофф,Общее,[counterparty_831a0f4ab6],,Эквайринг
Август,8,11.08.2024,"1 104,00",Тинькофф,Клиенты-физ.лица,[counterparty_db1aef506b],,Поступление денег с торг. точек
Август,8,11.08.2024,"-4,42",Тинькофф,Общее,[counterparty_831a0f4ab6],,Эквайринг
Август,8,11.08.2024,"-2 653,08",Тинькофф,Общее,[counterparty_d7a35ccc36],,Расходы на питание персонала
Август,8,11.08.2024,"-4 282,05",Тинькофф,Общее,[counterparty_d7a35ccc36],,Оплата поставщикам 
Август,8,11.08.2024,"-300,94",Тинькофф,Общее,[counterparty_d7a35ccc36],,Содержание торговых точек
Август,8,12.08.2024,"20 452,81",Альфа,Клиенты-физ.лица,[counterparty_db1aef506b],,Поступление денег с торг. точек
Август,8,12.08.2024,"-26,32",Альфа,Общее,[counterparty_831a0f4ab6],,Эквайринг
Август,8,13.08.2024,"19 687,97",Альфа,Клиенты-физ.лица,[counterparty_db1aef506b],,Поступление денег с торг. точек
Август,8,13.08.2024,"-15,28",Альфа,Общее,[counterparty_831a0f4ab6],,Эквайринг
Август,8,14.08.2024,"14 842,98",Альфа,Клиенты-физ.лица,[counterparty_db1aef506b],,Поступление денег с торг. точек
Август,8,14.08.2024,"-10,17",Альфа,Общее,[counterparty_831a0f4ab6],,Эквайринг
Август,8,12.08.2024,"47 165,00",Сейф,Общее,,,Поступление — Перевод между счетами
Август,8,13.08.2024,"-144 376,00",Сейф,Общее,[counterparty_552231dcd7],,Зарплата производственного персонала
Август,8,13.08.2024,"84 683,00",Сейф,Общее,,,Поступление — Перевод между счетами
Август,8,14.08.2024,"-198,00",Сейф,Общее,[counterparty_831a0f4ab6],,РКО
Август,8,14.08.2024,"-390,00",Сейф,Общее,[counterparty_d7a35ccc36],,Содержание торговых точек
Август,8,12.08.2024,"-47 165,00",ТК Черникова,Общее,,,Выбытие — Перевод между счетами
Август,8,12.08.2024,"-10 120,00",ТК Черникова,Общее,[counterparty_552231dcd7],,Курьерская служба -
Август,8,12.08.2024,"16 025,00",ТК Черникова,Клиенты-физ.лица,[counterparty_db1aef506b],,Поступление денег с торг. точек
Август,8,13.08.2024,"-2 433,00",ТК Черникова,Общее,[counterparty_d7a35ccc36],,Оплата поставщикам 
Август,8,13.08.2024,"-8 980,00",ТК Черникова,Общее,[counterparty_552231dcd7],,Курьерская служба -
Август,8,13.08.2024,"11 074,00",ТК Черникова,Клиенты-физ.лица,[counterparty_db1aef506b],,Поступление денег с торг. точек
Август,8,14.08.2024,"-6 800,00",ТК Черникова,Общее,[counterparty_5ea766e786],,Оплата поставщикам 
Август,8,14.08.2024,"-9 280,00",ТК Черникова,Общее,[counterparty_552231dcd7],,Курьерская служба -
Август,8,14.08.2024,"22 789,60",ТК Черникова,Клиенты-физ.лица,[counterparty_db1aef506b],,Поступление денег с торг. точек
Август,8,12.08.2024,"80 606,10",Тинькофф,Клиенты-физ.лица,[counterparty_db1aef506b],,Поступление денег с торг. точек
Август,8,12.08.2024,"-1 209,22",Тинькофф,Общее,[counterparty_831a0f4ab6],,Эквайринг
Август,8,12.08.2024,"-5 958,90",Тинькофф,Общее,[counterparty_fb5384e8b9],,Оплата поставщикам 
Август,8,12.08.2024,"-21 094,48",Тинькофф,Общее,[counterparty_19f4d4c15b],,Оплата поставщикам 
Август,8,12.08.2024,"-100 607,50",Тинькофф,Общее,[counterparty_dc430ed78e],,Оплата поставщикам 
Август,8,12.08.2024,"-60 985,29",Тинькофф,Общее,[counterparty_fb5384e8b9],,Оплата поставщикам 
Август,8,12.08.2024,"-16 601,79",Тинькофф,Общее,[counterparty_b2323408fa],,Оплата поставщикам 
Август,8,12.08.2024,"-50 765,50",Тинькофф,Общее,[counterparty_bb8cb2d348],,Оплата поставщикам 
Август,8,12.08.2024,"-53 229,66",Тинькофф,Общее,[counterparty_c4e92b27e2],,Оплата поставщикам 
Август,8,12.08.2024,"-27 594,23",Тинькофф,Общее,[counterparty_8e70032df8],,Оплата поставщикам 
Август,8,12.08.2024,"-240 000,00",Тинькофф,Общее,,,Выбытие — Перевод между счетами
Август,8,12.08.2024,"930,00",Тинькофф,Клиенты-физ.лица,[counterparty_db1aef506b],,Поступление денег с торг. точек
Август,8,12.08.2024,"-3,72",Тинькофф,Общее,[counterparty_831a0f4ab6],,Эквайринг
Август,8,12.08.2024,"-54,97",Тинькофф,Общее,[counterparty_d7a35ccc36],,Оплата поставщикам 
Август,8,12.08.2024,"-111,20",Тинькофф,Общее,[counterparty_d7a35ccc36],,Оплата поставщикам 
Август,8,13.08.2024,"90 848,35",Тинькофф,Клиенты-физ.лица,[counterparty_db1aef506b],,Поступление денег с торг. точек
Август,8,13.08.2024,"-1 362,84",Тинькофф,Общее,[counterparty_831a0f4ab6],,Эквайринг
Август,8,13.08.2024,"-32 800,00",Тинькофф,Общее,[counterparty_483af3edc2],,Листовки
Август,8,13.08.2024,"-2 500,00",Тинькофф,Общее,[counterparty_8ee68081e8],,Телекоммуникации
Август,8,13.08.2024,"-84 683,00",Тинькофф,Общее,,,Выбытие — Перевод между счетами
Август,8,13.08.2024,"1 244,00",Тинькофф,Клиенты-физ.лица,[counterparty_db1aef506b],,Поступление денег с торг. точек
Август,8,13.08.2024,"-4,98",Тинькофф,Общее,[counterparty_831a0f4ab6],,Эквайринг
Август,8,13.08.2024,"1 149,00",Тинькофф,Клиенты-физ.лица,[counterparty_db1aef506b],,Поступление денег с торг. точек
Август,8,13.08.2024,"-4,60",Тинькофф,Общее,[counterparty_831a0f4ab6],,Эквайринг
Август,8,13.08.2024,"-2 450,00",Тинькофф,Общее,[counterparty_d7a35ccc36],,Содержание торговых точек
Август,8,13.08.2024,"-2 436,79",Тинькофф,Общее,[counterparty_d7a35ccc36],,Оплата поставщикам 
Август,8,13.08.2024,"-17,98",Тинькофф,Общее,[counterparty_d7a35ccc36],,Содержание торговых точек
Август,8,13.08.2024,"-536,98",Тинькофф,Общее,[counterparty_d7a35ccc36],,Расходы на питание персонала
Август,8,14.08.2024,"76 666,60",Тинькофф,Клиенты-физ.лица,[counterparty_db1aef506b],,Поступление денег с торг. точек
Август,8,14.08.2024,"-1 150,10",Тинькофф,Общее,[counterparty_831a0f4ab6],,Эквайринг
Август,8,14.08.2024,"-9 815,00",Тинькофф,Общее,[counterparty_9e2c493ff8],[private_text_6466b4caa2],Покупка ОС
Август,8,14.08.2024,"-7 200,00",Тинькофф,Общее,[counterparty_d7a35ccc36],,Содержание торговых точек
Август,8,09.08.2024,"55 000,00",Сбербанк,Общее,,,Поступление — Перевод между счетами
Август,8,09.08.2024,"-55 000,00",Сбербанк,Общее,[counterparty_552231dcd7],,Зарплата административного персонала
Август,8,12.08.2024,"-357,00",Сбербанк,Общее,[counterparty_831a0f4ab6],,РКО
Август,8,12.08.2024,"240 000,00",Сбербанк,Общее,,,Поступление — Перевод между счетами
Август,8,12.08.2024,"-86 000,00",Сбербанк,Общее,[counterparty_41bef12399],,Дивиденды
Август,8,12.08.2024,"-86 000,00",Сбербанк,Общее,[counterparty_7e3a73c9be],,Дивиденды
Август,8,12.08.2024,"-20 000,00",Сбербанк,Общее,[counterparty_41bef12399],,Зарплата административного персонала
Август,8,12.08.2024,"-40 000,00",Сбербанк,Общее,[counterparty_7e3a73c9be],,Зарплата административного персонала
Август,8,12.08.2024,"-8 000,00",Сбербанк,Общее,[counterparty_3f0fc87298],[private_text_dc1b74e39c],Прочие маркетинговые услуги
Август,8,13.08.2024,"84 683,00",Сбербанк,Общее,,,Поступление — Перевод между счетами
Август,8,13.08.2024,"-84 683,00",Сбербанк,Общее,,,Выбытие — Перевод между счетами
Август,8,12.08.2024,"-900,00",ТК Черникова,Общее,[counterparty_903a43fe3c],,Оплата поставщикам 
Август,8,15.08.2024,"-2 000,00",Сейф,Общее,[counterparty_3f0fc87298],[private_text_f9bac4fbd0],Содержание торговых точек
Август,8,15.08.2024,"-1 600,00",Сейф,Общее,[counterparty_d7a35ccc36],,Оплата поставщикам 
Август,8,15.08.2024,"1 500,00",Сейф,Общее,[counterparty_552231dcd7],,Курьерская служба +
Август,8,15.08.2024,"-288,00",Сейф,Общее,[counterparty_d7a35ccc36],[private_text_84dc64b408],Содержание торговых точек
Август,8,15.08.2024,"75 245,00",Сейф,Общее,,,Поступление — Перевод между счетами
Август,8,15.08.2024,"-10 245,00",Сейф,Общее,[counterparty_552231dcd7],,Зарплата административного персонала
Август,8,15.08.2024,"-15 000,00",Сейф,Общее,[counterparty_552231dcd7],,Содержание торговых точек
Август,8,15.08.2024,"-45 000,00",Сейф,Общее,[counterparty_552231dcd7],,Зарплата административного персонала
Август,8,15.08.2024,"-11 860,00",ТК Черникова,Общее,[counterparty_552231dcd7],,Курьерская служба -
Август,8,15.08.2024,"23 299,00",ТК Черникова,Клиенты-физ.лица,[counterparty_db1aef506b],,Поступление денег с торг. точек
Август,8,15.08.2024,"-500,00",ТК Черникова,Общее,[counterparty_3f0fc87298],[private_text_44cc890291],Содержание торговых точек
Август,8,15.08.2024,"-5 204,00",ТК Черникова,Общее,[counterparty_d7a35ccc36],,Оплата поставщикам 
Август,8,15.08.2024,"-1 800,00",ТК Черникова,Общее,[counterparty_903a43fe3c],,Оплата поставщикам 
Август,8,15.08.2024,"12 784,93",Альфа,Клиенты-физ.лица,[counterparty_db1aef506b],,Поступление денег с торг. точек
Август,8,15.08.2024,"-22,92",Альфа,Общее,[counterparty_831a0f4ab6],,Эквайринг
Август,8,15.08.2024,"61 684,00",Тинькофф,Клиенты-физ.лица,[counterparty_db1aef506b],,Поступление денег с торг. точек
Август,8,15.08.2024,"-925,38",Тинькофф,Общее,[counterparty_831a0f4ab6],,Эквайринг
Август,8,15.08.2024,"-1 101,79",Тинькофф,Общее,[counterparty_b2323408fa],,Оплата поставщикам 
Август,8,15.08.2024,"-75 245,00",Тинькофф,Общее,,,Выбытие — Перевод между счетами
Август,8,15.08.2024,"-5 000,00",Тинькофф,Общее,[counterparty_50d958815d],,Телекоммуникации
Август,8,15.08.2024,"2 518,00",Тинькофф,Клиенты-физ.лица,[counterparty_db1aef506b],,Поступление денег с торг. точек
Август,8,15.08.2024,"-10,07",Тинькофф,Общее,[counterparty_831a0f4ab6],,Эквайринг
Август,8,15.08.2024,"-2 032,75",Тинькофф,Общее,[counterparty_d7a35ccc36],,Расходы на питание персонала
Август,8,15.08.2024,"-1 558,98",Тинькофф,Общее,[counterparty_d7a35ccc36],,Содержание торговых точек
Август,8,15.08.2024,"-4 083,91",Тинькофф,Общее,[counterparty_d7a35ccc36],,Оплата поставщикам 
Август,8,17.08.2024,"-390,00",Сейф,Общее,[counterparty_d7a35ccc36],,Содержание торговых точек
Август,8,16.08.2024,"-500,00",ТК Черникова,Общее,[counterparty_3f0fc87298],[private_text_44cc890291],Содержание торговых точек
Август,8,16.08.2024,"-11 520,00",ТК Черникова,Общее,[counterparty_552231dcd7],,Курьерская служба -
Август,8,16.08.2024,"17 935,00",ТК Черникова,Клиенты-физ.лица,[counterparty_db1aef506b],,Поступление денег с торг. точек
Август,8,17.08.2024,"-6 782,00",ТК Черникова,Общее,[counterparty_d7a35ccc36],,Оплата поставщикам 
Август,8,17.08.2024,"-80,00",ТК Черникова,Общее,[counterparty_d7a35ccc36],,Расходы на питание персонала
Август,8,17.08.2024,"-12 530,00",ТК Черникова,Общее,[counterparty_552231dcd7],,Курьерская служба -
Август,8,17.08.2024,"16 010,00",ТК Черникова,Клиенты-физ.лица,[counterparty_db1aef506b],,Поступление денег с торг. точек
Август,8,18.08.2024,"-1 800,00",ТК Черникова,Общее,[counterparty_903a43fe3c],,Оплата поставщикам 
Август,8,18.08.2024,"-9 940,00",ТК Черникова,Общее,[counterparty_552231dcd7],,Курьерская служба -
Август,8,18.08.2024,"17 823,00",ТК Черникова,Клиенты-физ.лица,[counterparty_db1aef506b],,Поступление денег с торг. точек
Август,8,16.08.2024,"102 551,05",Тинькофф,Клиенты-физ.лица,[counterparty_db1aef506b],,Поступление денег с торг. точек
Август,8,16.08.2024,"-1 538,41",Тинькофф,Общее,[counterparty_831a0f4ab6],,Эквайринг
Август,8,16.08.2024,"200 000,00",Тинькофф,Общее,,,Поступление — Перевод между счетами
Август,8,16.08.2024,"-31 789,00",Тинькофф,Общее,[counterparty_c4e92b27e2],,Оплата поставщикам 
Август,8,16.08.2024,"-11 611,10",Тинькофф,Общее,[counterparty_b2323408fa],,Оплата поставщикам 
Август,8,16.08.2024,"-28 027,66",Тинькофф,Общее,[counterparty_19f4d4c15b],,Оплата поставщикам 
Август,8,16.08.2024,"-89 060,37",Тинькофф,Общее,[counterparty_fb5384e8b9],,Оплата поставщикам 
Август,8,16.08.2024,"-109 631,80",Тинькофф,Общее,[counterparty_dc430ed78e],,Оплата поставщикам 
Август,8,16.08.2024,"-56 685,21",Тинькофф,Общее,[counterparty_bb8cb2d348],,Оплата поставщикам 
Август,8,16.08.2024,"-30 267,33",Тинькофф,Общее,[counterparty_8e70032df8],,Оплата поставщикам 
Август,8,16.08.2024,"-4 568,40",Тинькофф,Общее,[counterparty_fb5384e8b9],,Оплата поставщикам 
Август,8,16.08.2024,"-140 000,00",Тинькофф,Общее,,,Выбытие — Перевод между счетами
Август,8,16.08.2024,"870,00",Тинькофф,Клиенты-физ.лица,[counterparty_db1aef506b],,Поступление денег с торг. точек
Август,8,16.08.2024,"129,00",Тинькофф,Клиенты-физ.лица,[counterparty_db1aef506b],,Поступление денег с торг. точек
Август,8,16.08.2024,"-3,48",Тинькофф,Общее,[counterparty_831a0f4ab6],,Эквайринг
Август,8,16.08.2024,"-0,52",Тинькофф,Общее,[counterparty_831a0f4ab6],,Эквайринг
Август,8,16.08.2024,"13,00",Тинькофф,Клиенты-физ.лица,[counterparty_db1aef506b],,Поступление денег с торг. точек
Август,8,16.08.2024,"-0,05",Тинькофф,Общее,[counterparty_831a0f4ab6],,Эквайринг
Август,8,16.08.2024,"-5 000,00",Тинькофф,Общее,,,Выбытие — Перевод между счетами
Август,8,16.08.2024,"-16 292,00",Тинькофф,Общее,[counterparty_d7a35ccc36],,Содержание торговых точек
Август,8,16.08.2024,"320 000,00",Тинькофф,Общее,,,Поступление — Перевод между счетами
Август,8,16.08.2024,"1 689,00",Тинькофф,Клиенты-физ.лица,[counterparty_db1aef506b],,Поступление денег с торг. точек
Август,8,16.08.2024,"-6,76",Тинькофф,Общее,[counterparty_831a0f4ab6],,Эквайринг
Август,8,16.08.2024,"-348,00",Тинькофф,Общее,[counterparty_d7a35ccc36],,Оплата поставщикам 
Август,8,17.08.2024,"98 434,25",Тинькофф,Клиенты-физ.лица,[counterparty_db1aef506b],,Поступление денег с торг. точек
Август,8,17.08.2024,"-1 476,72",Тинькофф,Общее,[counterparty_831a0f4ab6],,Эквайринг
Август,8,16.08.2024,"-250,00",Тинькофф,Общее,[counterparty_d7a35ccc36],,Содержание торговых точек
Август,8,16.08.2024,"-4 618,80",Тинькофф,Общее,[counterparty_d7a35ccc36],,Оплата поставщикам 
Август,8,16.08.2024,"-389,97",Тинькофф,Общее,[counterparty_d7a35ccc36],,Оплата поставщикам 
Август,8,17.08.2024,"1 190,00",Тинькофф,Клиенты-физ.лица,[counterparty_db1aef506b],,Поступление денег с торг. точек
Август,8,17.08.2024,"-4,76",Тинькофф,Общее,[counterparty_831a0f4ab6],,Эквайринг
Август,8,17.08.2024,"914,00",Тинькофф,Клиенты-физ.лица,[counterparty_db1aef506b],,Поступление денег с торг. точек
Август,8,17.08.2024,"-3,66",Тинькофф,Общее,[counterparty_831a0f4ab6],,Эквайринг
Август,8,17.08.2024,"1 289,00",Тинькофф,Клиенты-физ.лица,[counterparty_db1aef506b],,Поступление денег с торг. точек
Август,8,17.08.2024,"-5,16",Тинькофф,Общее,[counterparty_831a0f4ab6],,Эквайринг
Август,8,17.08.2024,"835,00",Тинькофф,Клиенты-физ.лица,[counterparty_db1aef506b],,Поступление денег с торг. точек
Август,8,17.08.2024,"-3,34",Тинькофф,Общее,[counterparty_831a0f4ab6],,Эквайринг
Август,8,17.08.2024,"-2 466,92",Тинькофф,Общее,[counterparty_d7a35ccc36],,Расходы на питание персонала
Август,8,17.08.2024,"-3 935,55",Тинькофф,Общее,[counterparty_d7a35ccc36],,Оплата поставщикам 
Август,8,17.08.2024,"-1 134,45",Тинькофф,Общее,[counterparty_d7a35ccc36],,Содержание торговых точек
Август,8,17.08.2024,"-550,52",Тинькофф,Общее,[counterparty_d7a35ccc36],,Оплата поставщикам 
Август,8,18.08.2024,"103 281,70",Тинькофф,Клиенты-физ.лица,[counterparty_db1aef506b],,Поступление денег с торг. точек
Август,8,18.08.2024,"-1 549,43",Тинькофф,Общее,[counterparty_831a0f4ab6],,Эквайринг
Август,8,18.08.2024,"2 328,00",Тинькофф,Клиенты-физ.лица,[counterparty_db1aef506b],,Поступление денег с торг. точек
Август,8,18.08.2024,"-9,31",Тинькофф,Общее,[counterparty_831a0f4ab6],,Эквайринг
Август,8,18.08.2024,"-875,88",Тинькофф,Общее,[counterparty_d7a35ccc36],,Оплата поставщикам 
Август,8,18.08.2024,"-2 200,00",Тинькофф,Общее,[counterparty_d7a35ccc36],,Содержание торговых точек
Август,8,16.08.2024,"25 797,74",Альфа,Клиенты-физ.лица,[counterparty_db1aef506b],,Поступление денег с торг. точек
Август,8,16.08.2024,"-47,45",Альфа,Общее,[counterparty_831a0f4ab6],,Эквайринг
Август,8,16.08.2024,"-200 000,00",Альфа,Общее,,,Выбытие — Перевод между счетами
Август,8,16.08.2024,"-320 000,00",Альфа,Общее,,,Выбытие — Перевод между счетами
Август,8,17.08.2024,"30 205,77",Альфа,Клиенты-физ.лица,[counterparty_db1aef506b],,Поступление денег с торг. точек
Август,8,17.08.2024,"-46,86",Альфа,Общее,[counterparty_831a0f4ab6],,Эквайринг
Август,8,18.08.2024,"28 004,07",Альфа,Клиенты-физ.лица,[counterparty_db1aef506b],,Поступление денег с торг. точек
Август,8,18.08.2024,"-47,70",Альфа,Общее,[counterparty_831a0f4ab6],,Эквайринг
Август,8,19.08.2024,"20 250,00",Сейф,Общее,,,Поступление — Перевод между счетами
Август,8,19.08.2024,"-15 869,00",Сейф,Общее,[counterparty_552231dcd7],,Зарплата производственного персонала
Август,8,20.08.2024,"-1 409,00",Сейф,Общее,[counterparty_db1aef506b],,Возвраты клиентам
Август,8,19.08.2024,"-5 722,00",ТК Черникова,Общее,[counterparty_d7a35ccc36],,Оплата поставщикам 
Август,8,19.08.2024,"-20 250,00",ТК Черникова,Общее,,,Выбытие — Перевод между счетами
Август,8,19.08.2024,"-10 660,00",ТК Черникова,Общее,[counterparty_552231dcd7],,Курьерская служба -
Август,8,19.08.2024,"12 944,00",ТК Черникова,Клиенты-физ.лица,[counterparty_db1aef506b],,Поступление денег с торг. точек
Август,8,19.08.2024,"17 711,93",Альфа,Клиенты-физ.лица,[counterparty_db1aef506b],,Поступление денег с торг. точек
Август,8,19.08.2024,"-15,56",Альфа,Общее,[counterparty_831a0f4ab6],,Эквайринг
Август,8,19.08.2024,"82 741,00",Тинькофф,Клиенты-физ.лица,[counterparty_db1aef506b],,Поступление денег с торг. точек
Август,8,19.08.2024,"-1 241,33",Тинькофф,Общее,[counterparty_831a0f4ab6],,Эквайринг
Август,8,19.08.2024,"1 539,00",Тинькофф,Клиенты-физ.лица,[counterparty_db1aef506b],,Поступление денег с торг. точек
Август,8,19.08.2024,"-6,16",Тинькофф,Общее,[counterparty_831a0f4ab6],,Эквайринг
Август,8,19.08.2024,"895,00",Тинькофф,Клиенты-физ.лица,[counterparty_db1aef506b],,Поступление денег с торг. точек
Август,8,19.08.2024,"-3,58",Тинькофф,Общее,[counterparty_831a0f4ab6],,Эквайринг
Август,8,19.08.2024,"-3 682,89",Тинькофф,Общее,[counterparty_d7a35ccc36],,Оплата поставщикам 
Август,8,19.08.2024,"-8,99",Тинькофф,Общее,[counterparty_d7a35ccc36],,Содержание торговых точек
Август,8,19.08.2024,"-152,98",Тинькофф,Общее,[counterparty_d7a35ccc36],,Расходы на питание персонала
Август,8,20.08.2024,"156 492,00",Сейф,Общее,,,Поступление — Перевод между счетами
Август,8,20.08.2024,"-21 400,00",Сейф,Общее,[counterparty_3f0fc87298],[private_text_ee0e0daa90],Содержание торговых точек
Август,8,20.08.2024,"-2 500,00",Сейф,Общее,[counterparty_335f3233c9],,Аренда торговых точек
Август,8,20.08.2024,"-132 591,00",Сейф,Общее,[counterparty_552231dcd7],,Зарплата производственного персонала
Август,8,20.08.2024,"-7 680,00",ТК Черникова,Общее,[counterparty_552231dcd7],,Курьерская служба -
Август,8,20.08.2024,"10 295,00",ТК Черникова,Клиенты-физ.лица,[counterparty_db1aef506b],,Поступление денег с торг. точек
Август,8,20.08.2024,"95 179,80",Тинькофф,Клиенты-физ.лица,[counterparty_db1aef506b],,Поступление денег с торг. точек
Август,8,20.08.2024,"-1 427,85",Тинькофф,Общее,[counterparty_831a0f4ab6],,Эквайринг
Август,8,20.08.2024,"-156 492,00",Тинькофф,Общее,,,Выбытие — Перевод между счетами
Август,8,20.08.2024,"670,00",Тинькофф,Клиенты-физ.лица,[counterparty_db1aef506b],,Поступление денег с торг. точек
Август,8,20.08.2024,"-2,68",Тинькофф,Общее,[counterparty_831a0f4ab6],,Эквайринг
Август,8,20.08.2024,"12 157,43",Альфа,Клиенты-физ.лица,[counterparty_db1aef506b],,Поступление денег с торг. точек
Август,8,20.08.2024,"-5,60",Альфа,Общее,[counterparty_831a0f4ab6],,Эквайринг
Август,8,15.08.2024,"-85,22",Сбербанк,Общее,[counterparty_831a0f4ab6],,РКО
Август,8,15.08.2024,"75 245,00",Сбербанк,Общее,,,Поступление — Перевод между счетами
Август,8,15.08.2024,"-75 245,00",Сбербанк,Общее,,,Выбытие — Перевод между счетами
Август,8,16.08.2024,"140 000,00",Сбербанк,Общее,,,Поступление — Перевод между счетами
Август,8,16.08.2024,"5 000,00",Сбербанк,Общее,,,Поступление — Перевод между счетами
Август,8,15.08.2024,,,,,,
Август,8,16.08.2024,"-145 000,00",Сбербанк,Общее,[counterparty_831a0f4ab6],,Оплаты по кредитам и займам
Август,8,20.08.2024,"156 492,00",Сбербанк,Общее,,,Поступление — Перевод между счетами
Август,8,20.08.2024,"-156 492,00",Сбербанк,Общее,,,Выбытие — Перевод между счетами
Август,8,20.08.2024,"-828,00",Сбербанк,Общее,,,Выбытие — Перевод между счетами
Август,8,20.08.2024,"828,00",Сейф,Общее,,,Поступление — Перевод между счетами
Август,8,21.08.2024,"5 000,00",ГарантФонд,Общее,[counterparty_552231dcd7],[private_text_6087c6f3f7],Курьерская служба +
Август,8,21.08.2024,"-5 000,00",ГарантФонд,Общее,[counterparty_552231dcd7],[private_text_79f0f46be9],Курьерская служба -
Август,8,21.08.2024,"7 689,21",Альфа,Клиенты-физ.лица,[counterparty_db1aef506b],,Поступление денег с торг. точек
Август,8,21.08.2024,"-9,39",Альфа,Общее,[counterparty_831a0f4ab6],,Эквайринг
Август,8,22.08.2024,"27 008,24",Альфа,Клиенты-физ.лица,[counterparty_db1aef506b],,Поступление денег с торг. точек
Август,8,22.08.2024,"-38,26",Альфа,Общее,[counterparty_831a0f4ab6],,Эквайринг
Август,8,23.08.2024,"25 803,61",Альфа,Клиенты-физ.лица,[counterparty_db1aef506b],,Поступление денег с торг. точек
Август,8,23.08.2024,"-32,78",Альфа,Общее,[counterparty_831a0f4ab6],,Эквайринг
Август,8,24.08.2024,"42 608,48",Альфа,Клиенты-физ.лица,[counterparty_db1aef506b],,Поступление денег с торг. точек
Август,8,24.08.2024,"-53,08",Альфа,Общее,[counterparty_831a0f4ab6],,Эквайринг
Август,8,25.08.2024,"30 339,18",Альфа,Клиенты-физ.лица,[counterparty_db1aef506b],,Поступление денег с торг. точек
Август,8,25.08.2024,"-45,70",Альфа,Общее,[counterparty_831a0f4ab6],,Эквайринг
Август,8,22.08.2024,"-400,00",Сейф,Общее,[counterparty_3f0fc87298],[private_text_b570c32762],Прочие маркетинговые услуги
Август,8,20.08.2024,"-1 800,00",ТК Черникова,Общее,[counterparty_903a43fe3c],,Оплата поставщикам 
Август,8,20.08.2024,"-1 500,00",ТК Черникова,Общее,[counterparty_3f0fc87298],[private_text_88bf0f4978],Содержание торговых точек
Август,8,21.08.2024,"-9 940,00",ТК Черникова,Общее,[counterparty_552231dcd7],,Курьерская служба -
Август,8,21.08.2024,"22 133,05",ТК Черникова,Клиенты-физ.лица,[counterparty_db1aef506b],,Поступление денег с торг. точек
Август,8,21.08.2024,"-6 319,00",ТК Черникова,Общее,[counterparty_d7a35ccc36],,Оплата поставщикам 
Август,8,22.08.2024,"-2 000,00",ТК Черникова,Общее,[counterparty_3f0fc87298],[private_text_1b400966af],Транспортные услуги
Август,8,22.08.2024,"-8 900,00",ТК Черникова,Общее,[counterparty_552231dcd7],,Курьерская служба -
Август,8,22.08.2024,"7 601,00",ТК Черникова,Клиенты-физ.лица,[counterparty_db1aef506b],,Поступление денег с торг. точек
Август,8,23.08.2024,"-900,00",ТК Черникова,Общее,[counterparty_903a43fe3c],,Оплата поставщикам 
Август,8,23.08.2024,"-6 585,00",ТК Черникова,Общее,[counterparty_d7a35ccc36],,Оплата поставщикам 
Август,8,23.08.2024,"-7 940,00",ТК Черникова,Общее,[counterparty_552231dcd7],,Курьерская служба -
Август,8,23.08.2024,"11 534,95",ТК Черникова,Клиенты-физ.лица,[counterparty_db1aef506b],,Поступление денег с торг. точек
Август,8,24.08.2024,"-1 800,00",ТК Черникова,Общее,[counterparty_903a43fe3c],,Оплата поставщикам 
Август,8,24.08.2024,"-18 600,00",ТК Черникова,Общее,[counterparty_552231dcd7],,Курьерская служба -
Август,8,24.08.2024,"19 734,60",ТК Черникова,Клиенты-физ.лица,[counterparty_db1aef506b],,Поступление денег с торг. точек
Август,8,25.08.2024,"-11 340,00",ТК Черникова,Общее,[counterparty_552231dcd7],,Курьерская служба -
Август,8,25.08.2024,"8 491,00",ТК Черникова,Клиенты-физ.лица,[counterparty_db1aef506b],,Поступление денег с торг. точек
Август,8,21.08.2024,"73 318,00",Тинькофф,Клиенты-физ.лица,[counterparty_db1aef506b],,Поступление денег с торг. точек
Август,8,21.08.2024,"-1 099,88",Тинькофф,Общее,[counterparty_831a0f4ab6],,Эквайринг
Август,8,21.08.2024,"1 159,00",Тинькофф,Клиенты-физ.лица,[counterparty_db1aef506b],,Поступление денег с торг. точек
Август,8,21.08.2024,"-4,64",Тинькофф,Общее,[counterparty_831a0f4ab6],,Эквайринг
Август,8,21.08.2024,"441,00",Тинькофф,Клиенты-физ.лица,[counterparty_db1aef506b],,Поступление денег с торг. точек
Август,8,21.08.2024,"-1,76",Тинькофф,Общее,[counterparty_831a0f4ab6],,Эквайринг
Август,8,21.08.2024,"-6 832,92",Тинькофф,Общее,[counterparty_d7a35ccc36],,Оплата поставщикам 
Август,8,21.08.2024,"-1 456,95",Тинькофф,Общее,[counterparty_d7a35ccc36],,Расходы на питание персонала
Август,8,21.08.2024,"-449,94",Тинькофф,Общее,[counterparty_d7a35ccc36],,Содержание торговых точек
Август,8,22.08.2024,"81 020,45",Тинькофф,Клиенты-физ.лица,[counterparty_db1aef506b],,Поступление денег с торг. точек
Август,8,22.08.2024,"-1 215,47",Тинькофф,Общее,[counterparty_831a0f4ab6],,Эквайринг
Август,8,22.08.2024,"320,00",Тинькофф,Клиенты-физ.лица,[counterparty_db1aef506b],,Поступление денег с торг. точек
Август,8,22.08.2024,"-1,28",Тинькофф,Общее,[counterparty_831a0f4ab6],,Эквайринг
Август,8,22.08.2024,"620,00",Тинькофф,Клиенты-физ.лица,[counterparty_db1aef506b],,Поступление денег с торг. точек
Август,8,22.08.2024,"-2,48",Тинькофф,Общее,[counterparty_831a0f4ab6],,Эквайринг
Август,8,23.08.2024,"-1 990,00",Тинькофф,Общее,[counterparty_831a0f4ab6],,РКО
Август,8,23.08.2024,"-99,00",Тинькофф,Общее,[counterparty_831a0f4ab6],,РКО
Август,8,23.08.2024,"-990,00",Тинькофф,Общее,[counterparty_831a0f4ab6],,РКО
Август,8,23.08.2024,"70 542,50",Тинькофф,Клиенты-физ.лица,[counterparty_db1aef506b],,Поступление денег с торг. точек
Август,8,23.08.2024,"-1 058,29",Тинькофф,Общее,[counterparty_831a0f4ab6],,Эквайринг
Август,8,23.08.2024,"560,00",Тинькофф,Клиенты-физ.лица,[counterparty_db1aef506b],,Поступление денег с торг. точек
Август,8,23.08.2024,"-2,24",Тинькофф,Общее,[counterparty_831a0f4ab6],,Эквайринг
Август,8,23.08.2024,"-13 000,00",Тинькофф,Общее,,,Выбытие — Перевод между счетами
Август,8,23.08.2024,"-89,45",Тинькофф,Общее,[counterparty_682bbbb771],,Налоги с з/п
Август,8,23.08.2024,"-25 651,90",Тинькофф,Общее,[counterparty_682bbbb771],,Налоги с з/п
Август,8,23.08.2024,"-36 569,16",Тинькофф,Общее,[counterparty_c4e92b27e2],,Оплата поставщикам 
Август,8,23.08.2024,"-34 646,26",Тинькофф,Общее,[counterparty_19f4d4c15b],,Оплата поставщикам 
Август,8,23.08.2024,"-7 500,00",Тинькофф,Общее,[counterparty_d1d2f948bb],,Оплаты систем автоматизации
Август,8,23.08.2024,"-12 885,00",Тинькофф,Общее,[counterparty_449fa47f79],,Оплаты систем автоматизации
Август,8,23.08.2024,"-877,60",Тинькофф,Общее,[counterparty_b2323408fa],,Оплата поставщикам 
Август,8,23.08.2024,"-115 814,00",Тинькофф,Общее,[counterparty_dc430ed78e],,Оплата поставщикам 
Август,8,23.08.2024,"-54 188,33",Тинькофф,Общее,[counterparty_bb8cb2d348],,Оплата поставщикам 
Август,8,23.08.2024,"-96 224,85",Тинькофф,Общее,[counterparty_fb5384e8b9],,Оплата поставщикам 
Август,8,23.08.2024,"-4 284,90",Тинькофф,Общее,[counterparty_fb5384e8b9],,Оплата поставщикам 
Август,8,23.08.2024,"-19 252,52",Тинькофф,Общее,[counterparty_8e70032df8],,Оплата поставщикам 
Август,8,23.08.2024,"250,00",Тинькофф,Клиенты-физ.лица,[counterparty_db1aef506b],,Поступление денег с торг. точек
Август,8,23.08.2024,"-1,00",Тинькофф,Общее,[counterparty_831a0f4ab6],,Эквайринг
Август,8,23.08.2024,"-543,94",Тинькофф,Общее,[counterparty_d7a35ccc36],,Расходы на питание персонала
Август,8,23.08.2024,"-17,98",Тинькофф,Общее,[counterparty_d7a35ccc36],,Содержание торговых точек
Август,8,23.08.2024,"-3 982,16",Тинькофф,Общее,[counterparty_d7a35ccc36],,Оплата поставщикам 
Август,8,24.08.2024,"112 158,00",Тинькофф,Клиенты-физ.лица,[counterparty_db1aef506b],,Поступление денег с торг. точек
Август,8,24.08.2024,"-1 682,53",Тинькофф,Общее,[counterparty_831a0f4ab6],,Эквайринг
Август,8,24.08.2024,"-5 000,00",Тинькофф,Общее,[counterparty_50d958815d],,Телекоммуникации
Август,8,24.08.2024,"1 998,00",Тинькофф,Клиенты-физ.лица,[counterparty_db1aef506b],,Поступление денег с торг. точек
Август,8,24.08.2024,"560,00",Тинькофф,Клиенты-физ.лица,[counterparty_db1aef506b],,Поступление денег с торг. точек
Август,8,24.08.2024,"-7,99",Тинькофф,Общее,[counterparty_831a0f4ab6],,Эквайринг
Август,8,24.08.2024,"-2,24",Тинькофф,Общее,[counterparty_831a0f4ab6],,Эквайринг
Август,8,24.08.2024,"510,00",Тинькофф,Клиенты-физ.лица,[counterparty_db1aef506b],,Поступление денег с торг. точек
Август,8,24.08.2024,"-2,04",Тинькофф,Общее,[counterparty_831a0f4ab6],,Эквайринг
Август,8,24.08.2024,"-710,00",Тинькофф,Общее,[counterparty_d7a35ccc36],,Оплата поставщикам 
Август,8,25.08.2024,"116 374,00",Тинькофф,Клиенты-физ.лица,[counterparty_db1aef506b],,Поступление денег с торг. точек
Август,8,25.08.2024,"-1 745,81",Тинькофф,Общее,[counterparty_831a0f4ab6],,Эквайринг
Август,8,25.08.2024,"-101 270,00",Тинькофф,Общее,[counterparty_e08d6e58b9],,Аренда торговых точек
Август,8,25.08.2024,"1 121,00",Тинькофф,Клиенты-физ.лица,[counterparty_db1aef506b],,Поступление денег с торг. точек
Август,8,25.08.2024,"-4,48",Тинькофф,Общее,[counterparty_831a0f4ab6],,Эквайринг
Август,8,25.08.2024,"825,00",Тинькофф,Клиенты-физ.лица,[counterparty_db1aef506b],,Поступление денег с торг. точек
Август,8,25.08.2024,"-3,30",Тинькофф,Общее,[counterparty_831a0f4ab6],,Эквайринг
Август,8,25.08.2024,"-122,09",Тинькофф,Общее,[counterparty_d7a35ccc36],,Оплата поставщикам 
Август,8,25.08.2024,"-1 929,92",Тинькофф,Общее,[counterparty_d7a35ccc36],,Содержание торговых точек
Август,8,25.08.2024,"-5 821,52",Тинькофф,Общее,[counterparty_d7a35ccc36],,Оплата поставщикам 
Август,8,25.08.2024,"-2 637,60",Тинькофф,Общее,[counterparty_d7a35ccc36],,Расходы на питание персонала
Август,8,25.08.2024,"-477,00",Тинькофф,Общее,[counterparty_b2323408fa],,Оплата поставщикам 
Август,8,26.08.2024,"-1 665,00",Сейф,Общее,[counterparty_db1aef506b],,Возвраты клиентам
Август,8,26.08.2024,"500,00",Сейф,Общее,[counterparty_552231dcd7],,Курьерская служба +
Август,8,27.08.2024,"164 658,00",Сейф,Общее,,,Поступление — Перевод между счетами
Август,8,27.08.2024,"-152 404,00",Сейф,Общее,[counterparty_552231dcd7],,Зарплата производственного персонала
Август,8,27.08.2024,"-7 736,00",Сейф,Общее,[counterparty_5ea766e786],,Оплата поставщикам 
Август,8,21.08.2024,"-1 501,21",Сбербанк,Общее,[counterparty_831a0f4ab6],,РКО
Август,8,23.08.2024,"-125,75",Сбербанк,Общее,[counterparty_831a0f4ab6],,РКО
Август,8,23.08.2024,"13 000,00",Сбербанк,Общее,,,Поступление — Перевод между счетами
Август,8,23.08.2024,"-12 000,00",Сбербанк,Общее,[counterparty_552231dcd7],[private_text_c83e92388b],Зарплата административного персонала
Август,8,26.08.2024,"43 000,00",Сбербанк,Общее,,,Поступление — Перевод между счетами
Август,8,26.08.2024,"-43 000,00",Сбербанк,Общее,[counterparty_7e3a73c9be],,Зарплата административного персонала
Август,8,26.08.2024,"17 029,75",Альфа,Клиенты-физ.лица,[counterparty_db1aef506b],,Поступление денег с торг. точек
Август,8,26.08.2024,"-7,17",Альфа,Общее,[counterparty_831a0f4ab6],,Эквайринг
Август,8,27.08.2024,"17 990,85",Альфа,Клиенты-физ.лица,[counterparty_db1aef506b],,Поступление денег с торг. точек
Август,8,27.08.2024,"-9,05",Альфа,Общее,[counterparty_831a0f4ab6],,Эквайринг
Август,8,27.08.2024,"-265 700,00",Альфа,Общее,,,Выбытие — Перевод между счетами
Август,8,26.08.2024,"-9 000,00",ТК Черникова,Общее,[counterparty_552231dcd7],,Курьерская служба -
Август,8,26.08.2024,"19 949,00",ТК Черникова,Клиенты-физ.лица,[counterparty_db1aef506b],,Поступление денег с торг. точек
Август,8,27.08.2024,"-8 860,00",ТК Черникова,Общее,[counterparty_552231dcd7],,Курьерская служба -
Август,8,27.08.2024,"15 707,40",ТК Черникова,Клиенты-физ.лица,[counterparty_db1aef506b],,Поступление денег с торг. точек
Август,8,27.08.2024,"-5 702,00",ТК Черникова,Общее,[counterparty_d7a35ccc36],,Оплата поставщикам 
Август,8,27.08.2024,"-4 891,00",ТК Черникова,Общее,[counterparty_d7a35ccc36],,Оплата поставщикам 
Август,8,26.08.2024,"113 759,45",Тинькофф,Клиенты-физ.лица,[counterparty_db1aef506b],,Поступление денег с торг. точек
Август,8,26.08.2024,"-1 706,61",Тинькофф,Общее,[counterparty_831a0f4ab6],,Эквайринг
Август,8,26.08.2024,"1 200,00",Тинькофф,Клиенты-физ.лица,[counterparty_db1aef506b],,Поступление денег с торг. точек
Август,8,26.08.2024,"-4,80",Тинькофф,Общее,[counterparty_831a0f4ab6],,Эквайринг
Август,8,26.08.2024,"-395,00",Тинькофф,Общее,[counterparty_d7a35ccc36],,Содержание торговых точек
Август,8,26.08.2024,"-43 000,00",Тинькофф,Общее,,,Выбытие — Перевод между счетами
Август,8,26.08.2024,"1 094,00",Тинькофф,Клиенты-физ.лица,[counterparty_db1aef506b],,Поступление денег с торг. точек
Август,8,26.08.2024,"-4,38",Тинькофф,Общее,[counterparty_831a0f4ab6],,Эквайринг
Август,8,27.08.2024,"69 729,00",Тинькофф,Клиенты-физ.лица,[counterparty_db1aef506b],,Поступление денег с торг. точек
Август,8,27.08.2024,"-1 046,11",Тинькофф,Общее,[counterparty_831a0f4ab6],,Эквайринг
Август,8,27.08.2024,"-7 000,00",Тинькофф,Общее,[counterparty_1c967c7874],,Комиссия агрегатору
Август,8,27.08.2024,"-71 600,00",Тинькофф,Общее,[counterparty_81cfe2f35c],,Оплата поставщикам 
Август,8,27.08.2024,"-156 922,00",Тинькофф,Общее,,,Выбытие — Перевод между счетами
Август,8,27.08.2024,"-7 736,00",Тинькофф,Общее,,,Выбытие — Перевод между счетами
Август,8,27.08.2024,"265 700,00",Тинькофф,Общее,,,Поступление — Перевод между счетами
Август,8,27.08.2024,"2 342,00",Тинькофф,Клиенты-физ.лица,[counterparty_db1aef506b],,Поступление денег с торг. точек
Август,8,27.08.2024,"-9,37",Тинькофф,Общее,[counterparty_831a0f4ab6],,Эквайринг
Август,8,27.08.2024,"1 039,00",Тинькофф,Клиенты-физ.лица,[counterparty_db1aef506b],,Поступление денег с торг. точек
Август,8,27.08.2024,"-4,16",Тинькофф,Общее,[counterparty_831a0f4ab6],,Эквайринг
Август,8,27.08.2024,"1 541,00",Тинькофф,Клиенты-физ.лица,[counterparty_db1aef506b],,Поступление денег с торг. точек
Август,8,27.08.2024,"-6,16",Тинькофф,Общее,[counterparty_831a0f4ab6],,Эквайринг
Август,8,27.08.2024,"2 429,00",Тинькофф,Клиенты-физ.лица,[counterparty_db1aef506b],,Поступление денег с торг. точек
Август,8,27.08.2024,"-9,72",Тинькофф,Общее,[counterparty_831a0f4ab6],,Эквайринг
Август,8,27.08.2024,"-7 979,97",Тинькофф,Общее,[counterparty_d7a35ccc36],,Содержание торговых точек
Август,8,27.08.2024,"-416,54",Тинькофф,Общее,[counterparty_d7a35ccc36],,Расходы на питание персонала
Август,8,27.08.2024,"-4 290,03",Тинькофф,Общее,[counterparty_d7a35ccc36],,Оплата поставщикам 
Август,8,28.08.2024,"78 684,00",Тинькофф,Клиенты-физ.лица,[counterparty_db1aef506b],,Поступление денег с торг. точек
Август,8,28.08.2024,"-1 180,39",Тинькофф,Общее,[counterparty_831a0f4ab6],,Эквайринг
Август,8,28.08.2024,"-3 040,00",Тинькофф,Общее,[counterparty_d7a35ccc36],,Содержание торговых точек
Август,8,28.08.2024,"-479,92",Тинькофф,Общее,[counterparty_d7a35ccc36],,Оплата поставщикам 
Август,8,28.08.2024,"-28 000,00",Тинькофф,Общее,[counterparty_33844b2195],,Прочие маркетинговые услуги
Август,8,28.08.2024,"-60 000,00",Тинькофф,Общее,[counterparty_347b901ee4],,Контекстная реклама
Август,8,28.08.2024,"-10 000,00",Тинькофф,Общее,[counterparty_a8c88d8a2c],,SEO-оптимизация
Август,8,28.08.2024,"-2 000,00",Тинькофф,Общее,[counterparty_61340e8f89],[private_text_4de033c6c2],Телекоммуникации
Август,8,28.08.2024,"-3 171,00",Тинькофф,Общее,[counterparty_d7a35ccc36],,Содержание торговых точек
Август,8,28.08.2024,"-3 199,00",Тинькофф,Общее,[counterparty_d7a35ccc36],,Содержание торговых точек
Август,8,28.08.2024,"11 137,43",Альфа,Клиенты-физ.лица,[counterparty_db1aef506b],,Поступление денег с торг. точек
Август,8,28.08.2024,"-12,80",Альфа,Общее,[counterparty_831a0f4ab6],,Эквайринг
Август,8,28.08.2024,"20 162,00",ТК Черникова,Клиенты-физ.лица,[counterparty_db1aef506b],,Поступление денег с торг. точек
Август,8,28.08.2024,"-9 440,00",ТК Черникова,Общее,[counterparty_552231dcd7],,Курьерская служба -
Август,8,29.08.2024,"-1 500,00",ТК Черникова,Общее,[counterparty_3f0fc87298],[private_text_301d744f3f],Содержание торговых точек
Август,8,29.08.2024,"-4 331,00",ТК Черникова,Общее,[counterparty_d7a35ccc36],,Оплата поставщикам 
Август,8,29.08.2024,"-1 800,00",ТК Черникова,Общее,[counterparty_903a43fe3c],,Оплата поставщикам 
Август,8,29.08.2024,"-11 220,00",ТК Черникова,Общее,[counterparty_552231dcd7],,Курьерская служба -
Август,8,29.08.2024,"16 452,00",ТК Черникова,Клиенты-физ.лица,[counterparty_db1aef506b],,Поступление денег с торг. точек
Август,8,29.08.2024,"-1 000,00",Сейф,Общее,[counterparty_45d6b05c94],,Поиск и найм персонала
Август,8,29.08.2024,"1 000,00",Сейф,Общее,[counterparty_3f0fc87298],[private_text_8b3c965ad0],Прочие поступления
Август,8,29.08.2024,"18 556,02",Альфа,Клиенты-физ.лица,[counterparty_db1aef506b],,Поступление денег с торг. точек
Август,8,29.08.2024,"-20,26",Альфа,Общее,[counterparty_831a0f4ab6],,Эквайринг
Август,8,29.08.2024,"-100 000,00",Тинькофф,Общее,,,Выбытие — Перевод между счетами
Август,8,29.08.2024,"84 978,50",Тинькофф,Клиенты-физ.лица,[counterparty_db1aef506b],,Поступление денег с торг. точек
Август,8,29.08.2024,"-1 274,85",Тинькофф,Общее,[counterparty_831a0f4ab6],,Эквайринг
Август,8,29.08.2024,"290,00",Тинькофф,Клиенты-физ.лица,[counterparty_db1aef506b],,Поступление денег с торг. точек
Август,8,29.08.2024,"-1,16",Тинькофф,Общее,[counterparty_831a0f4ab6],,Эквайринг
Август,8,29.08.2024,"670,00",Тинькофф,Клиенты-физ.лица,[counterparty_db1aef506b],,Поступление денег с торг. точек
Август,8,29.08.2024,"-2,68",Тинькофф,Общее,[counterparty_831a0f4ab6],,Эквайринг
Август,8,29.08.2024,"-1 277,96",Тинькофф,Общее,[counterparty_d7a35ccc36],,Содержание торговых точек
Август,8,29.08.2024,"-5 419,06",Тинькофф,Общее,[counterparty_d7a35ccc36],,Оплата поставщикам 
Август,8,29.08.2024,"-1 758,68",Тинькофф,Общее,[counterparty_d7a35ccc36],,Расходы на питание персонала
Август,8,30.08.2024,"-900,00",Сейф,Общее,[counterparty_3f0fc87298],,Содержание торговых точек
Август,8,30.08.2024,"-11 720,00",ТК Черникова,Общее,[counterparty_552231dcd7],,Курьерская служба -
Август,8,30.08.2024,"7 927,00",ТК Черникова,Клиенты-физ.лица,[counterparty_db1aef506b],,Поступление денег с торг. точек
Август,8,30.08.2024,"-7 000,00",ТК Черникова,Общее,[counterparty_552231dcd7],,Содержание торговых точек
Август,8,30.08.2024,"-7 543,00",ТК Черникова,Общее,[counterparty_5ea766e786],,Оплата поставщикам 
Август,8,31.08.2024,"-500,00",ТК Черникова,Общее,[counterparty_3f0fc87298],[private_text_02c0af013b],Содержание торговых точек
Август,8,31.08.2024,"-16 120,00",ТК Черникова,Общее,[counterparty_552231dcd7],,Курьерская служба -
Август,8,31.08.2024,"16 245,00",ТК Черникова,Клиенты-физ.лица,[counterparty_db1aef506b],,Поступление денег с торг. точек
Сентябрь,9,01.09.2024,"-5 400,00",ТК Черникова,Общее,[counterparty_903a43fe3c],,Оплата поставщикам 
Сентябрь,9,01.09.2024,"-12 640,00",ТК Черникова,Общее,[counterparty_552231dcd7],,Курьерская служба -
Сентябрь,9,01.09.2024,"24 944,00",ТК Черникова,Клиенты-физ.лица,[counterparty_db1aef506b],,Поступление денег с торг. точек
Август,8,30.08.2024,"20 904,63",Альфа,Клиенты-физ.лица,[counterparty_db1aef506b],,Поступление денег с торг. точек
Август,8,30.08.2024,"-20,94",Альфа,Общее,[counterparty_831a0f4ab6],,Эквайринг
Август,8,31.08.2024,"31 685,74",Альфа,Клиенты-физ.лица,[counterparty_db1aef506b],,Поступление денег с торг. точек
Август,8,31.08.2024,"-22,61",Альфа,Общее,[counterparty_831a0f4ab6],,Эквайринг
Сентябрь,9,01.09.2024,"24 025,48",Альфа,Клиенты-физ.лица,[counterparty_db1aef506b],,Поступление денег с торг. точек
Сентябрь,9,01.09.2024,"-16,08",Альфа,Общее,[counterparty_831a0f4ab6],,Эквайринг
Август,8,30.08.2024,"82 291,00",Тинькофф,Клиенты-физ.лица,[counterparty_db1aef506b],,Поступление денег с торг. точек
Август,8,30.08.2024,"-1 234,50",Тинькофф,Общее,[counterparty_831a0f4ab6],,Эквайринг
Август,8,30.08.2024,"173,00",Тинькофф,Клиенты-физ.лица,[counterparty_db1aef506b],,Поступление денег с торг. точек
Август,8,30.08.2024,"-0,69",Тинькофф,Общее,[counterparty_831a0f4ab6],,Эквайринг
Август,8,31.08.2024,"140 921,10",Тинькофф,Клиенты-физ.лица,[counterparty_db1aef506b],,Поступление денег с торг. точек
Август,8,31.08.2024,"-2 114,04",Тинькофф,Общее,[counterparty_831a0f4ab6],,Эквайринг
Август,8,31.08.2024,"-10 601,92",Тинькофф,Общее,[counterparty_b2323408fa],,Оплата поставщикам 
Август,8,31.08.2024,"-93 094,80",Тинькофф,Общее,[counterparty_fb5384e8b9],,Оплата поставщикам 
Август,8,31.08.2024,"-103 084,70",Тинькофф,Общее,[counterparty_dc430ed78e],,Оплата поставщикам 
Август,8,31.08.2024,"-39 972,00",Тинькофф,Общее,[counterparty_c4e92b27e2],,Оплата поставщикам 
Август,8,31.08.2024,"-28 290,11",Тинькофф,Общее,[counterparty_19f4d4c15b],,Оплата поставщикам 
Август,8,31.08.2024,"-23 740,41",Тинькофф,Общее,[counterparty_8e70032df8],,Оплата поставщикам 
Август,8,31.08.2024,"-68 152,25",Тинькофф,Общее,[counterparty_bb8cb2d348],,Оплата поставщикам 
Август,8,31.08.2024,"-3 000,00",Тинькофф,Общее,[counterparty_449fa47f79],[private_text_96578d295d],Оплаты систем автоматизации
Август,8,31.08.2024,"-6 556,95",Тинькофф,Общее,[counterparty_fb5384e8b9],,Оплата поставщикам 
Август,8,31.08.2024,"70,00",Тинькофф,Клиенты-физ.лица,[counterparty_db1aef506b],,Поступление денег с торг. точек
Август,8,31.08.2024,"-0,28",Тинькофф,Общее,[counterparty_831a0f4ab6],,Эквайринг
Август,8,31.08.2024,"-12 157,16",Тинькофф,Общее,[counterparty_d7a35ccc36],,Оплата поставщикам 
Август,8,31.08.2024,"-1 249,78",Тинькофф,Общее,[counterparty_d7a35ccc36],,Содержание торговых точек
Август,8,31.08.2024,"-756,97",Тинькофф,Общее,[counterparty_d7a35ccc36],,Расходы на питание персонала
Сентябрь,9,01.09.2024,"137 719,00",Тинькофф,Клиенты-физ.лица,[counterparty_db1aef506b],,Поступление денег с торг. точек
Сентябрь,9,01.09.2024,"-2 066,07",Тинькофф,Общее,[counterparty_831a0f4ab6],,Эквайринг
Сентябрь,9,01.09.2024,"-5 000,00",Тинькофф,Общее,[counterparty_50d958815d],,Телекоммуникации
Сентябрь,9,01.09.2024,"1 926,00",Тинькофф,Клиенты-физ.лица,[counterparty_db1aef506b],,Поступление денег с торг. точек
Сентябрь,9,01.09.2024,"-7,70",Тинькофф,Общее,[counterparty_831a0f4ab6],,Эквайринг
Сентябрь,9,01.09.2024,"-1 040,56",Тинькофф,Общее,[counterparty_d7a35ccc36],,Расходы на питание персонала
Сентябрь,9,01.09.2024,"-487,92",Тинькофф,Общее,[counterparty_d7a35ccc36],,Оплата поставщикам 
Август,8,29.08.2024,"100 000,00",Сбербанк,Общее,,,Поступление — Перевод между счетами
Август,8,29.08.2024,"-100 000,00",Сбербанк,Общее,[counterparty_e08d6e58b9],,Аренда торговых точек
Август,8,29.08.2024,"-165,00",Сбербанк,Общее,[counterparty_831a0f4ab6],,РКО
Сентябрь,9,02.09.2024,"28 915,41",Альфа,Клиенты-физ.лица,[counterparty_db1aef506b],,Поступление денег с торг. точек
Сентябрь,9,02.09.2024,"-49,12",Альфа,Общее,[counterparty_831a0f4ab6],,Эквайринг
Сентябрь,9,03.09.2024,"27 450,15",Альфа,Клиенты-физ.лица,[counterparty_db1aef506b],,Поступление денег с торг. точек
Сентябрь,9,03.09.2024,"-27,16",Альфа,Общее,[counterparty_831a0f4ab6],,Эквайринг
Сентябрь,9,02.09.2024,"129 362,00",Тинькофф,Клиенты-физ.лица,[counterparty_db1aef506b],,Поступление денег с торг. точек
Сентябрь,9,02.09.2024,"-1 940,68",Тинькофф,Общее,[counterparty_831a0f4ab6],,Эквайринг
Сентябрь,9,02.09.2024,"1 462,00",Тинькофф,Клиенты-физ.лица,[counterparty_db1aef506b],,Поступление денег с торг. точек
Сентябрь,9,02.09.2024,"-5,85",Тинькофф,Общее,[counterparty_831a0f4ab6],,Эквайринг
Сентябрь,9,02.09.2024,"-84 000,00",Тинькофф,Общее,,,Выбытие — Перевод между счетами
Сентябрь,9,02.09.2024,"261,00",Тинькофф,Клиенты-физ.лица,[counterparty_db1aef506b],,Поступление денег с торг. точек
Сентябрь,9,02.09.2024,"-1,04",Тинькофф,Общее,[counterparty_831a0f4ab6],,Эквайринг
Сентябрь,9,02.09.2024,"10,00",Тинькофф,Клиенты-физ.лица,[counterparty_db1aef506b],,Поступление денег с торг. точек
Сентябрь,9,02.09.2024,"-0,04",Тинькофф,Общее,[counterparty_831a0f4ab6],,Эквайринг
Сентябрь,9,02.09.2024,"-18 000,00",Тинькофф,Общее,,,Выбытие — Перевод между счетами
Сентябрь,9,02.09.2024,"1 374,00",Тинькофф,Клиенты-физ.лица,[counterparty_db1aef506b],,Поступление денег с торг. точек
Сентябрь,9,02.09.2024,"-5,50",Тинькофф,Общее,[counterparty_831a0f4ab6],,Эквайринг
Сентябрь,9,02.09.2024,"630,00",Тинькофф,Клиенты-физ.лица,[counterparty_db1aef506b],,Поступление денег с торг. точек
Сентябрь,9,02.09.2024,"-2,52",Тинькофф,Общее,[counterparty_831a0f4ab6],,Эквайринг
Сентябрь,9,02.09.2024,"636,00",Тинькофф,Клиенты-физ.лица,[counterparty_db1aef506b],,Поступление денег с торг. точек
Сентябрь,9,02.09.2024,"-2,54",Тинькофф,Общее,[counterparty_831a0f4ab6],,Эквайринг
Сентябрь,9,02.09.2024,"-8,99",Тинькофф,Общее,[counterparty_d7a35ccc36],,Содержание торговых точек
Сентябрь,9,02.09.2024,"-2 021,82",Тинькофф,Общее,[counterparty_d7a35ccc36],,Оплата поставщикам 
Сентябрь,9,02.09.2024,"-929,97",Тинькофф,Общее,[counterparty_d7a35ccc36],,Расходы на питание персонала
Сентябрь,9,03.09.2024,"210 894,55",Тинькофф,Клиенты-физ.лица,[counterparty_db1aef506b],,Поступление денег с торг. точек
Сентябрь,9,03.09.2024,"-3 163,79",Тинькофф,Общее,[counterparty_831a0f4ab6],,Эквайринг
Сентябрь,9,03.09.2024,"-57 578,00",Тинькофф,Общее,,,Выбытие — Перевод между счетами
Сентябрь,9,03.09.2024,"-4 207,00",Тинькофф,Общее,,,Выбытие — Перевод между счетами
Сентябрь,9,03.09.2024,"610,00",Тинькофф,Клиенты-физ.лица,[counterparty_db1aef506b],,Поступление денег с торг. точек
Сентябрь,9,03.09.2024,"-2,44",Тинькофф,Общее,[counterparty_831a0f4ab6],,Эквайринг
Сентябрь,9,03.09.2024,"-5 336,00",Тинькофф,Общее,[counterparty_682bbbb771],[private_text_25069d6dce],Налоги
Сентябрь,9,03.09.2024,"-1 000,00",Тинькофф,Общее,[counterparty_9147d41bbb],,Аренда торговых точек
Сентябрь,9,03.09.2024,"-3 421,13",Тинькофф,Общее,[counterparty_ecf3465a86],,Аренда торговых точек
Сентябрь,9,03.09.2024,"-4 000,00",Тинькофф,Общее,[counterparty_9147d41bbb],,Аренда торговых точек
Сентябрь,9,03.09.2024,"-2 640,00",Тинькофф,Общее,[counterparty_e3d41d1621],,Телекоммуникации
Сентябрь,9,03.09.2024,"-98 782,00",Тинькофф,Общее,[counterparty_cb93f56848],,Сайт и приложение
Сентябрь,9,03.09.2024,"-6 900,00",Тинькофф,Общее,[counterparty_ab325eb126],,Оплаты систем автоматизации
Сентябрь,9,03.09.2024,"-4 000,00",Тинькофф,Общее,[counterparty_ab325eb126],,Оплаты систем автоматизации
Сентябрь,9,03.09.2024,"-789,19",Тинькофф,Общее,[counterparty_ecf3465a86],,Аренда торговых точек
Сентябрь,9,03.09.2024,"-959,97",Тинькофф,Общее,[counterparty_d7a35ccc36],,Расходы на питание персонала
Сентябрь,9,03.09.2024,"-179,97",Тинькофф,Общее,[counterparty_d7a35ccc36],,Содержание торговых точек
Сентябрь,9,02.09.2024,"-4 000,00",Сейф,Общее,[counterparty_e08d6e58b9],,Аренда склада
Сентябрь,9,02.09.2024,"-1 883,00",Сейф,Общее,[counterparty_45d6b05c94],,Поиск и найм персонала
Сентябрь,9,02.09.2024,"49 000,00",Сейф,Общее,,,Поступление — Перевод между счетами
Сентябрь,9,02.09.2024,"-15 000,00",Сейф,Общее,[counterparty_552231dcd7],,Зарплата административного персонала
Сентябрь,9,02.09.2024,"-24 000,00",Сейф,Общее,[counterparty_552231dcd7],,Зарплата административного персонала
Сентябрь,9,03.09.2024,"-1 500,00",Сейф,Общее,[counterparty_335f3233c9],,Аренда торговых точек
Сентябрь,9,03.09.2024,"-175 087,00",Сейф,Общее,[counterparty_552231dcd7],,Зарплата производственного персонала
Сентябрь,9,03.09.2024,"10 000,00",Сейф,Общее,,,Поступление — Перевод между счетами
Сентябрь,9,03.09.2024,"111 744,00",Сейф,Корпоративные клиенты,[counterparty_d346fb5ae4],,Поступление денег с торг. точек
Сентябрь,9,03.09.2024,"61 785,00",Сейф,Общее,,,Поступление — Перевод между счетами
Сентябрь,9,02.09.2024,"-19 150,00",ТК Черникова,Общее,[counterparty_552231dcd7],,Курьерская служба -
Сентябрь,9,02.09.2024,"49 261,50",ТК Черникова,Клиенты-физ.лица,[counterparty_db1aef506b],,Поступление денег с торг. точек
Сентябрь,9,02.09.2024,"-1 875,00",ТК Черникова,Общее,[counterparty_d7a35ccc36],,Оплата поставщикам 
Сентябрь,9,03.09.2024,"18 759,50",ТК Черникова,Клиенты-физ.лица,[counterparty_db1aef506b],,Поступление денег с торг. точек
Сентябрь,9,03.09.2024,"-9 320,00",ТК Черникова,Общее,[counterparty_552231dcd7],,Курьерская служба -
Сентябрь,9,03.09.2024,"-10 000,00",ТК Черникова,Общее,,,Выбытие — Перевод между счетами
Сентябрь,9,02.09.2024,"-1 800,00",ТК Черникова,Общее,[counterparty_903a43fe3c],,Оплата поставщикам 
Сентябрь,9,04.09.2024,"-8 340,00",ТК Черникова,Общее,[counterparty_552231dcd7],,Курьерская служба -
Сентябрь,9,04.09.2024,"-3 467,00",ТК Черникова,Общее,[counterparty_d7a35ccc36],,Оплата поставщикам 
Сентябрь,9,04.09.2024,"-13 517,00",ТК Черникова,Общее,[counterparty_d7a35ccc36],,Оплата поставщикам 
Сентябрь,9,04.09.2024,"-189,00",ТК Черникова,Общее,[counterparty_d7a35ccc36],,Оплата поставщикам 
Сентябрь,9,04.09.2024,"8 286,00",ТК Черникова,Клиенты-физ.лица,[counterparty_db1aef506b],,Поступление денег с торг. точек
Сентябрь,9,05.09.2024,"-8 800,00",ТК Черникова,Общее,[counterparty_552231dcd7],,Курьерская служба -
Сентябрь,9,05.09.2024,"9 063,00",ТК Черникова,Клиенты-физ.лица,[counterparty_db1aef506b],,Поступление денег с торг. точек
Сентябрь,9,05.09.2024,"-9 556,00",ТК Черникова,Общее,[counterparty_5ea766e786],,Оплата поставщикам 
Сентябрь,9,04.09.2024,"15 050,14",Альфа,Клиенты-физ.лица,[counterparty_db1aef506b],,Поступление денег с торг. точек
Сентябрь,9,04.09.2024,"-21,99",Альфа,Общее,[counterparty_831a0f4ab6],,Эквайринг
Сентябрь,9,05.09.2024,"13 192,86",Альфа,Клиенты-физ.лица,[counterparty_db1aef506b],,Поступление денег с торг. точек
Сентябрь,9,05.09.2024,"-21,15",Альфа,Общее,[counterparty_831a0f4ab6],,Эквайринг
Сентябрь,9,04.09.2024,"74 778,40",Тинькофф,Клиенты-физ.лица,[counterparty_db1aef506b],,Поступление денег с торг. точек
Сентябрь,9,04.09.2024,"-1 121,78",Тинькофф,Общее,[counterparty_831a0f4ab6],,Эквайринг
Сентябрь,9,04.09.2024,"-60 000,00",Тинькофф,Общее,,,Выбытие — Перевод между счетами
Сентябрь,9,04.09.2024,"-198,24",Тинькофф,Общее,[counterparty_b2323408fa],,Оплата поставщикам 
Сентябрь,9,04.09.2024,"-4 655,20",Тинькофф,Общее,[counterparty_d7a35ccc36],,Оплата поставщикам 
Сентябрь,9,04.09.2024,"-12,99",Тинькофф,Общее,[counterparty_d7a35ccc36],,Содержание торговых точек
Сентябрь,9,04.09.2024,"-409,99",Тинькофф,Общее,[counterparty_d7a35ccc36],,Расходы на питание персонала
Сентябрь,9,05.09.2024,"70 722,90",Тинькофф,Клиенты-физ.лица,[counterparty_db1aef506b],,Поступление денег с торг. точек
Сентябрь,9,05.09.2024,"-1 060,99",Тинькофф,Общее,[counterparty_831a0f4ab6],,Эквайринг
Сентябрь,9,05.09.2024,"1 659,00",Тинькофф,Клиенты-физ.лица,[counterparty_db1aef506b],,Поступление денег с торг. точек
Сентябрь,9,05.09.2024,"-6,64",Тинькофф,Общее,[counterparty_831a0f4ab6],,Эквайринг
Сентябрь,9,05.09.2024,"2 099,00",Тинькофф,Клиенты-физ.лица,[counterparty_db1aef506b],,Поступление денег с торг. точек
Сентябрь,9,05.09.2024,"-8,40",Тинькофф,Общее,[counterparty_831a0f4ab6],,Эквайринг
Сентябрь,9,05.09.2024,"-861,53",Тинькофф,Общее,[counterparty_d7a35ccc36],,Оплата поставщикам 
Сентябрь,9,05.09.2024,"-8,99",Тинькофф,Общее,[counterparty_d7a35ccc36],,Содержание торговых точек
Сентябрь,9,05.09.2024,"-604,43",Тинькофф,Общее,[counterparty_d7a35ccc36],,Расходы на питание персонала
Сентябрь,9,02.09.2024,"84 000,00",Сбербанк,Общее,,,Поступление — Перевод между счетами
Сентябрь,9,02.09.2024,"18 000,00",Сбербанк,Общее,,,Поступление — Перевод между счетами
Сентябрь,9,02.09.2024,"-49 000,00",Сбербанк,Общее,,,Выбытие — Перевод между счетами
Сентябрь,9,02.09.2024,"-35 000,00",Сбербанк,Общее,[counterparty_552231dcd7],[private_text_1cf543fe04],Зарплата административного персонала
Сентябрь,9,02.09.2024,"-17 749,75",Сбербанк,Общее,[counterparty_831a0f4ab6],,Оплаты по кредитам и займам
Сентябрь,9,02.09.2024,"-709,25",Сбербанк,Общее,[counterparty_831a0f4ab6],,Оплаты по кредитам и займам
Сентябрь,9,03.09.2024,"-61 785,00",Сбербанк,Общее,,,Выбытие — Перевод между счетами
Сентябрь,9,03.09.2024,"4 207,00",Сбербанк,Общее,,,Поступление — Перевод между счетами
Сентябрь,9,03.09.2024,"57 578,00",Сбербанк,Общее,,,Поступление — Перевод между счетами
Сентябрь,9,04.09.2024,"60 000,00",Сбербанк,Общее,,,Поступление — Перевод между счетами
Сентябрь,9,04.09.2024,"-20 000,00",Сбербанк,Общее,[counterparty_41bef12399],,Зарплата административного персонала
Сентябрь,9,04.09.2024,"-40 000,00",Сбербанк,Общее,[counterparty_7e3a73c9be],,Зарплата административного персонала
Сентябрь,9,06.09.2024,"8 764,47",Сейф,Общее,,[private_text_8ed5a7566c],Прочие поступления
Сентябрь,9,06.09.2024,"-1 390,00",Сейф,Общее,[counterparty_db1aef506b],,Возвраты клиентам
Сентябрь,9,06.09.2024,"-1 813,00",Сейф,Общее,[counterparty_45d6b05c94],,Поиск и найм персонала
Сентябрь,9,09.09.2024,"-4 783,68",Сейф,Общее,[counterparty_07485de87e],,Оплата поставщикам 
Сентябрь,9,09.09.2024,"-4 212,00",Сейф,Общее,[counterparty_07485de87e],,Оплата поставщикам 
Сентябрь,9,06.09.2024,"-4 742,00",ТК Черникова,Общее,[counterparty_d7a35ccc36],,Оплата поставщикам 
Сентябрь,9,06.09.2024,"-186,00",ТК Черникова,Общее,[counterparty_d7a35ccc36],,Расходы на питание персонала
Сентябрь,9,06.09.2024,"-11 560,00",ТК Черникова,Общее,[counterparty_552231dcd7],,Курьерская служба -
Сентябрь,9,06.09.2024,"28 727,00",ТК Черникова,Клиенты-физ.лица,[counterparty_db1aef506b],,Поступление денег с торг. точек
Сентябрь,9,07.09.2024,"23 609,00",ТК Черникова,Клиенты-физ.лица,[counterparty_db1aef506b],,Поступление денег с торг. точек
Сентябрь,9,07.09.2024,"-11 180,00",ТК Черникова,Общее,[counterparty_552231dcd7],,Курьерская служба -
Сентябрь,9,08.09.2024,"-2 748,00",ТК Черникова,Общее,[counterparty_d7a35ccc36],,Оплата поставщикам 
Сентябрь,9,08.09.2024,"-10 560,00",ТК Черникова,Общее,[counterparty_552231dcd7],,Курьерская служба -
Сентябрь,9,08.09.2024,"30 376,35",ТК Черникова,Клиенты-физ.лица,[counterparty_db1aef506b],,Поступление денег с торг. точек
Сентябрь,9,06.09.2024,"18 098,94",Альфа,Клиенты-физ.лица,[counterparty_db1aef506b],,Поступление денег с торг. точек
Сентябрь,9,06.09.2024,"-39,28",Альфа,Общее,[counterparty_831a0f4ab6],,Эквайринг
Сентябрь,9,07.09.2024,"23 356,07",Альфа,Клиенты-физ.лица,[counterparty_db1aef506b],,Поступление денег с торг. точек
Сентябрь,9,07.09.2024,"-33,82",Альфа,Общее,[counterparty_831a0f4ab6],,Эквайринг
Сентябрь,9,08.09.2024,"14 844,65",Альфа,Клиенты-физ.лица,[counterparty_db1aef506b],,Поступление денег с торг. точек
Сентябрь,9,08.09.2024,"-8,55",Альфа,Общее,[counterparty_831a0f4ab6],,Эквайринг
Сентябрь,9,06.09.2024,"86 867,40",Тинькофф,Клиенты-физ.лица,[counterparty_db1aef506b],,Поступление денег с торг. точек
Сентябрь,9,06.09.2024,"-1 303,19",Тинькофф,Общее,[counterparty_831a0f4ab6],,Эквайринг
Сентябрь,9,06.09.2024,"-7 524,00",Тинькофф,Общее,[counterparty_3f0fc87298],[private_text_a520552858],Расходы на персонал
Сентябрь,9,06.09.2024,"798,00",Тинькофф,Клиенты-физ.лица,[counterparty_db1aef506b],,Поступление денег с торг. точек
Сентябрь,9,06.09.2024,"-32 722,84",Тинькофф,Общее,[counterparty_19f4d4c15b],,Оплата поставщикам 
Сентябрь,9,06.09.2024,"-114 125,10",Тинькофф,Общее,[counterparty_dc430ed78e],,Оплата поставщикам 
Сентябрь,9,06.09.2024,"-67 912,88",Тинькофф,Общее,[counterparty_c4e92b27e2],,Оплата поставщикам 
Сентябрь,9,06.09.2024,"-52 798,00",Тинькофф,Общее,[counterparty_e08d6e58b9],,Аренда торговых точек
Сентябрь,9,06.09.2024,"-38 012,24",Тинькофф,Общее,[counterparty_bb8cb2d348],,Оплата поставщикам 
Сентябрь,9,06.09.2024,"-138 564,85",Тинькофф,Общее,[counterparty_fb5384e8b9],,Оплата поставщикам 
Сентябрь,9,06.09.2024,"-13 237,18",Тинькофф,Общее,[counterparty_fb5384e8b9],,Оплата поставщикам 
Сентябрь,9,06.09.2024,"-3 244,00",Тинькофф,Общее,[counterparty_6d6a37d791],,Оплата поставщикам 
Сентябрь,9,06.09.2024,"-38 386,16",Тинькофф,Общее,[counterparty_8e70032df8],,Оплата поставщикам 
Сентябрь,9,06.09.2024,"-3,19",Тинькофф,Общее,[counterparty_831a0f4ab6],,Эквайринг
Сентябрь,9,06.09.2024,"-8,99",Тинькофф,Общее,[counterparty_d7a35ccc36],,Содержание торговых точек
Сентябрь,9,06.09.2024,"-7 680,43",Тинькофф,Общее,[counterparty_d7a35ccc36],,Оплата поставщикам 
Сентябрь,9,06.09.2024,"-62,10",Тинькофф,Общее,[counterparty_b2323408fa],,Оплата поставщикам 
Сентябрь,9,07.09.2024,"86 955,50",Тинькофф,Клиенты-физ.лица,[counterparty_db1aef506b],,Поступление денег с торг. точек
Сентябрь,9,07.09.2024,"-1 304,51",Тинькофф,Общее,[counterparty_831a0f4ab6],,Эквайринг
Сентябрь,9,07.09.2024,"1 230,00",Тинькофф,Клиенты-физ.лица,[counterparty_db1aef506b],,Поступление денег с торг. точек
Сентябрь,9,07.09.2024,"-4,92",Тинькофф,Общее,[counterparty_831a0f4ab6],,Эквайринг
Сентябрь,9,07.09.2024,"-1 304,35",Тинькофф,Общее,[counterparty_d7a35ccc36],,Расходы на питание персонала
Сентябрь,9,07.09.2024,"-8,99",Тинькофф,Общее,[counterparty_d7a35ccc36],,Содержание торговых точек
Сентябрь,9,07.09.2024,"-54,70",Тинькофф,Общее,[counterparty_d7a35ccc36],,Оплата поставщикам 
Сентябрь,9,08.09.2024,"99 799,00",Тинькофф,Клиенты-физ.лица,[counterparty_db1aef506b],,Поступление денег с торг. точек
Сентябрь,9,08.09.2024,"-1 497,17",Тинькофф,Общее,[counterparty_831a0f4ab6],,Эквайринг
Сентябрь,9,08.09.2024,"620,00",Тинькофф,Клиенты-физ.лица,[counterparty_db1aef506b],,Поступление денег с торг. точек
Сентябрь,9,08.09.2024,"-2,48",Тинькофф,Общее,[counterparty_831a0f4ab6],,Эквайринг
Сентябрь,9,08.09.2024,"-1 069,96",Тинькофф,Общее,[counterparty_d7a35ccc36],,Расходы на питание персонала
Сентябрь,9,08.09.2024,"-2 264,98",Тинькофф,Общее,[counterparty_d7a35ccc36],,Оплата поставщикам 
Сентябрь,9,08.09.2024,"-703,94",Тинькофф,Общее,[counterparty_d7a35ccc36],,Содержание торговых точек
Сентябрь,9,09.09.2024,"16 039,77",Альфа,Клиенты-физ.лица,[counterparty_db1aef506b],,Поступление денег с торг. точек
Сентябрь,9,09.09.2024,"-22,78",Альфа,Общее,[counterparty_831a0f4ab6],,Эквайринг
Сентябрь,9,10.09.2024,"9 549,31",Альфа,Клиенты-физ.лица,[counterparty_db1aef506b],,Поступление денег с торг. точек
Сентябрь,9,10.09.2024,"-299,00",Альфа,Общее,[counterparty_831a0f4ab6],,РКО
Сентябрь,9,10.09.2024,"-16,42",Альфа,Общее,[counterparty_831a0f4ab6],,Эквайринг
Сентябрь,9,10.09.2024,"101 383,00",Сейф,Общее,,,Поступление — Перевод между счетами
Сентябрь,9,10.09.2024,"-145 908,00",Сейф,Общее,[counterparty_552231dcd7],,Зарплата производственного персонала
Сентябрь,9,10.09.2024,"-2 097,00",Сейф,Общее,[counterparty_552231dcd7],,Зарплата производственного персонала
Сентябрь,9,09.09.2024,"38 900,00",Сейф,Общее,,,Поступление — Перевод между счетами
Сентябрь,9,09.09.2024,"-38 900,00",ТК Черникова,Общее,,,Выбытие — Перевод между счетами
Сентябрь,9,09.09.2024,"-1 000,00",ТК Черникова,Общее,[counterparty_552231dcd7],[private_text_b589ae3cf0],Содержание торговых точек
Сентябрь,9,09.09.2024,"-6 970,00",ТК Черникова,Общее,[counterparty_552231dcd7],,Курьерская служба -
Сентябрь,9,09.09.2024,"9 208,00",ТК Черникова,Клиенты-физ.лица,[counterparty_db1aef506b],,Поступление денег с торг. точек
Сентябрь,9,10.09.2024,"-10 530,00",ТК Черникова,Общее,[counterparty_552231dcd7],,Курьерская служба -
Сентябрь,9,10.09.2024,"20 420,00",ТК Черникова,Клиенты-физ.лица,[counterparty_db1aef506b],,Поступление денег с торг. точек
Сентябрь,9,10.09.2024,"-2 400,00",ТК Черникова,Общее,[counterparty_3f0fc87298],[private_text_3602a7b62a],Содержание торговых точек
Сентябрь,9,10.09.2024,"-3 714,00",ТК Черникова,Общее,[counterparty_d7a35ccc36],,Оплата поставщикам 
Сентябрь,9,10.09.2024,"-245,00",ТК Черникова,Общее,[counterparty_d7a35ccc36],,Расходы на питание персонала
Сентябрь,9,09.09.2024,"77 355,20",Тинькофф,Клиенты-физ.лица,[counterparty_db1aef506b],,Поступление денег с торг. точек
Сентябрь,9,09.09.2024,"-1 160,48",Тинькофф,Общее,[counterparty_831a0f4ab6],,Эквайринг
Сентябрь,9,09.09.2024,"-5 000,00",Тинькофф,Общее,[counterparty_50d958815d],,Телекоммуникации
Сентябрь,9,09.09.2024,"-6,99",Тинькофф,Общее,[counterparty_d7a35ccc36],,Содержание торговых точек
Сентябрь,9,09.09.2024,"-684,93",Тинькофф,Общее,[counterparty_d7a35ccc36],,Расходы на питание персонала
Сентябрь,9,09.09.2024,"-41,99",Тинькофф,Общее,[counterparty_d7a35ccc36],,Оплата поставщикам 
Сентябрь,9,10.09.2024,"57 048,85",Тинькофф,Клиенты-физ.лица,[counterparty_db1aef506b],,Поступление денег с торг. точек
Сентябрь,9,10.09.2024,"-855,84",Тинькофф,Общее,[counterparty_831a0f4ab6],,Эквайринг
Сентябрь,9,10.09.2024,"-101 383,00",Тинькофф,Общее,,,Выбытие — Перевод между счетами
Сентябрь,9,10.09.2024,"-457,98",Тинькофф,Общее,[counterparty_d7a35ccc36],,Содержание торговых точек
Сентябрь,9,10.09.2024,"-1 029,91",Тинькофф,Общее,[counterparty_d7a35ccc36],,Оплата поставщикам 
Сентябрь,9,10.09.2024,"-832,60",Тинькофф,Общее,[counterparty_d7a35ccc36],,Расходы на питание персонала
Сентябрь,9,10.09.2024,"101 383,00",Сбербанк,Общее,,,Поступление — Перевод между счетами
Сентябрь,9,10.09.2024,"-101 383,00",Сбербанк,Общее,,,Выбытие — Перевод между счетами
Сентябрь,9,11.09.2024,"81 326,60",Тинькофф,Клиенты-физ.лица,[counterparty_db1aef506b],,Поступление денег с торг. точек
Сентябрь,9,11.09.2024,"-1 220,04",Тинькофф,Общее,[counterparty_831a0f4ab6],,Эквайринг
Сентябрь,9,11.09.2024,"-102 000,00",Тинькофф,Общее,,,Выбытие — Перевод между счетами
Сентябрь,9,11.09.2024,"-997,24",Тинькофф,Общее,[counterparty_d7a35ccc36],,Расходы на питание персонала
Сентябрь,9,11.09.2024,"369,00",Тинькофф,Клиенты-физ.лица,[counterparty_db1aef506b],,Поступление денег с торг. точек
Сентябрь,9,11.09.2024,"-1,48",Тинькофф,Общее,[counterparty_831a0f4ab6],,Эквайринг
Сентябрь,9,11.09.2024,"-668,00",Тинькофф,Общее,[counterparty_d7a35ccc36],[private_text_dbb46051a7],Содержание торговых точек
Сентябрь,9,11.09.2024,"-2 786,00",Тинькофф,Общее,[counterparty_d7a35ccc36],[private_text_1d97deefbb],Содержание торговых точек
Сентябрь,9,11.09.2024,"20 179,23",Альфа,Клиенты-физ.лица,[counterparty_db1aef506b],,Поступление денег с торг. точек
Сентябрь,9,11.09.2024,"-16,57",Альфа,Общее,[counterparty_831a0f4ab6],,Эквайринг
Сентябрь,9,11.09.2024,"-1 800,00",ТК Черникова,Общее,[counterparty_903a43fe3c],,Оплата поставщикам 
Сентябрь,9,11.09.2024,"-2 000,00",ТК Черникова,Общее,[counterparty_3f0fc87298],[private_text_aa960dc3be],Содержание торговых точек
Сентябрь,9,11.09.2024,"-8 000,00",ТК Черникова,Общее,[counterparty_552231dcd7],,Курьерская служба -
Сентябрь,9,11.09.2024,"12 678,50",ТК Черникова,Клиенты-физ.лица,[counterparty_db1aef506b],,Поступление денег с торг. точек
Сентябрь,9,12.09.2024,"-109,85",ТК Черникова,Общее,,,Корретировки кассы -
Сентябрь,9,12.09.2024,"-11 360,00",ТК Черникова,Общее,[counterparty_552231dcd7],,Курьерская служба -
Сентябрь,9,12.09.2024,"20 752,70",ТК Черникова,Клиенты-физ.лица,[counterparty_db1aef506b],,Поступление денег с торг. точек
Сентябрь,9,12.09.2024,"-5 036,00",ТК Черникова,Общее,[counterparty_d7a35ccc36],,Оплата поставщикам 
Сентябрь,9,13.09.2024,"-13 600,00",ТК Черникова,Общее,[counterparty_552231dcd7],,Курьерская служба -
Сентябрь,9,13.09.2024,"30 140,00",ТК Черникова,Клиенты-физ.лица,[counterparty_db1aef506b],,Поступление денег с торг. точек
Сентябрь,9,14.09.2024,"-6 500,00",ТК Черникова,Общее,[counterparty_552231dcd7],,Содержание торговых точек
Сентябрь,9,14.09.2024,"-4 920,00",ТК Черникова,Общее,[counterparty_d7a35ccc36],,Оплата поставщикам 
Сентябрь,9,14.09.2024,"-249,00",ТК Черникова,Общее,[counterparty_d7a35ccc36],,Расходы на питание персонала
Сентябрь,9,14.09.2024,"-13 040,00",ТК Черникова,Общее,[counterparty_552231dcd7],,Курьерская служба -
Сентябрь,9,14.09.2024,"29 224,30",ТК Черникова,Клиенты-физ.лица,[counterparty_db1aef506b],,Поступление денег с торг. точек
Сентябрь,9,15.09.2024,"-1 800,00",ТК Черникова,Общее,[counterparty_903a43fe3c],,Оплата поставщикам 
Сентябрь,9,15.09.2024,"-10 840,00",ТК Черникова,Общее,[counterparty_552231dcd7],,Курьерская служба -
Сентябрь,9,15.09.2024,"20 871,00",ТК Черникова,Клиенты-физ.лица,[counterparty_db1aef506b],,Поступление денег с торг. точек
Сентябрь,9,12.09.2024,"-1 000,00",Сейф,Общее,[counterparty_45d6b05c94],,Поиск и найм персонала
Сентябрь,9,13.09.2024,"-198,00",Сейф,Общее,[counterparty_831a0f4ab6],,РКО
Сентябрь,9,12.09.2024,"20 828,02",Альфа,Клиенты-физ.лица,[counterparty_db1aef506b],,Поступление денег с торг. точек
Сентябрь,9,12.09.2024,"-17,13",Альфа,Общее,[counterparty_831a0f4ab6],,Эквайринг
Сентябрь,9,13.09.2024,"19 168,00",Альфа,Клиенты-физ.лица,[counterparty_db1aef506b],,Поступление денег с торг. точек
Сентябрь,9,13.09.2024,"-37,21",Альфа,Общее,[counterparty_831a0f4ab6],,Эквайринг
Сентябрь,9,14.09.2024,"31 511,78",Альфа,Клиенты-физ.лица,[counterparty_db1aef506b],,Поступление денег с торг. точек
Сентябрь,9,14.09.2024,"-18,05",Альфа,Общее,[counterparty_831a0f4ab6],,Эквайринг
Сентябрь,9,15.09.2024,"18 596,96",Альфа,Клиенты-физ.лица,[counterparty_db1aef506b],,Поступление денег с торг. точек
Сентябрь,9,15.09.2024,"-6,55",Альфа,Общее,[counterparty_831a0f4ab6],,Эквайринг
Сентябрь,9,12.09.2024,"60 844,70",Тинькофф,Клиенты-физ.лица,[counterparty_db1aef506b],,Поступление денег с торг. точек
Сентябрь,9,12.09.2024,"-912,78",Тинькофф,Общее,[counterparty_831a0f4ab6],,Эквайринг
Сентябрь,9,12.09.2024,"-2 841,71",Тинькофф,Общее,[counterparty_d7a35ccc36],,Оплата поставщикам 
Сентябрь,9,12.09.2024,"-1 173,48",Тинькофф,Общее,[counterparty_d7a35ccc36],,Расходы на питание персонала
Сентябрь,9,13.09.2024,"92 677,70",Тинькофф,Клиенты-физ.лица,[counterparty_db1aef506b],,Поступление денег с торг. точек
Сентябрь,9,13.09.2024,"-1 390,34",Тинькофф,Общее,[counterparty_831a0f4ab6],,Эквайринг
Сентябрь,9,13.09.2024,"-8,99",Тинькофф,Общее,[counterparty_d7a35ccc36],,Содержание торговых точек
Сентябрь,9,13.09.2024,"-649,94",Тинькофф,Общее,[counterparty_d7a35ccc36],,Расходы на питание персонала
Сентябрь,9,14.09.2024,"117 142,75",Тинькофф,Клиенты-физ.лица,[counterparty_db1aef506b],,Поступление денег с торг. точек
Сентябрь,9,14.09.2024,"-1 757,33",Тинькофф,Общее,[counterparty_831a0f4ab6],,Эквайринг
Сентябрь,9,14.09.2024,"-158 288,00",Тинькофф,Общее,[counterparty_dc430ed78e],,Оплата поставщикам 
Сентябрь,9,14.09.2024,"-6 031,00",Тинькофф,Общее,[counterparty_b2323408fa],,Оплата поставщикам 
Сентябрь,9,14.09.2024,"-29 947,14",Тинькофф,Общее,[counterparty_8e70032df8],,Оплата поставщикам 
Сентябрь,9,14.09.2024,"-4 388,85",Тинькофф,Общее,[counterparty_fb5384e8b9],,Оплата поставщикам 
Сентябрь,9,14.09.2024,"1 502,00",Тинькофф,Клиенты-физ.лица,[counterparty_db1aef506b],,Поступление денег с торг. точек
Сентябрь,9,14.09.2024,"-6,01",Тинькофф,Общее,[counterparty_831a0f4ab6],,Эквайринг
Сентябрь,9,14.09.2024,"1 548,00",Тинькофф,Клиенты-физ.лица,[counterparty_db1aef506b],,Поступление денег с торг. точек
Сентябрь,9,14.09.2024,"-6,19",Тинькофф,Общее,[counterparty_831a0f4ab6],,Эквайринг
Сентябрь,9,14.09.2024,"-257,22",Тинькофф,Общее,[counterparty_d7a35ccc36],,Содержание торговых точек
Сентябрь,9,14.09.2024,"-5 512,95",Тинькофф,Общее,[counterparty_d7a35ccc36],,Оплата поставщикам 
Сентябрь,9,14.09.2024,"-4 923,79",Тинькофф,Общее,[counterparty_d7a35ccc36],,Расходы на питание персонала
Сентябрь,9,14.09.2024,"-1 556,00",Тинькофф,Общее,[counterparty_b2323408fa],,Оплата поставщикам 
Сентябрь,9,15.09.2024,"-59 262,99",Тинькофф,Общее,[counterparty_19f4d4c15b],,Оплата поставщикам 
Сентябрь,9,15.09.2024,"-28 650,41",Тинькофф,Общее,[counterparty_bb8cb2d348],,Оплата поставщикам 
Сентябрь,9,15.09.2024,"-76 201,07",Тинькофф,Общее,[counterparty_fb5384e8b9],,Оплата поставщикам 
Сентябрь,9,15.09.2024,"-25 127,76",Тинькофф,Общее,[counterparty_c4e92b27e2],,Оплата поставщикам 
Сентябрь,9,15.09.2024,"138 248,20",Тинькофф,Клиенты-физ.лица,[counterparty_db1aef506b],,Поступление денег с торг. точек
Сентябрь,9,15.09.2024,"-2 073,95",Тинькофф,Общее,[counterparty_831a0f4ab6],,Эквайринг
Сентябрь,9,15.09.2024,"399,00",Тинькофф,Клиенты-физ.лица,[counterparty_db1aef506b],,Поступление денег с торг. точек
Сентябрь,9,15.09.2024,"-1,60",Тинькофф,Общее,[counterparty_831a0f4ab6],,Эквайринг
Сентябрь,9,15.09.2024,"629,00",Тинькофф,Клиенты-физ.лица,[counterparty_db1aef506b],,Поступление денег с торг. точек
Сентябрь,9,15.09.2024,"-2,52",Тинькофф,Общее,[counterparty_831a0f4ab6],,Эквайринг
Сентябрь,9,15.09.2024,"-408,95",Тинькофф,Общее,[counterparty_d7a35ccc36],,Содержание торговых точек
Сентябрь,9,15.09.2024,"-877,45",Тинькофф,Общее,[counterparty_d7a35ccc36],,Расходы на питание персонала
Сентябрь,9,16.09.2024,"90 000,00",Сейф,Общее,,,Поступление — Перевод между счетами
Сентябрь,9,16.09.2024,"-30 000,00",Сейф,Общее,[counterparty_552231dcd7],,Зарплата административного персонала
Сентябрь,9,16.09.2024,"-30 000,00",Сейф,Общее,[counterparty_552231dcd7],,Зарплата административного персонала
Сентябрь,9,16.09.2024,"-15 000,00",Сейф,Общее,[counterparty_552231dcd7],,Зарплата административного персонала
Сентябрь,9,16.09.2024,"-15 000,00",Сейф,Общее,[counterparty_552231dcd7],,Содержание торговых точек
Сентябрь,9,16.09.2024,"36 508,00",Сейф,Общее,,,Поступление — Перевод между счетами
Сентябрь,9,17.09.2024,"121 720,00",Сейф,Общее,,,Поступление — Перевод между счетами
Сентябрь,9,17.09.2024,"-157 106,00",Сейф,Общее,[counterparty_552231dcd7],,Зарплата производственного персонала
Сентябрь,9,17.09.2024,"1 200,00",Сейф,Общее,[counterparty_3f0fc87298],[private_text_8b3c965ad0],Прочие поступления
Сентябрь,9,15.09.2024,"-1 679,86",Тинькофф,Общее,[counterparty_d7a35ccc36],,Оплата поставщикам 
Сентябрь,9,16.09.2024,"25 209,29",Альфа,Клиенты-физ.лица,[counterparty_db1aef506b],,Поступление денег с торг. точек
Сентябрь,9,16.09.2024,"-42,32",Альфа,Общее,[counterparty_831a0f4ab6],,Эквайринг
Сентябрь,9,17.09.2024,"10 737,23",Альфа,Клиенты-физ.лица,[counterparty_db1aef506b],,Поступление денег с торг. точек
Сентябрь,9,17.09.2024,"-5,19",Альфа,Общее,[counterparty_831a0f4ab6],,Эквайринг
Сентябрь,9,11.09.2024,"-250,25",Сбербанк,Общее,[counterparty_831a0f4ab6],,РКО
Сентябрь,9,11.09.2024,"102 000,00",Сбербанк,Общее,,,Поступление — Перевод между счетами
Сентябрь,9,11.09.2024,"-33 500,00",Сбербанк,Общее,[counterparty_41bef12399],,Дивиденды
Сентябрь,9,11.09.2024,"-20 000,00",Сбербанк,Общее,[counterparty_7e3a73c9be],,Зарплата административного персонала
Сентябрь,9,11.09.2024,"-15 000,00",Сбербанк,Общее,[counterparty_3f0fc87298],[private_text_b8b17b2bea],Прочие маркетинговые услуги
Сентябрь,9,11.09.2024,"-33 500,00",Сбербанк,Общее,[counterparty_7e3a73c9be],,Дивиденды
Сентябрь,9,16.09.2024,"-229,75",Сбербанк,Общее,[counterparty_831a0f4ab6],,РКО
Сентябрь,9,16.09.2024,"-145 000,00",Сбербанк,Общее,[counterparty_831a0f4ab6],,Оплаты по кредитам и займам
Сентябрь,9,16.09.2024,"-90 000,00",Сбербанк,Общее,,,Выбытие — Перевод между счетами
Сентябрь,9,16.09.2024,"90 000,00",Сбербанк,Общее,,,Поступление — Перевод между счетами
Сентябрь,9,16.09.2024,"150 000,00",Сбербанк,Общее,,,Поступление — Перевод между счетами
Сентябрь,9,17.09.2024,"121 720,00",Сбербанк,Общее,,,Поступление — Перевод между счетами
Сентябрь,9,17.09.2024,"-121 720,00",Сбербанк,Общее,,,Выбытие — Перевод между счетами
Сентябрь,9,16.09.2024,"94 109,40",Тинькофф,Клиенты-физ.лица,[counterparty_db1aef506b],,Поступление денег с торг. точек
Сентябрь,9,16.09.2024,"-1 411,83",Тинькофф,Общее,[counterparty_831a0f4ab6],,Эквайринг
Сентябрь,9,16.09.2024,"-150 000,00",Тинькофф,Общее,,,Выбытие — Перевод между счетами
Сентябрь,9,16.09.2024,"1 176,00",Тинькофф,Клиенты-физ.лица,[counterparty_db1aef506b],,Поступление денег с торг. точек
Сентябрь,9,16.09.2024,"113,00",Тинькофф,Клиенты-физ.лица,[counterparty_db1aef506b],,Поступление денег с торг. точек
Сентябрь,9,16.09.2024,"-0,45",Тинькофф,Общее,[counterparty_831a0f4ab6],,Эквайринг
Сентябрь,9,16.09.2024,"-90 000,00",Тинькофф,Общее,,,Выбытие — Перевод между счетами
Сентябрь,9,16.09.2024,"-3 337,54",Тинькофф,Общее,[counterparty_d7a35ccc36],,Оплата поставщикам 
Сентябрь,9,16.09.2024,"-632,00",Тинькофф,Общее,[counterparty_d7a35ccc36],,Содержание торговых точек
Сентябрь,9,16.09.2024,"-2 039,64",Тинькофф,Общее,[counterparty_d7a35ccc36],,Расходы на питание персонала
Сентябрь,9,16.09.2024,"-62,10",Тинькофф,Общее,[counterparty_b2323408fa],,Оплата поставщикам 
Сентябрь,9,17.09.2024,"91 717,00",Тинькофф,Клиенты-физ.лица,[counterparty_db1aef506b],,Поступление денег с торг. точек
Сентябрь,9,17.09.2024,"-1 375,86",Тинькофф,Общее,[counterparty_831a0f4ab6],,Эквайринг
Сентябрь,9,17.09.2024,"-121 720,00",Тинькофф,Общее,,,Выбытие — Перевод между счетами
Сентябрь,9,17.09.2024,"-12 885,00",Тинькофф,Общее,[counterparty_449fa47f79],,Оплаты систем автоматизации
Сентябрь,9,17.09.2024,"-11 369,00",Тинькофф,Общее,[counterparty_d7a35ccc36],[private_text_07df844b9a],Содержание торговых точек
Сентябрь,9,17.09.2024,"-13 167,00",Тинькофф,Общее,,,Выбытие — Перевод между счетами
Сентябрь,9,17.09.2024,"-450,00",Тинькофф,Общее,[counterparty_d7a35ccc36],,Содержание торговых точек
Сентябрь,9,17.09.2024,"-320,00",Тинькофф,Общее,[counterparty_d7a35ccc36],,Оплата поставщикам 
Сентябрь,9,16.09.2024,"-36 508,00",ТК Черникова,Общее,,,Выбытие — Перевод между счетами
Сентябрь,9,16.09.2024,"-3 367,00",ТК Черникова,Общее,[counterparty_d7a35ccc36],,Оплата поставщикам 
Сентябрь,9,16.09.2024,"-9 070,00",ТК Черникова,Общее,[counterparty_552231dcd7],,Курьерская служба -
Сентябрь,9,16.09.2024,"15 745,00",ТК Черникова,Клиенты-физ.лица,[counterparty_db1aef506b],,Поступление денег с торг. точек
Сентябрь,9,17.09.2024,"-7 520,00",ТК Черникова,Общее,[counterparty_552231dcd7],,Курьерская служба -
Сентябрь,9,17.09.2024,"11 998,20",ТК Черникова,Клиенты-физ.лица,[counterparty_db1aef506b],,Поступление денег с торг. точек
Сентябрь,9,17.09.2024,"-1 800,00",ТК Черникова,Общее,[counterparty_903a43fe3c],,Оплата поставщикам 
Сентябрь,9,17.09.2024,"-1 000,00",ТК Черникова,Общее,[counterparty_3f0fc87298],[private_text_43b8c2f5ed],Содержание торговых точек
Сентябрь,9,17.09.2024,"13 167,00",Сейф,Общее,,,Поступление — Перевод между счетами
Сентябрь,9,18.09.2024,"-13 167,00",Сейф,Общее,[counterparty_e08d6e58b9],,Аренда торговых точек
Сентябрь,9,18.09.2024,"-4 606,00",ТК Черникова,Общее,[counterparty_d7a35ccc36],,Оплата поставщикам 
Сентябрь,9,18.09.2024,"-227,00",ТК Черникова,Общее,[counterparty_d7a35ccc36],,Расходы на питание персонала
Сентябрь,9,18.09.2024,"-7 990,00",ТК Черникова,Общее,[counterparty_552231dcd7],,Курьерская служба -
Сентябрь,9,18.09.2024,"15 144,80",ТК Черникова,Клиенты-физ.лица,[counterparty_db1aef506b],,Поступление денег с торг. точек
Сентябрь,9,18.09.2024,"7 867,84",Альфа,Клиенты-физ.лица,[counterparty_db1aef506b],,Поступление денег с торг. точек
Сентябрь,9,18.09.2024,"-20,95",Альфа,Общее,[counterparty_831a0f4ab6],,Эквайринг
Сентябрь,9,18.09.2024,"73 540,00",Тинькофф,Клиенты-физ.лица,[counterparty_db1aef506b],,Поступление денег с торг. точек
Сентябрь,9,18.09.2024,"-1 103,26",Тинькофф,Общее,[counterparty_831a0f4ab6],,Эквайринг
Сентябрь,9,18.09.2024,"-5 000,00",Тинькофф,Общее,[counterparty_50d958815d],,Телекоммуникации
Сентябрь,9,18.09.2024,"290,00",Тинькофф,Клиенты-физ.лица,[counterparty_db1aef506b],,Поступление денег с торг. точек
Сентябрь,9,18.09.2024,"-1,16",Тинькофф,Общее,[counterparty_831a0f4ab6],,Эквайринг
Сентябрь,9,18.09.2024,"915,00",Тинькофф,Клиенты-физ.лица,[counterparty_db1aef506b],,Поступление денег с торг. точек
Сентябрь,9,18.09.2024,"-3,66",Тинькофф,Общее,[counterparty_831a0f4ab6],,Эквайринг
Сентябрь,9,18.09.2024,"1 741,00",Тинькофф,Клиенты-физ.лица,[counterparty_db1aef506b],,Поступление денег с торг. точек
Сентябрь,9,18.09.2024,"-6,96",Тинькофф,Общее,[counterparty_831a0f4ab6],,Эквайринг
Сентябрь,9,18.09.2024,"-7 317,72",Тинькофф,Общее,[counterparty_d7a35ccc36],,Оплата поставщикам 
Сентябрь,9,18.09.2024,"-21,98",Тинькофф,Общее,[counterparty_d7a35ccc36],,Содержание торговых точек
Сентябрь,9,18.09.2024,"-95,00",Тинькофф,Общее,[counterparty_d7a35ccc36],[private_text_0611a1b7ac],Содержание офиса
Сентябрь,9,18.09.2024,"-3 001,97",Тинькофф,Общее,[counterparty_d7a35ccc36],,Расходы на питание персонала
Сентябрь,9,19.09.2024,"6 326,30",Альфа,Клиенты-физ.лица,[counterparty_db1aef506b],,Поступление денег с торг. точек
Сентябрь,9,19.09.2024,"-2,94",Альфа,Общее,[counterparty_831a0f4ab6],,Эквайринг
Сентябрь,9,19.09.2024,"-1 883,00",Сейф,Общее,[counterparty_45d6b05c94],,Поиск и найм персонала
Сентябрь,9,20.09.2024,"-1 800,00",Сейф,Общее,[counterparty_416f60a5fd],[private_text_44e3907380],Печатные материалы
Сентябрь,9,20.09.2024,"-5 600,00",Сейф,Общее,[counterparty_416f60a5fd],[private_text_5880b6af84],Расходы на персонал
Сентябрь,9,19.09.2024,"-8 270,00",ТК Черникова,Общее,[counterparty_552231dcd7],,Курьерская служба -
Сентябрь,9,19.09.2024,"18 695,00",ТК Черникова,Клиенты-физ.лица,[counterparty_db1aef506b],,Поступление денег с торг. точек
Сентябрь,9,19.09.2024,"60 747,40",Тинькофф,Клиенты-физ.лица,[counterparty_db1aef506b],,Поступление денег с торг. точек
Сентябрь,9,19.09.2024,"-911,32",Тинькофф,Общее,[counterparty_831a0f4ab6],,Эквайринг
Сентябрь,9,19.09.2024,"-825,19",Тинькофф,Общее,[counterparty_d7a35ccc36],,Оплата поставщикам 
Сентябрь,9,19.09.2024,"-4 281,99",Тинькофф,Общее,[counterparty_d7a35ccc36],,Содержание торговых точек
Сентябрь,9,19.09.2024,"-3 304,00",Тинькофф,Общее,[counterparty_d7a35ccc36],[private_text_3973982378],Содержание торговых точек
Сентябрь,9,19.09.2024,"-1 000,00",ТК Черникова,Общее,[counterparty_3f0fc87298],[private_text_b40410bcbc],Содержание торговых точек
Сентябрь,9,23.09.2024,"-81,00",Сейф,Общее,[counterparty_45d6b05c94],[private_text_9c6b8025a9],Поиск и найм персонала
Сентябрь,9,23.09.2024,"13 939,00",Сейф,Общее,,,Поступление — Перевод между счетами
Сентябрь,9,20.09.2024,"-500,00",ТК Черникова,Общее,[counterparty_3f0fc87298],[private_text_c477b94ed0],Содержание торговых точек
Сентябрь,9,20.09.2024,"-9 417,00",ТК Черникова,Общее,[counterparty_6d6a37d791],,Оплата поставщикам 
Сентябрь,9,20.09.2024,"-1 800,00",ТК Черникова,Общее,[counterparty_903a43fe3c],,Оплата поставщикам 
Сентябрь,9,20.09.2024,"-5 363,00",ТК Черникова,Общее,[counterparty_d7a35ccc36],,Оплата поставщикам 
Сентябрь,9,20.09.2024,"-6 800,00",ТК Черникова,Общее,[counterparty_5ea766e786],,Оплата поставщикам 
Сентябрь,9,20.09.2024,"-12 220,00",ТК Черникова,Общее,[counterparty_552231dcd7],,Курьерская служба -
Сентябрь,9,20.09.2024,"22 440,82",ТК Черникова,Клиенты-физ.лица,[counterparty_db1aef506b],,Поступление денег с торг. точек
Сентябрь,9,21.09.2024,"-14 040,00",ТК Черникова,Общее,[counterparty_552231dcd7],,Курьерская служба -
Сентябрь,9,21.09.2024,"16 605,35",ТК Черникова,Клиенты-физ.лица,[counterparty_db1aef506b],,Поступление денег с торг. точек
Сентябрь,9,22.09.2024,"-10 500,00",ТК Черникова,Общее,[counterparty_552231dcd7],,Курьерская служба -
Сентябрь,9,22.09.2024,"21 563,00",ТК Черникова,Клиенты-физ.лица,[counterparty_db1aef506b],,Поступление денег с торг. точек
Сентябрь,9,22.09.2024,"-6 009,00",ТК Черникова,Общее,[counterparty_d7a35ccc36],,Оплата поставщикам 
Сентябрь,9,22.09.2024,"-116,00",ТК Черникова,Общее,[counterparty_d7a35ccc36],,Расходы на питание персонала
Сентябрь,9,20.09.2024,"10 386,33",Альфа,Клиенты-физ.лица,[counterparty_db1aef506b],,Поступление денег с торг. точек
Сентябрь,9,20.09.2024,"-25,25",Альфа,Общее,[counterparty_831a0f4ab6],,Эквайринг
Сентябрь,9,20.09.2024,"-400 000,00",Альфа,Общее,,,Выбытие — Перевод между счетами
Сентябрь,9,21.09.2024,"22 142,54",Альфа,Клиенты-физ.лица,[counterparty_db1aef506b],,Поступление денег с торг. точек
Сентябрь,9,21.09.2024,"-35,38",Альфа,Общее,[counterparty_831a0f4ab6],,Эквайринг
Сентябрь,9,22.09.2024,"25 552,80",Альфа,Клиенты-физ.лица,[counterparty_db1aef506b],,Поступление денег с торг. точек
Сентябрь,9,22.09.2024,"-13,77",Альфа,Общее,[counterparty_831a0f4ab6],,Эквайринг
Сентябрь,9,20.09.2024,"62 132,00",Тинькофф,Клиенты-физ.лица,[counterparty_db1aef506b],,Поступление денег с торг. точек
Сентябрь,9,20.09.2024,"-932,12",Тинькофф,Общее,[counterparty_831a0f4ab6],,Эквайринг
Сентябрь,9,20.09.2024,"160,00",Тинькофф,Клиенты-физ.лица,[counterparty_db1aef506b],,Поступление денег с торг. точек
Сентябрь,9,20.09.2024,"-0,64",Тинькофф,Общее,[counterparty_831a0f4ab6],,Эквайринг
Сентябрь,9,20.09.2024,"400 000,00",Тинькофф,Общее,,,Поступление — Перевод между счетами
Сентябрь,9,20.09.2024,"250,00",Тинькофф,Клиенты-физ.лица,[counterparty_db1aef506b],,Поступление денег с торг. точек
Сентябрь,9,20.09.2024,"-1,00",Тинькофф,Общее,[counterparty_831a0f4ab6],,Эквайринг
Сентябрь,9,20.09.2024,"1 439,00",Тинькофф,Клиенты-физ.лица,[counterparty_db1aef506b],,Поступление денег с торг. точек
Сентябрь,9,20.09.2024,"-5,76",Тинькофф,Общее,[counterparty_831a0f4ab6],,Эквайринг
Сентябрь,9,20.09.2024,"-754,88",Тинькофф,Общее,[counterparty_d7a35ccc36],,Содержание торговых точек
Сентябрь,9,20.09.2024,"-5 904,22",Тинькофф,Общее,[counterparty_d7a35ccc36],,Оплата поставщикам 
Сентябрь,9,20.09.2024,"-2 698,68",Тинькофф,Общее,[counterparty_d7a35ccc36],,Расходы на питание персонала
Сентябрь,9,20.09.2024,"-124,20",Тинькофф,Общее,[counterparty_b2323408fa],,Оплата поставщикам 
Сентябрь,9,21.09.2024,"-4 341,60",Тинькофф,Общее,[counterparty_fb5384e8b9],,Оплата поставщикам 
Сентябрь,9,21.09.2024,"114 991,00",Тинькофф,Клиенты-физ.лица,[counterparty_db1aef506b],,Поступление денег с торг. точек
Сентябрь,9,21.09.2024,"-1 725,09",Тинькофф,Общее,[counterparty_831a0f4ab6],,Эквайринг
Сентябрь,9,21.09.2024,"-16 471,25",Тинькофф,Общее,[counterparty_8e70032df8],,Оплата поставщикам 
Сентябрь,9,21.09.2024,"-96 145,40",Тинькофф,Общее,[counterparty_dc430ed78e],,Оплата поставщикам 
Сентябрь,9,21.09.2024,"-6 589,50",Тинькофф,Общее,[counterparty_b2323408fa],,Оплата поставщикам 
Сентябрь,9,21.09.2024,"1 232,00",Тинькофф,Клиенты-физ.лица,[counterparty_db1aef506b],,Поступление денег с торг. точек
Сентябрь,9,21.09.2024,"-4,93",Тинькофф,Общее,[counterparty_831a0f4ab6],,Эквайринг
Сентябрь,9,21.09.2024,"983,00",Тинькофф,Клиенты-физ.лица,[counterparty_db1aef506b],,Поступление денег с торг. точек
Сентябрь,9,21.09.2024,"-3,93",Тинькофф,Общее,[counterparty_831a0f4ab6],,Эквайринг
Сентябрь,9,21.09.2024,"857,00",Тинькофф,Клиенты-физ.лица,[counterparty_db1aef506b],,Поступление денег с торг. точек
Сентябрь,9,21.09.2024,"-3,43",Тинькофф,Общее,[counterparty_831a0f4ab6],,Эквайринг
Сентябрь,9,22.09.2024,"-29 176,94",Тинькофф,Общее,[counterparty_19f4d4c15b],,Оплата поставщикам 
Сентябрь,9,22.09.2024,"-28 906,28",Тинькофф,Общее,[counterparty_c4e92b27e2],,Оплата поставщикам 
Сентябрь,9,22.09.2024,"-80 569,55",Тинькофф,Общее,[counterparty_fb5384e8b9],,Оплата поставщикам 
Сентябрь,9,22.09.2024,"-65 519,54",Тинькофф,Общее,[counterparty_bb8cb2d348],,Оплата поставщикам 
Сентябрь,9,22.09.2024,"145 598,00",Тинькофф,Клиенты-физ.лица,[counterparty_db1aef506b],,Поступление денег с торг. точек
Сентябрь,9,22.09.2024,"-16 861,85",Тинькофф,Общее,[counterparty_682bbbb771],,Налоги с з/п
Сентябрь,9,22.09.2024,"-2 184,27",Тинькофф,Общее,[counterparty_831a0f4ab6],,Эквайринг
Сентябрь,9,22.09.2024,"704,00",Тинькофф,Клиенты-физ.лица,[counterparty_db1aef506b],,Поступление денег с торг. точек
Сентябрь,9,22.09.2024,"-2,82",Тинькофф,Общее,[counterparty_831a0f4ab6],,Эквайринг
Сентябрь,9,22.09.2024,"-3 468,23",Тинькофф,Общее,[counterparty_d7a35ccc36],,Оплата поставщикам 
Сентябрь,9,22.09.2024,"-21,98",Тинькофф,Общее,[counterparty_d7a35ccc36],,Содержание торговых точек
Сентябрь,9,22.09.2024,"-1 584,87",Тинькофф,Общее,[counterparty_d7a35ccc36],,Расходы на питание персонала
Сентябрь,9,24.09.2024,"-2 000,00",Сейф,Общее,[counterparty_3f0fc87298],[private_text_c671e0cada],Прочие маркетинговые услуги
Сентябрь,9,24.09.2024,"9 150,00",Сейф,Общее,,,Поступление — Перевод между счетами
Сентябрь,9,24.09.2024,"-154 672,00",Сейф,Общее,[counterparty_552231dcd7],,Зарплата производственного персонала
Сентябрь,9,24.09.2024,"133 296,00",Сейф,Общее,,,Поступление — Перевод между счетами
Сентябрь,9,23.09.2024,"-13 939,00",ТК Черникова,Общее,,,Выбытие — Перевод между счетами
Сентябрь,9,23.09.2024,"-6 420,00",ТК Черникова,Общее,[counterparty_552231dcd7],,Курьерская служба -
Сентябрь,9,23.09.2024,"20 528,10",ТК Черникова,Клиенты-физ.лица,[counterparty_db1aef506b],,Поступление денег с торг. точек
Сентябрь,9,24.09.2024,"-9 150,00",ТК Черникова,Общее,,,Выбытие — Перевод между счетами
Сентябрь,9,24.09.2024,"-4 790,00",ТК Черникова,Общее,[counterparty_d7a35ccc36],,Оплата поставщикам 
Сентябрь,9,24.09.2024,"-158,00",ТК Черникова,Общее,[counterparty_d7a35ccc36],,Расходы на питание персонала
Сентябрь,9,24.09.2024,"-8 160,00",ТК Черникова,Общее,[counterparty_552231dcd7],,Курьерская служба -
Сентябрь,9,24.09.2024,"9 321,90",ТК Черникова,Клиенты-физ.лица,[counterparty_db1aef506b],,Поступление денег с торг. точек
Сентябрь,9,23.09.2024,"16 074,89",Альфа,Клиенты-физ.лица,[counterparty_db1aef506b],,Поступление денег с торг. точек
Сентябрь,9,23.09.2024,"-17,05",Альфа,Общее,[counterparty_831a0f4ab6],,Эквайринг
Сентябрь,9,24.09.2024,"9 509,66",Альфа,Клиенты-физ.лица,[counterparty_db1aef506b],,Поступление денег с торг. точек
Сентябрь,9,24.09.2024,"-30,95",Альфа,Общее,[counterparty_831a0f4ab6],,Эквайринг
Сентябрь,9,23.09.2024,"90 552,00",Тинькофф,Клиенты-физ.лица,[counterparty_db1aef506b],,Поступление денег с торг. точек
Сентябрь,9,23.09.2024,"-1 358,45",Тинькофф,Общее,[counterparty_831a0f4ab6],,Эквайринг
Сентябрь,9,23.09.2024,"-1 990,00",Тинькофф,Общее,[counterparty_831a0f4ab6],,РКО
Сентябрь,9,23.09.2024,"-99,00",Тинькофф,Общее,[counterparty_831a0f4ab6],,РКО
Сентябрь,9,23.09.2024,"-990,00",Тинькофф,Общее,[counterparty_831a0f4ab6],,РКО
Сентябрь,9,23.09.2024,"260,00",Тинькофф,Клиенты-физ.лица,[counterparty_db1aef506b],,Поступление денег с торг. точек
Сентябрь,9,23.09.2024,"-1,04",Тинькофф,Общее,[counterparty_831a0f4ab6],,Эквайринг
Сентябрь,9,23.09.2024,"-112 220,00",Тинькофф,Общее,,,Выбытие — Перевод между счетами
Сентябрь,9,23.09.2024,"-401,00",Тинькофф,Общее,[counterparty_d7a35ccc36],[private_text_d00061ab78],Содержание торговых точек
Сентябрь,9,24.09.2024,"47 864,00",Тинькофф,Клиенты-физ.лица,[counterparty_db1aef506b],,Поступление денег с торг. точек
Сентябрь,9,24.09.2024,"-718,04",Тинькофф,Общее,[counterparty_831a0f4ab6],,Эквайринг
Сентябрь,9,24.09.2024,"-133 296,00",Тинькофф,Общее,,,Выбытие — Перевод между счетами
Сентябрь,9,24.09.2024,"2 181,00",Тинькофф,Клиенты-физ.лица,[counterparty_db1aef506b],,Поступление денег с торг. точек
Сентябрь,9,24.09.2024,"-8,72",Тинькофф,Общее,[counterparty_831a0f4ab6],,Эквайринг
Сентябрь,9,24.09.2024,"440,00",Тинькофф,Клиенты-физ.лица,[counterparty_db1aef506b],,Поступление денег с торг. точек
Сентябрь,9,24.09.2024,"-1,76",Тинькофф,Общее,[counterparty_831a0f4ab6],,Эквайринг
Сентябрь,9,24.09.2024,"-3 531,54",Тинькофф,Общее,[counterparty_d7a35ccc36],,Оплата поставщикам 
Сентябрь,9,24.09.2024,"-1 600,73",Тинькофф,Общее,[counterparty_d7a35ccc36],,Расходы на питание персонала
Сентябрь,9,24.09.2024,"-15,99",Тинькофф,Общее,[counterparty_d7a35ccc36],,Содержание торговых точек
Сентябрь,9,24.09.2024,"-1 363,17",Тинькофф,Общее,[counterparty_b2323408fa],,Оплата поставщикам 
Сентябрь,9,23.09.2024,"112 220,00",Сбербанк,Общее,,,Поступление — Перевод между счетами
Сентябрь,9,23.09.2024,"-1 376,16",Сбербанк,Общее,[counterparty_831a0f4ab6],,РКО
Сентябрь,9,24.09.2024,"-112 220,00",Сбербанк,Общее,[counterparty_e08d6e58b9],[private_text_4162d20512],Аренда торговых точек
Сентябрь,9,25.09.2024,"13 213,17",Альфа,Клиенты-физ.лица,[counterparty_db1aef506b],,Поступление денег с торг. точек
Сентябрь,9,25.09.2024,"-22,20",Альфа,Общее,[counterparty_831a0f4ab6],,Эквайринг
Сентябрь,9,26.09.2024,"-500,00",Сейф,Общее,[counterparty_00d169637c],[private_text_83439709c4],Прочие маркетинговые услуги
Сентябрь,9,25.09.2024,"-8 260,00",ТК Черникова,Общее,[counterparty_552231dcd7],,Курьерская служба -
Сентябрь,9,25.09.2024,"18 942,50",ТК Черникова,Клиенты-физ.лица,[counterparty_db1aef506b],,Поступление денег с торг. точек
Сентябрь,9,25.09.2024,"62 049,00",Тинькофф,Клиенты-физ.лица,[counterparty_db1aef506b],,Поступление денег с торг. точек
Сентябрь,9,25.09.2024,"-930,86",Тинькофф,Общее,[counterparty_831a0f4ab6],,Эквайринг
Сентябрь,9,25.09.2024,"416,00",Тинькофф,Клиенты-физ.лица,[counterparty_db1aef506b],,Поступление денег с торг. точек
Сентябрь,9,25.09.2024,"-1,66",Тинькофф,Общее,[counterparty_831a0f4ab6],,Эквайринг
Сентябрь,9,25.09.2024,"992,00",Тинькофф,Клиенты-физ.лица,[counterparty_db1aef506b],,Поступление денег с торг. точек
Сентябрь,9,25.09.2024,"-3,97",Тинькофф,Общее,[counterparty_831a0f4ab6],,Эквайринг
Сентябрь,9,25.09.2024,"-28 000,00",Тинькофф,Общее,,,Выбытие — Перевод между счетами
Сентябрь,9,25.09.2024,"-334,00",Тинькофф,Общее,[counterparty_d7a35ccc36],,Содержание торговых точек
Сентябрь,9,25.09.2024,"-499,00",Тинькофф,Общее,[counterparty_d7a35ccc36],[private_text_10c7cb830d],Содержание офиса
Сентябрь,9,26.09.2024,"73 315,15",Тинькофф,Клиенты-физ.лица,[counterparty_db1aef506b],,Поступление денег с торг. точек
Сентябрь,9,26.09.2024,"-1 099,83",Тинькофф,Общее,[counterparty_831a0f4ab6],,Эквайринг
Сентябрь,9,26.09.2024,"-30 000,00",Тинькофф,Общее,[counterparty_347b901ee4],,Контекстная реклама
Сентябрь,9,26.09.2024,"-10 000,00",Тинькофф,Общее,[counterparty_a8c88d8a2c],,SEO-оптимизация
Сентябрь,9,26.09.2024,"1 739,00",Тинькофф,Клиенты-физ.лица,[counterparty_db1aef506b],,Поступление денег с торг. точек
Сентябрь,9,26.09.2024,"-6,96",Тинькофф,Общее,[counterparty_831a0f4ab6],,Эквайринг
Сентябрь,9,26.09.2024,"1 159,00",Тинькофф,Клиенты-физ.лица,[counterparty_db1aef506b],,Поступление денег с торг. точек
Сентябрь,9,26.09.2024,"-4,64",Тинькофф,Общее,[counterparty_831a0f4ab6],,Эквайринг
Сентябрь,9,26.09.2024,"1 161,00",Тинькофф,Клиенты-физ.лица,[counterparty_db1aef506b],,Поступление денег с торг. точек
Сентябрь,9,26.09.2024,"-4,64",Тинькофф,Общее,[counterparty_831a0f4ab6],,Эквайринг
Сентябрь,9,26.09.2024,"-4 823,60",Тинькофф,Общее,[counterparty_d7a35ccc36],,Оплата поставщикам 
Сентябрь,9,26.09.2024,"-26,97",Тинькофф,Общее,[counterparty_d7a35ccc36],,Содержание торговых точек
Сентябрь,9,26.09.2024,"-1 202,83",Тинькофф,Общее,[counterparty_d7a35ccc36],,Расходы на питание персонала
Сентябрь,9,26.09.2024,"20 820,73",Альфа,Клиенты-физ.лица,[counterparty_db1aef506b],,Поступление денег с торг. точек
Сентябрь,9,26.09.2024,"-22,01",Альфа,Общее,[counterparty_831a0f4ab6],,Эквайринг
Сентябрь,9,26.09.2024,"-8 780,00",ТК Черникова,Общее,[counterparty_552231dcd7],,Курьерская служба -
Сентябрь,9,26.09.2024,"10 873,00",ТК Черникова,Клиенты-физ.лица,[counterparty_db1aef506b],,Поступление денег с торг. точек
Сентябрь,9,26.09.2024,"-3 236,00",ТК Черникова,Общее,[counterparty_d7a35ccc36],,Оплата поставщикам 
Сентябрь,9,26.09.2024,"-100,00",ТК Черникова,Общее,[counterparty_d7a35ccc36],,Содержание торговых точек
Сентябрь,9,30.09.2024,"-1 883,00",Сейф,Общее,[counterparty_45d6b05c94],,Поиск и найм персонала
Сентябрь,9,24.09.2024,"-1 800,00",ТК Черникова,Общее,[counterparty_903a43fe3c],,Оплата поставщикам 
Сентябрь,9,27.09.2024,"-1 800,00",ТК Черникова,Общее,[counterparty_903a43fe3c],,Оплата поставщикам 
Сентябрь,9,27.09.2024,"-15 440,00",ТК Черникова,Общее,[counterparty_552231dcd7],,Курьерская служба -
Сентябрь,9,27.09.2024,"31 973,00",ТК Черникова,Клиенты-физ.лица,[counterparty_db1aef506b],,Поступление денег с торг. точек
Сентябрь,9,28.09.2024,"-4 682,00",ТК Черникова,Общее,[counterparty_d7a35ccc36],,Оплата поставщикам 
Сентябрь,9,28.09.2024,"-152,00",ТК Черникова,Общее,[counterparty_d7a35ccc36],,Расходы на питание персонала
Сентябрь,9,28.09.2024,"-15 120,00",ТК Черникова,Общее,[counterparty_552231dcd7],,Курьерская служба -
Сентябрь,9,28.09.2024,"31 645,00",ТК Черникова,Клиенты-физ.лица,[counterparty_db1aef506b],,Поступление денег с торг. точек
Сентябрь,9,29.09.2024,"-12 920,00",ТК Черникова,Общее,[counterparty_552231dcd7],,Курьерская служба -
Сентябрь,9,29.09.2024,"19 164,00",ТК Черникова,Клиенты-физ.лица,[counterparty_db1aef506b],,Поступление денег с торг. точек
Сентябрь,9,29.09.2024,"-0,17",ТК Черникова,Общее,,,Корретировки кассы -
Сентябрь,9,27.09.2024,"28 194,70",Альфа,Клиенты-физ.лица,[counterparty_db1aef506b],,Поступление денег с торг. точек
Сентябрь,9,27.09.2024,"-68,35",Альфа,Общее,[counterparty_831a0f4ab6],,Эквайринг
Сентябрь,9,28.09.2024,"24 024,22",Альфа,Клиенты-физ.лица,[counterparty_db1aef506b],,Поступление денег с торг. точек
Сентябрь,9,28.09.2024,"-19,79",Альфа,Общее,[counterparty_831a0f4ab6],,Эквайринг
Сентябрь,9,29.09.2024,"32 514,80",Альфа,Клиенты-физ.лица,[counterparty_db1aef506b],,Поступление денег с торг. точек
Сентябрь,9,29.09.2024,"-41,93",Альфа,Общее,[counterparty_831a0f4ab6],,Эквайринг
Сентябрь,9,27.09.2024,"63 094,70",Тинькофф,Клиенты-физ.лица,[counterparty_db1aef506b],,Поступление денег с торг. точек
Сентябрь,9,27.09.2024,"-946,54",Тинькофф,Общее,[counterparty_831a0f4ab6],,Эквайринг
Сентябрь,9,27.09.2024,"-5 000,00",Тинькофф,Общее,[counterparty_50d958815d],,Телекоммуникации
Сентябрь,9,27.09.2024,"1 205,00",Тинькофф,Клиенты-физ.лица,[counterparty_db1aef506b],,Поступление денег с торг. точек
Сентябрь,9,27.09.2024,"-4,82",Тинькофф,Общее,[counterparty_831a0f4ab6],,Эквайринг
Сентябрь,9,28.09.2024,"-3 098,25",Тинькофф,Общее,[counterparty_fb5384e8b9],,Оплата поставщикам 
Сентябрь,9,28.09.2024,"137 801,00",Тинькофф,Клиенты-физ.лица,[counterparty_db1aef506b],,Поступление денег с торг. точек
Сентябрь,9,28.09.2024,"-2 067,26",Тинькофф,Общее,[counterparty_831a0f4ab6],,Эквайринг
Сентябрь,9,28.09.2024,"-3 278,00",Тинькофф,Общее,[counterparty_831a0f4ab6],,Возвраты клиентам
Сентябрь,9,28.09.2024,"-3 707,79",Тинькофф,Общее,[counterparty_b2323408fa],,Оплата поставщикам 
Сентябрь,9,28.09.2024,"-84 829,30",Тинькофф,Общее,[counterparty_dc430ed78e],,Оплата поставщикам 
Сентябрь,9,28.09.2024,"-29 715,16",Тинькофф,Общее,[counterparty_8e70032df8],,Оплата поставщикам 
Сентябрь,9,28.09.2024,"291,00",Тинькофф,Клиенты-физ.лица,[counterparty_db1aef506b],,Поступление денег с торг. точек
Сентябрь,9,28.09.2024,"-1,16",Тинькофф,Общее,[counterparty_831a0f4ab6],,Эквайринг
Сентябрь,9,28.09.2024,"520,00",Тинькофф,Клиенты-физ.лица,[counterparty_db1aef506b],,Поступление денег с торг. точек
Сентябрь,9,28.09.2024,"-2,08",Тинькофф,Общее,[counterparty_831a0f4ab6],,Эквайринг
Сентябрь,9,28.09.2024,"941,00",Тинькофф,Клиенты-физ.лица,[counterparty_db1aef506b],,Поступление денег с торг. точек
Сентябрь,9,28.09.2024,"-3,76",Тинькофф,Общее,[counterparty_831a0f4ab6],,Эквайринг
Сентябрь,9,28.09.2024,"-3 152,70",Тинькофф,Общее,[counterparty_d7a35ccc36],,Оплата поставщикам 
Сентябрь,9,28.09.2024,"-1 712,39",Тинькофф,Общее,[counterparty_d7a35ccc36],,Расходы на питание персонала
Сентябрь,9,28.09.2024,"-17,98",Тинькофф,Общее,[counterparty_d7a35ccc36],,Содержание торговых точек
Сентябрь,9,29.09.2024,"-34 468,50",Тинькофф,Общее,[counterparty_fb5384e8b9],,Оплата поставщикам 
Сентябрь,9,29.09.2024,"-57 154,90",Тинькофф,Общее,[counterparty_bb8cb2d348],,Оплата поставщикам 
Сентябрь,9,29.09.2024,"-3 312,00",Тинькофф,Общее,[counterparty_6d6a37d791],,Оплата поставщикам 
Сентябрь,9,29.09.2024,"-19 644,69",Тинькофф,Общее,[counterparty_19f4d4c15b],,Оплата поставщикам 
Сентябрь,9,29.09.2024,"-20 748,30",Тинькофф,Общее,[counterparty_c4e92b27e2],,Оплата поставщикам 
Сентябрь,9,29.09.2024,"132 494,85",Тинькофф,Клиенты-физ.лица,[counterparty_db1aef506b],,Поступление денег с торг. точек
Сентябрь,9,29.09.2024,"-1 987,64",Тинькофф,Общее,[counterparty_831a0f4ab6],,Эквайринг
Сентябрь,9,29.09.2024,"2 089,00",Тинькофф,Клиенты-физ.лица,[counterparty_db1aef506b],,Поступление денег с торг. точек
Сентябрь,9,29.09.2024,"-8,36",Тинькофф,Общее,[counterparty_831a0f4ab6],,Эквайринг
Сентябрь,9,25.09.2024,"28 000,00",Сбербанк,Общее,,,Поступление — Перевод между счетами
Сентябрь,9,26.09.2024,"-23 000,00",Сбербанк,Общее,[counterparty_7e3a73c9be],,Зарплата административного персонала
Сентябрь,9,26.09.2024,"-5 000,00",Сбербанк,Общее,[counterparty_347b901ee4],,Таргетированная реклама
Сентябрь,9,30.09.2024,"-420,66",Сбербанк,Общее,[counterparty_831a0f4ab6],,РКО
Сентябрь,9,30.09.2024,"23 953,31",Альфа,Клиенты-физ.лица,[counterparty_db1aef506b],,Поступление денег с торг. точек
Сентябрь,9,30.09.2024,"-21,50",Альфа,Общее,[counterparty_831a0f4ab6],,Эквайринг
Сентябрь,9,30.09.2024,"123 880,55",Тинькофф,Клиенты-физ.лица,[counterparty_db1aef506b],,Поступление денег с торг. точек
Сентябрь,9,30.09.2024,"-1 858,46",Тинькофф,Общее,[counterparty_831a0f4ab6],,Эквайринг
Сентябрь,9,30.09.2024,"1 675,00",Тинькофф,Клиенты-физ.лица,[counterparty_db1aef506b],,Поступление денег с торг. точек
Сентябрь,9,30.09.2024,"-6,70",Тинькофф,Общее,[counterparty_831a0f4ab6],,Эквайринг
Сентябрь,9,30.09.2024,"541,00",Тинькофф,Клиенты-физ.лица,[counterparty_db1aef506b],,Поступление денег с торг. точек
Сентябрь,9,30.09.2024,"-2,16",Тинькофф,Общее,[counterparty_831a0f4ab6],,Эквайринг
Сентябрь,9,30.09.2024,"-956,00",Тинькофф,Общее,[counterparty_d7a35ccc36],[private_text_1bf205ce9b],Содержание офиса
Сентябрь,9,30.09.2024,"-100 000,00",Тинькофф,Общее,[counterparty_e08d6e58b9],,Аренда торговых точек
Сентябрь,9,30.09.2024,"-4 853,76",Тинькофф,Общее,[counterparty_d7a35ccc36],[private_text_38c55cba4e],Расходы на персонал
Сентябрь,9,30.09.2024,"-5 056,18",Тинькофф,Общее,[counterparty_d7a35ccc36],,Оплата поставщикам 
Сентябрь,9,30.09.2024,"-1 336,86",Тинькофф,Общее,[counterparty_d7a35ccc36],,Содержание торговых точек
Сентябрь,9,30.09.2024,"-1 838,65",Тинькофф,Общее,[counterparty_d7a35ccc36],,Расходы на питание персонала
Сентябрь,9,30.09.2024,"-6 832,00",ТК Черникова,Общее,[counterparty_d7a35ccc36],,Оплата поставщикам 
Сентябрь,9,30.09.2024,"-204,00",ТК Черникова,Общее,[counterparty_d7a35ccc36],,Расходы на персонал
Сентябрь,9,30.09.2024,"-5 011,00",ТК Черникова,Общее,[counterparty_5ea766e786],,Оплата поставщикам 
Сентябрь,9,30.09.2024,"-8 320,00",ТК Черникова,Общее,[counterparty_552231dcd7],,Курьерская служба -
Сентябрь,9,30.09.2024,"8 045,90",ТК Черникова,Клиенты-физ.лица,[counterparty_db1aef506b],,Поступление денег с торг. точек
Октябрь,10,01.10.2024,"21 842,00",Сейф,Общее,,,Поступление — Перевод между счетами
Октябрь,10,01.10.2024,"252 219,00",Сейф,Общее,,,Поступление — Перевод между счетами
Октябрь,10,01.10.2024,"-15 000,00",Сейф,Общее,[counterparty_552231dcd7],,Зарплата административного персонала
Октябрь,10,01.10.2024,"-171 207,00",Сейф,Общее,[counterparty_552231dcd7],,Зарплата производственного персонала
Октябрь,10,01.10.2024,"-30 000,00",Сейф,Общее,[counterparty_552231dcd7],,Зарплата административного персонала
Октябрь,10,01.10.2024,"-29 000,00",Сейф,Общее,[counterparty_552231dcd7],,Зарплата административного персонала
Октябрь,10,01.10.2024,"-5 000,00",Сейф,Общее,[counterparty_e08d6e58b9],,Аренда склада
Октябрь,10,01.10.2024,"-2 500,00",Сейф,Общее,[counterparty_335f3233c9],,Аренда торговых точек
Октябрь,10,01.10.2024,"-2 550,00",Сейф,Общее,[counterparty_3feb526b66],,Оплата поставщикам 
Октябрь,10,01.10.2024,"-3 796,56",Сейф,Общее,[counterparty_07485de87e],,Оплата поставщикам 
Октябрь,10,01.10.2024,"-7 719,12",Сейф,Общее,[counterparty_07485de87e],,Оплата поставщикам 
Октябрь,10,01.10.2024,"-7 500,00",ТК Черникова,Общее,[counterparty_552231dcd7],,Содержание торговых точек
Октябрь,10,01.10.2024,"-21 842,00",ТК Черникова,Общее,,,Выбытие — Перевод между счетами
Октябрь,10,01.10.2024,"-1 800,00",ТК Черникова,Общее,[counterparty_903a43fe3c],,Оплата поставщикам 
Октябрь,10,01.10.2024,"-7 650,00",ТК Черникова,Общее,[counterparty_552231dcd7],,Курьерская служба -
Октябрь,10,01.10.2024,"12 173,60",ТК Черникова,Клиенты-физ.лица,[counterparty_db1aef506b],,Поступление денег с торг. точек
Октябрь,10,02.10.2024,"-5 457,00",ТК Черникова,Общее,[counterparty_d7a35ccc36],,Оплата поставщикам 
Октябрь,10,02.10.2024,"-9 800,00",ТК Черникова,Общее,[counterparty_552231dcd7],,Курьерская служба -
Октябрь,10,02.10.2024,"18 045,00",ТК Черникова,Клиенты-физ.лица,[counterparty_db1aef506b],,Поступление денег с торг. точек
Октябрь,10,01.10.2024,"17 099,65",Альфа,Клиенты-физ.лица,[counterparty_db1aef506b],,Поступление денег с торг. точек
Октябрь,10,01.10.2024,"-18,18",Альфа,Общее,[counterparty_831a0f4ab6],,Эквайринг
Октябрь,10,02.10.2024,"24 206,08",Альфа,Клиенты-физ.лица,[counterparty_db1aef506b],,Поступление денег с торг. точек
Октябрь,10,02.10.2024,"-14,25",Альфа,Общее,[counterparty_831a0f4ab6],,Эквайринг
Октябрь,10,01.10.2024,"64 804,00",Тинькофф,Клиенты-физ.лица,[counterparty_db1aef506b],,Поступление денег с торг. точек
Октябрь,10,01.10.2024,"-972,17",Тинькофф,Общее,[counterparty_831a0f4ab6],,Эквайринг
Октябрь,10,01.10.2024,"-28 000,00",Тинькофф,Общее,[counterparty_33844b2195],,Прочие маркетинговые услуги
Октябрь,10,01.10.2024,"-2 641,00",Тинькофф,Общее,[counterparty_682bbbb771],,Налоги с з/п
Октябрь,10,01.10.2024,"-252 219,00",Тинькофф,Общее,,,Выбытие — Перевод между счетами
Октябрь,10,01.10.2024,"1 382,00",Тинькофф,Клиенты-физ.лица,[counterparty_db1aef506b],,Поступление денег с торг. точек
Октябрь,10,01.10.2024,"-5,53",Тинькофф,Общее,[counterparty_831a0f4ab6],,Эквайринг
Октябрь,10,02.10.2024,"44 054,70",Тинькофф,Клиенты-физ.лица,[counterparty_db1aef506b],,Поступление денег с торг. точек
Октябрь,10,02.10.2024,"-660,94",Тинькофф,Общее,[counterparty_831a0f4ab6],,Эквайринг
Октябрь,10,02.10.2024,"440,00",Тинькофф,Клиенты-физ.лица,[counterparty_db1aef506b],,Поступление денег с торг. точек
Октябрь,10,02.10.2024,"-1,76",Тинькофф,Общее,[counterparty_831a0f4ab6],,Эквайринг
Октябрь,10,02.10.2024,"-100 000,00",Тинькофф,Общее,,,Выбытие — Перевод между счетами
Октябрь,10,02.10.2024,"1 131,00",Тинькофф,Клиенты-физ.лица,[counterparty_db1aef506b],,Поступление денег с торг. точек
Октябрь,10,02.10.2024,"-4,52",Тинькофф,Общее,[counterparty_831a0f4ab6],,Эквайринг
Октябрь,10,02.10.2024,"-1 881,49",Тинькофф,Общее,[counterparty_d7a35ccc36],,Содержание торговых точек
Октябрь,10,02.10.2024,"-1 055,15",Тинькофф,Общее,[counterparty_b2323408fa],,Оплата поставщикам 
Октябрь,10,02.10.2024,"-2 215,04",Тинькофф,Общее,[counterparty_d7a35ccc36],,Расходы на питание персонала
Октябрь,10,02.10.2024,"-3 088,42",Тинькофф,Общее,[counterparty_d7a35ccc36],,Оплата поставщикам 
Октябрь,10,03.10.2024,"10 800,57",Альфа,Клиенты-физ.лица,[counterparty_db1aef506b],,Поступление денег с торг. точек
Октябрь,10,03.10.2024,"-10,88",Альфа,Общее,[counterparty_831a0f4ab6],,Эквайринг
Октябрь,10,03.10.2024,"81 126,15",Тинькофф,Клиенты-физ.лица,[counterparty_db1aef506b],,Поступление денег с торг. точек
Октябрь,10,03.10.2024,"-1 217,02",Тинькофф,Общее,[counterparty_831a0f4ab6],,Эквайринг
Октябрь,10,03.10.2024,"-619,96",Тинькофф,Общее,[counterparty_d7a35ccc36],,Оплата поставщикам 
Октябрь,10,03.10.2024,"-97 321,00",Тинькофф,Общее,[counterparty_cb93f56848],,Сайт и приложение
Октябрь,10,03.10.2024,"-6 000,00",Тинькофф,Общее,[counterparty_1c967c7874],,Комиссия агрегатору
Октябрь,10,03.10.2024,"-789,19",Тинькофф,Общее,[counterparty_ecf3465a86],,Аренда торговых точек
Октябрь,10,03.10.2024,"-1 000,00",Тинькофф,Общее,[counterparty_9147d41bbb],,Аренда торговых точек
Октябрь,10,03.10.2024,"-4 276,42",Тинькофф,Общее,[counterparty_ecf3465a86],,Аренда торговых точек
Октябрь,10,03.10.2024,"-2 640,00",Тинькофф,Общее,[counterparty_e3d41d1621],,Телекоммуникации
Октябрь,10,03.10.2024,"-6 900,00",Тинькофф,Общее,[counterparty_ab325eb126],,Оплаты систем автоматизации
Октябрь,10,03.10.2024,"-4 000,00",Тинькофф,Общее,[counterparty_ab325eb126],,Оплаты систем автоматизации
Октябрь,10,03.10.2024,"-4 000,00",Тинькофф,Общее,[counterparty_9147d41bbb],,Аренда торговых точек
Октябрь,10,03.10.2024,"5 966,00",Тинькофф,Клиенты-физ.лица,[counterparty_db1aef506b],,Поступление денег с торг. точек
Октябрь,10,03.10.2024,"-23,86",Тинькофф,Общее,[counterparty_831a0f4ab6],,Эквайринг
Октябрь,10,03.10.2024,"-234,00",Тинькофф,Общее,[counterparty_d7a35ccc36],,Содержание торговых точек
Октябрь,10,03.10.2024,"875,00",Тинькофф,Клиенты-физ.лица,[counterparty_db1aef506b],,Поступление денег с торг. точек
Октябрь,10,03.10.2024,"-3,50",Тинькофф,Общее,[counterparty_831a0f4ab6],,Эквайринг
Октябрь,10,03.10.2024,"-2 000,00",Тинькофф,Общее,[counterparty_61340e8f89],,Телекоммуникации
Октябрь,10,03.10.2024,"-9 480,00",ТК Черникова,Общее,[counterparty_552231dcd7],,Курьерская служба -
Октябрь,10,03.10.2024,"12 966,00",ТК Черникова,Клиенты-физ.лица,[counterparty_db1aef506b],,Поступление денег с торг. точек
Октябрь,10,03.10.2024,"-5 780,00",ТК Черникова,Общее,[counterparty_5ea766e786],,Оплата поставщикам 
Октябрь,10,03.10.2024,"-76,00",ТК Черникова,Общее,,,Выбытие — Перевод между счетами
Октябрь,10,03.10.2024,"76,00",Сейф,Общее,,,Поступление — Перевод между счетами
Октябрь,10,04.10.2024,"20 629,43",Альфа,Клиенты-физ.лица,[counterparty_db1aef506b],,Поступление денег с торг. точек
Октябрь,10,04.10.2024,"-21,16",Альфа,Общее,[counterparty_831a0f4ab6],,Эквайринг
Октябрь,10,05.10.2024,"33 500,20",Альфа,Клиенты-физ.лица,[counterparty_db1aef506b],,Поступление денег с торг. точек
Октябрь,10,05.10.2024,"-38,11",Альфа,Общее,[counterparty_831a0f4ab6],,Эквайринг
Октябрь,10,06.10.2024,"15 903,06",Альфа,Клиенты-физ.лица,[counterparty_db1aef506b],,Поступление денег с торг. точек
Октябрь,10,06.10.2024,"-34,49",Альфа,Общее,[counterparty_831a0f4ab6],,Эквайринг
Октябрь,10,04.10.2024,"92 917,00",Тинькофф,Клиенты-физ.лица,[counterparty_db1aef506b],,Поступление денег с торг. точек
Октябрь,10,04.10.2024,"-1 393,91",Тинькофф,Общее,[counterparty_831a0f4ab6],,Эквайринг
Октябрь,10,04.10.2024,"-1 320,00",Тинькофф,Общее,[counterparty_d7a35ccc36],,Содержание офиса
Октябрь,10,04.10.2024,"1 405,00",Тинькофф,Клиенты-физ.лица,[counterparty_db1aef506b],,Поступление денег с торг. точек
Октябрь,10,04.10.2024,"1 060,00",Тинькофф,Клиенты-физ.лица,[counterparty_db1aef506b],,Поступление денег с торг. точек
Октябрь,10,04.10.2024,"-5,62",Тинькофф,Общее,[counterparty_831a0f4ab6],,Эквайринг
Октябрь,10,04.10.2024,"-4,24",Тинькофф,Общее,[counterparty_831a0f4ab6],,Эквайринг
Октябрь,10,04.10.2024,"-388,00",Тинькофф,Общее,[counterparty_d7a35ccc36],[private_text_17f62529c6],Содержание торговых точек
Октябрь,10,04.10.2024,"189,00",Тинькофф,Клиенты-физ.лица,[counterparty_db1aef506b],,Поступление денег с торг. точек
Октябрь,10,04.10.2024,"-0,76",Тинькофф,Общее,[counterparty_831a0f4ab6],,Эквайринг
Октябрь,10,04.10.2024,"1 608,00",Тинькофф,Клиенты-физ.лица,[counterparty_db1aef506b],,Поступление денег с торг. точек
Октябрь,10,04.10.2024,"-6,43",Тинькофф,Общее,[counterparty_831a0f4ab6],,Эквайринг
Октябрь,10,04.10.2024,"-6 220,59",Тинькофф,Общее,[counterparty_d7a35ccc36],,Оплата поставщикам 
Октябрь,10,04.10.2024,"-23,98",Тинькофф,Общее,[counterparty_d7a35ccc36],,Содержание торговых точек
Октябрь,10,04.10.2024,"-4 725,59",Тинькофф,Общее,[counterparty_d7a35ccc36],,Расходы на питание персонала
Октябрь,10,05.10.2024,"110 303,90",Тинькофф,Клиенты-физ.лица,[counterparty_db1aef506b],,Поступление денег с торг. точек
Октябрь,10,05.10.2024,"-1 654,81",Тинькофф,Общее,[counterparty_831a0f4ab6],,Эквайринг
Октябрь,10,05.10.2024,"499,00",Тинькофф,Клиенты-физ.лица,[counterparty_db1aef506b],,Поступление денег с торг. точек
Октябрь,10,05.10.2024,"-2,00",Тинькофф,Общее,[counterparty_831a0f4ab6],,Эквайринг
Октябрь,10,05.10.2024,"-5 000,00",Тинькофф,Общее,[counterparty_50d958815d],,Телекоммуникации
Октябрь,10,05.10.2024,"1 975,00",Тинькофф,Клиенты-физ.лица,[counterparty_db1aef506b],,Поступление денег с торг. точек
Октябрь,10,05.10.2024,"-7,90",Тинькофф,Общее,[counterparty_831a0f4ab6],,Эквайринг
Октябрь,10,05.10.2024,"1 159,00",Тинькофф,Клиенты-физ.лица,[counterparty_db1aef506b],,Поступление денег с торг. точек
Октябрь,10,05.10.2024,"-4,64",Тинькофф,Общее,[counterparty_831a0f4ab6],,Эквайринг
Октябрь,10,06.10.2024,"-2 970,00",Тинькофф,Общее,[counterparty_fb5384e8b9],,Оплата поставщикам 
Октябрь,10,06.10.2024,"153 571,75",Тинькофф,Клиенты-физ.лица,[counterparty_db1aef506b],,Поступление денег с торг. точек
Октябрь,10,06.10.2024,"-2 303,85",Тинькофф,Общее,[counterparty_831a0f4ab6],,Эквайринг
Октябрь,10,06.10.2024,"-34 982,39",Тинькофф,Общее,[counterparty_fb5384e8b9],,Оплата поставщикам 
Октябрь,10,06.10.2024,"-34 933,00",Тинькофф,Общее,[counterparty_c4e92b27e2],,Оплата поставщикам 
Октябрь,10,06.10.2024,"-65 983,00",Тинькофф,Общее,[counterparty_bb8cb2d348],,Оплата поставщикам 
Октябрь,10,06.10.2024,"-21 772,31",Тинькофф,Общее,[counterparty_19f4d4c15b],,Оплата поставщикам 
Октябрь,10,06.10.2024,"-108 814,50",Тинькофф,Общее,[counterparty_dc430ed78e],,Оплата поставщикам 
Октябрь,10,06.10.2024,"-10 097,00",Тинькофф,Общее,[counterparty_b2323408fa],,Оплата поставщикам 
Октябрь,10,06.10.2024,"-29 148,00",Тинькофф,Общее,[counterparty_8e70032df8],,Оплата поставщикам 
Октябрь,10,06.10.2024,"22,00",Тинькофф,Клиенты-физ.лица,[counterparty_db1aef506b],,Поступление денег с торг. точек
Октябрь,10,06.10.2024,"-0,09",Тинькофф,Общее,[counterparty_831a0f4ab6],,Эквайринг
Октябрь,10,06.10.2024,"1 208,00",Тинькофф,Клиенты-физ.лица,[counterparty_db1aef506b],,Поступление денег с торг. точек
Октябрь,10,06.10.2024,"-4,83",Тинькофф,Общее,[counterparty_831a0f4ab6],,Эквайринг
Октябрь,10,06.10.2024,"-381,95",Тинькофф,Общее,[counterparty_d7a35ccc36],,Содержание торговых точек
Октябрь,10,06.10.2024,"-2 083,80",Тинькофф,Общее,[counterparty_d7a35ccc36],,Расходы на питание персонала
Октябрь,10,06.10.2024,"-4 015,54",Тинькофф,Общее,[counterparty_d7a35ccc36],,Оплата поставщикам 
Октябрь,10,04.10.2024,"-200,00",ТК Черникова,Общее,[counterparty_3f0fc87298],[private_text_e09a78d8de],Содержание торговых точек
Октябрь,10,04.10.2024,"-4 129,20",ТК Черникова,Общее,[counterparty_d2a9714437],,Оплата поставщикам 
Октябрь,10,04.10.2024,"-4 119,00",ТК Черникова,Общее,[counterparty_d7a35ccc36],,Оплата поставщикам 
Октябрь,10,04.10.2024,"-150,00",ТК Черникова,Общее,[counterparty_d7a35ccc36],,Расходы на питание персонала
Октябрь,10,04.10.2024,"-1 800,00",ТК Черникова,Общее,[counterparty_903a43fe3c],,Оплата поставщикам 
Октябрь,10,04.10.2024,"-12 800,00",ТК Черникова,Общее,[counterparty_552231dcd7],,Курьерская служба -
Октябрь,10,04.10.2024,"14 883,00",ТК Черникова,Клиенты-физ.лица,[counterparty_db1aef506b],,Поступление денег с торг. точек
Октябрь,10,05.10.2024,"-15 280,00",ТК Черникова,Общее,[counterparty_552231dcd7],,Курьерская служба -
Октябрь,10,05.10.2024,"34 445,00",ТК Черникова,Клиенты-физ.лица,[counterparty_db1aef506b],,Поступление денег с торг. точек
Октябрь,10,05.10.2024,"961,00",ТК Черникова,Клиенты-физ.лица,[counterparty_db1aef506b],,Поступление денег с торг. точек
Октябрь,10,06.10.2024,"-6 358,00",ТК Черникова,Общее,[counterparty_d7a35ccc36],,Оплата поставщикам 
Октябрь,10,06.10.2024,"-166,00",ТК Черникова,Общее,[counterparty_d7a35ccc36],,Расходы на питание персонала
Октябрь,10,06.10.2024,"-1 800,00",ТК Черникова,Общее,[counterparty_903a43fe3c],,Оплата поставщикам 
Октябрь,10,06.10.2024,"-13 380,00",ТК Черникова,Общее,[counterparty_552231dcd7],,Курьерская служба -
Октябрь,10,06.10.2024,"30 001,85",ТК Черникова,Клиенты-физ.лица,[counterparty_db1aef506b],,Поступление денег с торг. точек
Октябрь,10,03.10.2024,"134 550,00",Сейф,Корпоративные клиенты,[counterparty_d346fb5ae4],,Поступление денег с торг. точек
Октябрь,10,08.10.2024,"27 250,00",Сейф,Общее,,,Поступление — Перевод между счетами
Октябрь,10,08.10.2024,"15 765,00",Сейф,Общее,,,Поступление — Перевод между счетами
Октябрь,10,08.10.2024,"-166 469,00",Сейф,Общее,[counterparty_552231dcd7],,Зарплата производственного персонала
Октябрь,10,08.10.2024,"-7 000,00",Сейф,Общее,[counterparty_552231dcd7],,Зарплата административного персонала
Октябрь,10,07.10.2024,"-8 330,00",ТК Черникова,Общее,[counterparty_552231dcd7],,Курьерская служба -
Октябрь,10,07.10.2024,"19 779,00",ТК Черникова,Клиенты-физ.лица,[counterparty_db1aef506b],,Поступление денег с торг. точек
Октябрь,10,08.10.2024,"-9 400,00",ТК Черникова,Общее,[counterparty_552231dcd7],,Курьерская служба -
Октябрь,10,08.10.2024,"19 587,65",ТК Черникова,Клиенты-физ.лица,[counterparty_db1aef506b],,Поступление денег с торг. точек
Октябрь,10,08.10.2024,"-157,00",ТК Черникова,Общее,[counterparty_d7a35ccc36],,Расходы на питание персонала
Октябрь,10,08.10.2024,"-27 250,00",ТК Черникова,Общее,,,Выбытие — Перевод между счетами
Октябрь,10,08.10.2024,"-3 920,00",ТК Черникова,Общее,[counterparty_d7a35ccc36],,Оплата поставщикам 
Октябрь,10,01.10.2024,"252 219,00",Сбербанк,Общее,,,Поступление — Перевод между счетами
Октябрь,10,01.10.2024,"-252 219,00",Сбербанк,Общее,,,Выбытие — Перевод между счетами
Октябрь,10,02.10.2024,"100 000,00",Сбербанк,Общее,,,Поступление — Перевод между счетами
Октябрь,10,02.10.2024,"-15 485,57",Сбербанк,Общее,[counterparty_831a0f4ab6],,Оплаты по кредитам и займам
Октябрь,10,02.10.2024,"-2 973,43",Сбербанк,Общее,[counterparty_831a0f4ab6],,Оплаты по кредитам и займам
Октябрь,10,02.10.2024,"-60 000,00",Сбербанк,Общее,[counterparty_7e3a73c9be],,Зарплата административного персонала
Октябрь,10,07.10.2024,"92 692,00",Тинькофф,Клиенты-физ.лица,[counterparty_db1aef506b],,Поступление денег с торг. точек
Октябрь,10,07.10.2024,"-1 390,59",Тинькофф,Общее,[counterparty_831a0f4ab6],,Эквайринг
Октябрь,10,07.10.2024,"650,00",Тинькофф,Клиенты-физ.лица,[counterparty_db1aef506b],,Поступление денег с торг. точек
Октябрь,10,07.10.2024,"-2,60",Тинькофф,Общее,[counterparty_831a0f4ab6],,Эквайринг
Октябрь,10,07.10.2024,"1 080,00",Тинькофф,Клиенты-физ.лица,[counterparty_db1aef506b],,Поступление денег с торг. точек
Октябрь,10,07.10.2024,"-4,32",Тинькофф,Общее,[counterparty_831a0f4ab6],,Эквайринг
Октябрь,10,07.10.2024,"-249,99",Тинькофф,Общее,[counterparty_d7a35ccc36],,Расходы на питание персонала
Октябрь,10,07.10.2024,"-152,00",Тинькофф,Общее,[counterparty_d7a35ccc36],,Содержание торговых точек
Октябрь,10,08.10.2024,"58 418,00",Тинькофф,Клиенты-физ.лица,[counterparty_db1aef506b],,Поступление денег с торг. точек
Октябрь,10,08.10.2024,"-876,39",Тинькофф,Общее,[counterparty_831a0f4ab6],,Эквайринг
Октябрь,10,08.10.2024,"-15 765,00",Тинькофф,Общее,,,Выбытие — Перевод между счетами
Октябрь,10,08.10.2024,"1 410,15",Тинькофф,Клиенты-физ.лица,[counterparty_db1aef506b],,Поступление денег с торг. точек
Октябрь,10,08.10.2024,"-5,64",Тинькофф,Общее,[counterparty_831a0f4ab6],,Эквайринг
Октябрь,10,08.10.2024,"1 121,00",Тинькофф,Клиенты-физ.лица,[counterparty_db1aef506b],,Поступление денег с торг. точек
Октябрь,10,08.10.2024,"-4,48",Тинькофф,Общее,[counterparty_831a0f4ab6],,Эквайринг
Октябрь,10,08.10.2024,"-53 633,00",Тинькофф,Общее,[counterparty_e08d6e58b9],,Аренда торговых точек
Октябрь,10,08.10.2024,"-1 861,90",Тинькофф,Общее,[counterparty_d7a35ccc36],,Расходы на питание персонала
Октябрь,10,08.10.2024,"-724,87",Тинькофф,Общее,[counterparty_d7a35ccc36],,Содержание торговых точек
Октябрь,10,08.10.2024,"-7 914,83",Тинькофф,Общее,[counterparty_d7a35ccc36],,Оплата поставщикам 
Октябрь,10,07.10.2024,"35 855,26",Альфа,Клиенты-физ.лица,[counterparty_db1aef506b],,Поступление денег с торг. точек
Октябрь,10,07.10.2024,"-22,18",Альфа,Общее,[counterparty_831a0f4ab6],,Эквайринг
Октябрь,10,08.10.2024,"15 085,16",Альфа,Клиенты-физ.лица,[counterparty_db1aef506b],,Поступление денег с торг. точек
Октябрь,10,08.10.2024,"-19,40",Альфа,Общее,[counterparty_831a0f4ab6],,Эквайринг
Октябрь,10,02.10.2024,"-20 000,00",Сбербанк,Общее,[counterparty_41bef12399],,Зарплата административного персонала
Октябрь,10,09.10.2024,"-5 780,00",ТК Черникова,Общее,[counterparty_5ea766e786],,Оплата поставщикам 
Октябрь,10,09.10.2024,"-9 080,00",ТК Черникова,Общее,[counterparty_552231dcd7],,Курьерская служба -
Октябрь,10,09.10.2024,"17 624,00",ТК Черникова,Клиенты-физ.лица,[counterparty_db1aef506b],,Поступление денег с торг. точек
Октябрь,10,09.10.2024,"83 012,50",Тинькофф,Клиенты-физ.лица,[counterparty_db1aef506b],,Поступление денег с торг. точек
Октябрь,10,09.10.2024,"-1 245,34",Тинькофф,Общее,[counterparty_831a0f4ab6],,Эквайринг
Октябрь,10,09.10.2024,"-774,96",Тинькофф,Общее,[counterparty_d7a35ccc36],,Оплата поставщикам 
Октябрь,10,09.10.2024,"24 019,96",Альфа,Клиенты-физ.лица,[counterparty_db1aef506b],,Поступление денег с торг. точек
Октябрь,10,09.10.2024,"-30,29",Альфа,Общее,[counterparty_831a0f4ab6],,Эквайринг
Октябрь,10,11.10.2024,"7 500,00",Сейф,Общее,[counterparty_552231dcd7],[private_text_950d47ce28],Курьерская служба +
Октябрь,10,11.10.2024,"3 500,00",Сейф,Общее,[counterparty_552231dcd7],[private_text_6a898f287f],Курьерская служба +
Октябрь,10,11.10.2024,"5 000,00",ГарантФонд,Общее,[counterparty_552231dcd7],[private_text_e471162c05],Курьерская служба +
Октябрь,10,11.10.2024,"5 000,00",ГарантФонд,Общее,[counterparty_552231dcd7],[private_text_8ffff69cd9],Курьерская служба +
Октябрь,10,10.10.2024,"16 814,30",Альфа,Клиенты-физ.лица,[counterparty_db1aef506b],,Поступление денег с торг. точек
Октябрь,10,10.10.2024,"-299,00",Альфа,Общее,[counterparty_831a0f4ab6],,РКО
Октябрь,10,10.10.2024,"-39,79",Альфа,Общее,[counterparty_831a0f4ab6],,Эквайринг
Октябрь,10,10.10.2024,"-1 000,00",Сейф,Общее,[counterparty_00d169637c],,Таргетированная реклама
Октябрь,10,11.10.2024,"-6 000,00",Сейф,Общее,[counterparty_3f0fc87298],[private_text_13830ddd13],Покупка ОС
Октябрь,10,09.10.2024,"-1 800,00",ТК Черникова,Общее,[counterparty_903a43fe3c],,Оплата поставщикам 
Октябрь,10,10.10.2024,"-8 020,00",ТК Черникова,Общее,[counterparty_552231dcd7],,Курьерская служба -
Октябрь,10,10.10.2024,"8 164,20",ТК Черникова,Клиенты-физ.лица,[counterparty_db1aef506b],,Поступление денег с торг. точек
Октябрь,10,10.10.2024,"-8 461,00",ТК Черникова,Общее,[counterparty_d7a35ccc36],,Оплата поставщикам 
Октябрь,10,10.10.2024,"67 905,00",Тинькофф,Клиенты-физ.лица,[counterparty_db1aef506b],,Поступление денег с торг. точек
Октябрь,10,10.10.2024,"-1 018,73",Тинькофф,Общее,[counterparty_831a0f4ab6],,Эквайринг
Октябрь,10,10.10.2024,"-200 000,00",Тинькофф,Общее,,,Выбытие — Перевод между счетами
Октябрь,10,10.10.2024,"-1 184,00",Тинькофф,Общее,[counterparty_e3d41d1621],,Телекоммуникации
Октябрь,10,10.10.2024,"991,00",Тинькофф,Клиенты-физ.лица,[counterparty_db1aef506b],,Поступление денег с торг. точек
Октябрь,10,10.10.2024,"-3,96",Тинькофф,Общее,[counterparty_831a0f4ab6],,Эквайринг
Октябрь,10,10.10.2024,"1 189,00",Тинькофф,Клиенты-физ.лица,[counterparty_db1aef506b],,Поступление денег с торг. точек
Октябрь,10,10.10.2024,"-4,76",Тинькофф,Общее,[counterparty_831a0f4ab6],,Эквайринг
Октябрь,10,10.10.2024,"-4 214,82",Тинькофф,Общее,[counterparty_d7a35ccc36],,Оплата поставщикам 
Октябрь,10,10.10.2024,"-1 729,01",Тинькофф,Общее,[counterparty_d7a35ccc36],,Расходы на питание персонала
Октябрь,10,10.10.2024,"-491,96",Тинькофф,Общее,[counterparty_d7a35ccc36],,Содержание торговых точек
Октябрь,10,11.10.2024,"57 066,00",Тинькофф,Клиенты-физ.лица,[counterparty_db1aef506b],,Поступление денег с торг. точек
Октябрь,10,11.10.2024,"-856,12",Тинькофф,Общее,[counterparty_831a0f4ab6],,Эквайринг
Октябрь,10,11.10.2024,"1 079,00",Тинькофф,Клиенты-физ.лица,[counterparty_db1aef506b],,Поступление денег с торг. точек
Октябрь,10,11.10.2024,"-4,32",Тинькофф,Общее,[counterparty_831a0f4ab6],,Эквайринг
Октябрь,10,11.10.2024,"1 230,00",Тинькофф,Клиенты-физ.лица,[counterparty_db1aef506b],,Поступление денег с торг. точек
Октябрь,10,11.10.2024,"-4,92",Тинькофф,Общее,[counterparty_831a0f4ab6],,Эквайринг
Октябрь,10,12.10.2024,"136 624,65",Тинькофф,Клиенты-физ.лица,[counterparty_db1aef506b],,Поступление денег с торг. точек
Октябрь,10,12.10.2024,"-2 049,64",Тинькофф,Общее,[counterparty_831a0f4ab6],,Эквайринг
Октябрь,10,12.10.2024,"-22 628,69",Тинькофф,Общее,[counterparty_8e70032df8],,Оплата поставщикам 
Октябрь,10,12.10.2024,"-8 156,10",Тинькофф,Общее,[counterparty_b2323408fa],,Оплата поставщикам 
Октябрь,10,12.10.2024,"-5 553,90",Тинькофф,Общее,[counterparty_fb5384e8b9],,Оплата поставщикам 
Октябрь,10,12.10.2024,"-103 295,70",Тинькофф,Общее,[counterparty_dc430ed78e],,Оплата поставщикам 
Октябрь,10,12.10.2024,"-2 000,00",Тинькофф,Общее,[counterparty_00d169637c],,Таргетированная реклама
Октябрь,10,12.10.2024,"-198,00",Тинькофф,Общее,[counterparty_d7a35ccc36],[private_text_7e2735c431],Расходы на персонал
Октябрь,10,12.10.2024,"-754,20",Тинькофф,Общее,[counterparty_d7a35ccc36],[private_text_7e2735c431],Расходы на персонал
Октябрь,10,12.10.2024,"635,00",Тинькофф,Клиенты-физ.лица,[counterparty_db1aef506b],,Поступление денег с торг. точек
Октябрь,10,12.10.2024,"-2,54",Тинькофф,Общее,[counterparty_831a0f4ab6],,Эквайринг
Октябрь,10,12.10.2024,"470,00",Тинькофф,Клиенты-физ.лица,[counterparty_db1aef506b],,Поступление денег с торг. точек
Октябрь,10,12.10.2024,"-1,88",Тинькофф,Общее,[counterparty_831a0f4ab6],,Эквайринг
Октябрь,10,12.10.2024,"1 173,00",Тинькофф,Клиенты-физ.лица,[counterparty_db1aef506b],,Поступление денег с торг. точек
Октябрь,10,12.10.2024,"-4,69",Тинькофф,Общее,[counterparty_831a0f4ab6],,Эквайринг
Октябрь,10,12.10.2024,"-1 789,94",Тинькофф,Общее,[counterparty_d7a35ccc36],,Расходы на питание персонала
Октябрь,10,12.10.2024,"-2 339,80",Тинькофф,Общее,[counterparty_d7a35ccc36],,Оплата поставщикам 
Октябрь,10,12.10.2024,"-146,96",Тинькофф,Общее,[counterparty_d7a35ccc36],,Содержание торговых точек
Октябрь,10,13.10.2024,"-37 047,00",Тинькофф,Общее,[counterparty_c4e92b27e2],,Оплата поставщикам 
Октябрь,10,13.10.2024,"-12 885,00",Тинькофф,Общее,[counterparty_449fa47f79],,Оплаты систем автоматизации
Октябрь,10,13.10.2024,"-25 270,17",Тинькофф,Общее,[counterparty_19f4d4c15b],,Оплата поставщикам 
Октябрь,10,13.10.2024,"-2 000,00",Тинькофф,Общее,[counterparty_6d6a37d791],,Оплата поставщикам 
Октябрь,10,13.10.2024,"-53 121,40",Тинькофф,Общее,[counterparty_bb8cb2d348],,Оплата поставщикам 
Октябрь,10,13.10.2024,"-34 208,23",Тинькофф,Общее,[counterparty_fb5384e8b9],,Оплата поставщикам 
Октябрь,10,13.10.2024,"139 856,65",Тинькофф,Клиенты-физ.лица,[counterparty_db1aef506b],,Поступление денег с торг. точек
Октябрь,10,13.10.2024,"-2 098,09",Тинькофф,Общее,[counterparty_831a0f4ab6],,Эквайринг
Октябрь,10,13.10.2024,"-1 500,00",Тинькофф,Общее,[counterparty_00d169637c],,Таргетированная реклама
Октябрь,10,13.10.2024,"-746,46",Тинькофф,Общее,[counterparty_b2323408fa],,Оплата поставщикам 
Октябрь,10,13.10.2024,"-2 784,00",Тинькофф,Общее,[counterparty_b2323408fa],,Оплата поставщикам 
Октябрь,10,13.10.2024,"825,00",Тинькофф,Клиенты-физ.лица,[counterparty_db1aef506b],,Поступление денег с торг. точек
Октябрь,10,13.10.2024,"-3,30",Тинькофф,Общее,[counterparty_831a0f4ab6],,Эквайринг
Октябрь,10,13.10.2024,"4 454,00",Тинькофф,Клиенты-физ.лица,[counterparty_db1aef506b],,Поступление денег с торг. точек
Октябрь,10,13.10.2024,"-17,82",Тинькофф,Общее,[counterparty_831a0f4ab6],,Эквайринг
Октябрь,10,13.10.2024,"-1 014,00",Тинькофф,Общее,[counterparty_b2323408fa],,Оплата поставщикам 
Октябрь,10,11.10.2024,"23 854,02",Альфа,Клиенты-физ.лица,[counterparty_db1aef506b],,Поступление денег с торг. точек
Октябрь,10,11.10.2024,"-35,32",Альфа,Общее,[counterparty_831a0f4ab6],,Эквайринг
Октябрь,10,12.10.2024,"36 844,07",Альфа,Клиенты-физ.лица,[counterparty_db1aef506b],,Поступление денег с торг. точек
Октябрь,10,12.10.2024,"-75,14",Альфа,Общее,[counterparty_831a0f4ab6],,Эквайринг
Октябрь,10,13.10.2024,"23 248,89",Альфа,Клиенты-физ.лица,[counterparty_db1aef506b],,Поступление денег с торг. точек
Октябрь,10,13.10.2024,"-39,52",Альфа,Общее,[counterparty_831a0f4ab6],,Эквайринг
Октябрь,10,11.10.2024,"-1 097,70",ТК Черникова,Общее,,[private_text_04578d0546],Корретировки кассы -
Октябрь,10,11.10.2024,"-12 960,00",ТК Черникова,Общее,[counterparty_552231dcd7],,Курьерская служба -
Октябрь,10,11.10.2024,"23 225,00",ТК Черникова,Клиенты-физ.лица,[counterparty_db1aef506b],,Поступление денег с торг. точек
Октябрь,10,11.10.2024,"-8 412,32",ТК Черникова,Общее,[counterparty_d2a9714437],,Оплата поставщикам 
Октябрь,10,12.10.2024,"-161,00",ТК Черникова,Общее,[counterparty_d7a35ccc36],,Расходы на питание персонала
Октябрь,10,12.10.2024,"-3 152,00",ТК Черникова,Общее,[counterparty_d7a35ccc36],,Оплата поставщикам 
Октябрь,10,12.10.2024,"-239,96",ТК Черникова,Общее,[counterparty_d7a35ccc36],,Оплата поставщикам 
Октябрь,10,12.10.2024,"-1 800,00",ТК Черникова,Общее,[counterparty_903a43fe3c],,Оплата поставщикам 
Октябрь,10,12.10.2024,"-15 630,00",ТК Черникова,Общее,[counterparty_552231dcd7],,Курьерская служба -
Октябрь,10,12.10.2024,"39 345,00",ТК Черникова,Клиенты-физ.лица,[counterparty_db1aef506b],,Поступление денег с торг. точек
Октябрь,10,13.10.2024,"-12 580,00",ТК Черникова,Общее,[counterparty_552231dcd7],,Курьерская служба -
Октябрь,10,13.10.2024,"28 603,00",ТК Черникова,Клиенты-физ.лица,[counterparty_db1aef506b],,Поступление денег с торг. точек
Октябрь,10,14.10.2024,"-3 200,00",Сейф,Общее,[counterparty_416f60a5fd],[private_text_b059c52c4e],Расходы на персонал
Октябрь,10,14.10.2024,"-8 000,00",Сейф,Общее,[counterparty_416f60a5fd],[private_text_5ee9372e6f],Содержание торговых точек
Октябрь,10,14.10.2024,"34 500,00",Сейф,Общее,,,Поступление — Перевод между счетами
Октябрь,10,14.10.2024,"1 600,00",Сейф,Общее,[counterparty_3f0fc87298],[private_text_8b3c965ad0],Прочие поступления
Октябрь,10,15.10.2024,"1 500,00",Сейф,Общее,[counterparty_552231dcd7],[private_text_0702c2adc7],Курьерская служба +
Октябрь,10,15.10.2024,"3 050,00",Сейф,Общее,,,Поступление — Перевод между счетами
Октябрь,10,15.10.2024,"205 346,00",Сейф,Общее,,,Поступление — Перевод между счетами
Октябрь,10,15.10.2024,"-30 000,00",Сейф,Общее,[counterparty_552231dcd7],,Зарплата административного персонала
Октябрь,10,15.10.2024,"-15 000,00",Сейф,Общее,[counterparty_552231dcd7],,Содержание торговых точек
Октябрь,10,15.10.2024,"-7 500,00",Сейф,Общее,[counterparty_552231dcd7],,Содержание торговых точек
Октябрь,10,15.10.2024,"-34 000,00",Сейф,Общее,[counterparty_552231dcd7],,Зарплата административного персонала
Октябрь,10,15.10.2024,"-1 000,00",Сейф,Общее,[counterparty_d7a35ccc36],[private_text_e62bd7375b],Содержание торговых точек
Октябрь,10,15.10.2024,"-3 500,00",Сейф,Общее,[counterparty_335f3233c9],,Аренда торговых точек
Октябрь,10,15.10.2024,"-171 547,00",Сейф,Общее,[counterparty_552231dcd7],,Зарплата производственного персонала
Октябрь,10,14.10.2024,"11 200,00",Сейф,Общее,,,Поступление — Перевод между счетами
Октябрь,10,13.10.2024,"-198,00",Сейф,Общее,[counterparty_831a0f4ab6],,РКО
Октябрь,10,13.10.2024,"-200,00",Сейф,Общее,[counterparty_db1aef506b],[private_text_e865d1487d],Возвраты клиентам
Октябрь,10,10.10.2024,"200 000,00",Сбербанк,Общее,,,Поступление — Перевод между счетами
Октябрь,10,10.10.2024,"-100 000,00",Сбербанк,Общее,[counterparty_7e3a73c9be],,Дивиденды
Октябрь,10,10.10.2024,"-100 000,00",Сбербанк,Общее,[counterparty_41bef12399],,Дивиденды
Октябрь,10,11.10.2024,"-840,00",Сбербанк,Общее,[counterparty_831a0f4ab6],,РКО
Октябрь,10,15.10.2024,"205 346,00",Сбербанк,Общее,,,Поступление — Перевод между счетами
Октябрь,10,15.10.2024,"-205 346,00",Сбербанк,Общее,,,Выбытие — Перевод между счетами
Октябрь,10,14.10.2024,"-34 500,00",ТК Черникова,Общее,,,Выбытие — Перевод между счетами
Октябрь,10,14.10.2024,"-5 648,00",ТК Черникова,Общее,[counterparty_d7a35ccc36],,Оплата поставщикам 
Октябрь,10,14.10.2024,"-10 220,00",ТК Черникова,Общее,[counterparty_552231dcd7],,Курьерская служба -
Октябрь,10,14.10.2024,"15 081,00",ТК Черникова,Клиенты-физ.лица,[counterparty_db1aef506b],,Поступление денег с торг. точек
Октябрь,10,15.10.2024,"-3 050,00",ТК Черникова,Общее,,,Выбытие — Перевод между счетами
Октябрь,10,15.10.2024,"-8 800,00",ТК Черникова,Общее,[counterparty_552231dcd7],,Курьерская служба -
Октябрь,10,15.10.2024,"8 832,00",ТК Черникова,Клиенты-физ.лица,[counterparty_db1aef506b],,Поступление денег с торг. точек
Октябрь,10,14.10.2024,"19 756,91",Альфа,Клиенты-физ.лица,[counterparty_db1aef506b],,Поступление денег с торг. точек
Октябрь,10,14.10.2024,"-27,38",Альфа,Общее,[counterparty_831a0f4ab6],,Эквайринг
Октябрь,10,15.10.2024,"11 308,08",Альфа,Клиенты-физ.лица,[counterparty_db1aef506b],,Поступление денег с торг. точек
Октябрь,10,15.10.2024,"-14,58",Альфа,Общее,[counterparty_831a0f4ab6],,Эквайринг
Октябрь,10,14.10.2024,"86 926,50",Тинькофф,Клиенты-физ.лица,[counterparty_db1aef506b],,Поступление денег с торг. точек
Октябрь,10,14.10.2024,"-1 304,06",Тинькофф,Общее,[counterparty_831a0f4ab6],,Эквайринг
Октябрь,10,14.10.2024,"-5 000,00",Тинькофф,Общее,[counterparty_50d958815d],,Телекоммуникации
Октябрь,10,14.10.2024,"-11 200,00",Тинькофф,Общее,,,Выбытие — Перевод между счетами
Октябрь,10,14.10.2024,"-6 301,03",Тинькофф,Общее,[counterparty_d7a35ccc36],,Оплата поставщикам 
Октябрь,10,14.10.2024,"-21,98",Тинькофф,Общее,[counterparty_d7a35ccc36],,Содержание торговых точек
Октябрь,10,14.10.2024,"-1 706,98",Тинькофф,Общее,[counterparty_d7a35ccc36],,Расходы на питание персонала
Октябрь,10,15.10.2024,"81 331,20",Тинькофф,Клиенты-физ.лица,[counterparty_db1aef506b],,Поступление денег с торг. точек
Октябрь,10,15.10.2024,"-1 220,13",Тинькофф,Общее,[counterparty_831a0f4ab6],,Эквайринг
Октябрь,10,15.10.2024,"-205 346,00",Тинькофф,Общее,,,Выбытие — Перевод между счетами
Октябрь,10,15.10.2024,"782,00",Тинькофф,Клиенты-физ.лица,[counterparty_db1aef506b],,Поступление денег с торг. точек
Октябрь,10,15.10.2024,"-3,13",Тинькофф,Общее,[counterparty_831a0f4ab6],,Эквайринг
Октябрь,10,16.10.2024,"-5 135,00",ТК Черникова,Общее,[counterparty_d7a35ccc36],,Оплата поставщикам 
Октябрь,10,16.10.2024,"-8 600,00",ТК Черникова,Общее,[counterparty_552231dcd7],,Курьерская служба -
Октябрь,10,16.10.2024,"15 665,00",ТК Черникова,Клиенты-физ.лица,[counterparty_db1aef506b],,Поступление денег с торг. точек
Октябрь,10,14.10.2024,"-1 800,00",ТК Черникова,Общее,[counterparty_903a43fe3c],,Оплата поставщикам 
Октябрь,10,17.10.2024,"-2 000,00",ТК Черникова,Общее,[counterparty_903a43fe3c],,Оплата поставщикам 
Октябрь,10,17.10.2024,"-9 040,00",ТК Черникова,Общее,[counterparty_552231dcd7],,Курьерская служба -
Октябрь,10,17.10.2024,"10 125,00",ТК Черникова,Клиенты-физ.лица,[counterparty_db1aef506b],,Поступление денег с торг. точек
Октябрь,10,16.10.2024,"23 154,06",Альфа,Клиенты-физ.лица,[counterparty_db1aef506b],,Поступление денег с торг. точек
Октябрь,10,16.10.2024,"-25,81",Альфа,Общее,[counterparty_831a0f4ab6],,Эквайринг
Октябрь,10,17.10.2024,"14 209,31",Альфа,Клиенты-физ.лица,[counterparty_db1aef506b],,Поступление денег с торг. точек
Октябрь,10,17.10.2024,"-222 000,00",Альфа,Общее,,,Выбытие — Перевод между счетами
Октябрь,10,17.10.2024,"-16,44",Альфа,Общее,[counterparty_831a0f4ab6],,Эквайринг
Октябрь,10,16.10.2024,"82 267,15",Тинькофф,Клиенты-физ.лица,[counterparty_db1aef506b],,Поступление денег с торг. точек
Октябрь,10,16.10.2024,"-1 234,19",Тинькофф,Общее,[counterparty_831a0f4ab6],,Эквайринг
Октябрь,10,16.10.2024,"-145 000,00",Тинькофф,Общее,,,Выбытие — Перевод между счетами
Октябрь,10,16.10.2024,"1 104,00",Тинькофф,Клиенты-физ.лица,[counterparty_db1aef506b],,Поступление денег с торг. точек
Октябрь,10,16.10.2024,"-4,42",Тинькофф,Общее,[counterparty_831a0f4ab6],,Эквайринг
Октябрь,10,16.10.2024,"299,00",Тинькофф,Клиенты-физ.лица,[counterparty_db1aef506b],,Поступление денег с торг. точек
Октябрь,10,16.10.2024,"-1,20",Тинькофф,Общее,[counterparty_831a0f4ab6],,Эквайринг
Октябрь,10,16.10.2024,"1 436,00",Тинькофф,Клиенты-физ.лица,[counterparty_db1aef506b],,Поступление денег с торг. точек
Октябрь,10,16.10.2024,"-5,74",Тинькофф,Общее,[counterparty_831a0f4ab6],,Эквайринг
Октябрь,10,16.10.2024,"1 303,00",Тинькофф,Клиенты-физ.лица,[counterparty_db1aef506b],,Поступление денег с торг. точек
Октябрь,10,16.10.2024,"-5,21",Тинькофф,Общее,[counterparty_831a0f4ab6],,Эквайринг
Октябрь,10,16.10.2024,"-2 760,29",Тинькофф,Общее,[counterparty_d7a35ccc36],,Оплата поставщикам 
Октябрь,10,16.10.2024,"-2 010,79",Тинькофф,Общее,[counterparty_d7a35ccc36],,Расходы на питание персонала
Октябрь,10,16.10.2024,"-3 654,96",Тинькофф,Общее,[counterparty_d7a35ccc36],,Содержание торговых точек
Октябрь,10,16.10.2024,"-2 950,00",Тинькофф,Общее,[counterparty_b2323408fa],,Оплата поставщикам 
Октябрь,10,17.10.2024,"64 676,00",Тинькофф,Клиенты-физ.лица,[counterparty_db1aef506b],,Поступление денег с торг. точек
Октябрь,10,17.10.2024,"-970,27",Тинькофф,Общее,[counterparty_831a0f4ab6],,Эквайринг
Октябрь,10,17.10.2024,"222 000,00",Тинькофф,Общее,,,Поступление — Перевод между счетами
Октябрь,10,17.10.2024,"250,00",Тинькофф,Клиенты-физ.лица,[counterparty_db1aef506b],,Поступление денег с торг. точек
Октябрь,10,17.10.2024,"-1,00",Тинькофф,Общее,[counterparty_831a0f4ab6],,Эквайринг
Октябрь,10,17.10.2024,"-999,00",Тинькофф,Общее,[counterparty_d7a35ccc36],[private_text_10c7cb830d],Содержание офиса
Октябрь,10,17.10.2024,"-15,75",Тинькофф,Общее,[counterparty_d7a35ccc36],,Оплата поставщикам 
Октябрь,10,17.10.2024,"544,00",Тинькофф,Клиенты-физ.лица,[counterparty_db1aef506b],,Поступление денег с торг. точек
Октябрь,10,17.10.2024,"-2,18",Тинькофф,Общее,[counterparty_831a0f4ab6],,Эквайринг
Октябрь,10,17.10.2024,"620,00",Тинькофф,Клиенты-физ.лица,[counterparty_db1aef506b],,Поступление денег с торг. точек
Октябрь,10,17.10.2024,"-2,48",Тинькофф,Общее,[counterparty_831a0f4ab6],,Эквайринг
Октябрь,10,17.10.2024,"1 149,00",Тинькофф,Клиенты-физ.лица,[counterparty_db1aef506b],,Поступление денег с торг. точек
Октябрь,10,17.10.2024,"-4,60",Тинькофф,Общее,[counterparty_831a0f4ab6],,Эквайринг
Октябрь,10,18.10.2024,"28 655,65",Альфа,Клиенты-физ.лица,[counterparty_db1aef506b],,Поступление денег с торг. точек
Октябрь,10,18.10.2024,"-58,37",Альфа,Общее,[counterparty_831a0f4ab6],,Эквайринг
Октябрь,10,19.10.2024,"29 888,44",Альфа,Клиенты-физ.лица,[counterparty_db1aef506b],,Поступление денег с торг. точек
Октябрь,10,19.10.2024,"-28,68",Альфа,Общее,[counterparty_831a0f4ab6],,Эквайринг
Октябрь,10,20.10.2024,"24 866,80",Альфа,Клиенты-физ.лица,[counterparty_db1aef506b],,Поступление денег с торг. точек
Октябрь,10,20.10.2024,"-12,55",Альфа,Общее,[counterparty_831a0f4ab6],,Эквайринг
Октябрь,10,18.10.2024,"-6 307,00",ТК Черникова,Общее,[counterparty_d7a35ccc36],,Оплата поставщикам 
Октябрь,10,18.10.2024,"-6,52",ТК Черникова,Общее,,,Корретировки кассы -
Октябрь,10,18.10.2024,"22 876,00",ТК Черникова,Клиенты-физ.лица,[counterparty_db1aef506b],,Поступление денег с торг. точек
Октябрь,10,18.10.2024,"-15 500,00",ТК Черникова,Общее,[counterparty_552231dcd7],,Курьерская служба -
Октябрь,10,19.10.2024,"-13 640,00",ТК Черникова,Общее,[counterparty_552231dcd7],,Курьерская служба -
Октябрь,10,19.10.2024,"29 795,00",ТК Черникова,Клиенты-физ.лица,[counterparty_db1aef506b],,Поступление денег с торг. точек
Октябрь,10,20.10.2024,"-5 545,00",ТК Черникова,Общее,[counterparty_d7a35ccc36],,Оплата поставщикам 
Октябрь,10,20.10.2024,"-170,00",ТК Черникова,Общее,[counterparty_d7a35ccc36],,Расходы на питание персонала
Октябрь,10,20.10.2024,"-12 280,00",ТК Черникова,Общее,[counterparty_552231dcd7],,Курьерская служба -
Октябрь,10,20.10.2024,"21 025,00",ТК Черникова,Клиенты-физ.лица,[counterparty_db1aef506b],,Поступление денег с торг. точек
Октябрь,10,18.10.2024,"76 130,00",Тинькофф,Клиенты-физ.лица,[counterparty_db1aef506b],,Поступление денег с торг. точек
Октябрь,10,18.10.2024,"-1 142,15",Тинькофф,Общее,[counterparty_831a0f4ab6],,Эквайринг
Октябрь,10,18.10.2024,"899,00",Тинькофф,Клиенты-физ.лица,[counterparty_db1aef506b],,Поступление денег с торг. точек
Октябрь,10,18.10.2024,"-3,60",Тинькофф,Общее,[counterparty_831a0f4ab6],,Эквайринг
Октябрь,10,18.10.2024,"-48,58",Тинькофф,Общее,[counterparty_d7a35ccc36],,Содержание торговых точек
Октябрь,10,18.10.2024,"-1 440,07",Тинькофф,Общее,[counterparty_d7a35ccc36],,Расходы на питание персонала
Октябрь,10,18.10.2024,"-2 511,79",Тинькофф,Общее,[counterparty_d7a35ccc36],,Оплата поставщикам 
Октябрь,10,19.10.2024,"-4 199,85",Тинькофф,Общее,[counterparty_fb5384e8b9],,Оплата поставщикам 
Октябрь,10,19.10.2024,"148 716,75",Тинькофф,Клиенты-физ.лица,[counterparty_db1aef506b],,Поступление денег с торг. точек
Октябрь,10,19.10.2024,"-2 231,03",Тинькофф,Общее,[counterparty_831a0f4ab6],,Эквайринг
Октябрь,10,19.10.2024,"-25 405,75",Тинькофф,Общее,[counterparty_8e70032df8],,Оплата поставщикам 
Октябрь,10,19.10.2024,"-120 738,00",Тинькофф,Общее,[counterparty_dc430ed78e],,Оплата поставщикам 
Октябрь,10,19.10.2024,"218,00",Тинькофф,Клиенты-физ.лица,[counterparty_db1aef506b],,Поступление денег с торг. точек
Октябрь,10,19.10.2024,"-0,87",Тинькофф,Общее,[counterparty_831a0f4ab6],,Эквайринг
Октябрь,10,19.10.2024,"699,00",Тинькофф,Клиенты-физ.лица,[counterparty_db1aef506b],,Поступление денег с торг. точек
Октябрь,10,19.10.2024,"-2,80",Тинькофф,Общее,[counterparty_831a0f4ab6],,Эквайринг
Октябрь,10,20.10.2024,"-48 795,43",Тинькофф,Общее,[counterparty_bb8cb2d348],,Оплата поставщикам 
Октябрь,10,20.10.2024,"-58 133,57",Тинькофф,Общее,[counterparty_fb5384e8b9],,Оплата поставщикам 
Октябрь,10,20.10.2024,"-30 375,84",Тинькофф,Общее,[counterparty_19f4d4c15b],,Оплата поставщикам 
Октябрь,10,20.10.2024,"-24 926,00",Тинькофф,Общее,[counterparty_c4e92b27e2],,Оплата поставщикам 
Октябрь,10,20.10.2024,"140 920,15",Тинькофф,Клиенты-физ.лица,[counterparty_db1aef506b],,Поступление денег с торг. точек
Октябрь,10,20.10.2024,"-2 114,06",Тинькофф,Общее,[counterparty_831a0f4ab6],,Эквайринг
Октябрь,10,20.10.2024,"-3 540,92",Тинькофф,Общее,[counterparty_d7a35ccc36],,Оплата поставщикам 
Октябрь,10,20.10.2024,"-1 840,81",Тинькофф,Общее,[counterparty_d7a35ccc36],,Содержание торговых точек
Октябрь,10,20.10.2024,"-1 822,05",Тинькофф,Общее,[counterparty_d7a35ccc36],,Расходы на питание персонала
Октябрь,10,21.10.2024,"99 420,00",Тинькофф,Клиенты-физ.лица,[counterparty_db1aef506b],,Поступление денег с торг. точек
Октябрь,10,21.10.2024,"-1 491,50",Тинькофф,Общее,[counterparty_831a0f4ab6],,Эквайринг
Октябрь,10,21.10.2024,"591,00",Тинькофф,Клиенты-физ.лица,[counterparty_db1aef506b],,Поступление денег с торг. точек
Октябрь,10,21.10.2024,"-2,36",Тинькофф,Общее,[counterparty_831a0f4ab6],,Эквайринг
Октябрь,10,21.10.2024,"-16 874,13",Тинькофф,Общее,,,Выбытие — Перевод между счетами
Октябрь,10,21.10.2024,"1 119,00",Тинькофф,Клиенты-физ.лица,[counterparty_db1aef506b],,Поступление денег с торг. точек
Октябрь,10,21.10.2024,"-4,48",Тинькофф,Общее,[counterparty_831a0f4ab6],,Эквайринг
Октябрь,10,22.10.2024,"43 587,00",Тинькофф,Клиенты-физ.лица,[counterparty_db1aef506b],,Поступление денег с торг. точек
Октябрь,10,22.10.2024,"-653,87",Тинькофф,Общее,[counterparty_831a0f4ab6],,Эквайринг
Октябрь,10,22.10.2024,"-159 667,00",Тинькофф,Общее,,,Выбытие — Перевод между счетами
Октябрь,10,22.10.2024,"90,00",Тинькофф,Клиенты-физ.лица,[counterparty_db1aef506b],,Поступление денег с торг. точек
Октябрь,10,22.10.2024,"-0,36",Тинькофф,Общее,[counterparty_831a0f4ab6],,Эквайринг
Октябрь,10,22.10.2024,"-10 599,00",Тинькофф,Общее,[counterparty_4d6381bc7a],[private_text_41c2f509c4],Покупка ОС
Октябрь,10,22.10.2024,"-2 597,95",Тинькофф,Общее,[counterparty_d7a35ccc36],,Расходы на питание персонала
Октябрь,10,22.10.2024,"-650,50",Тинькофф,Общее,[counterparty_d7a35ccc36],,Содержание торговых точек
Октябрь,10,22.10.2024,"-419,95",Тинькофф,Общее,[counterparty_d7a35ccc36],,Оплата поставщикам 
Октябрь,10,21.10.2024,"22 195,66",Альфа,Клиенты-физ.лица,[counterparty_db1aef506b],,Поступление денег с торг. точек
Октябрь,10,22.10.2024,"7 175,96",Альфа,Клиенты-физ.лица,[counterparty_db1aef506b],,Поступление денег с торг. точек
Октябрь,10,16.10.2024,"145 000,00",Сбербанк,Общее,,,Поступление — Перевод между счетами
Октябрь,10,16.10.2024,"-145 000,00",Сбербанк,Общее,[counterparty_831a0f4ab6],,Оплаты по кредитам и займам
Октябрь,10,21.10.2024,"-1 051,04",Сбербанк,Общее,[counterparty_831a0f4ab6],,РКО
Октябрь,10,22.10.2024,"159 667,00",Сбербанк,Общее,,,Поступление — Перевод между счетами
Октябрь,10,22.10.2024,"-159 667,00",Сбербанк,Общее,,,Выбытие — Перевод между счетами
Октябрь,10,21.10.2024,"16 874,13",Сейф,Общее,,,Поступление — Перевод между счетами
Октябрь,10,21.10.2024,"-16 874,13",Сейф,Общее,[counterparty_e08d6e58b9],[private_text_0611a1b7ac],Аренда торговых точек
Октябрь,10,22.10.2024,"33 949,00",Сейф,Общее,,,Поступление — Перевод между счетами
Октябрь,10,22.10.2024,"159 667,00",Сейф,Общее,,,Поступление — Перевод между счетами
Октябрь,10,22.10.2024,"-170 238,00",Сейф,Общее,[counterparty_552231dcd7],,Зарплата производственного персонала
Октябрь,10,23.10.2024,"-1 000,00",Сейф,Общее,[counterparty_335f3233c9],,Аренда торговых точек
Октябрь,10,23.10.2024,"-12 289,32",Сейф,Общее,[counterparty_07485de87e],,Оплата поставщикам 
Октябрь,10,21.10.2024,"-6 040,00",ТК Черникова,Общее,[counterparty_552231dcd7],,Курьерская служба -
Октябрь,10,21.10.2024,"23 099,85",ТК Черникова,Клиенты-физ.лица,[counterparty_db1aef506b],,Поступление денег с торг. точек
Октябрь,10,22.10.2024,"-5 391,00",ТК Черникова,Общее,[counterparty_d7a35ccc36],,Оплата поставщикам 
Октябрь,10,22.10.2024,"-33 949,00",ТК Черникова,Общее,,,Выбытие — Перевод между счетами
Октябрь,10,22.10.2024,"-7 580,00",ТК Черникова,Общее,[counterparty_552231dcd7],,Курьерская служба -
Октябрь,10,22.10.2024,"4 479,00",ТК Черникова,Клиенты-физ.лица,[counterparty_db1aef506b],,Поступление денег с торг. точек
Октябрь,10,23.10.2024,"14 059,31",Альфа,Клиенты-физ.лица,[counterparty_db1aef506b],,Поступление денег с торг. точек
Октябрь,10,23.10.2024,"-21,26",Альфа,Общее,[counterparty_831a0f4ab6],,Эквайринг
Октябрь,10,23.10.2024,"-6 920,00",ТК Черникова,Общее,[counterparty_552231dcd7],,Курьерская служба -
Октябрь,10,23.10.2024,"16 590,00",ТК Черникова,Клиенты-физ.лица,[counterparty_db1aef506b],,Поступление денег с торг. точек
Октябрь,10,23.10.2024,"54 062,80",Тинькофф,Клиенты-физ.лица,[counterparty_db1aef506b],,Поступление денег с торг. точек
Октябрь,10,23.10.2024,"-811,05",Тинькофф,Общее,[counterparty_831a0f4ab6],,Эквайринг
Октябрь,10,23.10.2024,"-1 990,00",Тинькофф,Общее,[counterparty_831a0f4ab6],,РКО
Октябрь,10,23.10.2024,"-99,00",Тинькофф,Общее,[counterparty_831a0f4ab6],,РКО
Октябрь,10,23.10.2024,"-990,00",Тинькофф,Общее,[counterparty_831a0f4ab6],,РКО
Октябрь,10,23.10.2024,"-5 000,00",Тинькофф,Общее,[counterparty_50d958815d],,Телекоммуникации
Октябрь,10,23.10.2024,"-100,68",Тинькофф,Общее,[counterparty_682bbbb771],[private_text_77099d3e25],Налоги с з/п
Октябрь,10,23.10.2024,"-125,00",Тинькофф,Общее,[counterparty_d7a35ccc36],[private_text_21f938c4b5],Содержание офиса
Октябрь,10,23.10.2024,"-117,98",Тинькофф,Общее,[counterparty_d7a35ccc36],,Расходы на питание персонала
Октябрь,10,24.10.2024,"-3 500,00",Сейф,Общее,[counterparty_416f60a5fd],[private_text_b40e7deb2f],Содержание торговых точек
Октябрь,10,24.10.2024,"-7 820,00",ТК Черникова,Общее,[counterparty_552231dcd7],,Курьерская служба -
Октябрь,10,24.10.2024,"13 851,00",ТК Черникова,Клиенты-физ.лица,[counterparty_db1aef506b],,Поступление денег с торг. точек
Октябрь,10,24.10.2024,"-5 493,00",ТК Черникова,Общее,[counterparty_d7a35ccc36],,Оплата поставщикам 
Октябрь,10,24.10.2024,"21 151,20",Альфа,Клиенты-физ.лица,[counterparty_db1aef506b],,Поступление денег с торг. точек
Октябрь,10,24.10.2024,"-33,04",Альфа,Общее,[counterparty_831a0f4ab6],,Эквайринг
Октябрь,10,24.10.2024,"52 222,00",Тинькофф,Клиенты-физ.лица,[counterparty_db1aef506b],,Поступление денег с торг. точек
Октябрь,10,24.10.2024,"-783,44",Тинькофф,Общее,[counterparty_831a0f4ab6],,Эквайринг
Октябрь,10,24.10.2024,"-89 366,00",Тинькофф,Общее,,,Выбытие — Перевод между счетами
Октябрь,10,24.10.2024,"-5 000,00",Тинькофф,Общее,[counterparty_00d169637c],,Таргетированная реклама
Октябрь,10,24.10.2024,"1 088,00",Тинькофф,Клиенты-физ.лица,[counterparty_db1aef506b],,Поступление денег с торг. точек
Октябрь,10,24.10.2024,"-4,35",Тинькофф,Общее,[counterparty_831a0f4ab6],,Эквайринг
Октябрь,10,24.10.2024,"1 017,00",Тинькофф,Клиенты-физ.лица,[counterparty_db1aef506b],,Поступление денег с торг. точек
Октябрь,10,24.10.2024,"-4,07",Тинькофф,Общее,[counterparty_831a0f4ab6],,Эквайринг
Октябрь,10,24.10.2024,"-3 249,78",Тинькофф,Общее,[counterparty_d7a35ccc36],,Оплата поставщикам 
Октябрь,10,24.10.2024,"-13,99",Тинькофф,Общее,[counterparty_d7a35ccc36],,Содержание торговых точек
Октябрь,10,24.10.2024,"-1 929,75",Тинькофф,Общее,[counterparty_d7a35ccc36],,Расходы на питание персонала
Октябрь,10,24.10.2024,"-1 231,32",Тинькофф,Общее,[counterparty_d7a35ccc36],,Содержание торговых точек
Октябрь,10,25.10.2024,"56 054,50",Тинькофф,Клиенты-физ.лица,[counterparty_db1aef506b],,Поступление денег с торг. точек
Октябрь,10,25.10.2024,"-840,93",Тинькофф,Общее,[counterparty_831a0f4ab6],,Эквайринг
Октябрь,10,25.10.2024,"1 435,00",Тинькофф,Клиенты-физ.лица,[counterparty_db1aef506b],,Поступление денег с торг. точек
Октябрь,10,25.10.2024,"-5,74",Тинькофф,Общее,[counterparty_831a0f4ab6],,Эквайринг
Октябрь,10,25.10.2024,"1 631,00",Тинькофф,Клиенты-физ.лица,[counterparty_db1aef506b],,Поступление денег с торг. точек
Октябрь,10,25.10.2024,"-6,52",Тинькофф,Общее,[counterparty_831a0f4ab6],,Эквайринг
Октябрь,10,25.10.2024,"150,00",Тинькофф,Клиенты-физ.лица,[counterparty_db1aef506b],,Поступление денег с торг. точек
Октябрь,10,25.10.2024,"-0,60",Тинькофф,Общее,[counterparty_831a0f4ab6],,Эквайринг
Октябрь,10,25.10.2024,"1 362,00",Тинькофф,Клиенты-физ.лица,[counterparty_db1aef506b],,Поступление денег с торг. точек
Октябрь,10,25.10.2024,"-5,45",Тинькофф,Общее,[counterparty_831a0f4ab6],,Эквайринг
Октябрь,10,25.10.2024,"-5 550,00",Тинькофф,Общее,[counterparty_3f7ad1a68b],,Оплата поставщикам 
Октябрь,10,25.10.2024,"-42 307,46",Тинькофф,Общее,[counterparty_c4e92b27e2],,Оплата поставщикам 
Октябрь,10,25.10.2024,"-30 061,54",Тинькофф,Общее,[counterparty_8e70032df8],,Оплата поставщикам 
Октябрь,10,25.10.2024,"-54 372,41",Тинькофф,Общее,[counterparty_bb8cb2d348],,Оплата поставщикам 
Октябрь,10,25.10.2024,"-46 291,61",Тинькофф,Общее,[counterparty_fb5384e8b9],,Оплата поставщикам 
Октябрь,10,25.10.2024,"-9 501,26",Тинькофф,Общее,[counterparty_b2323408fa],,Оплата поставщикам 
Октябрь,10,25.10.2024,"-33 333,69",Тинькофф,Общее,[counterparty_19f4d4c15b],,Оплата поставщикам 
Октябрь,10,25.10.2024,"-123 705,00",Тинькофф,Общее,[counterparty_dc430ed78e],,Оплата поставщикам 
Октябрь,10,25.10.2024,"-4 178,25",Тинькофф,Общее,[counterparty_fb5384e8b9],,Оплата поставщикам 
Октябрь,10,25.10.2024,"-23 000,00",Тинькофф,Общее,[counterparty_7e3a73c9be],,Зарплата административного персонала
Октябрь,10,25.10.2024,"1 133,00",Тинькофф,Клиенты-физ.лица,[counterparty_db1aef506b],,Поступление денег с торг. точек
Октябрь,10,25.10.2024,"-4,53",Тинькофф,Общее,[counterparty_831a0f4ab6],,Эквайринг
Октябрь,10,25.10.2024,"660,00",Тинькофф,Клиенты-физ.лица,[counterparty_db1aef506b],,Поступление денег с торг. точек
Октябрь,10,25.10.2024,"-2,64",Тинькофф,Общее,[counterparty_831a0f4ab6],,Эквайринг
Октябрь,10,25.10.2024,"-296,00",Тинькофф,Общее,[counterparty_d7a35ccc36],[private_text_d833b17980],Оплата поставщикам 
Октябрь,10,25.10.2024,"-1 437,00",Тинькофф,Общее,[counterparty_b2323408fa],,Оплата поставщикам 
Октябрь,10,26.10.2024,"132 498,40",Тинькофф,Клиенты-физ.лица,[counterparty_db1aef506b],,Поступление денег с торг. точек
Октябрь,10,26.10.2024,"-1 987,76",Тинькофф,Общее,[counterparty_831a0f4ab6],,Эквайринг
Октябрь,10,26.10.2024,"1 095,00",Тинькофф,Клиенты-физ.лица,[counterparty_db1aef506b],,Поступление денег с торг. точек
Октябрь,10,26.10.2024,"-4,38",Тинькофф,Общее,[counterparty_831a0f4ab6],,Эквайринг
Октябрь,10,26.10.2024,"480,00",Тинькофф,Клиенты-физ.лица,[counterparty_db1aef506b],,Поступление денег с торг. точек
Октябрь,10,26.10.2024,"-1,92",Тинькофф,Общее,[counterparty_831a0f4ab6],,Эквайринг
Октябрь,10,26.10.2024,"-487,37",Тинькофф,Общее,[counterparty_d7a35ccc36],[private_text_7e2735c431],Расходы на персонал
Октябрь,10,26.10.2024,"-13,99",Тинькофф,Общее,[counterparty_d7a35ccc36],,Содержание торговых точек
Октябрь,10,26.10.2024,"-4 319,05",Тинькофф,Общее,[counterparty_d7a35ccc36],,Оплата поставщикам 
Октябрь,10,27.10.2024,"132 419,25",Тинькофф,Клиенты-физ.лица,[counterparty_db1aef506b],,Поступление денег с торг. точек
Октябрь,10,27.10.2024,"-1 986,57",Тинькофф,Общее,[counterparty_831a0f4ab6],,Эквайринг
Октябрь,10,27.10.2024,"482,00",Тинькофф,Клиенты-физ.лица,[counterparty_db1aef506b],,Поступление денег с торг. точек
Октябрь,10,27.10.2024,"-1,93",Тинькофф,Общее,[counterparty_831a0f4ab6],,Эквайринг
Октябрь,10,27.10.2024,"1 020,00",Тинькофф,Клиенты-физ.лица,[counterparty_db1aef506b],,Поступление денег с торг. точек
Октябрь,10,27.10.2024,"-4,08",Тинькофф,Общее,[counterparty_831a0f4ab6],,Эквайринг
Октябрь,10,25.10.2024,"15 787,09",Альфа,Клиенты-физ.лица,[counterparty_db1aef506b],,Поступление денег с торг. точек
Октябрь,10,25.10.2024,"-28,78",Альфа,Общее,[counterparty_831a0f4ab6],,Эквайринг
Октябрь,10,26.10.2024,"48 408,13",Альфа,Клиенты-физ.лица,[counterparty_db1aef506b],,Поступление денег с торг. точек
Октябрь,10,26.10.2024,"-59,51",Альфа,Общее,[counterparty_831a0f4ab6],,Эквайринг
Октябрь,10,27.10.2024,"33 353,96",Альфа,Клиенты-физ.лица,[counterparty_db1aef506b],,Поступление денег с торг. точек
Октябрь,10,27.10.2024,"-42,30",Альфа,Общее,[counterparty_831a0f4ab6],,Эквайринг
Октябрь,10,27.10.2024,"-1 000,00",Сейф,Общее,[counterparty_45d6b05c94],,Поиск и найм персонала
Октябрь,10,25.10.2024,"-3 952,83",ТК Черникова,Общее,[counterparty_d2a9714437],,Оплата поставщикам 
Октябрь,10,25.10.2024,"-7 221,00",ТК Черникова,Общее,[counterparty_5ea766e786],,Оплата поставщикам 
Октябрь,10,25.10.2024,"-54,85",ТК Черникова,Общее,,,Корретировки кассы -
Октябрь,10,25.10.2024,"-16 800,00",ТК Черникова,Общее,[counterparty_552231dcd7],,Курьерская служба -
Октябрь,10,25.10.2024,"42 334,00",ТК Черникова,Клиенты-физ.лица,[counterparty_db1aef506b],,Поступление денег с торг. точек
Октябрь,10,26.10.2024,"-5 333,00",ТК Черникова,Общее,[counterparty_d7a35ccc36],,Оплата поставщикам 
Октябрь,10,26.10.2024,"-188,00",ТК Черникова,Общее,[counterparty_d7a35ccc36],,Расходы на питание персонала
Октябрь,10,26.10.2024,"-16 580,00",ТК Черникова,Общее,[counterparty_552231dcd7],,Курьерская служба -
Октябрь,10,26.10.2024,"29 043,00",ТК Черникова,Клиенты-физ.лица,[counterparty_db1aef506b],,Поступление денег с торг. точек
Октябрь,10,27.10.2024,"-11 640,00",ТК Черникова,Общее,[counterparty_552231dcd7],,Курьерская служба -
Октябрь,10,27.10.2024,"23 588,00",ТК Черникова,Клиенты-физ.лица,[counterparty_db1aef506b],,Поступление денег с торг. точек
Октябрь,10,26.10.2024,"-2 092,56",Тинькофф,Общее,[counterparty_d7a35ccc36],,Расходы на питание персонала
Октябрь,10,28.10.2024,"22 847,41",Альфа,Клиенты-физ.лица,[counterparty_db1aef506b],,Поступление денег с торг. точек
Октябрь,10,28.10.2024,"-3,98",Альфа,Общее,[counterparty_831a0f4ab6],,Эквайринг
Октябрь,10,29.10.2024,"18 782,33",Альфа,Клиенты-физ.лица,[counterparty_db1aef506b],,Поступление денег с торг. точек
Октябрь,10,29.10.2024,"-26,09",Альфа,Общее,[counterparty_831a0f4ab6],,Эквайринг
Октябрь,10,24.10.2024,"89 366,00",Сбербанк,Общее,,,Поступление — Перевод между счетами
Октябрь,10,25.10.2024,"-89 366,00",Сбербанк,Общее,[counterparty_e08d6e58b9],,Аренда торговых точек
Октябрь,10,28.10.2024,"31 605,00",Сейф,Общее,,,Поступление — Перевод между счетами
Октябрь,10,28.10.2024,"400,00",Сейф,Общее,,[private_text_432026812a],Прочие поступления
Октябрь,10,29.10.2024,"136 506,00",Сейф,Общее,,,Поступление — Перевод между счетами
Октябрь,10,29.10.2024,"-159 854,00",Сейф,Общее,[counterparty_552231dcd7],,Зарплата производственного персонала
Октябрь,10,29.10.2024,"-6 751,35",Сейф,Общее,[counterparty_5ea766e786],,Оплата поставщикам 
Октябрь,10,28.10.2024,"-31 605,00",ТК Черникова,Общее,,,Выбытие — Перевод между счетами
Октябрь,10,28.10.2024,"-7 306,00",ТК Черникова,Общее,[counterparty_d7a35ccc36],,Оплата поставщикам 
Октябрь,10,28.10.2024,"-9 180,00",ТК Черникова,Общее,[counterparty_552231dcd7],,Курьерская служба -
Октябрь,10,28.10.2024,"7 929,00",ТК Черникова,Клиенты-физ.лица,[counterparty_db1aef506b],,Поступление денег с торг. точек
Октябрь,10,27.10.2024,"-400,00",ТК Черникова,Общее,[counterparty_3f0fc87298],[private_text_f8cc154c4b],Содержание торговых точек
Октябрь,10,26.10.2024,"-1 000,00",ТК Черникова,Общее,[counterparty_552231dcd7],,Содержание торговых точек
Октябрь,10,29.10.2024,"-8 780,00",ТК Черникова,Общее,[counterparty_552231dcd7],,Курьерская служба -
Октябрь,10,29.10.2024,"13 270,00",ТК Черникова,Клиенты-физ.лица,[counterparty_db1aef506b],,Поступление денег с торг. точек
Октябрь,10,28.10.2024,"94 036,30",Тинькофф,Клиенты-физ.лица,[counterparty_db1aef506b],,Поступление денег с торг. точек
Октябрь,10,28.10.2024,"-1 410,72",Тинькофф,Общее,[counterparty_831a0f4ab6],,Эквайринг
Октябрь,10,28.10.2024,"-100 000,00",Тинькофф,Общее,[counterparty_e08d6e58b9],,Аренда торговых точек
Октябрь,10,28.10.2024,"1 055,00",Тинькофф,Клиенты-физ.лица,[counterparty_db1aef506b],,Поступление денег с торг. точек
Октябрь,10,28.10.2024,"-4,22",Тинькофф,Общее,[counterparty_831a0f4ab6],,Эквайринг
Октябрь,10,28.10.2024,"-1 543,94",Тинькофф,Общее,[counterparty_d7a35ccc36],,Содержание торговых точек
Октябрь,10,28.10.2024,"-2 464,03",Тинькофф,Общее,[counterparty_d7a35ccc36],,Расходы на питание персонала
Октябрь,10,28.10.2024,"-4 221,92",Тинькофф,Общее,[counterparty_d7a35ccc36],,Оплата поставщикам 
Октябрь,10,29.10.2024,"66 746,00",Тинькофф,Клиенты-физ.лица,[counterparty_db1aef506b],,Поступление денег с торг. точек
Октябрь,10,29.10.2024,"-1 001,34",Тинькофф,Общее,[counterparty_831a0f4ab6],,Эквайринг
Октябрь,10,29.10.2024,"-136 506,00",Тинькофф,Общее,,,Выбытие — Перевод между счетами
Октябрь,10,29.10.2024,"-3,00",Тинькофф,Общее,[counterparty_d7a35ccc36],,Содержание торговых точек
Октябрь,10,29.10.2024,"-15 000,00",Тинькофф,Общее,[counterparty_3f0fc87298],,Услуги ФД и НК
Октябрь,10,29.10.2024,"-40 000,00",Тинькофф,Общее,[counterparty_347b901ee4],,Контекстная реклама
Октябрь,10,29.10.2024,"-10 000,00",Тинькофф,Общее,[counterparty_a8c88d8a2c],,SEO-оптимизация
Октябрь,10,29.10.2024,"921,00",Тинькофф,Клиенты-физ.лица,[counterparty_db1aef506b],,Поступление денег с торг. точек
Октябрь,10,29.10.2024,"-3,68",Тинькофф,Общее,[counterparty_831a0f4ab6],,Эквайринг
Октябрь,10,30.10.2024,"-400,00",Сейф,Общее,[counterparty_3f0fc87298],,Содержание торговых точек
Октябрь,10,30.10.2024,"-200,00",ТК Черникова,Общее,[counterparty_d7a35ccc36],,Расходы на питание персонала
Октябрь,10,30.10.2024,"-4 556,00",ТК Черникова,Общее,[counterparty_d7a35ccc36],,Оплата поставщикам 
Октябрь,10,30.10.2024,"-9 600,00",ТК Черникова,Общее,[counterparty_552231dcd7],,Курьерская служба -
Октябрь,10,30.10.2024,"11 808,50",ТК Черникова,Клиенты-физ.лица,[counterparty_db1aef506b],,Поступление денег с торг. точек
Октябрь,10,30.10.2024,"13 928,10",Альфа,Клиенты-физ.лица,[counterparty_db1aef506b],,Поступление денег с торг. точек
Октябрь,10,30.10.2024,"-8,79",Альфа,Общее,[counterparty_831a0f4ab6],,Эквайринг
Октябрь,10,30.10.2024,"72 796,00",Тинькофф,Клиенты-физ.лица,[counterparty_db1aef506b],,Поступление денег с торг. точек
Октябрь,10,30.10.2024,"-1 092,08",Тинькофф,Общее,[counterparty_831a0f4ab6],,Эквайринг
Октябрь,10,30.10.2024,"-713,99",Тинькофф,Общее,[counterparty_d7a35ccc36],,Содержание торговых точек
Октябрь,10,30.10.2024,"-2 276,07",Тинькофф,Общее,[counterparty_d7a35ccc36],,Расходы на питание персонала
Октябрь,10,30.10.2024,"-4 612,30",Тинькофф,Общее,[counterparty_d7a35ccc36],,Оплата поставщикам 
Ноябрь,11,01.11.2024,"1 500,00",Сейф,Общее,[counterparty_552231dcd7],[private_text_0702c2adc7],Прочие поступления
Ноябрь,11,01.11.2024,"1 000,00",Сейф,Общее,[counterparty_552231dcd7],[private_text_bd5da95c1c],Прочие поступления
Октябрь,10,31.10.2024,"-9 040,00",ТК Черникова,Общее,[counterparty_552231dcd7],,Курьерская служба -
Октябрь,10,31.10.2024,"13 571,00",ТК Черникова,Клиенты-физ.лица,[counterparty_db1aef506b],,Поступление денег с торг. точек
Октябрь,10,31.10.2024,"-66,67",ТК Черникова,Общее,,,Корретировки кассы -
Октябрь,10,31.10.2024,"22 338,43",Альфа,Клиенты-физ.лица,[counterparty_db1aef506b],,Поступление денег с торг. точек
Октябрь,10,31.10.2024,"-58,62",Альфа,Общее,[counterparty_831a0f4ab6],,Эквайринг
Октябрь,10,31.10.2024,"-600 000,00",Альфа,Общее,,,Выбытие — Перевод между счетами
Октябрь,10,31.10.2024,"600 000,00",Депозит Альфа,Общее,,,Поступление — Перевод между счетами
Октябрь,10,31.10.2024,"-747,10",Сбербанк,Общее,[counterparty_831a0f4ab6],,РКО
Ноябрь,11,01.11.2024,"-11 000,00",ГарантФонд,Общее,,,Выбытие — Перевод между счетами
Ноябрь,11,01.11.2024,"11 000,00",Сейф,Общее,,,Поступление — Перевод между счетами
Октябрь,10,31.10.2024,"71 617,55",Тинькофф,Клиенты-физ.лица,[counterparty_db1aef506b],,Поступление денег с торг. точек
Октябрь,10,31.10.2024,"-1 074,39",Тинькофф,Общее,[counterparty_831a0f4ab6],,Эквайринг
Октябрь,10,31.10.2024,"-5 000,00",Тинькофф,Общее,[counterparty_50d958815d],,Телекоммуникации
Ноябрь,11,01.11.2024,"17 211,30",Альфа,Клиенты-физ.лица,[counterparty_db1aef506b],,Поступление денег с торг. точек
Ноябрь,11,01.11.2024,"-140 000,00",Альфа,Общее,,,Выбытие — Перевод между счетами
Ноябрь,11,01.11.2024,"-17,62",Альфа,Общее,[counterparty_831a0f4ab6],,Эквайринг
Ноябрь,11,02.11.2024,"38 457,02",Альфа,Клиенты-физ.лица,[counterparty_db1aef506b],,Поступление денег с торг. точек
Ноябрь,11,02.11.2024,"-94,95",Альфа,Общее,[counterparty_831a0f4ab6],,Эквайринг
Ноябрь,11,03.11.2024,"14 397,51",Альфа,Клиенты-физ.лица,[counterparty_db1aef506b],,Поступление денег с торг. точек
Ноябрь,11,03.11.2024,"-14,93",Альфа,Общее,[counterparty_831a0f4ab6],,Эквайринг
Ноябрь,11,01.11.2024,"142 910,00",Сейф,Корпоративные клиенты,[counterparty_d346fb5ae4],,Поступление денег с торг. точек
Ноябрь,11,01.11.2024,"-1 500,00",Сейф,Общее,,,Выбытие — Перевод между счетами
Ноябрь,11,01.11.2024,"-6 500,00",Сейф,Общее,[counterparty_552231dcd7],,Содержание торговых точек
Ноябрь,11,01.11.2024,"-15 000,00",Сейф,Общее,[counterparty_552231dcd7],,Зарплата административного персонала
Ноябрь,11,01.11.2024,"-30 000,00",Сейф,Общее,[counterparty_552231dcd7],,Зарплата административного персонала
Ноябрь,11,01.11.2024,"-27 800,00",Сейф,Общее,[counterparty_552231dcd7],,Зарплата административного персонала
Ноябрь,11,01.11.2024,"-5 000,00",Сейф,Общее,[counterparty_e08d6e58b9],,Аренда склада
Ноябрь,11,02.11.2024,"-700,00",Сейф,Общее,[counterparty_3f0fc87298],[private_text_b40410bcbc],Содержание торговых точек
Ноябрь,11,02.11.2024,"10 000,00",Сейф,Общее,,,Поступление — Перевод между счетами
Ноябрь,11,01.11.2024,"1 500,00",ТК Черникова,Общее,,,Поступление — Перевод между счетами
Ноябрь,11,01.11.2024,"-7 753,00",ТК Черникова,Общее,[counterparty_d2a9714437],,Оплата поставщикам 
Ноябрь,11,01.11.2024,"-5 539,00",ТК Черникова,Общее,[counterparty_d7a35ccc36],,Оплата поставщикам 
Ноябрь,11,01.11.2024,"-13 820,00",ТК Черникова,Общее,[counterparty_552231dcd7],,Курьерская служба -
Ноябрь,11,01.11.2024,"29 948,20",ТК Черникова,Клиенты-физ.лица,[counterparty_db1aef506b],,Поступление денег с торг. точек
Ноябрь,11,01.11.2024,"-400,00",ТК Черникова,Общее,[counterparty_3f0fc87298],[private_text_2e2066632e],Содержание торговых точек
Ноябрь,11,02.11.2024,"-18 080,00",ТК Черникова,Общее,[counterparty_552231dcd7],,Курьерская служба -
Ноябрь,11,02.11.2024,"37 685,00",ТК Черникова,Клиенты-физ.лица,[counterparty_db1aef506b],,Поступление денег с торг. точек
Ноябрь,11,01.11.2024,"-2 185,06",Тинькофф,Общее,[counterparty_d7a35ccc36],,Оплата поставщикам 
Ноябрь,11,03.11.2024,"-15 520,00",ТК Черникова,Общее,[counterparty_552231dcd7],,Курьерская служба -
Ноябрь,11,03.11.2024,"28 244,15",ТК Черникова,Клиенты-физ.лица,[counterparty_db1aef506b],,Поступление денег с торг. точек
Ноябрь,11,01.11.2024,"78 166,00",Тинькофф,Клиенты-физ.лица,[counterparty_db1aef506b],,Поступление денег с торг. точек
Ноябрь,11,01.11.2024,"-1 172,66",Тинькофф,Общее,[counterparty_831a0f4ab6],,Эквайринг
Ноябрь,11,01.11.2024,"-1 850,00",Тинькофф,Общее,[counterparty_3f7ad1a68b],,Оплата поставщикам 
Ноябрь,11,01.11.2024,"-42 679,76",Тинькофф,Общее,[counterparty_c4e92b27e2],,Оплата поставщикам 
Ноябрь,11,01.11.2024,"-129 891,70",Тинькофф,Общее,[counterparty_dc430ed78e],,Оплата поставщикам 
Ноябрь,11,01.11.2024,"-31 895,35",Тинькофф,Общее,[counterparty_19f4d4c15b],,Оплата поставщикам 
Ноябрь,11,01.11.2024,"-4 252,50",Тинькофф,Общее,[counterparty_fb5384e8b9],,Оплата поставщикам 
Ноябрь,11,01.11.2024,"-28 000,00",Тинькофф,Общее,[counterparty_33844b2195],,Прочие маркетинговые услуги
Ноябрь,11,01.11.2024,"-53 237,52",Тинькофф,Общее,[counterparty_fb5384e8b9],,Оплата поставщикам 
Ноябрь,11,01.11.2024,"-25 584,20",Тинькофф,Общее,[counterparty_8e70032df8],,Оплата поставщикам 
Ноябрь,11,01.11.2024,"-53 256,54",Тинькофф,Общее,[counterparty_bb8cb2d348],,Оплата поставщикам 
Ноябрь,11,01.11.2024,"-100,00",Тинькофф,Общее,[counterparty_e895111a56],,Оплата поставщикам 
Ноябрь,11,01.11.2024,"2 947,00",Тинькофф,Клиенты-физ.лица,[counterparty_db1aef506b],,Поступление денег с торг. точек
Ноябрь,11,01.11.2024,"-11,79",Тинькофф,Общее,[counterparty_831a0f4ab6],,Эквайринг
Ноябрь,11,01.11.2024,"-4 000,00",Тинькофф,Общее,,,Выбытие — Перевод между счетами
Ноябрь,11,01.11.2024,"-11 000,00",Тинькофф,Общее,,,Выбытие — Перевод между счетами
Ноябрь,11,01.11.2024,"15 000,00",ГарантФонд,Общее,,,Поступление — Перевод между счетами
Ноябрь,11,01.11.2024,"140 000,00",Тинькофф,Общее,,,Поступление — Перевод между счетами
Ноябрь,11,01.11.2024,"-5 000,00",Тинькофф,Общее,[counterparty_3f0fc87298],[private_text_b40410bcbc],Содержание торговых точек
Ноябрь,11,01.11.2024,"1 172,00",Тинькофф,Клиенты-физ.лица,[counterparty_db1aef506b],,Поступление денег с торг. точек
Ноябрь,11,01.11.2024,"-4,69",Тинькофф,Общее,[counterparty_831a0f4ab6],,Эквайринг
Ноябрь,11,01.11.2024,"-1 484,98",Тинькофф,Общее,[counterparty_d7a35ccc36],,Содержание торговых точек
Ноябрь,11,03.11.2024,"-7 560,00",ТК Черникова,Общее,[counterparty_d7a35ccc36],,Оплата поставщикам 
Ноябрь,11,01.11.2024,"-1 942,01",Тинькофф,Общее,[counterparty_d7a35ccc36],,Расходы на питание персонала
Ноябрь,11,02.11.2024,"119 596,29",Тинькофф,Клиенты-физ.лица,[counterparty_db1aef506b],,Поступление денег с торг. точек
Ноябрь,11,02.11.2024,"-1 794,18",Тинькофф,Общее,[counterparty_831a0f4ab6],,Эквайринг
Ноябрь,11,02.11.2024,"-83 000,00",Тинькофф,Общее,,,Выбытие — Перевод между счетами
Ноябрь,11,02.11.2024,"-1 500,00",Тинькофф,Общее,,,Выбытие — Перевод между счетами
Ноябрь,11,02.11.2024,"-10 000,00",Тинькофф,Общее,,,Выбытие — Перевод между счетами
Ноябрь,11,02.11.2024,"-4 000,00",Тинькофф,Общее,[counterparty_3f0fc87298],[private_text_b40410bcbc],Содержание торговых точек
Ноябрь,11,02.11.2024,"492,00",Тинькофф,Клиенты-физ.лица,[counterparty_db1aef506b],,Поступление денег с торг. точек
Ноябрь,11,02.11.2024,"-1,97",Тинькофф,Общее,[counterparty_831a0f4ab6],,Эквайринг
Ноябрь,11,02.11.2024,"1 206,00",Тинькофф,Клиенты-физ.лица,[counterparty_db1aef506b],,Поступление денег с торг. точек
Ноябрь,11,02.11.2024,"-4,82",Тинькофф,Общее,[counterparty_831a0f4ab6],,Эквайринг
Ноябрь,11,02.11.2024,"1 015,00",Тинькофф,Клиенты-физ.лица,[counterparty_db1aef506b],,Поступление денег с торг. точек
Ноябрь,11,02.11.2024,"-4,06",Тинькофф,Общее,[counterparty_831a0f4ab6],,Эквайринг
Ноябрь,11,02.11.2024,"-20 000,00",Тинькофф,Общее,,,Выбытие — Перевод между счетами
Ноябрь,11,02.11.2024,"992,00",Тинькофф,Клиенты-физ.лица,[counterparty_db1aef506b],,Поступление денег с торг. точек
Ноябрь,11,02.11.2024,"-3,97",Тинькофф,Общее,[counterparty_831a0f4ab6],,Эквайринг
Ноябрь,11,02.11.2024,"280,00",Тинькофф,Клиенты-физ.лица,[counterparty_db1aef506b],,Поступление денег с торг. точек
Ноябрь,11,02.11.2024,"-1,12",Тинькофф,Общее,[counterparty_831a0f4ab6],,Эквайринг
Ноябрь,11,02.11.2024,"992,00",Тинькофф,Клиенты-физ.лица,[counterparty_db1aef506b],,Поступление денег с торг. точек
Ноябрь,11,02.11.2024,"-3,97",Тинькофф,Общее,[counterparty_831a0f4ab6],,Эквайринг
Ноябрь,11,03.11.2024,"178 102,00",Тинькофф,Клиенты-физ.лица,[counterparty_db1aef506b],,Поступление денег с торг. точек
Ноябрь,11,03.11.2024,"-2 671,89",Тинькофф,Общее,[counterparty_831a0f4ab6],,Эквайринг
Ноябрь,11,03.11.2024,"930,00",Тинькофф,Клиенты-физ.лица,[counterparty_db1aef506b],,Поступление денег с торг. точек
Ноябрь,11,03.11.2024,"-3,72",Тинькофф,Общее,[counterparty_831a0f4ab6],,Эквайринг
Ноябрь,11,03.11.2024,"863,00",Тинькофф,Клиенты-физ.лица,[counterparty_db1aef506b],,Поступление денег с торг. точек
Ноябрь,11,03.11.2024,"-3,45",Тинькофф,Общее,[counterparty_831a0f4ab6],,Эквайринг
Ноябрь,11,03.11.2024,"865,00",Тинькофф,Клиенты-физ.лица,[counterparty_db1aef506b],,Поступление денег с торг. точек
Ноябрь,11,03.11.2024,"-3,46",Тинькофф,Общее,[counterparty_831a0f4ab6],,Эквайринг
Ноябрь,11,03.11.2024,"-879,99",Тинькофф,Общее,[counterparty_d7a35ccc36],,Содержание торговых точек
Ноябрь,11,03.11.2024,"-4 394,14",Тинькофф,Общее,[counterparty_d7a35ccc36],,Расходы на питание персонала
Ноябрь,11,03.11.2024,"-4 380,61",Тинькофф,Общее,[counterparty_d7a35ccc36],,Оплата поставщикам 
Ноябрь,11,03.11.2024,"-127,00",Тинькофф,Общее,[counterparty_b2323408fa],,Оплата поставщикам 
Ноябрь,11,04.11.2024,"-8 990,00",Сейф,Общее,[counterparty_3a7bd3e236],[private_text_8f652a6d63],Сайт и приложение
Ноябрь,11,05.11.2024,"47 200,00",Сейф,Общее,,,Поступление — Перевод между счетами
Ноябрь,11,05.11.2024,"70 410,00",Сейф,Общее,,,Поступление — Перевод между счетами
Ноябрь,11,05.11.2024,"-1 500,00",Сейф,Общее,[counterparty_335f3233c9],,Аренда торговых точек
Ноябрь,11,05.11.2024,"-193 324,00",Сейф,Общее,[counterparty_552231dcd7],,Зарплата производственного персонала
Ноябрь,11,06.11.2024,"15 000,00",Сейф,Общее,,,Поступление — Перевод между счетами
Ноябрь,11,06.11.2024,"-700,00",Сейф,Общее,[counterparty_45d6b05c94],,Поиск и найм персонала
Ноябрь,11,06.11.2024,"-4 034,00",Сейф,Общее,[counterparty_3f0fc87298],[private_text_82c7d62832],Содержание торговых точек
Ноябрь,11,04.11.2024,"31 679,36",Альфа,Клиенты-физ.лица,[counterparty_db1aef506b],,Поступление денег с торг. точек
Ноябрь,11,04.11.2024,"-54,48",Альфа,Общее,[counterparty_831a0f4ab6],,Эквайринг
Ноябрь,11,05.11.2024,"25 671,50",Альфа,Клиенты-физ.лица,[counterparty_db1aef506b],,Поступление денег с торг. точек
Ноябрь,11,05.11.2024,"-9,02",Альфа,Общее,[counterparty_831a0f4ab6],,Эквайринг
Ноябрь,11,04.11.2024,"153 779,00",Тинькофф,Клиенты-физ.лица,[counterparty_db1aef506b],,Поступление денег с торг. точек
Ноябрь,11,04.11.2024,"-2 307,01",Тинькофф,Общее,[counterparty_831a0f4ab6],,Эквайринг
Ноябрь,11,04.11.2024,"500,00",Тинькофф,Клиенты-физ.лица,[counterparty_db1aef506b],,Поступление денег с торг. точек
Ноябрь,11,04.11.2024,"-2,00",Тинькофф,Общее,[counterparty_831a0f4ab6],,Эквайринг
Ноябрь,11,04.11.2024,"2 051,00",Тинькофф,Клиенты-физ.лица,[counterparty_db1aef506b],,Поступление денег с торг. точек
Ноябрь,11,04.11.2024,"-8,20",Тинькофф,Общее,[counterparty_831a0f4ab6],,Эквайринг
Ноябрь,11,05.11.2024,"102 186,50",Тинькофф,Клиенты-физ.лица,[counterparty_db1aef506b],,Поступление денег с торг. точек
Ноябрь,11,05.11.2024,"-1 533,02",Тинькофф,Общее,[counterparty_831a0f4ab6],,Эквайринг
Ноябрь,11,05.11.2024,"-70 410,00",Тинькофф,Общее,,,Выбытие — Перевод между счетами
Ноябрь,11,05.11.2024,"-17 152,00",Тинькофф,Общее,[counterparty_4d6381bc7a],[private_text_0e44a5299d],Покупка ОС
Ноябрь,11,05.11.2024,"922,00",Тинькофф,Клиенты-физ.лица,[counterparty_db1aef506b],,Поступление денег с торг. точек
Ноябрь,11,05.11.2024,"-3,69",Тинькофф,Общее,[counterparty_831a0f4ab6],,Эквайринг
Ноябрь,11,05.11.2024,"-17 814,00",Тинькофф,Общее,,,Выбытие — Перевод между счетами
Ноябрь,11,05.11.2024,"-3 820,00",Тинькофф,Общее,[counterparty_1c967c7874],,Комиссия агрегатору
Ноябрь,11,05.11.2024,"-99 588,00",Тинькофф,Общее,[counterparty_cb93f56848],,Сайт и приложение
Ноябрь,11,05.11.2024,"-2 692,00",Тинькофф,Общее,[counterparty_e08d6e58b9],[private_text_a2a443408b],Аренда торговых точек
Ноябрь,11,05.11.2024,"-15 000,00",Тинькофф,Общее,,,Выбытие — Перевод между счетами
Ноябрь,11,05.11.2024,"17 814,00",Накопительный фонд,Общее,,,Поступление — Перевод между счетами
Ноябрь,11,05.11.2024,"-6 000,00",Тинькофф,Общее,[counterparty_1c967c7874],,Комиссия агрегатору
Ноябрь,11,05.11.2024,"557,00",Тинькофф,Клиенты-физ.лица,[counterparty_db1aef506b],,Поступление денег с торг. точек
Ноябрь,11,05.11.2024,"-2,23",Тинькофф,Общее,[counterparty_831a0f4ab6],,Эквайринг
Ноябрь,11,05.11.2024,"-1 168,60",Тинькофф,Общее,[counterparty_d7a35ccc36],,Содержание торговых точек
Ноябрь,11,04.11.2024,"-6 032,00",ТК Черникова,Общее,[counterparty_5ea766e786],,Оплата поставщикам 
Ноябрь,11,05.11.2024,"-8 752,85",Тинькофф,Общее,[counterparty_d7a35ccc36],,Оплата поставщикам 
Ноябрь,11,05.11.2024,"-1 683,73",Тинькофф,Общее,[counterparty_d7a35ccc36],,Расходы на питание персонала
Ноябрь,11,05.11.2024,"-528,98",Тинькофф,Общее,[counterparty_d7a35ccc36],[private_text_7e2735c431],Расходы на персонал
Ноябрь,11,01.11.2024,"-1 500,00",Сбербанк,Общее,[counterparty_3f0fc87298],[private_text_0549dae8e7],Содержание торговых точек
Ноябрь,11,02.11.2024,"-1 876,29",Сбербанк,Общее,[counterparty_831a0f4ab6],,Оплаты по кредитам и займам
Ноябрь,11,02.11.2024,"-16 582,71",Сбербанк,Общее,[counterparty_831a0f4ab6],,Оплаты по кредитам и займам
Ноябрь,11,02.11.2024,"-20 000,00",Сбербанк,Общее,[counterparty_41bef12399],,Зарплата административного персонала
Ноябрь,11,02.11.2024,"-63 000,00",Сбербанк,Общее,[counterparty_7e3a73c9be],,Зарплата административного персонала
Ноябрь,11,02.11.2024,"1 500,00",Сбербанк,Общее,,,Поступление — Перевод между счетами
Ноябрь,11,02.11.2024,"20 000,00",Сбербанк,Общее,,,Поступление — Перевод между счетами
Ноябрь,11,02.11.2024,"83 000,00",Сбербанк,Общее,,,Поступление — Перевод между счетами
Ноябрь,11,05.11.2024,"70 410,00",Сбербанк,Общее,,,Поступление — Перевод между счетами
Ноябрь,11,05.11.2024,"-70 410,00",Сбербанк,Общее,,,Выбытие — Перевод между счетами
Ноябрь,11,04.11.2024,"-13 820,00",ТК Черникова,Общее,[counterparty_552231dcd7],,Курьерская служба -
Ноябрь,11,04.11.2024,"40 691,00",ТК Черникова,Клиенты-физ.лица,[counterparty_db1aef506b],,Поступление денег с торг. точек
Ноябрь,11,05.11.2024,"-619,00",Тинькофф,Общее,[counterparty_b2323408fa],,Оплата поставщикам 
Ноябрь,11,05.11.2024,"-47 200,00",ТК Черникова,Общее,,,Выбытие — Перевод между счетами
Ноябрь,11,05.11.2024,"-199,00",ТК Черникова,Общее,[counterparty_d7a35ccc36],,Расходы на питание персонала
Ноябрь,11,05.11.2024,"-7 334,00",ТК Черникова,Общее,[counterparty_d7a35ccc36],,Оплата поставщикам 
Ноябрь,11,05.11.2024,"-9 920,00",ТК Черникова,Общее,[counterparty_552231dcd7],,Курьерская служба -
Ноябрь,11,05.11.2024,"15 367,65",ТК Черникова,Клиенты-физ.лица,[counterparty_db1aef506b],,Поступление денег с торг. точек
Ноябрь,11,06.11.2024,"1 000,00",Сейф,Общее,[counterparty_552231dcd7],[private_text_5cf9bbdf93],Курьерская служба +
Ноябрь,11,06.11.2024,"500,00",Сейф,Общее,[counterparty_552231dcd7],[private_text_3b4beae063],Курьерская служба +
Ноябрь,11,06.11.2024,"500,00",Сейф,Общее,[counterparty_552231dcd7],[private_text_8c9cfffd70],Курьерская служба +
Ноябрь,11,06.11.2024,"20 959,68",Альфа,Клиенты-физ.лица,[counterparty_db1aef506b],,Поступление денег с торг. точек
Ноябрь,11,06.11.2024,"-6,24",Альфа,Общее,[counterparty_831a0f4ab6],,Эквайринг
Ноябрь,11,07.11.2024,"10 665,31",Альфа,Клиенты-физ.лица,[counterparty_db1aef506b],,Поступление денег с торг. точек
Ноябрь,11,07.11.2024,"-14,66",Альфа,Общее,[counterparty_831a0f4ab6],,Эквайринг
Ноябрь,11,06.11.2024,"-7 620,00",ТК Черникова,Общее,[counterparty_552231dcd7],,Курьерская служба -
Ноябрь,11,06.11.2024,"14 345,00",ТК Черникова,Клиенты-физ.лица,[counterparty_db1aef506b],,Поступление денег с торг. точек
Ноябрь,11,07.11.2024,"-6 960,00",ТК Черникова,Общее,[counterparty_552231dcd7],,Курьерская служба -
Ноябрь,11,07.11.2024,"11 292,00",ТК Черникова,Клиенты-физ.лица,[counterparty_db1aef506b],,Поступление денег с торг. точек
Ноябрь,11,07.11.2024,"-5 165,00",ТК Черникова,Общее,[counterparty_d7a35ccc36],,Оплата поставщикам 
Ноябрь,11,06.11.2024,"66 125,00",Тинькофф,Клиенты-физ.лица,[counterparty_db1aef506b],,Поступление денег с торг. точек
Ноябрь,11,06.11.2024,"-992,03",Тинькофф,Общее,[counterparty_831a0f4ab6],,Эквайринг
Ноябрь,11,06.11.2024,"-2 000,00",Тинькофф,Общее,,,Выбытие — Перевод между счетами
Ноябрь,11,06.11.2024,"2 000,00",ГарантФонд,Общее,,,Поступление — Перевод между счетами
Ноябрь,11,06.11.2024,"-95,00",Тинькофф,Общее,[counterparty_d7a35ccc36],,Содержание торговых точек
Ноябрь,11,06.11.2024,"-544,00",Тинькофф,Общее,[counterparty_d7a35ccc36],[private_text_e175f062f3],Содержание торговых точек
Ноябрь,11,07.11.2024,"61 856,55",Тинькофф,Клиенты-физ.лица,[counterparty_db1aef506b],,Поступление денег с торг. точек
Ноябрь,11,07.11.2024,"-927,97",Тинькофф,Общее,[counterparty_831a0f4ab6],,Эквайринг
Ноябрь,11,07.11.2024,"-4 000,00",Тинькофф,Общее,[counterparty_9147d41bbb],,Аренда торговых точек
Ноябрь,11,07.11.2024,"-789,19",Тинькофф,Общее,[counterparty_ecf3465a86],,Аренда торговых точек
Ноябрь,11,07.11.2024,"-3 421,13",Тинькофф,Общее,[counterparty_ecf3465a86],,Аренда торговых точек
Ноябрь,11,07.11.2024,"-5 200,00",Тинькофф,Общее,[counterparty_ab325eb126],,Оплаты систем автоматизации
Ноябрь,11,07.11.2024,"-3 000,00",Тинькофф,Общее,[counterparty_449fa47f79],[private_text_96578d295d],Оплаты систем автоматизации
Ноябрь,11,07.11.2024,"-1 000,00",Тинькофф,Общее,[counterparty_9147d41bbb],,Аренда торговых точек
Ноябрь,11,07.11.2024,"-6 900,00",Тинькофф,Общее,[counterparty_ab325eb126],,Оплаты систем автоматизации
Ноябрь,11,07.11.2024,"497,00",Тинькофф,Клиенты-физ.лица,[counterparty_db1aef506b],,Поступление денег с торг. точек
Ноябрь,11,07.11.2024,"-1,99",Тинькофф,Общее,[counterparty_831a0f4ab6],,Эквайринг
Ноябрь,11,07.11.2024,"-546,51",Тинькофф,Общее,[counterparty_b2323408fa],,Оплата поставщикам 
Ноябрь,11,07.11.2024,"-4 011,16",Тинькофф,Общее,[counterparty_d7a35ccc36],,Оплата поставщикам 
Ноябрь,11,07.11.2024,"-1 644,22",Тинькофф,Общее,[counterparty_d7a35ccc36],,Расходы на питание персонала
Ноябрь,11,07.11.2024,"-1 232,82",Тинькофф,Общее,[counterparty_d7a35ccc36],,Содержание торговых точек
Ноябрь,11,08.11.2024,"21 932,49",Альфа,Клиенты-физ.лица,[counterparty_db1aef506b],,Поступление денег с торг. точек
Ноябрь,11,08.11.2024,"-46,59",Альфа,Общее,[counterparty_831a0f4ab6],,Эквайринг
Ноябрь,11,09.11.2024,"30 728,97",Альфа,Клиенты-физ.лица,[counterparty_db1aef506b],,Поступление денег с торг. точек
Ноябрь,11,09.11.2024,"-87,65",Альфа,Общее,[counterparty_831a0f4ab6],,Эквайринг
Ноябрь,11,10.11.2024,"-299,00",Альфа,Общее,[counterparty_831a0f4ab6],,РКО
Ноябрь,11,10.11.2024,"35 068,40",Альфа,Клиенты-физ.лица,[counterparty_db1aef506b],,Поступление денег с торг. точек
Ноябрь,11,10.11.2024,"-17,70",Альфа,Общее,[counterparty_831a0f4ab6],,Эквайринг
Ноябрь,11,08.11.2024,"-4 044,04",ТК Черникова,Общее,[counterparty_d2a9714437],,Оплата поставщикам 
Ноябрь,11,08.11.2024,"-13 120,00",ТК Черникова,Общее,[counterparty_552231dcd7],,Курьерская служба -
Ноябрь,11,08.11.2024,"8 860,00",ТК Черникова,Клиенты-физ.лица,[counterparty_db1aef506b],,Поступление денег с торг. точек
Ноябрь,11,08.11.2024,"-7 331,85",Тинькофф,Общее,[counterparty_fb5384e8b9],,Оплата поставщикам 
Ноябрь,11,09.11.2024,"-14 040,00",ТК Черникова,Общее,[counterparty_552231dcd7],,Курьерская служба -
Ноябрь,11,09.11.2024,"28 351,00",ТК Черникова,Клиенты-физ.лица,[counterparty_db1aef506b],,Поступление денег с торг. точек
Ноябрь,11,10.11.2024,"-11 340,00",ТК Черникова,Общее,[counterparty_552231dcd7],,Курьерская служба -
Ноябрь,11,10.11.2024,"27 419,00",ТК Черникова,Клиенты-физ.лица,[counterparty_db1aef506b],,Поступление денег с торг. точек
Ноябрь,11,08.11.2024,"51 901,00",Тинькофф,Клиенты-физ.лица,[counterparty_db1aef506b],,Поступление денег с торг. точек
Ноябрь,11,08.11.2024,"-778,65",Тинькофф,Общее,[counterparty_831a0f4ab6],,Эквайринг
Ноябрь,11,08.11.2024,"-37,57",Тинькофф,Общее,[counterparty_682bbbb771],,Налоги с з/п
Ноябрь,11,08.11.2024,"-27 287,76",Тинькофф,Общее,[counterparty_8e70032df8],,Оплата поставщикам 
Ноябрь,11,08.11.2024,"-25 656,40",Тинькофф,Общее,[counterparty_c4e92b27e2],,Оплата поставщикам 
Ноябрь,11,08.11.2024,"-12 051,50",Тинькофф,Общее,[counterparty_b2323408fa],,Оплата поставщикам 
Ноябрь,11,08.11.2024,"-56 592,39",Тинькофф,Общее,[counterparty_fb5384e8b9],,Оплата поставщикам 
Ноябрь,11,08.11.2024,"-5 550,00",Тинькофф,Общее,[counterparty_3f7ad1a68b],,Оплата поставщикам 
Ноябрь,11,08.11.2024,"-30 887,93",Тинькофф,Общее,[counterparty_19f4d4c15b],,Оплата поставщикам 
Ноябрь,11,08.11.2024,"-120 735,00",Тинькофф,Общее,[counterparty_dc430ed78e],,Оплата поставщикам 
Ноябрь,11,08.11.2024,"-60 000,00",Тинькофф,Общее,[counterparty_bb8cb2d348],,Оплата поставщикам 
Ноябрь,11,09.11.2024,"-9 965,00",ТК Черникова,Общее,[counterparty_d7a35ccc36],,Оплата поставщикам 
Ноябрь,11,08.11.2024,"92,00",Тинькофф,Клиенты-физ.лица,[counterparty_db1aef506b],,Поступление денег с торг. точек
Ноябрь,11,08.11.2024,"-0,37",Тинькофф,Общее,[counterparty_831a0f4ab6],,Эквайринг
Ноябрь,11,08.11.2024,"1 462,00",Тинькофф,Клиенты-физ.лица,[counterparty_db1aef506b],,Поступление денег с торг. точек
Ноябрь,11,08.11.2024,"-5,85",Тинькофф,Общее,[counterparty_831a0f4ab6],,Эквайринг
Ноябрь,11,08.11.2024,"-5 000,00",Тинькофф,Общее,[counterparty_50d958815d],,Телекоммуникации
Ноябрь,11,09.11.2024,"133 196,05",Тинькофф,Клиенты-физ.лица,[counterparty_db1aef506b],,Поступление денег с торг. точек
Ноябрь,11,09.11.2024,"-1 998,20",Тинькофф,Общее,[counterparty_831a0f4ab6],,Эквайринг
Ноябрь,11,09.11.2024,"-180 000,00",Тинькофф,Общее,,,Выбытие — Перевод между счетами
Ноябрь,11,09.11.2024,"90,00",Тинькофф,Клиенты-физ.лица,[counterparty_db1aef506b],,Поступление денег с торг. точек
Ноябрь,11,09.11.2024,"-0,36",Тинькофф,Общее,[counterparty_831a0f4ab6],,Эквайринг
Ноябрь,11,09.11.2024,"-32,97",Тинькофф,Общее,[counterparty_d7a35ccc36],,Содержание торговых точек
Ноябрь,11,09.11.2024,"-1 744,52",Тинькофф,Общее,[counterparty_d7a35ccc36],,Расходы на питание персонала
Ноябрь,11,09.11.2024,"-3 780,66",Тинькофф,Общее,[counterparty_d7a35ccc36],,Оплата поставщикам 
Ноябрь,11,10.11.2024,"137 227,40",Тинькофф,Клиенты-физ.лица,[counterparty_db1aef506b],,Поступление денег с торг. точек
Ноябрь,11,10.11.2024,"-2 058,67",Тинькофф,Общее,[counterparty_831a0f4ab6],,Эквайринг
Ноябрь,11,10.11.2024,"10,00",Тинькофф,Клиенты-физ.лица,[counterparty_db1aef506b],,Поступление денег с торг. точек
Ноябрь,11,10.11.2024,"-0,04",Тинькофф,Общее,[counterparty_831a0f4ab6],,Эквайринг
Ноябрь,11,13.11.2024,"1 650,00",Сейф,Общее,[counterparty_552231dcd7],[private_text_727aeb723d],Курьерская служба +
Ноябрь,11,13.11.2024,"2 500,00",Сейф,Общее,[counterparty_552231dcd7],[private_text_5cf9bbdf93],Курьерская служба +
Ноябрь,11,13.11.2024,"500,00",Сейф,Общее,[counterparty_552231dcd7],[private_text_8c9cfffd70],Курьерская служба +
Ноябрь,11,13.11.2024,"500,00",Сейф,Общее,[counterparty_552231dcd7],[private_text_77a9b1e98b],Курьерская служба +
Ноябрь,11,13.11.2024,"1 000,00",Сейф,Общее,[counterparty_552231dcd7],[private_text_6087c6f3f7],Курьерская служба +
Ноябрь,11,13.11.2024,"1 500,00",Сейф,Общее,[counterparty_552231dcd7],[private_text_3b4beae063],Курьерская служба +
Ноябрь,11,12.11.2024,"-165 775,00",Сейф,Общее,[counterparty_552231dcd7],,Зарплата производственного персонала
Ноябрь,11,12.11.2024,"-1 500,00",Сейф,Общее,[counterparty_335f3233c9],,Аренда торговых точек
Ноябрь,11,12.11.2024,"18 950,00",Сейф,Общее,,,Поступление — Перевод между счетами
Ноябрь,11,12.11.2024,"248 000,00",Сейф,Общее,,,Поступление — Перевод между счетами
Ноябрь,11,13.11.2024,"-400,00",Сейф,Общее,[counterparty_3f0fc87298],[private_text_6da7e7bf34],Содержание офиса
Ноябрь,11,13.11.2024,"-3 000,00",Сейф,Общее,[counterparty_416f60a5fd],[private_text_3abc3042b4],Содержание торговых точек
Ноябрь,11,11.11.2024,"-5 428,00",ТК Черникова,Общее,[counterparty_d7a35ccc36],,Оплата поставщикам 
Ноябрь,11,11.11.2024,"-0,18",Тинькофф,Общее,[counterparty_b2323408fa],,Оплата поставщикам 
Ноябрь,11,11.11.2024,"-9 920,00",ТК Черникова,Общее,[counterparty_552231dcd7],,Курьерская служба -
Ноябрь,11,11.11.2024,"14 851,00",ТК Черникова,Клиенты-физ.лица,[counterparty_db1aef506b],,Поступление денег с торг. точек
Ноябрь,11,11.11.2024,"-1 455,00",Тинькофф,Общее,[counterparty_b2323408fa],,Оплата поставщикам 
Ноябрь,11,11.11.2024,"1 850,00",ТК Черникова,Общее,,,Поступление — Перевод между счетами
Ноябрь,11,11.11.2024,"-1 850,00",Тинькофф,Общее,,,Выбытие — Перевод между счетами
Ноябрь,11,11.11.2024,"-4 521,39",Тинькофф,Общее,[counterparty_d7a35ccc36],,Оплата поставщикам 
Ноябрь,11,12.11.2024,"-395,00",ТК Черникова,Общее,[counterparty_d7a35ccc36],,Содержание торговых точек
Ноябрь,11,12.11.2024,"-18 950,00",ТК Черникова,Общее,,,Выбытие — Перевод между счетами
Ноябрь,11,12.11.2024,"-7 500,00",ТК Черникова,Общее,[counterparty_552231dcd7],,Курьерская служба -
Ноябрь,11,12.11.2024,"15 928,00",ТК Черникова,Клиенты-физ.лица,[counterparty_db1aef506b],,Поступление денег с торг. точек
Ноябрь,11,11.11.2024,"23 607,54",Альфа,Клиенты-физ.лица,[counterparty_db1aef506b],,Поступление денег с торг. точек
Ноябрь,11,11.11.2024,"-12,68",Альфа,Общее,[counterparty_831a0f4ab6],,Эквайринг
Ноябрь,11,12.11.2024,"8 188,78",Альфа,Клиенты-физ.лица,[counterparty_db1aef506b],,Поступление денег с торг. точек
Ноябрь,11,12.11.2024,"-14,47",Альфа,Общее,[counterparty_831a0f4ab6],,Эквайринг
Ноябрь,11,12.11.2024,"-260 000,00",Альфа,Общее,,,Выбытие — Перевод между счетами
Ноябрь,11,11.11.2024,"87 607,00",Тинькофф,Клиенты-физ.лица,[counterparty_db1aef506b],,Поступление денег с торг. точек
Ноябрь,11,11.11.2024,"-1 314,28",Тинькофф,Общее,[counterparty_831a0f4ab6],,Эквайринг
Ноябрь,11,11.11.2024,"755,00",Тинькофф,Клиенты-физ.лица,[counterparty_db1aef506b],,Поступление денег с торг. точек
Ноябрь,11,11.11.2024,"-3,02",Тинькофф,Общее,[counterparty_831a0f4ab6],,Эквайринг
Ноябрь,11,11.11.2024,"-3 064,00",Тинькофф,Общее,[counterparty_e3d41d1621],,Телекоммуникации
Ноябрь,11,12.11.2024,"-5 400,00",ТК Черникова,Общее,[counterparty_5ea766e786],,Оплата поставщикам 
Ноябрь,11,11.11.2024,"-3 540,00",Тинькофф,Общее,[counterparty_449fa47f79],[private_text_96578d295d],Оплаты систем автоматизации
Ноябрь,11,11.11.2024,"-114 076,00",Тинькофф,Общее,[counterparty_682bbbb771],,Налоги
Ноябрь,11,11.11.2024,"1 599,00",Тинькофф,Клиенты-физ.лица,[counterparty_db1aef506b],,Поступление денег с торг. точек
Ноябрь,11,11.11.2024,"-6,40",Тинькофф,Общее,[counterparty_831a0f4ab6],,Эквайринг
Ноябрь,11,11.11.2024,"-203,96",Тинькофф,Общее,[counterparty_d7a35ccc36],,Содержание торговых точек
Ноябрь,11,11.11.2024,"-2 131,89",Тинькофф,Общее,[counterparty_d7a35ccc36],,Расходы на питание персонала
Ноябрь,11,12.11.2024,"-490,67",Тинькофф,Общее,[counterparty_d7a35ccc36],,Оплата поставщикам 
Ноябрь,11,13.11.2024,"-101 900,00",Сейф,Общее,[counterparty_81cfe2f35c],[private_text_3b0062b92a],Оплата поставщикам 
Ноябрь,11,12.11.2024,"85 453,05",Тинькофф,Клиенты-физ.лица,[counterparty_db1aef506b],,Поступление денег с торг. точек
Ноябрь,11,12.11.2024,"-1 281,94",Тинькофф,Общее,[counterparty_831a0f4ab6],,Эквайринг
Ноябрь,11,12.11.2024,"1 013,00",Тинькофф,Клиенты-физ.лица,[counterparty_db1aef506b],,Поступление денег с торг. точек
Ноябрь,11,12.11.2024,"-4,05",Тинькофф,Общее,[counterparty_831a0f4ab6],,Эквайринг
Ноябрь,11,12.11.2024,"-170,00",Тинькофф,Общее,[counterparty_d7a35ccc36],,Содержание торговых точек
Ноябрь,11,12.11.2024,"-101 900,00",Тинькофф,Общее,,,Выбытие — Перевод между счетами
Ноябрь,11,12.11.2024,"-165 722,00",Тинькофф,Общее,,,Выбытие — Перевод между счетами
Ноябрь,11,12.11.2024,"260 000,00",Тинькофф,Общее,,,Поступление — Перевод между счетами
Ноябрь,11,12.11.2024,"-600,00",Тинькофф,Общее,[counterparty_d7a35ccc36],,Содержание торговых точек
Ноябрь,11,12.11.2024,"1 151,00",Тинькофф,Клиенты-физ.лица,[counterparty_db1aef506b],,Поступление денег с торг. точек
Ноябрь,11,12.11.2024,"-4,60",Тинькофф,Общее,[counterparty_831a0f4ab6],,Эквайринг
Ноябрь,11,12.11.2024,"-13,98",Тинькофф,Общее,[counterparty_d7a35ccc36],,Содержание торговых точек
Ноябрь,11,13.11.2024,"-10 919,00",Сейф,Общее,[counterparty_81cfe2f35c],[private_text_3b0062b92a],Оплата поставщикам 
Ноябрь,11,12.11.2024,"1 051,00",Тинькофф,Клиенты-физ.лица,[counterparty_db1aef506b],,Поступление денег с торг. точек
Ноябрь,11,12.11.2024,"-4,20",Тинькофф,Общее,[counterparty_831a0f4ab6],,Эквайринг
Ноябрь,11,12.11.2024,"1 561,00",Тинькофф,Клиенты-физ.лица,[counterparty_db1aef506b],,Поступление денег с торг. точек
Ноябрь,11,12.11.2024,"-6,24",Тинькофф,Общее,[counterparty_831a0f4ab6],,Эквайринг
Ноябрь,11,14.11.2024,"-5 000,00",ГарантФонд,Общее,[counterparty_552231dcd7],[private_text_7954c94a51],Курьерская служба -
Ноябрь,11,13.11.2024,"10 680,42",Альфа,Клиенты-физ.лица,[counterparty_db1aef506b],,Поступление денег с торг. точек
Ноябрь,11,13.11.2024,"-8,70",Альфа,Общее,[counterparty_831a0f4ab6],,Эквайринг
Ноябрь,11,09.11.2024,"180 000,00",Сбербанк,Общее,,,Поступление — Перевод между счетами
Ноябрь,11,09.11.2024,"-90 000,00",Сбербанк,Общее,[counterparty_41bef12399],,Дивиденды
Ноябрь,11,09.11.2024,"-90 000,00",Сбербанк,Общее,[counterparty_7e3a73c9be],,Дивиденды
Ноябрь,11,11.11.2024,"-751,23",Сбербанк,Общее,[counterparty_831a0f4ab6],,РКО
Ноябрь,11,12.11.2024,"-248 000,00",Сбербанк,Общее,,,Выбытие — Перевод между счетами
Ноябрь,11,12.11.2024,"101 900,00",Сбербанк,Общее,,,Поступление — Перевод между счетами
Ноябрь,11,12.11.2024,"165 722,00",Сбербанк,Общее,,,Поступление — Перевод между счетами
Ноябрь,11,13.11.2024,"-9 240,00",ТК Черникова,Общее,[counterparty_552231dcd7],,Курьерская служба -
Ноябрь,11,13.11.2024,"12 832,00",ТК Черникова,Клиенты-физ.лица,[counterparty_db1aef506b],,Поступление денег с торг. точек
Ноябрь,11,13.11.2024,"-4 480,00",ТК Черникова,Общее,[counterparty_d7a35ccc36],,Оплата поставщикам 
Ноябрь,11,13.11.2024,"-300,00",ТК Черникова,Общее,[counterparty_3f0fc87298],[private_text_68181cc89d],Содержание торговых точек
Ноябрь,11,13.11.2024,"-2 945,00",Тинькофф,Общее,[counterparty_d7a35ccc36],[private_text_07df844b9a],Содержание торговых точек
Ноябрь,11,13.11.2024,"54 652,00",Тинькофф,Клиенты-физ.лица,[counterparty_db1aef506b],,Поступление денег с торг. точек
Ноябрь,11,13.11.2024,"-819,87",Тинькофф,Общее,[counterparty_831a0f4ab6],,Эквайринг
Ноябрь,11,13.11.2024,"-6 000,00",Тинькофф,Общее,,,Выбытие — Перевод между счетами
Ноябрь,11,13.11.2024,"4 113,00",Тинькофф,Общее,[counterparty_9147d41bbb],,Аренда торговых точек
Ноябрь,11,13.11.2024,"1 720,00",Тинькофф,Клиенты-физ.лица,[counterparty_db1aef506b],,Поступление денег с торг. точек
Ноябрь,11,13.11.2024,"-6,88",Тинькофф,Общее,[counterparty_831a0f4ab6],,Эквайринг
Ноябрь,11,13.11.2024,"6 000,00",ГарантФонд,Общее,,,Поступление — Перевод между счетами
Ноябрь,11,13.11.2024,"20,00",Тинькофф,Клиенты-физ.лица,[counterparty_db1aef506b],,Поступление денег с торг. точек
Ноябрь,11,13.11.2024,"-0,08",Тинькофф,Общее,[counterparty_831a0f4ab6],,Эквайринг
Ноябрь,11,13.11.2024,"1 587,00",Тинькофф,Клиенты-физ.лица,[counterparty_db1aef506b],,Поступление денег с торг. точек
Ноябрь,11,13.11.2024,"-6,35",Тинькофф,Общее,[counterparty_831a0f4ab6],,Эквайринг
Ноябрь,11,13.11.2024,"-3 827,26",Тинькофф,Общее,[counterparty_d7a35ccc36],,Оплата поставщикам 
Ноябрь,11,13.11.2024,"-178,98",Тинькофф,Общее,[counterparty_d7a35ccc36],,Содержание торговых точек
Ноябрь,11,13.11.2024,"-1 301,91",Тинькофф,Общее,[counterparty_d7a35ccc36],,Расходы на питание персонала
Ноябрь,11,13.11.2024,"-308,10",Тинькофф,Общее,[counterparty_b2323408fa],,Оплата поставщикам 
Ноябрь,11,14.11.2024,"57 837,00",Тинькофф,Клиенты-физ.лица,[counterparty_db1aef506b],,Поступление денег с торг. точек
Ноябрь,11,14.11.2024,"-867,67",Тинькофф,Общее,[counterparty_831a0f4ab6],,Эквайринг
Ноябрь,11,14.11.2024,"1,00",Тинькофф,Клиенты-физ.лица,[counterparty_db1aef506b],,Поступление денег с торг. точек
Ноябрь,11,14.11.2024,"-4 684,00",Тинькофф,Общее,[counterparty_d7a35ccc36],[private_text_38c55cba4e],Расходы на персонал
Ноябрь,11,14.11.2024,"-5 466,00",Тинькофф,Общее,[counterparty_3f0fc87298],[private_text_20485e722b],Содержание торговых точек
Ноябрь,11,14.11.2024,"1 612,00",Тинькофф,Клиенты-физ.лица,[counterparty_db1aef506b],,Поступление денег с торг. точек
Ноябрь,11,14.11.2024,"2 604,00",Тинькофф,Клиенты-физ.лица,[counterparty_db1aef506b],,Поступление денег с торг. точек
Ноябрь,11,14.11.2024,"942,00",Тинькофф,Клиенты-физ.лица,[counterparty_db1aef506b],,Поступление денег с торг. точек
Ноябрь,11,14.11.2024,"-6,45",Тинькофф,Общее,[counterparty_831a0f4ab6],,Эквайринг
Ноябрь,11,14.11.2024,"-10,42",Тинькофф,Общее,[counterparty_831a0f4ab6],,Эквайринг
Ноябрь,11,14.11.2024,"-3,77",Тинькофф,Общее,[counterparty_831a0f4ab6],,Эквайринг
Ноябрь,11,14.11.2024,"630,00",Тинькофф,Клиенты-физ.лица,[counterparty_db1aef506b],,Поступление денег с торг. точек
Ноябрь,11,14.11.2024,"-2,52",Тинькофф,Общее,[counterparty_831a0f4ab6],,Эквайринг
Ноябрь,11,14.11.2024,"1 099,00",Тинькофф,Клиенты-физ.лица,[counterparty_db1aef506b],,Поступление денег с торг. точек
Ноябрь,11,14.11.2024,"-4,40",Тинькофф,Общее,[counterparty_831a0f4ab6],,Эквайринг
Ноябрь,11,14.11.2024,"20 300,00",Сейф,Общее,,,Поступление — Перевод между счетами
Ноябрь,11,14.11.2024,"-5 000,00",Сейф,Общее,,,Выбытие — Перевод между счетами
Ноябрь,11,14.11.2024,"5 000,00",Тинькофф,Общее,,,Поступление — Перевод между счетами
Ноябрь,11,14.11.2024,"-266,00",Сейф,Общее,[counterparty_3f0fc87298],[private_text_82c7d62832],Содержание торговых точек
Ноябрь,11,14.11.2024,"-9 070,00",ТК Черникова,Общее,[counterparty_552231dcd7],,Курьерская служба -
Ноябрь,11,14.11.2024,"18 649,75",ТК Черникова,Клиенты-физ.лица,[counterparty_db1aef506b],,Поступление денег с торг. точек
Ноябрь,11,14.11.2024,"-2 400,00",ТК Черникова,Общее,[counterparty_552231dcd7],[private_text_0fbf8e1938],Зарплата производственного персонала
Ноябрь,11,14.11.2024,"17 511,95",Альфа,Клиенты-физ.лица,[counterparty_db1aef506b],,Поступление денег с торг. точек
Ноябрь,11,14.11.2024,"-37,66",Альфа,Общее,[counterparty_831a0f4ab6],,Эквайринг
Ноябрь,11,15.11.2024,"98 500,00",Сейф,Общее,,,Поступление — Перевод между счетами
Ноябрь,11,15.11.2024,"-15 000,00",Сейф,Общее,[counterparty_552231dcd7],[private_text_1a1a5bdea0],Содержание торговых точек
Ноябрь,11,15.11.2024,"-15 000,00",Сейф,Общее,[counterparty_552231dcd7],[private_text_5130524ce8],Зарплата административного персонала
Ноябрь,11,15.11.2024,"-35 000,00",Сейф,Общее,[counterparty_552231dcd7],[private_text_a2640e354e],Зарплата административного персонала
Ноябрь,11,15.11.2024,"-30 000,00",Сейф,Общее,[counterparty_552231dcd7],[private_text_ed8353ffe0],Зарплата административного персонала
Ноябрь,11,15.11.2024,"-2 500,00",Сейф,Общее,[counterparty_552231dcd7],[private_text_0fbf8e1938],Зарплата производственного персонала
Ноябрь,11,15.11.2024,"-3 500,00",Сейф,Общее,[counterparty_552231dcd7],[private_text_70a5b32f3c],Содержание торговых точек
Ноябрь,11,16.11.2024,"-12 100,00",Сейф,Общее,,,Выбытие — Перевод между счетами
Ноябрь,11,18.11.2024,"-1 500,00",Сейф,Общее,[counterparty_416f60a5fd],[private_text_367cc8b1cc],Содержание офиса
Ноябрь,11,18.11.2024,"-1 479,00",Сейф,Общее,[counterparty_db1aef506b],,Возвраты клиентам
Ноябрь,11,18.11.2024,"150,00",Сейф,Общее,[counterparty_3f0fc87298],[private_text_402b886a39],Прочие поступления
Ноябрь,11,15.11.2024,"-4 763,00",ТК Черникова,Общее,[counterparty_d2a9714437],,Оплата поставщикам 
Ноябрь,11,15.11.2024,"-4 471,35",ТК Черникова,Общее,[counterparty_5ea766e786],,Оплата поставщикам 
Ноябрь,11,15.11.2024,"-10 415,00",ТК Черникова,Общее,[counterparty_d7a35ccc36],,Оплата поставщикам 
Ноябрь,11,15.11.2024,"12,39",ТК Черникова,Общее,,,Корретировки кассы +
Ноябрь,11,15.11.2024,"-1 065,00",ТК Черникова,Общее,[counterparty_db1aef506b],,Возвраты клиентам
Ноябрь,11,15.11.2024,"-17 030,00",ТК Черникова,Общее,[counterparty_552231dcd7],,Курьерская служба -
Ноябрь,11,15.11.2024,"31 044,00",ТК Черникова,Клиенты-физ.лица,[counterparty_db1aef506b],,Поступление денег с торг. точек
Ноябрь,11,16.11.2024,"-2 500,00",ТК Черникова,Общее,[counterparty_552231dcd7],[private_text_0fbf8e1938],Зарплата производственного персонала
Ноябрь,11,16.11.2024,"12 100,00",ТК Черникова,Общее,,,Поступление — Перевод между счетами
Ноябрь,11,16.11.2024,"-16 400,00",ТК Черникова,Общее,[counterparty_552231dcd7],,Курьерская служба -
Ноябрь,11,16.11.2024,"36 847,00",ТК Черникова,Клиенты-физ.лица,[counterparty_db1aef506b],,Поступление денег с торг. точек
Ноябрь,11,17.11.2024,"-10 860,00",ТК Черникова,Общее,[counterparty_552231dcd7],,Курьерская служба -
Ноябрь,11,17.11.2024,"15 957,25",ТК Черникова,Клиенты-физ.лица,[counterparty_db1aef506b],,Поступление денег с торг. точек
Ноябрь,11,17.11.2024,"-1 800,00",ТК Черникова,Общее,[counterparty_552231dcd7],[private_text_0fbf8e1938],Зарплата производственного персонала
Ноябрь,11,15.11.2024,"-3 936,54",Тинькофф,Общее,[counterparty_d7a35ccc36],,Оплата поставщикам 
Ноябрь,11,17.11.2024,"-359,00",ТК Черникова,Общее,[counterparty_d7a35ccc36],,Расходы на питание персонала
Ноябрь,11,15.11.2024,"29 997,75",Альфа,Клиенты-физ.лица,[counterparty_db1aef506b],,Поступление денег с торг. точек
Ноябрь,11,15.11.2024,"-61,32",Альфа,Общее,[counterparty_831a0f4ab6],,Эквайринг
Ноябрь,11,16.11.2024,"37 651,66",Альфа,Клиенты-физ.лица,[counterparty_db1aef506b],,Поступление денег с торг. точек
Ноябрь,11,16.11.2024,"-57,60",Альфа,Общее,[counterparty_831a0f4ab6],,Эквайринг
Ноябрь,11,17.11.2024,"29 495,87",Альфа,Клиенты-физ.лица,[counterparty_db1aef506b],,Поступление денег с торг. точек
Ноябрь,11,17.11.2024,"-19,95",Альфа,Общее,[counterparty_831a0f4ab6],,Эквайринг
Ноябрь,11,15.11.2024,"61 851,00",Тинькофф,Клиенты-физ.лица,[counterparty_db1aef506b],,Поступление денег с торг. точек
Ноябрь,11,15.11.2024,"-927,87",Тинькофф,Общее,[counterparty_831a0f4ab6],,Эквайринг
Ноябрь,11,15.11.2024,"940,00",Тинькофф,Клиенты-физ.лица,[counterparty_db1aef506b],,Поступление денег с торг. точек
Ноябрь,11,15.11.2024,"-3,76",Тинькофф,Общее,[counterparty_831a0f4ab6],,Эквайринг
Ноябрь,11,15.11.2024,"3 389,00",Тинькофф,Клиенты-физ.лица,[counterparty_db1aef506b],,Поступление денег с торг. точек
Ноябрь,11,15.11.2024,"-13,56",Тинькофф,Общее,[counterparty_831a0f4ab6],,Эквайринг
Ноябрь,11,15.11.2024,"1 228,00",Тинькофф,Клиенты-физ.лица,[counterparty_db1aef506b],,Поступление денег с торг. точек
Ноябрь,11,15.11.2024,"-4,91",Тинькофф,Общее,[counterparty_831a0f4ab6],,Эквайринг
Ноябрь,11,15.11.2024,"-9 398,70",Тинькофф,Общее,[counterparty_fb5384e8b9],,Оплата поставщикам 
Ноябрь,11,15.11.2024,"-30 506,13",Тинькофф,Общее,[counterparty_19f4d4c15b],,Оплата поставщикам 
Ноябрь,11,15.11.2024,"-65 386,05",Тинькофф,Общее,[counterparty_fb5384e8b9],,Оплата поставщикам 
Ноябрь,11,15.11.2024,"-33 261,03",Тинькофф,Общее,[counterparty_bb8cb2d348],,Оплата поставщикам 
Ноябрь,11,15.11.2024,"-126 891,00",Тинькофф,Общее,[counterparty_dc430ed78e],,Оплата поставщикам 
Ноябрь,11,15.11.2024,"-31 260,80",Тинькофф,Общее,[counterparty_c4e92b27e2],,Оплата поставщикам 
Ноябрь,11,15.11.2024,"-5 550,00",Тинькофф,Общее,[counterparty_3f7ad1a68b],,Оплата поставщикам 
Ноябрь,11,15.11.2024,"-4 000,00",Тинькофф,Общее,[counterparty_9147d41bbb],,Аренда торговых точек
Ноябрь,11,15.11.2024,"-13 187,68",Тинькофф,Общее,[counterparty_b2323408fa],,Оплата поставщикам 
Ноябрь,11,15.11.2024,"-2 000,00",Тинькофф,Общее,[counterparty_6d6a37d791],,Оплата поставщикам 
Ноябрь,11,15.11.2024,"-29 346,56",Тинькофф,Общее,[counterparty_8e70032df8],,Оплата поставщикам 
Ноябрь,11,15.11.2024,"-98 500,00",Тинькофф,Общее,,,Выбытие — Перевод между счетами
Ноябрь,11,15.11.2024,"180,00",Тинькофф,Клиенты-физ.лица,[counterparty_db1aef506b],,Поступление денег с торг. точек
Ноябрь,11,15.11.2024,"-0,72",Тинькофф,Общее,[counterparty_831a0f4ab6],,Эквайринг
Ноябрь,11,15.11.2024,"-2 039,28",Тинькофф,Общее,[counterparty_d7a35ccc36],,Содержание торговых точек
Ноябрь,11,15.11.2024,"-2 182,97",Тинькофф,Общее,[counterparty_d7a35ccc36],,Расходы на питание персонала
Ноябрь,11,15.11.2024,"-546,51",Тинькофф,Общее,[counterparty_b2323408fa],,Оплата поставщикам 
Ноябрь,11,16.11.2024,"-179,97",Тинькофф,Общее,[counterparty_d7a35ccc36],,Оплата поставщикам 
Ноябрь,11,16.11.2024,"122 050,00",Тинькофф,Клиенты-физ.лица,[counterparty_db1aef506b],,Поступление денег с торг. точек
Ноябрь,11,16.11.2024,"-1 830,97",Тинькофф,Общее,[counterparty_831a0f4ab6],,Эквайринг
Ноябрь,11,16.11.2024,"-788,00",Тинькофф,Общее,[counterparty_d7a35ccc36],[private_text_7e2735c431],Расходы на персонал
Ноябрь,11,16.11.2024,"-145 000,00",Тинькофф,Общее,,,Выбытие — Перевод между счетами
Ноябрь,11,17.11.2024,"-6 506,00",ТК Черникова,Общее,[counterparty_d7a35ccc36],,Оплата поставщикам 
Ноябрь,11,16.11.2024,"1 099,00",Тинькофф,Клиенты-физ.лица,[counterparty_db1aef506b],,Поступление денег с торг. точек
Ноябрь,11,16.11.2024,"-4,40",Тинькофф,Общее,[counterparty_831a0f4ab6],,Эквайринг
Ноябрь,11,16.11.2024,"914,00",Тинькофф,Клиенты-физ.лица,[counterparty_db1aef506b],,Поступление денег с торг. точек
Ноябрь,11,16.11.2024,"-3,66",Тинькофф,Общее,[counterparty_831a0f4ab6],,Эквайринг
Ноябрь,11,16.11.2024,"1 514,00",Тинькофф,Клиенты-физ.лица,[counterparty_db1aef506b],,Поступление денег с торг. точек
Ноябрь,11,16.11.2024,"-6,06",Тинькофф,Общее,[counterparty_831a0f4ab6],,Эквайринг
Ноябрь,11,16.11.2024,"1 031,00",Тинькофф,Клиенты-физ.лица,[counterparty_db1aef506b],,Поступление денег с торг. точек
Ноябрь,11,16.11.2024,"-4,12",Тинькофф,Общее,[counterparty_831a0f4ab6],,Эквайринг
Ноябрь,11,17.11.2024,"134 018,01",Тинькофф,Клиенты-физ.лица,[counterparty_db1aef506b],,Поступление денег с торг. точек
Ноябрь,11,17.11.2024,"-2 010,52",Тинькофф,Общее,[counterparty_831a0f4ab6],,Эквайринг
Ноябрь,11,17.11.2024,"-5 000,00",Тинькофф,Общее,[counterparty_50d958815d],,Телекоммуникации
Ноябрь,11,17.11.2024,"1 011,00",Тинькофф,Клиенты-физ.лица,[counterparty_db1aef506b],,Поступление денег с торг. точек
Ноябрь,11,17.11.2024,"-4,04",Тинькофф,Общее,[counterparty_831a0f4ab6],,Эквайринг
Ноябрь,11,17.11.2024,"-643,92",Тинькофф,Общее,[counterparty_d7a35ccc36],,Содержание торговых точек
Ноябрь,11,17.11.2024,"-4 301,78",Тинькофф,Общее,[counterparty_d7a35ccc36],,Оплата поставщикам 
Ноябрь,11,17.11.2024,"-2 498,32",Тинькофф,Общее,[counterparty_d7a35ccc36],,Расходы на питание персонала
Ноябрь,11,18.11.2024,"2 500,00",Сейф,Общее,[counterparty_552231dcd7],[private_text_d3e78d8746],Курьерская служба +
Ноябрь,11,19.11.2024,"5 000,00",Сейф,Общее,[counterparty_3f0fc87298],,Продажа ОС
Ноябрь,11,19.11.2024,"-600,00",Сейф,Общее,[counterparty_552231dcd7],[private_text_a2640e354e],Зарплата административного персонала
Ноябрь,11,19.11.2024,"10 962,00",Сейф,Общее,,,Поступление — Перевод между счетами
Ноябрь,11,19.11.2024,"104 042,00",Сейф,Общее,,,Поступление — Перевод между счетами
Ноябрь,11,19.11.2024,"-178 299,00",Сейф,Общее,[counterparty_552231dcd7],,Зарплата производственного персонала
Ноябрь,11,19.11.2024,"-15 537,30",Сейф,Общее,[counterparty_e08d6e58b9],[private_text_0611a1b7ac],Аренда торговых точек
Ноябрь,11,19.11.2024,"78 864,00",Сейф,Корпоративные клиенты,[counterparty_d346fb5ae4],,Поступление денег с торг. точек
Ноябрь,11,18.11.2024,"-5 400,00",ТК Черникова,Общее,[counterparty_5ea766e786],,Оплата поставщикам 
Ноябрь,11,18.11.2024,"-2 400,00",ТК Черникова,Общее,[counterparty_552231dcd7],[private_text_0fbf8e1938],Зарплата производственного персонала
Ноябрь,11,18.11.2024,"-797,00",ТК Черникова,Общее,,,Корретировки кассы -
Ноябрь,11,18.11.2024,"11 508,00",ТК Черникова,Клиенты-физ.лица,[counterparty_db1aef506b],,Поступление денег с торг. точек
Ноябрь,11,18.11.2024,"-9 480,00",ТК Черникова,Общее,[counterparty_552231dcd7],,Курьерская служба -
Ноябрь,11,19.11.2024,"-6 000,00",ТК Черникова,Общее,[counterparty_552231dcd7],,Курьерская служба -
Ноябрь,11,19.11.2024,"17 831,00",ТК Черникова,Клиенты-физ.лица,[counterparty_db1aef506b],,Поступление денег с торг. точек
Ноябрь,11,19.11.2024,"-10 962,00",ТК Черникова,Общее,,,Выбытие — Перевод между счетами
Ноябрь,11,18.11.2024,"-389,73",Тинькофф,Общее,[counterparty_d7a35ccc36],,Оплата поставщикам 
Ноябрь,11,19.11.2024,"-249,00",ТК Черникова,Общее,[counterparty_d7a35ccc36],,Расходы на питание персонала
Ноябрь,11,18.11.2024,"17 590,41",Альфа,Клиенты-физ.лица,[counterparty_db1aef506b],,Поступление денег с торг. точек
Ноябрь,11,18.11.2024,"-21,89",Альфа,Общее,[counterparty_831a0f4ab6],,Эквайринг
Ноябрь,11,19.11.2024,"6 797,48",Альфа,Клиенты-физ.лица,[counterparty_db1aef506b],,Поступление денег с торг. точек
Ноябрь,11,14.11.2024,"-20 300,00",Сбербанк,Общее,,,Выбытие — Перевод между счетами
Ноябрь,11,15.11.2024,"98 500,00",Сбербанк,Общее,,,Поступление — Перевод между счетами
Ноябрь,11,15.11.2024,"-98 500,00",Сбербанк,Общее,,,Выбытие — Перевод между счетами
Ноябрь,11,16.11.2024,"145 000,00",Сбербанк,Общее,,,Поступление — Перевод между счетами
Ноябрь,11,16.11.2024,"-145 000,00",Сбербанк,Общее,[counterparty_831a0f4ab6],,Оплаты по кредитам и займам
Ноябрь,11,19.11.2024,"104 042,00",Сбербанк,Общее,,,Поступление — Перевод между счетами
Ноябрь,11,19.11.2024,"-104 042,00",Сбербанк,Общее,,,Выбытие — Перевод между счетами
Ноябрь,11,18.11.2024,"99 115,00",Тинькофф,Клиенты-физ.лица,[counterparty_db1aef506b],,Поступление денег с торг. точек
Ноябрь,11,18.11.2024,"-1 486,90",Тинькофф,Общее,[counterparty_831a0f4ab6],,Эквайринг
Ноябрь,11,18.11.2024,"-12 885,00",Тинькофф,Общее,[counterparty_449fa47f79],,Оплаты систем автоматизации
Ноябрь,11,18.11.2024,"-32 800,00",Тинькофф,Общее,[counterparty_483af3edc2],,Листовки
Ноябрь,11,18.11.2024,"-2 500,00",Тинькофф,Общее,,,Выбытие — Перевод между счетами
Ноябрь,11,18.11.2024,"2 500,00",ГарантФонд,Общее,,,Поступление — Перевод между счетами
Ноябрь,11,18.11.2024,"1 135,00",Тинькофф,Клиенты-физ.лица,[counterparty_db1aef506b],,Поступление денег с торг. точек
Ноябрь,11,18.11.2024,"-4,54",Тинькофф,Общее,[counterparty_831a0f4ab6],,Эквайринг
Ноябрь,11,19.11.2024,"-5 392,00",ТК Черникова,Общее,[counterparty_d7a35ccc36],,Оплата поставщикам 
Ноябрь,11,19.11.2024,"62 055,00",Тинькофф,Клиенты-физ.лица,[counterparty_db1aef506b],,Поступление денег с торг. точек
Ноябрь,11,19.11.2024,"-930,95",Тинькофф,Общее,[counterparty_831a0f4ab6],,Эквайринг
Ноябрь,11,19.11.2024,"-17 432,05",Тинькофф,Общее,[counterparty_682bbbb771],,Налоги с з/п
Ноябрь,11,19.11.2024,"743,00",Тинькофф,Клиенты-физ.лица,[counterparty_db1aef506b],,Поступление денег с торг. точек
Ноябрь,11,19.11.2024,"-2,97",Тинькофф,Общее,[counterparty_831a0f4ab6],,Эквайринг
Ноябрь,11,19.11.2024,"-104 042,00",Тинькофф,Общее,,,Выбытие — Перевод между счетами
Ноябрь,11,19.11.2024,"990,00",Тинькофф,Клиенты-физ.лица,[counterparty_db1aef506b],,Поступление денег с торг. точек
Ноябрь,11,19.11.2024,"-3,96",Тинькофф,Общее,[counterparty_831a0f4ab6],,Эквайринг
Ноябрь,11,19.11.2024,"-6 251,64",Тинькофф,Общее,[counterparty_d7a35ccc36],,Оплата поставщикам 
Ноябрь,11,19.11.2024,"-388,36",Тинькофф,Общее,[counterparty_d7a35ccc36],,Содержание торговых точек
Ноябрь,11,19.11.2024,"-1 533,38",Тинькофф,Общее,[counterparty_d7a35ccc36],,Расходы на питание персонала
Ноябрь,11,21.11.2024,"-1 500,00",ГарантФонд,Общее,,[private_text_87eceaa9d9],Выбытие — Перевод между счетами
Ноябрь,11,21.11.2024,"1 500,00",Тинькофф,Общее,,,Поступление — Перевод между счетами
Ноябрь,11,20.11.2024,"-3 000,00",Сейф,Общее,[counterparty_3f0fc87298],[private_text_47f698dd31],Содержание торговых точек
Ноябрь,11,20.11.2024,"-1 500,00",Сейф,Общее,[counterparty_335f3233c9],,Аренда торговых точек
Ноябрь,11,20.11.2024,"-3 200,00",Сейф,Общее,[counterparty_416f60a5fd],[private_text_e38843901e],Расходы на персонал
Ноябрь,11,20.11.2024,"-6 440,00",ТК Черникова,Общее,[counterparty_552231dcd7],,Курьерская служба -
Ноябрь,11,20.11.2024,"9 953,00",ТК Черникова,Клиенты-физ.лица,[counterparty_db1aef506b],,Поступление денег с торг. точек
Ноябрь,11,20.11.2024,"-304,00",ТК Черникова,Общее,[counterparty_d7a35ccc36],[private_text_f96fa8a83d],Содержание торговых точек
Ноябрь,11,20.11.2024,"-2 400,00",ТК Черникова,Общее,[counterparty_552231dcd7],[private_text_0fbf8e1938],Зарплата производственного персонала
Ноябрь,11,20.11.2024,"6 507,00",Альфа,Клиенты-физ.лица,[counterparty_db1aef506b],,Поступление денег с торг. точек
Ноябрь,11,20.11.2024,"-26,02",Альфа,Общее,[counterparty_831a0f4ab6],,Эквайринг
Ноябрь,11,20.11.2024,"62 266,00",Тинькофф,Клиенты-физ.лица,[counterparty_db1aef506b],,Поступление денег с торг. точек
Ноябрь,11,20.11.2024,"-934,10",Тинькофф,Общее,[counterparty_831a0f4ab6],,Эквайринг
Ноябрь,11,20.11.2024,"1 665,00",Тинькофф,Клиенты-физ.лица,[counterparty_db1aef506b],,Поступление денег с торг. точек
Ноябрь,11,20.11.2024,"-6,66",Тинькофф,Общее,[counterparty_831a0f4ab6],,Эквайринг
Ноябрь,11,20.11.2024,"500,00",Тинькофф,Клиенты-физ.лица,[counterparty_db1aef506b],,Поступление денег с торг. точек
Ноябрь,11,20.11.2024,"-2,00",Тинькофф,Общее,[counterparty_831a0f4ab6],,Эквайринг
Ноябрь,11,21.11.2024,"5 000,00",Сейф,Общее,,,Поступление — Перевод между счетами
Ноябрь,11,21.11.2024,"13 764,42",Альфа,Клиенты-физ.лица,[counterparty_db1aef506b],,Поступление денег с торг. точек
Ноябрь,11,21.11.2024,"-34,18",Альфа,Общее,[counterparty_831a0f4ab6],,Эквайринг
Ноябрь,11,21.11.2024,"52 768,00",Тинькофф,Клиенты-физ.лица,[counterparty_db1aef506b],,Поступление денег с торг. точек
Ноябрь,11,21.11.2024,"-791,62",Тинькофф,Общее,[counterparty_831a0f4ab6],,Эквайринг
Ноябрь,11,21.11.2024,"-5 000,00",Тинькофф,Общее,,,Выбытие — Перевод между счетами
Ноябрь,11,21.11.2024,"-1 500,00",Тинькофф,Общее,[counterparty_552231dcd7],[private_text_b4a1e57c9c],Курьерская служба -
Ноябрь,11,21.11.2024,"723,00",Тинькофф,Клиенты-физ.лица,[counterparty_db1aef506b],,Поступление денег с торг. точек
Ноябрь,11,21.11.2024,"-2,89",Тинькофф,Общее,[counterparty_831a0f4ab6],,Эквайринг
Ноябрь,11,21.11.2024,"1 430,00",Тинькофф,Клиенты-физ.лица,[counterparty_db1aef506b],,Поступление денег с торг. точек
Ноябрь,11,21.11.2024,"-5,72",Тинькофф,Общее,[counterparty_831a0f4ab6],,Эквайринг
Ноябрь,11,21.11.2024,"855,00",Тинькофф,Клиенты-физ.лица,[counterparty_db1aef506b],,Поступление денег с торг. точек
Ноябрь,11,21.11.2024,"-3,42",Тинькофф,Общее,[counterparty_831a0f4ab6],,Эквайринг
Ноябрь,11,21.11.2024,"-4 462,47",Тинькофф,Общее,[counterparty_d7a35ccc36],,Оплата поставщикам 
Ноябрь,11,21.11.2024,"-603,24",Тинькофф,Общее,[counterparty_d7a35ccc36],,Содержание торговых точек
Ноябрь,11,21.11.2024,"-2 322,34",Тинькофф,Общее,[counterparty_d7a35ccc36],,Расходы на питание персонала
Ноябрь,11,21.11.2024,"12 724,15",ТК Черникова,Клиенты-физ.лица,[counterparty_db1aef506b],,Поступление денег с торг. точек
Ноябрь,11,21.11.2024,"-8 980,00",ТК Черникова,Общее,[counterparty_552231dcd7],,Курьерская служба -
Ноябрь,11,21.11.2024,"-5 445,00",ТК Черникова,Общее,[counterparty_d7a35ccc36],,Оплата поставщикам 
Ноябрь,11,21.11.2024,"-1 500,00",ТК Черникова,Общее,[counterparty_3f0fc87298],[private_text_ed90b7ac16],Содержание торговых точек
Ноябрь,11,21.11.2024,"-1 500,00",Сейф,Общее,[counterparty_552231dcd7],[private_text_e40b054b64],Курьерская служба -
Ноябрь,11,26.11.2024,"121 874,00",Сейф,Общее,,,Поступление — Перевод между счетами
Ноябрь,11,26.11.2024,"-153 082,00",Сейф,Общее,[counterparty_552231dcd7],,Зарплата производственного персонала
Ноябрь,11,26.11.2024,"40 972,00",Сейф,Общее,,,Поступление — Перевод между счетами
Ноябрь,11,22.11.2024,"-9 811,44",ТК Черникова,Общее,[counterparty_d2a9714437],,Оплата поставщикам 
Декабрь,12,02.12.2024,"-7 000,00",Сейф,Общее,[counterparty_552231dcd7],[private_text_75de11f652],Содержание торговых точек
Декабрь,12,02.12.2024,"154 000,00",Сейф,Общее,,,Поступление — Перевод между счетами
Декабрь,12,02.12.2024,"-15 000,00",Сейф,Общее,[counterparty_552231dcd7],[private_text_fd0e5bdc87],Зарплата административного персонала
Декабрь,12,02.12.2024,"-35 000,00",Сейф,Общее,[counterparty_552231dcd7],[private_text_a2640e354e],Зарплата административного персонала
Декабрь,12,02.12.2024,"-29 000,00",Сейф,Общее,[counterparty_552231dcd7],[private_text_ed8353ffe0],Зарплата административного персонала
Декабрь,12,02.12.2024,"-65 000,00",Сейф,Общее,[counterparty_7e3a73c9be],,Зарплата административного персонала
Декабрь,12,02.12.2024,"-870,00",Сейф,Общее,[counterparty_db1aef506b],,Возвраты клиентам
Декабрь,12,03.12.2024,"-500,00",Сейф,Общее,[counterparty_45d6b05c94],,Поиск и найм персонала
Декабрь,12,03.12.2024,"35 610,00",Сейф,Общее,,,Поступление — Перевод между счетами
Декабрь,12,03.12.2024,"133 931,00",Сейф,Общее,,,Поступление — Перевод между счетами
Декабрь,12,03.12.2024,"-1 500,00",Сейф,Общее,[counterparty_335f3233c9],,Аренда торговых точек
Декабрь,12,03.12.2024,"-164 041,00",Сейф,Общее,[counterparty_552231dcd7],,Зарплата производственного персонала
Декабрь,12,03.12.2024,"-4 000,00",Сейф,Общее,[counterparty_552231dcd7],[private_text_05c8c615f3],Содержание торговых точек
Ноябрь,11,20.11.2024,"500,00",Сейф,Общее,[counterparty_552231dcd7],[private_text_1ef94982aa],Курьерская служба +
Ноябрь,11,20.11.2024,"2 000,00",Сейф,Общее,[counterparty_552231dcd7],[private_text_1d2517d5c1],Курьерская служба +
Ноябрь,11,26.11.2024,"1 400,00",Сейф,Общее,[counterparty_3f0fc87298],[private_text_8b3c965ad0],Прочие поступления
Ноябрь,11,26.11.2024,"100,00",Сейф,Общее,[counterparty_552231dcd7],[private_text_e8411d8313],Курьерская служба +
Ноябрь,11,22.11.2024,"-971,97",Тинькофф,Общее,[counterparty_d7a35ccc36],,Оплата поставщикам 
Ноябрь,11,22.11.2024,"-15 680,00",ТК Черникова,Общее,[counterparty_552231dcd7],,Курьерская служба -
Ноябрь,11,22.11.2024,"17 088,00",ТК Черникова,Клиенты-физ.лица,[counterparty_db1aef506b],,Поступление денег с торг. точек
Ноябрь,11,23.11.2024,"-13 380,00",ТК Черникова,Общее,[counterparty_552231dcd7],,Курьерская служба -
Ноябрь,11,23.11.2024,"31 831,00",ТК Черникова,Клиенты-физ.лица,[counterparty_db1aef506b],,Поступление денег с торг. точек
Ноябрь,11,22.11.2024,"-50 908,05",Тинькофф,Общее,[counterparty_fb5384e8b9],,Оплата поставщикам 
Ноябрь,11,24.11.2024,"-15 420,00",ТК Черникова,Общее,[counterparty_552231dcd7],,Курьерская служба -
Ноябрь,11,24.11.2024,"30 019,00",ТК Черникова,Клиенты-физ.лица,[counterparty_db1aef506b],,Поступление денег с торг. точек
Ноябрь,11,22.11.2024,"-8 610,87",Тинькофф,Общее,[counterparty_b2323408fa],,Оплата поставщикам 
Ноябрь,11,25.11.2024,"-8 920,00",ТК Черникова,Общее,[counterparty_552231dcd7],,Курьерская служба -
Ноябрь,11,25.11.2024,"24 683,00",ТК Черникова,Клиенты-физ.лица,[counterparty_db1aef506b],,Поступление денег с торг. точек
Ноябрь,11,22.11.2024,"-19 250,00",Тинькофф,Общее,[counterparty_fb5384e8b9],,Оплата поставщикам 
Ноябрь,11,25.11.2024,"-257,00",ТК Черникова,Общее,[counterparty_d7a35ccc36],,Расходы на питание персонала
Ноябрь,11,22.11.2024,"-33 272,85",Тинькофф,Общее,[counterparty_19f4d4c15b],,Оплата поставщикам 
Ноябрь,11,26.11.2024,"-40 972,00",ТК Черникова,Общее,,,Выбытие — Перевод между счетами
Ноябрь,11,26.11.2024,"-6 960,00",ТК Черникова,Общее,[counterparty_552231dcd7],,Курьерская служба -
Ноябрь,11,26.11.2024,"19 932,00",ТК Черникова,Клиенты-физ.лица,[counterparty_db1aef506b],,Поступление денег с торг. точек
Ноябрь,11,27.11.2024,"-8 320,00",ТК Черникова,Общее,[counterparty_552231dcd7],,Курьерская служба -
Ноябрь,11,27.11.2024,"17 601,85",ТК Черникова,Клиенты-физ.лица,[counterparty_db1aef506b],,Поступление денег с торг. точек
Ноябрь,11,22.11.2024,"-1 850,00",Тинькофф,Общее,[counterparty_3f7ad1a68b],,Оплата поставщикам 
Ноябрь,11,28.11.2024,"-7 430,00",ТК Черникова,Общее,[counterparty_552231dcd7],,Курьерская служба -
Ноябрь,11,28.11.2024,"9 085,00",ТК Черникова,Клиенты-физ.лица,[counterparty_db1aef506b],,Поступление денег с торг. точек
Ноябрь,11,29.11.2024,"-18 240,00",ТК Черникова,Общее,[counterparty_552231dcd7],,Курьерская служба -
Ноябрь,11,29.11.2024,"37 957,00",ТК Черникова,Клиенты-физ.лица,[counterparty_db1aef506b],,Поступление денег с торг. точек
Ноябрь,11,22.11.2024,"-2 268,00",Тинькофф,Общее,[counterparty_fb5384e8b9],,Оплата поставщикам 
Ноябрь,11,22.11.2024,"-151 027,00",Тинькофф,Общее,[counterparty_dc430ed78e],,Оплата поставщикам 
Ноябрь,11,22.11.2024,"-23 408,50",Тинькофф,Общее,[counterparty_8e70032df8],,Оплата поставщикам 
Ноябрь,11,30.11.2024,"-16 700,00",ТК Черникова,Общее,[counterparty_552231dcd7],,Курьерская служба -
Ноябрь,11,30.11.2024,"37 725,00",ТК Черникова,Клиенты-физ.лица,[counterparty_db1aef506b],,Поступление денег с торг. точек
Ноябрь,11,22.11.2024,"-45 294,84",Тинькофф,Общее,[counterparty_c4e92b27e2],,Оплата поставщикам 
Ноябрь,11,30.11.2024,"-6,00",ТК Черникова,Общее,[counterparty_d7a35ccc36],,Содержание торговых точек
Декабрь,12,01.12.2024,"-1 560,00",ТК Черникова,Общее,[counterparty_552231dcd7],,Курьерская служба -
Декабрь,12,01.12.2024,"-9 000,00",ТК Черникова,Общее,[counterparty_552231dcd7],,Курьерская служба -
Декабрь,12,01.12.2024,"15 444,00",ТК Черникова,Клиенты-физ.лица,[counterparty_db1aef506b],,Поступление денег с торг. точек
Ноябрь,11,22.11.2024,"-51 057,73",Тинькофф,Общее,[counterparty_bb8cb2d348],,Оплата поставщикам 
Декабрь,12,02.12.2024,"-7 140,00",ТК Черникова,Общее,[counterparty_552231dcd7],,Курьерская служба -
Декабрь,12,02.12.2024,"13 042,00",ТК Черникова,Клиенты-физ.лица,[counterparty_db1aef506b],,Поступление денег с торг. точек
Декабрь,12,03.12.2024,"-35 610,00",ТК Черникова,Общее,,,Выбытие — Перевод между счетами
Ноябрь,11,23.11.2024,"-7 081,00",ТК Черникова,Общее,[counterparty_d7a35ccc36],,Оплата поставщикам 
Декабрь,12,03.12.2024,"-2 000,00",ТК Черникова,Общее,[counterparty_3f0fc87298],[private_text_1b0f5ef6ba],Содержание торговых точек
Декабрь,12,03.12.2024,"-9 060,00",ТК Черникова,Общее,[counterparty_552231dcd7],,Курьерская служба -
Декабрь,12,03.12.2024,"12 875,45",ТК Черникова,Клиенты-физ.лица,[counterparty_db1aef506b],,Поступление денег с торг. точек
Декабрь,12,04.12.2024,"-500,00",ТК Черникова,Общее,[counterparty_552231dcd7],,Курьерская служба -
Декабрь,12,04.12.2024,"-8 400,00",ТК Черникова,Общее,[counterparty_552231dcd7],,Курьерская служба -
Декабрь,12,04.12.2024,"11 421,55",ТК Черникова,Клиенты-физ.лица,[counterparty_db1aef506b],,Поступление денег с торг. точек
Ноябрь,11,23.11.2024,"-7 204,82",Тинькофф,Общее,[counterparty_d7a35ccc36],,Оплата поставщикам 
Декабрь,12,05.12.2024,"-8 780,00",ТК Черникова,Общее,[counterparty_552231dcd7],,Курьерская служба -
Декабрь,12,05.12.2024,"21 860,00",ТК Черникова,Клиенты-физ.лица,[counterparty_db1aef506b],,Поступление денег с торг. точек
Ноябрь,11,25.11.2024,"-6 145,00",ТК Черникова,Общее,[counterparty_d7a35ccc36],,Оплата поставщикам 
Ноябрь,11,25.11.2024,"-1 176,00",ТК Черникова,Общее,[counterparty_d7a35ccc36],,Оплата поставщикам 
Декабрь,12,06.12.2024,"-13 420,00",ТК Черникова,Общее,[counterparty_552231dcd7],,Курьерская служба -
Декабрь,12,06.12.2024,"14 387,00",ТК Черникова,Клиенты-физ.лица,[counterparty_db1aef506b],,Поступление денег с торг. точек
Декабрь,12,06.12.2024,"1 077,00",ТК Черникова,Клиенты-физ.лица,[counterparty_db1aef506b],,Поступление денег с торг. точек
Декабрь,12,07.12.2024,"-16 840,00",ТК Черникова,Общее,[counterparty_552231dcd7],,Курьерская служба -
Декабрь,12,07.12.2024,"24 966,00",ТК Черникова,Клиенты-физ.лица,[counterparty_db1aef506b],,Поступление денег с торг. точек
Ноябрь,11,25.11.2024,"-5 342,62",Тинькофф,Общее,[counterparty_d7a35ccc36],,Оплата поставщикам 
Декабрь,12,07.12.2024,"-122,00",ТК Черникова,Общее,[counterparty_d7a35ccc36],,Расходы на питание персонала
Декабрь,12,08.12.2024,"-9 900,00",ТК Черникова,Общее,[counterparty_552231dcd7],,Курьерская служба -
Декабрь,12,08.12.2024,"21 209,00",ТК Черникова,Клиенты-физ.лица,[counterparty_db1aef506b],,Поступление денег с торг. точек
Ноябрь,11,22.11.2024,"15 793,60",Альфа,Клиенты-физ.лица,[counterparty_db1aef506b],,Поступление денег с торг. точек
Ноябрь,11,22.11.2024,"-34,82",Альфа,Общее,[counterparty_831a0f4ab6],,Эквайринг
Ноябрь,11,22.11.2024,"-182 000,00",Альфа,Общее,,,Выбытие — Перевод между счетами
Ноябрь,11,23.11.2024,"30 709,69",Альфа,Клиенты-физ.лица,[counterparty_db1aef506b],,Поступление денег с торг. точек
Ноябрь,11,23.11.2024,"-13,90",Альфа,Общее,[counterparty_831a0f4ab6],,Эквайринг
Ноябрь,11,24.11.2024,"29 090,16",Альфа,Клиенты-физ.лица,[counterparty_db1aef506b],,Поступление денег с торг. точек
Ноябрь,11,24.11.2024,"-71,76",Альфа,Общее,[counterparty_831a0f4ab6],,Эквайринг
Ноябрь,11,25.11.2024,"21 239,63",Альфа,Клиенты-физ.лица,[counterparty_db1aef506b],,Поступление денег с торг. точек
Ноябрь,11,25.11.2024,"-13,79",Альфа,Общее,[counterparty_831a0f4ab6],,Эквайринг
Ноябрь,11,26.11.2024,"14 836,35",Альфа,Клиенты-физ.лица,[counterparty_db1aef506b],,Поступление денег с торг. точек
Ноябрь,11,26.11.2024,"-16,03",Альфа,Общее,[counterparty_831a0f4ab6],,Эквайринг
Ноябрь,11,27.11.2024,"13 384,26",Альфа,Клиенты-физ.лица,[counterparty_db1aef506b],,Поступление денег с торг. точек
Ноябрь,11,27.11.2024,"-30,74",Альфа,Общее,[counterparty_831a0f4ab6],,Эквайринг
Ноябрь,11,28.11.2024,"10 003,67",Альфа,Клиенты-физ.лица,[counterparty_db1aef506b],,Поступление денег с торг. точек
Ноябрь,11,28.11.2024,"-13,49",Альфа,Общее,[counterparty_831a0f4ab6],,Эквайринг
Ноябрь,11,29.11.2024,"23 019,01",Альфа,Клиенты-физ.лица,[counterparty_db1aef506b],,Поступление денег с торг. точек
Ноябрь,11,29.11.2024,"-54,04",Альфа,Общее,[counterparty_831a0f4ab6],,Эквайринг
Ноябрь,11,29.11.2024,"-99,00",Альфа,Общее,[counterparty_831a0f4ab6],,РКО
Ноябрь,11,29.11.2024,"-137 000,00",Альфа,Общее,,,Выбытие — Перевод между счетами
Ноябрь,11,30.11.2024,"42 502,34",Альфа,Клиенты-физ.лица,[counterparty_db1aef506b],,Поступление денег с торг. точек
Ноябрь,11,30.11.2024,"-67,16",Альфа,Общее,[counterparty_831a0f4ab6],,Эквайринг
Декабрь,12,01.12.2024,"26 388,08",Альфа,Клиенты-физ.лица,[counterparty_db1aef506b],,Поступление денег с торг. точек
Декабрь,12,01.12.2024,"-38,29",Альфа,Общее,[counterparty_831a0f4ab6],,Эквайринг
Декабрь,12,02.12.2024,"13 278,68",Альфа,Клиенты-физ.лица,[counterparty_db1aef506b],,Поступление денег с торг. точек
Декабрь,12,02.12.2024,"-24,19",Альфа,Общее,[counterparty_831a0f4ab6],,Эквайринг
Декабрь,12,03.12.2024,"12 152,60",Альфа,Клиенты-физ.лица,[counterparty_db1aef506b],,Поступление денег с торг. точек
Декабрь,12,03.12.2024,"-8,41",Альфа,Общее,[counterparty_831a0f4ab6],,Эквайринг
Декабрь,12,04.12.2024,"26 419,08",Альфа,Клиенты-физ.лица,[counterparty_db1aef506b],,Поступление денег с торг. точек
Декабрь,12,04.12.2024,"-35,25",Альфа,Общее,[counterparty_831a0f4ab6],,Эквайринг
Декабрь,12,05.12.2024,"16 756,42",Альфа,Клиенты-физ.лица,[counterparty_db1aef506b],,Поступление денег с торг. точек
Декабрь,12,05.12.2024,"-144 000,00",Альфа,Общее,,,Выбытие — Перевод между счетами
Декабрь,12,05.12.2024,"-26,77",Альфа,Общее,[counterparty_831a0f4ab6],,Эквайринг
Декабрь,12,06.12.2024,"14 557,40",Альфа,Клиенты-физ.лица,[counterparty_db1aef506b],,Поступление денег с торг. точек
Декабрь,12,06.12.2024,"-16,88",Альфа,Общее,[counterparty_831a0f4ab6],,Эквайринг
Декабрь,12,07.12.2024,"37 658,15",Альфа,Клиенты-физ.лица,[counterparty_db1aef506b],,Поступление денег с торг. точек
Декабрь,12,07.12.2024,"-53,45",Альфа,Общее,[counterparty_831a0f4ab6],,Эквайринг
Декабрь,12,08.12.2024,"26 514,40",Альфа,Клиенты-физ.лица,[counterparty_db1aef506b],,Поступление денег с торг. точек
Декабрь,12,08.12.2024,"-19,66",Альфа,Общее,[counterparty_831a0f4ab6],,Эквайринг
Ноябрь,11,22.11.2024,"56 473,00",Тинькофф,Клиенты-физ.лица,[counterparty_db1aef506b],,Поступление денег с торг. точек
Ноябрь,11,22.11.2024,"-847,19",Тинькофф,Общее,[counterparty_831a0f4ab6],,Эквайринг
Ноябрь,11,22.11.2024,"182 000,00",Тинькофф,Общее,,,Поступление — Перевод между счетами
Ноябрь,11,22.11.2024,"600,00",Тинькофф,Клиенты-физ.лица,[counterparty_db1aef506b],,Поступление денег с торг. точек
Ноябрь,11,22.11.2024,"-2,40",Тинькофф,Общее,[counterparty_831a0f4ab6],,Эквайринг
Ноябрь,11,22.11.2024,"-6 583,90",Тинькофф,Общее,[counterparty_682bbbb771],,Налоги с з/п
Ноябрь,11,22.11.2024,"-5,00",Тинькофф,Общее,[counterparty_682bbbb771],,Налоги
Ноябрь,11,25.11.2024,"-4 320,00",ТК Черникова,Общее,[counterparty_5ea766e786],,Оплата поставщикам 
Ноябрь,11,26.11.2024,"-9 806,52",Сейф,Общее,[counterparty_07485de87e],,Оплата поставщикам 
Ноябрь,11,27.11.2024,"-6 956,00",ТК Черникова,Общее,[counterparty_d7a35ccc36],,Оплата поставщикам 
Ноябрь,11,27.11.2024,"-4 332,45",Тинькофф,Общее,[counterparty_d7a35ccc36],,Оплата поставщикам 
Ноябрь,11,27.11.2024,"-640,71",Тинькофф,Общее,[counterparty_b2323408fa],,Оплата поставщикам 
Ноябрь,11,29.11.2024,"-14 199,00",ТК Черникова,Общее,[counterparty_d7a35ccc36],,Оплата поставщикам 
Ноябрь,11,29.11.2024,"-4 464,72",ТК Черникова,Общее,[counterparty_d2a9714437],,Оплата поставщикам 
Ноябрь,11,29.11.2024,"-6 024,00",ТК Черникова,Общее,[counterparty_5ea766e786],,Оплата поставщикам 
Ноябрь,11,29.11.2024,"-3 932,92",Тинькофф,Общее,[counterparty_d7a35ccc36],,Оплата поставщикам 
Ноябрь,11,30.11.2024,"-180,00",ТК Черникова,Общее,[counterparty_b2323408fa],,Оплата поставщикам 
Ноябрь,11,22.11.2024,"366,00",Тинькофф,Клиенты-физ.лица,[counterparty_db1aef506b],,Поступление денег с торг. точек
Ноябрь,11,22.11.2024,"-1,46",Тинькофф,Общее,[counterparty_831a0f4ab6],,Эквайринг
Ноябрь,11,22.11.2024,"630,00",Тинькофф,Клиенты-физ.лица,[counterparty_db1aef506b],,Поступление денег с торг. точек
Ноябрь,11,22.11.2024,"-2,52",Тинькофф,Общее,[counterparty_831a0f4ab6],,Эквайринг
Ноябрь,11,22.11.2024,"1 349,00",Тинькофф,Клиенты-физ.лица,[counterparty_db1aef506b],,Поступление денег с торг. точек
Ноябрь,11,22.11.2024,"-5,40",Тинькофф,Общее,[counterparty_831a0f4ab6],,Эквайринг
Ноябрь,11,22.11.2024,"1 166,00",Тинькофф,Клиенты-физ.лица,[counterparty_db1aef506b],,Поступление денег с торг. точек
Ноябрь,11,22.11.2024,"-4,66",Тинькофф,Общее,[counterparty_831a0f4ab6],,Эквайринг
Ноябрь,11,30.11.2024,"-5 550,00",Тинькофф,Общее,[counterparty_3f7ad1a68b],,Оплата поставщикам 
Ноябрь,11,23.11.2024,"-1 573,00",Тинькофф,Общее,[counterparty_db1aef506b],,Возвраты клиентам
Ноябрь,11,23.11.2024,"137 340,00",Тинькофф,Клиенты-физ.лица,[counterparty_db1aef506b],,Поступление денег с торг. точек
Ноябрь,11,23.11.2024,"-2 060,37",Тинькофф,Общее,[counterparty_831a0f4ab6],,Эквайринг
Ноябрь,11,23.11.2024,"-1 990,00",Тинькофф,Общее,[counterparty_831a0f4ab6],,РКО
Ноябрь,11,23.11.2024,"-99,00",Тинькофф,Общее,[counterparty_831a0f4ab6],,РКО
Ноябрь,11,23.11.2024,"-990,00",Тинькофф,Общее,[counterparty_831a0f4ab6],,РКО
Ноябрь,11,23.11.2024,"1 155,00",Тинькофф,Клиенты-физ.лица,[counterparty_db1aef506b],,Поступление денег с торг. точек
Ноябрь,11,23.11.2024,"-4,62",Тинькофф,Общее,[counterparty_831a0f4ab6],,Эквайринг
Ноябрь,11,23.11.2024,"2 819,00",Тинькофф,Клиенты-физ.лица,[counterparty_db1aef506b],,Поступление денег с торг. точек
Ноябрь,11,23.11.2024,"-11,28",Тинькофф,Общее,[counterparty_831a0f4ab6],,Эквайринг
Ноябрь,11,23.11.2024,"1 702,00",Тинькофф,Клиенты-физ.лица,[counterparty_db1aef506b],,Поступление денег с торг. точек
Ноябрь,11,23.11.2024,"-6,81",Тинькофф,Общее,[counterparty_831a0f4ab6],,Эквайринг
Ноябрь,11,23.11.2024,"1 010,00",Тинькофф,Клиенты-физ.лица,[counterparty_db1aef506b],,Поступление денег с торг. точек
Ноябрь,11,23.11.2024,"-4,04",Тинькофф,Общее,[counterparty_831a0f4ab6],,Эквайринг
Ноябрь,11,23.11.2024,"-1 220,83",Тинькофф,Общее,[counterparty_d7a35ccc36],,Содержание торговых точек
Ноябрь,11,30.11.2024,"-29 109,36",Тинькофф,Общее,[counterparty_8e70032df8],,Оплата поставщикам 
Ноябрь,11,23.11.2024,"-2 267,58",Тинькофф,Общее,[counterparty_d7a35ccc36],,Расходы на питание персонала
Ноябрь,11,24.11.2024,"121 873,00",Тинькофф,Клиенты-физ.лица,[counterparty_db1aef506b],,Поступление денег с торг. точек
Ноябрь,11,24.11.2024,"-1 828,32",Тинькофф,Общее,[counterparty_831a0f4ab6],,Эквайринг
Ноябрь,11,24.11.2024,"570,00",Тинькофф,Клиенты-физ.лица,[counterparty_db1aef506b],,Поступление денег с торг. точек
Ноябрь,11,24.11.2024,"-2,28",Тинькофф,Общее,[counterparty_831a0f4ab6],,Эквайринг
Ноябрь,11,25.11.2024,"139 464,00",Тинькофф,Клиенты-физ.лица,[counterparty_db1aef506b],,Поступление денег с торг. точек
Ноябрь,11,25.11.2024,"-2 092,25",Тинькофф,Общее,[counterparty_831a0f4ab6],,Эквайринг
Ноябрь,11,25.11.2024,"-5 000,00",Тинькофф,Общее,[counterparty_50d958815d],,Телекоммуникации
Ноябрь,11,25.11.2024,"-20 000,00",Тинькофф,Общее,[counterparty_7e3a73c9be],,Зарплата административного персонала
Ноябрь,11,25.11.2024,"-89 364,00",Тинькофф,Общее,[counterparty_e08d6e58b9],[private_text_4162d20512],Аренда торговых точек
Ноябрь,11,25.11.2024,"-2 500,00",Тинькофф,Общее,,,Выбытие — Перевод между счетами
Ноябрь,11,25.11.2024,"2 500,00",ГарантФонд,Общее,,,Поступление — Перевод между счетами
Ноябрь,11,25.11.2024,"1 388,00",Тинькофф,Клиенты-физ.лица,[counterparty_db1aef506b],,Поступление денег с торг. точек
Ноябрь,11,25.11.2024,"-5,55",Тинькофф,Общее,[counterparty_831a0f4ab6],,Эквайринг
Ноябрь,11,25.11.2024,"250,00",Тинькофф,Клиенты-физ.лица,[counterparty_db1aef506b],,Поступление денег с торг. точек
Ноябрь,11,25.11.2024,"-1,00",Тинькофф,Общее,[counterparty_831a0f4ab6],,Эквайринг
Ноябрь,11,30.11.2024,"-93 680,00",Тинькофф,Общее,[counterparty_dc430ed78e],,Оплата поставщикам 
Ноябрь,11,25.11.2024,"-1 064,85",Тинькофф,Общее,[counterparty_d7a35ccc36],,Содержание торговых точек
Ноябрь,11,25.11.2024,"-2 105,82",Тинькофф,Общее,[counterparty_d7a35ccc36],,Расходы на питание персонала
Ноябрь,11,26.11.2024,"61 704,50",Тинькофф,Клиенты-физ.лица,[counterparty_db1aef506b],,Поступление денег с торг. точек
Ноябрь,11,26.11.2024,"-925,70",Тинькофф,Общее,[counterparty_831a0f4ab6],,Эквайринг
Ноябрь,11,26.11.2024,"-121 874,00",Тинькофф,Общее,,,Выбытие — Перевод между счетами
Ноябрь,11,26.11.2024,"1 287,00",Тинькофф,Клиенты-физ.лица,[counterparty_db1aef506b],,Поступление денег с торг. точек
Ноябрь,11,26.11.2024,"-5,15",Тинькофф,Общее,[counterparty_831a0f4ab6],,Эквайринг
Ноябрь,11,26.11.2024,"-5 312,00",Тинькофф,Общее,[counterparty_d7a35ccc36],[private_text_38c55cba4e],Содержание торговых точек
Ноябрь,11,26.11.2024,"160,00",Тинькофф,Клиенты-физ.лица,[counterparty_db1aef506b],,Поступление денег с торг. точек
Ноябрь,11,26.11.2024,"-0,64",Тинькофф,Общее,[counterparty_831a0f4ab6],,Эквайринг
Ноябрь,11,26.11.2024,"1 060,00",Тинькофф,Клиенты-физ.лица,[counterparty_db1aef506b],,Поступление денег с торг. точек
Ноябрь,11,26.11.2024,"-4,24",Тинькофф,Общее,[counterparty_831a0f4ab6],,Эквайринг
Ноябрь,11,27.11.2024,"46 666,65",Тинькофф,Клиенты-физ.лица,[counterparty_db1aef506b],,Поступление денег с торг. точек
Ноябрь,11,27.11.2024,"-700,08",Тинькофф,Общее,[counterparty_831a0f4ab6],,Эквайринг
Ноябрь,11,27.11.2024,"-72 000,00",Тинькофф,Общее,[counterparty_347b901ee4],,Контекстная реклама
Ноябрь,11,27.11.2024,"-10 000,00",Тинькофф,Общее,[counterparty_a8c88d8a2c],,SEO-оптимизация
Ноябрь,11,27.11.2024,"-8 257,08",Тинькофф,Общее,[counterparty_e08d6e58b9],[private_text_ace57e06ae],Аренда торговых точек
Ноябрь,11,27.11.2024,"-5 000,00",Тинькофф,Общее,[counterparty_00d169637c],,Таргетированная реклама
Ноябрь,11,27.11.2024,"710,00",Тинькофф,Клиенты-физ.лица,[counterparty_db1aef506b],,Поступление денег с торг. точек
Ноябрь,11,27.11.2024,"-2,84",Тинькофф,Общее,[counterparty_831a0f4ab6],,Эквайринг
Ноябрь,11,30.11.2024,"-9 126,13",Тинькофф,Общее,[counterparty_b2323408fa],,Оплата поставщикам 
Ноябрь,11,27.11.2024,"-2 595,32",Тинькофф,Общее,[counterparty_d7a35ccc36],,Расходы на питание персонала
Декабрь,12,02.12.2024,"-2 500,00",Тинькофф,Общее,[counterparty_d1d2f948bb],,Оплаты систем автоматизации
Ноябрь,11,27.11.2024,"-1 660,35",Тинькофф,Общее,[counterparty_d7a35ccc36],,Содержание торговых точек
Ноябрь,11,28.11.2024,"59 035,00",Тинькофф,Клиенты-физ.лица,[counterparty_db1aef506b],,Поступление денег с торг. точек
Ноябрь,11,28.11.2024,"-885,63",Тинькофф,Общее,[counterparty_831a0f4ab6],,Эквайринг
Ноябрь,11,28.11.2024,"-144,00",Тинькофф,Общее,[counterparty_d7a35ccc36],,Содержание торговых точек
Ноябрь,11,28.11.2024,"1 105,00",Тинькофф,Клиенты-физ.лица,[counterparty_db1aef506b],,Поступление денег с торг. точек
Ноябрь,11,28.11.2024,"-4,42",Тинькофф,Общее,[counterparty_831a0f4ab6],,Эквайринг
Ноябрь,11,29.11.2024,"63 078,00",Тинькофф,Клиенты-физ.лица,[counterparty_db1aef506b],,Поступление денег с торг. точек
Ноябрь,11,29.11.2024,"-946,27",Тинькофф,Общее,[counterparty_831a0f4ab6],,Эквайринг
Ноябрь,11,29.11.2024,"-10 000,00",Тинькофф,Общее,[counterparty_552231dcd7],[private_text_572efba562],Зарплата производственного персонала
Ноябрь,11,29.11.2024,"-100 000,00",Тинькофф,Общее,,,Выбытие — Перевод между счетами
Ноябрь,11,29.11.2024,"137 000,00",Тинькофф,Общее,,,Поступление — Перевод между счетами
Ноябрь,11,30.11.2024,"-20 015,98",Тинькофф,Общее,[counterparty_b2323408fa],,Оплата поставщикам 
Ноябрь,11,29.11.2024,"-26,98",Тинькофф,Общее,[counterparty_d7a35ccc36],,Содержание торговых точек
Ноябрь,11,29.11.2024,"-2 541,92",Тинькофф,Общее,[counterparty_d7a35ccc36],,Расходы на питание персонала
Ноябрь,11,30.11.2024,"153 679,00",Тинькофф,Клиенты-физ.лица,[counterparty_db1aef506b],,Поступление денег с торг. точек
Ноябрь,11,30.11.2024,"-2 305,48",Тинькофф,Общее,[counterparty_831a0f4ab6],,Эквайринг
Ноябрь,11,30.11.2024,"945,00",Тинькофф,Клиенты-физ.лица,[counterparty_db1aef506b],,Поступление денег с торг. точек
Ноябрь,11,30.11.2024,"-3,78",Тинькофф,Общее,[counterparty_831a0f4ab6],,Эквайринг
Ноябрь,11,30.11.2024,"-5 879,25",Тинькофф,Общее,[counterparty_fb5384e8b9],,Оплата поставщикам 
Декабрь,12,01.12.2024,"-7 592,00",ТК Черникова,Общее,[counterparty_d7a35ccc36],,Оплата поставщикам 
Декабрь,12,01.12.2024,"-4 841,95",Тинькофф,Общее,[counterparty_d7a35ccc36],,Оплата поставщикам 
Декабрь,12,01.12.2024,"-63 046,40",Тинькофф,Общее,[counterparty_c4e92b27e2],,Оплата поставщикам 
Декабрь,12,01.12.2024,"-47 757,23",Тинькофф,Общее,[counterparty_bb8cb2d348],,Оплата поставщикам 
Декабрь,12,01.12.2024,"-29 898,89",Тинькофф,Общее,[counterparty_19f4d4c15b],,Оплата поставщикам 
Ноябрь,11,30.11.2024,"1 837,00",Тинькофф,Клиенты-физ.лица,[counterparty_db1aef506b],,Поступление денег с торг. точек
Ноябрь,11,30.11.2024,"-7,35",Тинькофф,Общее,[counterparty_831a0f4ab6],,Эквайринг
Декабрь,12,01.12.2024,"-52 851,04",Тинькофф,Общее,[counterparty_fb5384e8b9],,Оплата поставщикам 
Декабрь,12,02.12.2024,"-159,98",Тинькофф,Общее,[counterparty_d7a35ccc36],,Оплата поставщикам 
Декабрь,12,02.12.2024,"-700,00",Тинькофф,Общее,[counterparty_d7a35ccc36],,Оплата поставщикам 
Декабрь,12,03.12.2024,"-4 418,00",ТК Черникова,Общее,[counterparty_d7a35ccc36],,Оплата поставщикам 
Декабрь,12,01.12.2024,"170 908,05",Тинькофф,Клиенты-физ.лица,[counterparty_db1aef506b],,Поступление денег с торг. точек
Декабрь,12,01.12.2024,"-2 563,91",Тинькофф,Общее,[counterparty_831a0f4ab6],,Эквайринг
Декабрь,12,01.12.2024,"-5 000,00",Тинькофф,Общее,[counterparty_e08d6e58b9],,Аренда склада
Декабрь,12,01.12.2024,"-644,90",Тинькофф,Общее,[counterparty_d7a35ccc36],,Содержание торговых точек
Декабрь,12,02.12.2024,"-95,00",Тинькофф,Общее,[counterparty_d7a35ccc36],,Содержание офиса
Декабрь,12,01.12.2024,"-499,99",Тинькофф,Общее,[counterparty_d7a35ccc36],,Расходы на питание персонала
Декабрь,12,02.12.2024,"99 774,00",Тинькофф,Клиенты-физ.лица,[counterparty_db1aef506b],,Поступление денег с торг. точек
Декабрь,12,02.12.2024,"-1 496,81",Тинькофф,Общее,[counterparty_831a0f4ab6],,Эквайринг
Декабрь,12,03.12.2024,"-11 107,29",Тинькофф,Общее,[counterparty_d7a35ccc36],,Оплата поставщикам 
Декабрь,12,02.12.2024,"-86 000,00",Тинькофф,Общее,,,Выбытие — Перевод между счетами
Декабрь,12,02.12.2024,"1 049,00",Тинькофф,Клиенты-физ.лица,[counterparty_db1aef506b],,Поступление денег с торг. точек
Декабрь,12,02.12.2024,"-4,20",Тинькофф,Общее,[counterparty_831a0f4ab6],,Эквайринг
Декабрь,12,02.12.2024,"-25 000,00",Тинькофф,Общее,,,Выбытие — Перевод между счетами
Декабрь,12,02.12.2024,"1 310,00",Тинькофф,Клиенты-физ.лица,[counterparty_db1aef506b],,Поступление денег с торг. точек
Декабрь,12,02.12.2024,"-5,24",Тинькофф,Общее,[counterparty_831a0f4ab6],,Эквайринг
Декабрь,12,02.12.2024,"-65 000,00",Тинькофф,Общее,,,Выбытие — Перевод между счетами
Декабрь,12,02.12.2024,"-32 800,00",Тинькофф,Общее,[counterparty_483af3edc2],,Листовки
Декабрь,12,02.12.2024,"1 934,00",Тинькофф,Клиенты-физ.лица,[counterparty_db1aef506b],,Поступление денег с торг. точек
Декабрь,12,02.12.2024,"-7,74",Тинькофф,Общее,[counterparty_831a0f4ab6],,Эквайринг
Декабрь,12,02.12.2024,"951,00",Тинькофф,Клиенты-физ.лица,[counterparty_db1aef506b],,Поступление денег с торг. точек
Декабрь,12,02.12.2024,"1 651,00",Тинькофф,Клиенты-физ.лица,[counterparty_db1aef506b],,Поступление денег с торг. точек
Декабрь,12,02.12.2024,"-3,80",Тинькофф,Общее,[counterparty_831a0f4ab6],,Эквайринг
Декабрь,12,02.12.2024,"-6,60",Тинькофф,Общее,[counterparty_831a0f4ab6],,Эквайринг
Декабрь,12,04.12.2024,"-1 260,00",Тинькофф,Общее,[counterparty_b2323408fa],,Оплата поставщикам 
Декабрь,12,04.12.2024,"-7 324,43",Тинькофф,Общее,[counterparty_d7a35ccc36],,Оплата поставщикам 
Декабрь,12,05.12.2024,"-5 473,00",ТК Черникова,Общее,[counterparty_d7a35ccc36],,Оплата поставщикам 
Декабрь,12,03.12.2024,"36 993,00",Тинькофф,Клиенты-физ.лица,[counterparty_db1aef506b],,Поступление денег с торг. точек
Декабрь,12,03.12.2024,"-554,95",Тинькофф,Общее,[counterparty_831a0f4ab6],,Эквайринг
Декабрь,12,03.12.2024,"-133 931,00",Тинькофф,Общее,,,Выбытие — Перевод между счетами
Декабрь,12,03.12.2024,"1 393,00",Тинькофф,Клиенты-физ.лица,[counterparty_db1aef506b],,Поступление денег с торг. точек
Декабрь,12,03.12.2024,"-5,57",Тинькофф,Общее,[counterparty_831a0f4ab6],,Эквайринг
Декабрь,12,05.12.2024,"-5 392,65",Тинькофф,Общее,[counterparty_d7a35ccc36],,Оплата поставщикам 
Декабрь,12,03.12.2024,"-233,94",Тинькофф,Общее,[counterparty_d7a35ccc36],,Содержание торговых точек
Декабрь,12,03.12.2024,"-1 824,89",Тинькофф,Общее,[counterparty_d7a35ccc36],,Расходы на питание персонала
Декабрь,12,04.12.2024,"75 801,00",Тинькофф,Клиенты-физ.лица,[counterparty_db1aef506b],,Поступление денег с торг. точек
Декабрь,12,04.12.2024,"-1 137,17",Тинькофф,Общее,[counterparty_831a0f4ab6],,Эквайринг
Декабрь,12,04.12.2024,"-5 000,00",Тинькофф,Общее,[counterparty_50d958815d],,Телекоммуникации
Декабрь,12,04.12.2024,"289,00",Тинькофф,Клиенты-физ.лица,[counterparty_db1aef506b],,Поступление денег с торг. точек
Декабрь,12,04.12.2024,"-1,16",Тинькофф,Общее,[counterparty_831a0f4ab6],,Эквайринг
Декабрь,12,06.12.2024,"-4 319,64",ТК Черникова,Общее,[counterparty_d2a9714437],,Оплата поставщикам 
Декабрь,12,04.12.2024,"-14 794,00",Тинькофф,Общее,,,Выбытие — Перевод между счетами
Декабрь,12,04.12.2024,"14 794,00",Накопительный фонд,Общее,,,Поступление — Перевод между счетами
Декабрь,12,04.12.2024,"1 630,00",Тинькофф,Клиенты-физ.лица,[counterparty_db1aef506b],,Поступление денег с торг. точек
Декабрь,12,04.12.2024,"-6,52",Тинькофф,Общее,[counterparty_831a0f4ab6],,Эквайринг
Декабрь,12,04.12.2024,"1 477,00",Тинькофф,Клиенты-физ.лица,[counterparty_db1aef506b],,Поступление денег с торг. точек
Декабрь,12,04.12.2024,"-5,91",Тинькофф,Общее,[counterparty_831a0f4ab6],,Эквайринг
Декабрь,12,06.12.2024,"-3 763,35",ТК Черникова,Общее,[counterparty_5ea766e786],,Оплата поставщикам 
Декабрь,12,04.12.2024,"-2 000,00",Тинькофф,Общее,,[private_text_8a8de823d5],Прочие расходы
Декабрь,12,05.12.2024,"64 809,55",Тинькофф,Клиенты-физ.лица,[counterparty_db1aef506b],,Поступление денег с торг. точек
Декабрь,12,05.12.2024,"-972,23",Тинькофф,Общее,[counterparty_831a0f4ab6],,Эквайринг
Декабрь,12,05.12.2024,"144 000,00",Тинькофф,Общее,,,Поступление — Перевод между счетами
Декабрь,12,05.12.2024,"-14 816,00",Тинькофф,Общее,[counterparty_4d6381bc7a],[private_text_6a89c8e84d],Покупка ОС
Декабрь,12,05.12.2024,"1 133,00",Тинькофф,Клиенты-физ.лица,[counterparty_db1aef506b],,Поступление денег с торг. точек
Декабрь,12,05.12.2024,"-4,53",Тинькофф,Общее,[counterparty_831a0f4ab6],,Эквайринг
Декабрь,12,05.12.2024,"920,00",Тинькофф,Клиенты-физ.лица,[counterparty_db1aef506b],,Поступление денег с торг. точек
Декабрь,12,05.12.2024,"-3,68",Тинькофф,Общее,[counterparty_831a0f4ab6],,Эквайринг
Декабрь,12,05.12.2024,"2 278,00",Тинькофф,Клиенты-физ.лица,[counterparty_db1aef506b],,Поступление денег с торг. точек
Декабрь,12,05.12.2024,"-9,11",Тинькофф,Общее,[counterparty_831a0f4ab6],,Эквайринг
Декабрь,12,07.12.2024,"-7 547,00",ТК Черникова,Общее,[counterparty_d7a35ccc36],,Оплата поставщикам 
Декабрь,12,05.12.2024,"-255,94",Тинькофф,Общее,[counterparty_d7a35ccc36],,Содержание торговых точек
Декабрь,12,05.12.2024,"-1 662,72",Тинькофф,Общее,[counterparty_d7a35ccc36],,Расходы на питание персонала
Декабрь,12,06.12.2024,"52 398,00",Тинькофф,Клиенты-физ.лица,[counterparty_db1aef506b],,Поступление денег с торг. точек
Декабрь,12,06.12.2024,"-786,08",Тинькофф,Общее,[counterparty_831a0f4ab6],,Эквайринг
Декабрь,12,06.12.2024,"-5 000,00",Тинькофф,Общее,[counterparty_00d169637c],,Таргетированная реклама
Декабрь,12,06.12.2024,"560,00",Тинькофф,Клиенты-физ.лица,[counterparty_db1aef506b],,Поступление денег с торг. точек
Декабрь,12,06.12.2024,"-2,24",Тинькофф,Общее,[counterparty_831a0f4ab6],,Эквайринг
Декабрь,12,06.12.2024,"-8 899,00",Тинькофф,Общее,[counterparty_d7a35ccc36],[private_text_20e8254c58],Содержание торговых точек
Декабрь,12,07.12.2024,"120 234,90",Тинькофф,Клиенты-физ.лица,[counterparty_db1aef506b],,Поступление денег с торг. точек
Декабрь,12,07.12.2024,"-1 803,72",Тинькофф,Общее,[counterparty_831a0f4ab6],,Эквайринг
Декабрь,12,07.12.2024,"-93 956,00",Тинькофф,Общее,[counterparty_dc430ed78e],,Оплата поставщикам 
Декабрь,12,07.12.2024,"-25 237,00",Тинькофф,Общее,[counterparty_dc430ed78e],,Оплата поставщикам 
Декабрь,12,07.12.2024,"-4 625,00",Тинькофф,Общее,[counterparty_3f7ad1a68b],,Оплата поставщикам 
Декабрь,12,07.12.2024,"-18 890,07",Тинькофф,Общее,[counterparty_b2323408fa],,Оплата поставщикам 
Декабрь,12,07.12.2024,"-6 894,38",Тинькофф,Общее,[counterparty_dc430ed78e],,Оплата поставщикам 
Декабрь,12,07.12.2024,"-24 133,68",Тинькофф,Общее,[counterparty_8e70032df8],,Оплата поставщикам 
Декабрь,12,07.12.2024,"-34 996,00",Тинькофф,Общее,[counterparty_fb5384e8b9],,Оплата поставщикам 
Декабрь,12,07.12.2024,"2 291,00",Тинькофф,Клиенты-физ.лица,[counterparty_db1aef506b],,Поступление денег с торг. точек
Декабрь,12,07.12.2024,"-9,16",Тинькофф,Общее,[counterparty_831a0f4ab6],,Эквайринг
Декабрь,12,07.12.2024,"-765,91",Тинькофф,Общее,[counterparty_d7a35ccc36],,Содержание торговых точек
Декабрь,12,07.12.2024,"-2 607,29",Тинькофф,Общее,[counterparty_d7a35ccc36],,Расходы на питание персонала
Декабрь,12,07.12.2024,"-3 971,30",Тинькофф,Общее,[counterparty_d7a35ccc36],,Оплата поставщикам 
Декабрь,12,08.12.2024,"-2 000,00",Тинькофф,Общее,[counterparty_6d6a37d791],,Оплата поставщикам 
Декабрь,12,08.12.2024,"-36 896,59",Тинькофф,Общее,[counterparty_fb5384e8b9],,Оплата поставщикам 
Декабрь,12,08.12.2024,"-65 096,42",Тинькофф,Общее,[counterparty_c4e92b27e2],,Оплата поставщикам 
Декабрь,12,08.12.2024,"-25 953,90",Тинькофф,Общее,[counterparty_19f4d4c15b],,Оплата поставщикам 
Декабрь,12,08.12.2024,"-52 149,37",Тинькофф,Общее,[counterparty_bb8cb2d348],,Оплата поставщикам 
Декабрь,12,08.12.2024,"-6 900,00",Тинькофф,Общее,[counterparty_ab325eb126],,Оплаты систем автоматизации
Декабрь,12,08.12.2024,"-5 200,00",Тинькофф,Общее,[counterparty_ab325eb126],,Оплаты систем автоматизации
Декабрь,12,08.12.2024,"162 262,25",Тинькофф,Клиенты-физ.лица,[counterparty_db1aef506b],,Поступление денег с торг. точек
Декабрь,12,08.12.2024,"-2 434,17",Тинькофф,Общее,[counterparty_831a0f4ab6],,Эквайринг
Декабрь,12,08.12.2024,"566,00",Тинькофф,Клиенты-физ.лица,[counterparty_db1aef506b],,Поступление денег с торг. точек
Декабрь,12,08.12.2024,"-2,26",Тинькофф,Общее,[counterparty_831a0f4ab6],,Эквайринг
Ноябрь,11,21.11.2024,"-1 491,13",Сбербанк,Общее,[counterparty_831a0f4ab6],,РКО
Ноябрь,11,21.11.2024,"6 500,00",Сбербанк,Общее,,,Поступление — Перевод между счетами
Ноябрь,11,21.11.2024,"-6 500,00",Сбербанк,Общее,,,Выбытие — Перевод между счетами
Ноябрь,11,29.11.2024,"-19,50",Сбербанк,Общее,[counterparty_831a0f4ab6],,РКО
Ноябрь,11,29.11.2024,"100 000,00",Сбербанк,Общее,,,Поступление — Перевод между счетами
Ноябрь,11,29.11.2024,"-100 000,00",Сбербанк,Общее,[counterparty_e08d6e58b9],,Аренда торговых точек
Декабрь,12,02.12.2024,"-477,43",Сбербанк,Общее,[counterparty_831a0f4ab6],,Оплаты по кредитам и займам
Декабрь,12,02.12.2024,"-17 981,57",Сбербанк,Общее,[counterparty_831a0f4ab6],,Оплаты по кредитам и займам
Декабрь,12,02.12.2024,"-154 000,00",Сбербанк,Общее,,,Выбытие — Перевод между счетами
Декабрь,12,02.12.2024,"25 000,00",Сбербанк,Общее,,,Поступление — Перевод между счетами
Декабрь,12,02.12.2024,"65 000,00",Сбербанк,Общее,,,Поступление — Перевод между счетами
Декабрь,12,02.12.2024,"86 000,00",Сбербанк,Общее,,,Поступление — Перевод между счетами
Декабрь,12,03.12.2024,"133 931,00",Сбербанк,Общее,,,Поступление — Перевод между счетами
Декабрь,12,03.12.2024,"-133 931,00",Сбербанк,Общее,,,Выбытие — Перевод между счетами
Декабрь,12,09.12.2024,"9 241,57",Альфа,Клиенты-физ.лица,[counterparty_db1aef506b],,Поступление денег с торг. точек
Декабрь,12,09.12.2024,"-18,93",Альфа,Общее,[counterparty_831a0f4ab6],,Эквайринг
Декабрь,12,10.12.2024,"-299,00",Альфа,Общее,[counterparty_831a0f4ab6],,РКО
Декабрь,12,10.12.2024,"11 874,17",Альфа,Клиенты-физ.лица,[counterparty_db1aef506b],,Поступление денег с торг. точек
Декабрь,12,10.12.2024,"-16,16",Альфа,Общее,[counterparty_831a0f4ab6],,Эквайринг
Декабрь,12,09.12.2024,"89 680,95",Тинькофф,Клиенты-физ.лица,[counterparty_db1aef506b],,Поступление денег с торг. точек
Декабрь,12,09.12.2024,"-1 345,38",Тинькофф,Общее,[counterparty_831a0f4ab6],,Эквайринг
Декабрь,12,09.12.2024,"-24 000,00",Тинькофф,Общее,[counterparty_0dd12f5640],,Листовки
Декабрь,12,09.12.2024,"530,00",Тинькофф,Клиенты-физ.лица,[counterparty_db1aef506b],,Поступление денег с торг. точек
Декабрь,12,09.12.2024,"-2,12",Тинькофф,Общее,[counterparty_831a0f4ab6],,Эквайринг
Декабрь,12,09.12.2024,"-3 375,00",Тинькофф,Общее,[counterparty_d7a35ccc36],[private_text_0d84291e54],Содержание торговых точек
Декабрь,12,09.12.2024,"-4 280,00",Тинькофф,Общее,[counterparty_d7a35ccc36],[private_text_23dc04522d],Содержание торговых точек
Декабрь,12,09.12.2024,"-675,00",Тинькофф,Общее,[counterparty_d7a35ccc36],[private_text_b08fb22828],Содержание торговых точек
Декабрь,12,09.12.2024,"-457,00",Тинькофф,Общее,[counterparty_d7a35ccc36],[private_text_a74abad4c4],Содержание торговых точек
Декабрь,12,09.12.2024,"1 562,00",Тинькофф,Клиенты-физ.лица,[counterparty_db1aef506b],,Поступление денег с торг. точек
Декабрь,12,09.12.2024,"-6,25",Тинькофф,Общее,[counterparty_831a0f4ab6],,Эквайринг
Декабрь,12,09.12.2024,"-1 490,87",Тинькофф,Общее,[counterparty_d7a35ccc36],,Содержание торговых точек
Декабрь,12,09.12.2024,"-1 926,85",Тинькофф,Общее,[counterparty_d7a35ccc36],,Оплата поставщикам 
Декабрь,12,09.12.2024,"-2 445,53",Тинькофф,Общее,[counterparty_d7a35ccc36],,Расходы на питание персонала
Декабрь,12,10.12.2024,"48 482,50",Тинькофф,Клиенты-физ.лица,[counterparty_db1aef506b],,Поступление денег с торг. точек
Декабрь,12,10.12.2024,"-727,36",Тинькофф,Общее,[counterparty_831a0f4ab6],,Эквайринг
Декабрь,12,10.12.2024,"2 880,00",Тинькофф,Клиенты-физ.лица,[counterparty_db1aef506b],,Поступление денег с торг. точек
Декабрь,12,10.12.2024,"-11,52",Тинькофф,Общее,[counterparty_831a0f4ab6],,Эквайринг
Декабрь,12,10.12.2024,"-162 812,00",Тинькофф,Общее,,,Выбытие — Перевод между счетами
Декабрь,12,10.12.2024,"-6 560,00",Тинькофф,Общее,[counterparty_d7a35ccc36],[private_text_7e27956a79],Содержание торговых точек
Декабрь,12,10.12.2024,"-244,96",Тинькофф,Общее,[counterparty_d7a35ccc36],,Расходы на питание персонала
Декабрь,12,09.12.2024,"-7 910,00",ТК Черникова,Общее,[counterparty_552231dcd7],,Курьерская служба -
Декабрь,12,09.12.2024,"7 924,00",ТК Черникова,Клиенты-физ.лица,[counterparty_db1aef506b],,Поступление денег с торг. точек
Декабрь,12,09.12.2024,"-7 161,00",ТК Черникова,Общее,[counterparty_d7a35ccc36],,Оплата поставщикам 
Декабрь,12,09.12.2024,"-5 000,00",ТК Черникова,Общее,[counterparty_d7a35ccc36],,Оплата поставщикам 
Декабрь,12,09.12.2024,"-600,00",ТК Черникова,Общее,[counterparty_3f0fc87298],[private_text_5871b560b3],Содержание торговых точек
Декабрь,12,10.12.2024,"-9 260,00",ТК Черникова,Общее,[counterparty_552231dcd7],,Курьерская служба -
Декабрь,12,10.12.2024,"11 396,00",ТК Черникова,Клиенты-физ.лица,[counterparty_db1aef506b],,Поступление денег с торг. точек
Декабрь,12,10.12.2024,"-10 000,00",Сейф,Общее,[counterparty_552231dcd7],[private_text_fe326e31cc],Зарплата производственного персонала
Декабрь,12,10.12.2024,"-157 352,00",Сейф,Общее,[counterparty_552231dcd7],,Зарплата производственного персонала
Декабрь,12,10.12.2024,"162 811,00",Сейф,Общее,,,Поступление — Перевод между счетами
Декабрь,12,11.12.2024,"-1 500,00",Сейф,Общее,[counterparty_335f3233c9],,Аренда торговых точек
Декабрь,12,11.12.2024,"-6 014,00",ТК Черникова,Общее,[counterparty_d7a35ccc36],,Оплата поставщикам 
Декабрь,12,11.12.2024,"-318,00",ТК Черникова,Общее,[counterparty_d7a35ccc36],,Расходы на питание персонала
Декабрь,12,11.12.2024,"-8 310,00",ТК Черникова,Общее,[counterparty_552231dcd7],,Курьерская служба -
Декабрь,12,11.12.2024,"9 515,00",ТК Черникова,Клиенты-физ.лица,[counterparty_db1aef506b],,Поступление денег с торг. точек
Декабрь,12,11.12.2024,"19 806,79",Альфа,Клиенты-физ.лица,[counterparty_db1aef506b],,Поступление денег с торг. точек
Декабрь,12,11.12.2024,"-35,12",Альфа,Общее,[counterparty_831a0f4ab6],,Эквайринг
Декабрь,12,11.12.2024,"73 246,35",Тинькофф,Клиенты-физ.лица,[counterparty_db1aef506b],,Поступление денег с торг. точек
Декабрь,12,11.12.2024,"-1 098,83",Тинькофф,Общее,[counterparty_831a0f4ab6],,Эквайринг
Декабрь,12,11.12.2024,"-3 421,13",Тинькофф,Общее,[counterparty_ecf3465a86],,Аренда торговых точек
Декабрь,12,11.12.2024,"-789,19",Тинькофф,Общее,[counterparty_ecf3465a86],,Аренда торговых точек
Декабрь,12,11.12.2024,"-500,00",Тинькофф,Общее,[counterparty_9147d41bbb],,Аренда торговых точек
Декабрь,12,11.12.2024,"-12 885,00",Тинькофф,Общее,[counterparty_449fa47f79],,Оплаты систем автоматизации
Декабрь,12,11.12.2024,"-104 797,00",Тинькофф,Общее,[counterparty_cb93f56848],,Сайт и приложение
Декабрь,12,11.12.2024,"-2 200,00",Тинькофф,Общее,[counterparty_e3d41d1621],,Телекоммуникации
Декабрь,12,11.12.2024,"-2 000,00",Тинькофф,Общее,[counterparty_9147d41bbb],,Аренда торговых точек
Декабрь,12,11.12.2024,"-28 000,00",Тинькофф,Общее,[counterparty_33844b2195],,Прочие маркетинговые услуги
Декабрь,12,11.12.2024,"2 721,00",Тинькофф,Клиенты-физ.лица,[counterparty_db1aef506b],,Поступление денег с торг. точек
Декабрь,12,11.12.2024,"-10,88",Тинькофф,Общее,[counterparty_831a0f4ab6],,Эквайринг
Декабрь,12,11.12.2024,"320,00",Тинькофф,Клиенты-физ.лица,[counterparty_db1aef506b],,Поступление денег с торг. точек
Декабрь,12,11.12.2024,"-1,28",Тинькофф,Общее,[counterparty_831a0f4ab6],,Эквайринг
Декабрь,12,11.12.2024,"-6,06",Тинькофф,Общее,[counterparty_831a0f4ab6],,Эквайринг
Декабрь,12,11.12.2024,"1 305,00",Тинькофф,Клиенты-физ.лица,[counterparty_db1aef506b],,Поступление денег с торг. точек
Декабрь,12,11.12.2024,"-5,22",Тинькофф,Общее,[counterparty_831a0f4ab6],,Эквайринг
Декабрь,12,11.12.2024,"-2 416,14",Тинькофф,Общее,[counterparty_d7a35ccc36],,Расходы на питание персонала
Декабрь,12,11.12.2024,"-13,99",Тинькофф,Общее,[counterparty_d7a35ccc36],,Содержание торговых точек
Декабрь,12,11.12.2024,"-440,99",Тинькофф,Общее,[counterparty_d7a35ccc36],,Оплата поставщикам 
Декабрь,12,12.12.2024,"4 500,00",Сейф,Общее,[counterparty_552231dcd7],[private_text_d3e78d8746],Курьерская служба +
Декабрь,12,12.12.2024,"12 350,80",Альфа,Клиенты-физ.лица,[counterparty_db1aef506b],,Поступление денег с торг. точек
Декабрь,12,12.12.2024,"-13,82",Альфа,Общее,[counterparty_831a0f4ab6],,Эквайринг
Декабрь,12,12.12.2024,"55 537,00",Тинькофф,Клиенты-физ.лица,[counterparty_db1aef506b],,Поступление денег с торг. точек
Декабрь,12,12.12.2024,"-833,18",Тинькофф,Общее,[counterparty_831a0f4ab6],,Эквайринг
Декабрь,12,12.12.2024,"-4 500,00",Тинькофф,Общее,,,Выбытие — Перевод между счетами
Декабрь,12,12.12.2024,"4 500,00",ГарантФонд,Общее,,,Поступление — Перевод между счетами
Декабрь,12,12.12.2024,"-6 198,56",Тинькофф,Общее,[counterparty_b2323408fa],,Оплата поставщикам 
Декабрь,12,12.12.2024,"83,00",Тинькофф,Клиенты-физ.лица,[counterparty_db1aef506b],,Поступление денег с торг. точек
Декабрь,12,12.12.2024,"-0,33",Тинькофф,Общее,[counterparty_831a0f4ab6],,Эквайринг
Декабрь,12,12.12.2024,"586,00",Тинькофф,Клиенты-физ.лица,[counterparty_db1aef506b],,Поступление денег с торг. точек
Декабрь,12,12.12.2024,"-2,34",Тинькофф,Общее,[counterparty_831a0f4ab6],,Эквайринг
Декабрь,12,12.12.2024,"-4 180,00",ТК Черникова,Общее,[counterparty_5ea766e786],,Оплата поставщикам 
Декабрь,12,12.12.2024,"-9 240,00",ТК Черникова,Общее,[counterparty_552231dcd7],,Курьерская служба -
Декабрь,12,12.12.2024,"9 095,00",ТК Черникова,Клиенты-физ.лица,[counterparty_db1aef506b],,Поступление денег с торг. точек
Декабрь,12,13.12.2024,"93 565,00",Тинькофф,Клиенты-физ.лица,[counterparty_db1aef506b],,Поступление денег с торг. точек
Декабрь,12,13.12.2024,"-1 403,61",Тинькофф,Общее,[counterparty_831a0f4ab6],,Эквайринг
Декабрь,12,13.12.2024,"-5 000,00",Тинькофф,Общее,[counterparty_50d958815d],,Телекоммуникации
Декабрь,12,13.12.2024,"148 000,00",Тинькофф,Общее,,,Поступление — Перевод между счетами
Декабрь,12,13.12.2024,"1 882,00",Тинькофф,Клиенты-физ.лица,[counterparty_db1aef506b],,Поступление денег с торг. точек
Декабрь,12,13.12.2024,"-7,53",Тинькофф,Общее,[counterparty_831a0f4ab6],,Эквайринг
Декабрь,12,13.12.2024,"865,00",Тинькофф,Клиенты-физ.лица,[counterparty_db1aef506b],,Поступление денег с торг. точек
Декабрь,12,13.12.2024,"-3,46",Тинькофф,Общее,[counterparty_831a0f4ab6],,Эквайринг
Декабрь,12,13.12.2024,"-24 092,25",Тинькофф,Общее,[counterparty_fb5384e8b9],,Оплата поставщикам 
Декабрь,12,13.12.2024,"-38 409,97",Тинькофф,Общее,[counterparty_fb5384e8b9],,Оплата поставщикам 
Декабрь,12,13.12.2024,"-6 000,00",Тинькофф,Общее,[counterparty_1c967c7874],,Комиссия агрегатору
Декабрь,12,13.12.2024,"-28 365,87",Тинькофф,Общее,[counterparty_b2323408fa],,Оплата поставщикам 
Декабрь,12,13.12.2024,"-55 124,55",Тинькофф,Общее,[counterparty_dc430ed78e],,Оплата поставщикам 
Декабрь,12,13.12.2024,"-32 397,79",Тинькофф,Общее,[counterparty_8e70032df8],,Оплата поставщикам 
Декабрь,12,13.12.2024,"-30 523,49",Тинькофф,Общее,[counterparty_19f4d4c15b],,Оплата поставщикам 
Декабрь,12,13.12.2024,"-3 000,00",Тинькофф,Общее,[counterparty_d1d2f948bb],,Оплаты систем автоматизации
Декабрь,12,13.12.2024,"-57 117,15",Тинькофф,Общее,[counterparty_c4e92b27e2],,Оплата поставщикам 
Декабрь,12,13.12.2024,"-45 475,00",Тинькофф,Общее,[counterparty_dc430ed78e],,Оплата поставщикам 
Декабрь,12,13.12.2024,"-72 442,04",Тинькофф,Общее,[counterparty_bb8cb2d348],,Оплата поставщикам 
Декабрь,12,13.12.2024,"-5 550,00",Тинькофф,Общее,[counterparty_3f7ad1a68b],,Оплата поставщикам 
Декабрь,12,13.12.2024,"1 376,00",Тинькофф,Клиенты-физ.лица,[counterparty_db1aef506b],,Поступление денег с торг. точек
Декабрь,12,13.12.2024,"-5,50",Тинькофф,Общее,[counterparty_831a0f4ab6],,Эквайринг
Декабрь,12,13.12.2024,"1 554,00",Тинькофф,Клиенты-физ.лица,[counterparty_db1aef506b],,Поступление денег с торг. точек
Декабрь,12,13.12.2024,"-6,22",Тинькофф,Общее,[counterparty_831a0f4ab6],,Эквайринг
Декабрь,12,13.12.2024,"90,00",Тинькофф,Клиенты-физ.лица,[counterparty_db1aef506b],,Поступление денег с торг. точек
Декабрь,12,13.12.2024,"-0,36",Тинькофф,Общее,[counterparty_831a0f4ab6],,Эквайринг
Декабрь,12,13.12.2024,"471,00",Тинькофф,Клиенты-физ.лица,[counterparty_db1aef506b],,Поступление денег с торг. точек
Декабрь,12,13.12.2024,"-1,88",Тинькофф,Общее,[counterparty_831a0f4ab6],,Эквайринг
Декабрь,12,13.12.2024,"-6 336,03",Тинькофф,Общее,[counterparty_d7a35ccc36],,Оплата поставщикам 
Декабрь,12,13.12.2024,"-2 681,40",Тинькофф,Общее,[counterparty_d7a35ccc36],,Расходы на питание персонала
Декабрь,12,13.12.2024,"-32,97",Тинькофф,Общее,[counterparty_d7a35ccc36],,Содержание торговых точек
Декабрь,12,13.12.2024,"-830,27",Тинькофф,Общее,[counterparty_b2323408fa],,Оплата поставщикам 
Декабрь,12,14.12.2024,"142 723,00",Тинькофф,Клиенты-физ.лица,[counterparty_db1aef506b],,Поступление денег с торг. точек
Декабрь,12,14.12.2024,"-2 141,09",Тинькофф,Общее,[counterparty_831a0f4ab6],,Эквайринг
Декабрь,12,14.12.2024,"3 204,00",Тинькофф,Клиенты-физ.лица,[counterparty_db1aef506b],,Поступление денег с торг. точек
Декабрь,12,14.12.2024,"-12,82",Тинькофф,Общее,[counterparty_831a0f4ab6],,Эквайринг
Декабрь,12,14.12.2024,"314,00",Тинькофф,Клиенты-физ.лица,[counterparty_db1aef506b],,Поступление денег с торг. точек
Декабрь,12,14.12.2024,"-1,26",Тинькофф,Общее,[counterparty_831a0f4ab6],,Эквайринг
Декабрь,12,14.12.2024,"1 529,00",Тинькофф,Клиенты-физ.лица,[counterparty_db1aef506b],,Поступление денег с торг. точек
Декабрь,12,14.12.2024,"-6,12",Тинькофф,Общее,[counterparty_831a0f4ab6],,Эквайринг
Декабрь,12,14.12.2024,"1 250,00",Тинькофф,Клиенты-физ.лица,[counterparty_db1aef506b],,Поступление денег с торг. точек
Декабрь,12,14.12.2024,"-5,00",Тинькофф,Общее,[counterparty_831a0f4ab6],,Эквайринг
Декабрь,12,14.12.2024,"1 795,00",Тинькофф,Клиенты-физ.лица,[counterparty_db1aef506b],,Поступление денег с торг. точек
Декабрь,12,14.12.2024,"-7,18",Тинькофф,Общее,[counterparty_831a0f4ab6],,Эквайринг
Декабрь,12,15.12.2024,"168 453,15",Тинькофф,Клиенты-физ.лица,[counterparty_db1aef506b],,Поступление денег с торг. точек
Декабрь,12,15.12.2024,"-2 527,12",Тинькофф,Общее,[counterparty_831a0f4ab6],,Эквайринг
Декабрь,12,15.12.2024,"-21 432,00",Тинькофф,Общее,,,Выбытие — Перевод между счетами
Декабрь,12,15.12.2024,"-13,99",Тинькофф,Общее,[counterparty_d7a35ccc36],,Содержание торговых точек
Декабрь,12,13.12.2024,"-5 150,00",Сейф,Общее,[counterparty_d2a9714437],,Оплата поставщикам 
Декабрь,12,15.12.2024,"-1 769,68",Тинькофф,Общее,[counterparty_d7a35ccc36],,Расходы на питание персонала
Декабрь,12,13.12.2024,"-148 000,00",Альфа,Общее,,,Выбытие — Перевод между счетами
Декабрь,12,13.12.2024,"17 481,18",Альфа,Клиенты-физ.лица,[counterparty_db1aef506b],,Поступление денег с торг. точек
Декабрь,12,13.12.2024,"-28,81",Альфа,Общее,[counterparty_831a0f4ab6],,Эквайринг
Декабрь,12,14.12.2024,"41 937,37",Альфа,Клиенты-физ.лица,[counterparty_db1aef506b],,Поступление денег с торг. точек
Декабрь,12,14.12.2024,"-44,42",Альфа,Общее,[counterparty_831a0f4ab6],,Эквайринг
Декабрь,12,15.12.2024,"23 093,92",Альфа,Клиенты-физ.лица,[counterparty_db1aef506b],,Поступление денег с торг. точек
Декабрь,12,15.12.2024,"-15,82",Альфа,Общее,[counterparty_831a0f4ab6],,Эквайринг
Декабрь,12,13.12.2024,"-600,00",ТК Черникова,Общее,[counterparty_552231dcd7],,Курьерская служба -
Декабрь,12,13.12.2024,"-17 160,00",ТК Черникова,Общее,[counterparty_552231dcd7],,Курьерская служба -
Декабрь,12,13.12.2024,"13 429,00",ТК Черникова,Клиенты-физ.лица,[counterparty_db1aef506b],,Поступление денег с торг. точек
Декабрь,12,14.12.2024,"-18 230,00",ТК Черникова,Общее,[counterparty_552231dcd7],,Курьерская служба -
Декабрь,12,14.12.2024,"29 924,00",ТК Черникова,Клиенты-физ.лица,[counterparty_db1aef506b],,Поступление денег с торг. точек
Декабрь,12,15.12.2024,"-10 100,00",ТК Черникова,Общее,[counterparty_552231dcd7],,Курьерская служба -
Декабрь,12,15.12.2024,"16 972,00",ТК Черникова,Клиенты-физ.лица,[counterparty_db1aef506b],,Поступление денег с торг. точек
Декабрь,12,13.12.2024,"500,00",Сейф,Общее,[counterparty_552231dcd7],[private_text_f6d54b1a0f],Курьерская служба +
Декабрь,12,15.12.2024,"-7 988,35",Тинькофф,Общее,[counterparty_d7a35ccc36],,Оплата поставщикам 
Декабрь,12,13.12.2024,"-198,00",Сейф,Общее,[counterparty_831a0f4ab6],,РКО
Декабрь,12,15.12.2024,"-11 561,00",Сейф,Общее,[counterparty_d7a35ccc36],,Оплата поставщикам 
Декабрь,12,15.12.2024,"21 432,00",Сейф,Общее,,,Поступление — Перевод между счетами
Декабрь,12,15.12.2024,"-9 871,00",Сейф,Общее,[counterparty_d7a35ccc36],,Оплата поставщикам 
Декабрь,12,16.12.2024,"-1 600,00",Сейф,Общее,[counterparty_416f60a5fd],[private_text_38c55cba4e],Расходы на персонал
Декабрь,12,16.12.2024,"350,00",Сейф,Общее,[counterparty_552231dcd7],[private_text_317f0fc600],Прочие поступления
Декабрь,12,16.12.2024,"97 000,00",Сейф,Общее,,,Поступление — Перевод между счетами
Декабрь,12,16.12.2024,"-35 000,00",Сейф,Общее,[counterparty_552231dcd7],[private_text_a2640e354e],Зарплата административного персонала
Декабрь,12,16.12.2024,"-25 000,00",Сейф,Общее,[counterparty_552231dcd7],[private_text_ed8353ffe0],Зарплата административного персонала
Декабрь,12,16.12.2024,"-15 000,00",Сейф,Общее,[counterparty_552231dcd7],[private_text_1a1a5bdea0],Содержание торговых точек
Декабрь,12,16.12.2024,"-3 500,00",Сейф,Общее,[counterparty_552231dcd7],[private_text_70a5b32f3c],Содержание торговых точек
Декабрь,12,16.12.2024,"-18 500,00",Сейф,Общее,[counterparty_552231dcd7],[private_text_5130524ce8],Зарплата административного персонала
Декабрь,12,17.12.2024,"120 538,00",Сейф,Корпоративные клиенты,[counterparty_d346fb5ae4],,Поступление денег с торг. точек
Декабрь,12,17.12.2024,"200,00",Сейф,Общее,[counterparty_552231dcd7],[private_text_f6d54b1a0f],Курьерская служба +
Декабрь,12,17.12.2024,"1 200,00",Сейф,Общее,[counterparty_552231dcd7],[private_text_f3150bd106],Прочие поступления
Декабрь,12,16.12.2024,"-10 870,00",ТК Черникова,Общее,[counterparty_552231dcd7],,Курьерская служба -
Декабрь,12,16.12.2024,"10 879,30",ТК Черникова,Клиенты-физ.лица,[counterparty_db1aef506b],,Поступление денег с торг. точек
Декабрь,12,16.12.2024,"-4 236,00",ТК Черникова,Общее,[counterparty_5ea766e786],,Оплата поставщикам 
Декабрь,12,16.12.2024,"24 402,23",Альфа,Клиенты-физ.лица,[counterparty_db1aef506b],,Поступление денег с торг. точек
Декабрь,12,16.12.2024,"-12,35",Альфа,Общее,[counterparty_831a0f4ab6],,Эквайринг
Декабрь,12,16.12.2024,"103 597,50",Тинькофф,Клиенты-физ.лица,[counterparty_db1aef506b],,Поступление денег с торг. точек
Декабрь,12,16.12.2024,"-1 554,14",Тинькофф,Общее,[counterparty_831a0f4ab6],,Эквайринг
Декабрь,12,16.12.2024,"-97 000,00",Тинькофф,Общее,,,Выбытие — Перевод между счетами
Декабрь,12,16.12.2024,"-245 000,00",Тинькофф,Общее,,,Выбытие — Перевод между счетами
Декабрь,12,16.12.2024,"1 956,00",Тинькофф,Клиенты-физ.лица,[counterparty_db1aef506b],,Поступление денег с торг. точек
Декабрь,12,16.12.2024,"-7,82",Тинькофф,Общее,[counterparty_831a0f4ab6],,Эквайринг
Декабрь,12,16.12.2024,"560,00",Тинькофф,Клиенты-физ.лица,[counterparty_db1aef506b],,Поступление денег с торг. точек
Декабрь,12,16.12.2024,"-2,24",Тинькофф,Общее,[counterparty_831a0f4ab6],,Эквайринг
Декабрь,12,17.12.2024,"28,00",Сейф,Общее,[counterparty_552231dcd7],[private_text_eaa6702061],Прочие поступления
Декабрь,12,17.12.2024,"79 856,00",Сейф,Общее,,,Поступление — Перевод между счетами
Декабрь,12,17.12.2024,"-179 931,00",Сейф,Общее,[counterparty_552231dcd7],,Зарплата производственного персонала
Декабрь,12,17.12.2024,"-10 000,00",Сейф,Общее,[counterparty_552231dcd7],[private_text_c93424a6e2],Зарплата административного персонала
Декабрь,12,17.12.2024,"-1 500,00",Сейф,Общее,[counterparty_335f3233c9],,Аренда торговых точек
Декабрь,12,17.12.2024,"-6 897,00",ТК Черникова,Общее,[counterparty_d7a35ccc36],,Оплата поставщикам 
Декабрь,12,17.12.2024,"-1 121,00",ТК Черникова,Общее,[counterparty_d7a35ccc36],,Оплата поставщикам 
Декабрь,12,17.12.2024,"-250,00",ТК Черникова,Общее,[counterparty_d7a35ccc36],,Расходы на питание персонала
Декабрь,12,17.12.2024,"-1 708,00",ТК Черникова,Общее,[counterparty_552231dcd7],[private_text_eac35d302f],Корретировки кассы -
Декабрь,12,17.12.2024,"-8 800,00",ТК Черникова,Общее,[counterparty_552231dcd7],,Курьерская служба -
Декабрь,12,17.12.2024,"11 442,70",ТК Черникова,Клиенты-физ.лица,[counterparty_db1aef506b],,Поступление денег с торг. точек
Декабрь,12,17.12.2024,"15 111,87",Альфа,Клиенты-физ.лица,[counterparty_db1aef506b],,Поступление денег с торг. точек
Декабрь,12,17.12.2024,"-14,86",Альфа,Общее,[counterparty_831a0f4ab6],,Эквайринг
Декабрь,12,10.12.2024,"-285,79",Сбербанк,Общее,[counterparty_831a0f4ab6],,РКО
Декабрь,12,10.12.2024,"-162 811,00",Сбербанк,Общее,,,Выбытие — Перевод между счетами
Декабрь,12,10.12.2024,"162 812,00",Сбербанк,Общее,,,Поступление — Перевод между счетами
Декабрь,12,11.12.2024,"-701,79",Сбербанк,Общее,[counterparty_831a0f4ab6],,РКО
Декабрь,12,16.12.2024,"97 000,00",Сбербанк,Общее,,,Поступление — Перевод между счетами
Декабрь,12,16.12.2024,"245 000,00",Сбербанк,Общее,,,Поступление — Перевод между счетами
Декабрь,12,16.12.2024,"-342 000,00",Сбербанк,Общее,,,Выбытие — Перевод между счетами
Декабрь,12,16.12.2024,"245 000,00",Сейф,Общее,,,Поступление — Перевод между счетами
Декабрь,12,16.12.2024,"-50 000,00",Сейф,Общее,[counterparty_7e3a73c9be],,Дивиденды
Декабрь,12,16.12.2024,"-50 000,00",Сейф,Общее,[counterparty_41bef12399],,Дивиденды
Декабрь,12,16.12.2024,"-145 000,00",Сейф,Общее,[counterparty_831a0f4ab6],,Оплаты по кредитам и займам
Декабрь,12,17.12.2024,"-79 856,00",Сбербанк,Общее,,,Выбытие — Перевод между счетами
Декабрь,12,17.12.2024,"10 000,00",Сбербанк,Общее,,,Поступление — Перевод между счетами
Декабрь,12,17.12.2024,"69 856,00",Сбербанк,Общее,,,Поступление — Перевод между счетами
Декабрь,12,17.12.2024,"88 903,00",Тинькофф,Клиенты-физ.лица,[counterparty_db1aef506b],,Поступление денег с торг. точек
Декабрь,12,17.12.2024,"350,00",Тинькофф,Клиенты-физ.лица,[counterparty_db1aef506b],,Поступление денег с торг. точек
Декабрь,12,17.12.2024,"1 589,00",Тинькофф,Клиенты-физ.лица,[counterparty_db1aef506b],,Поступление денег с торг. точек
Декабрь,12,17.12.2024,"1 091,00",Тинькофф,Клиенты-физ.лица,[counterparty_db1aef506b],,Поступление денег с торг. точек
Декабрь,12,17.12.2024,"-4,36",Тинькофф,Общее,[counterparty_831a0f4ab6],,Эквайринг
Декабрь,12,17.12.2024,"-1 333,71",Тинькофф,Общее,[counterparty_831a0f4ab6],,Эквайринг
Декабрь,12,17.12.2024,"-10 000,00",Тинькофф,Общее,,,Выбытие — Перевод между счетами
Декабрь,12,17.12.2024,"-6,36",Тинькофф,Общее,[counterparty_831a0f4ab6],,Эквайринг
Декабрь,12,17.12.2024,"-69 856,00",Тинькофф,Общее,,,Выбытие — Перевод между счетами
Декабрь,12,17.12.2024,"-1,40",Тинькофф,Общее,[counterparty_831a0f4ab6],,Эквайринг
Декабрь,12,17.12.2024,"-8 550,83",Тинькофф,Общее,[counterparty_d7a35ccc36],,Оплата поставщикам 
Декабрь,12,17.12.2024,"-3 096,88",Тинькофф,Общее,[counterparty_d7a35ccc36],[private_text_022805d314],Содержание торговых точек
Декабрь,12,17.12.2024,"-2 247,45",Тинькофф,Общее,[counterparty_d7a35ccc36],,Расходы на питание персонала
Декабрь,12,17.12.2024,"-384,00",Тинькофф,Общее,[counterparty_b2323408fa],,Оплата поставщикам 
Декабрь,12,18.12.2024,"-6 610,00",ТК Черникова,Общее,[counterparty_552231dcd7],,Курьерская служба -
Декабрь,12,18.12.2024,"14 868,65",ТК Черникова,Клиенты-физ.лица,[counterparty_db1aef506b],,Поступление денег с торг. точек
Декабрь,12,18.12.2024,"-10 100,00",Альфа,Общее,,,Выбытие — Перевод между счетами
Декабрь,12,18.12.2024,"13 122,03",Альфа,Клиенты-физ.лица,[counterparty_db1aef506b],,Поступление денег с торг. точек
Декабрь,12,18.12.2024,"-15,15",Альфа,Общее,[counterparty_831a0f4ab6],,Эквайринг
Декабрь,12,18.12.2024,"47 882,00",Тинькофф,Клиенты-физ.лица,[counterparty_db1aef506b],,Поступление денег с торг. точек
Декабрь,12,18.12.2024,"-718,33",Тинькофф,Общее,[counterparty_831a0f4ab6],,Эквайринг
Декабрь,12,18.12.2024,"1 676,00",Тинькофф,Клиенты-физ.лица,[counterparty_db1aef506b],,Поступление денег с торг. точек
Декабрь,12,18.12.2024,"-6,70",Тинькофф,Общее,[counterparty_831a0f4ab6],,Эквайринг
Декабрь,12,18.12.2024,"-700,00",Тинькофф,Общее,,,Выбытие — Перевод между счетами
Декабрь,12,18.12.2024,"700,00",ГарантФонд,Общее,,,Поступление — Перевод между счетами
Декабрь,12,18.12.2024,"-3 540,00",Тинькофф,Общее,[counterparty_449fa47f79],[private_text_96578d295d],Оплаты систем автоматизации
Декабрь,12,18.12.2024,"1 155,00",Тинькофф,Клиенты-физ.лица,[counterparty_db1aef506b],,Поступление денег с торг. точек
Декабрь,12,18.12.2024,"-4,62",Тинькофф,Общее,[counterparty_831a0f4ab6],,Эквайринг
Декабрь,12,18.12.2024,"2 841,50",Тинькофф,Клиенты-физ.лица,[counterparty_db1aef506b],,Поступление денег с торг. точек
Декабрь,12,18.12.2024,"-11,37",Тинькофф,Общее,[counterparty_831a0f4ab6],,Эквайринг
Декабрь,12,19.12.2024,"10 100,00",Сейф,Общее,,,Поступление — Перевод между счетами
Декабрь,12,19.12.2024,"-10 000,00",Сейф,Общее,[counterparty_552231dcd7],[private_text_42d69af259],Зарплата производственного персонала
Декабрь,12,19.12.2024,"-155,84",Сейф,Общее,[counterparty_cfa36944e0],,Комиссия агрегатору
Декабрь,12,19.12.2024,"5 661,02",Альфа,Клиенты-физ.лица,[counterparty_db1aef506b],,Поступление денег с торг. точек
Декабрь,12,19.12.2024,"-5,95",Альфа,Общее,[counterparty_831a0f4ab6],,Эквайринг
Декабрь,12,19.12.2024,"59 789,00",Тинькофф,Клиенты-физ.лица,[counterparty_db1aef506b],,Поступление денег с торг. точек
Декабрь,12,19.12.2024,"-896,94",Тинькофф,Общее,[counterparty_831a0f4ab6],,Эквайринг
Декабрь,12,19.12.2024,"895,00",Тинькофф,Клиенты-физ.лица,[counterparty_db1aef506b],,Поступление денег с торг. точек
Декабрь,12,19.12.2024,"-3,58",Тинькофф,Общее,[counterparty_831a0f4ab6],,Эквайринг
Декабрь,12,19.12.2024,"460,00",Тинькофф,Клиенты-физ.лица,[counterparty_db1aef506b],,Поступление денег с торг. точек
Декабрь,12,19.12.2024,"-1,84",Тинькофф,Общее,[counterparty_831a0f4ab6],,Эквайринг
Декабрь,12,19.12.2024,"-13 246,80",Тинькофф,Общее,[counterparty_b2323408fa],,Оплата поставщикам 
Декабрь,12,19.12.2024,"-283,96",Тинькофф,Общее,[counterparty_d7a35ccc36],,Содержание торговых точек
Декабрь,12,19.12.2024,"-1 197,77",Тинькофф,Общее,[counterparty_d7a35ccc36],,Расходы на питание персонала
Декабрь,12,19.12.2024,"-9 060,00",ТК Черникова,Общее,[counterparty_552231dcd7],,Курьерская служба -
Декабрь,12,19.12.2024,"15 047,35",ТК Черникова,Клиенты-физ.лица,[counterparty_db1aef506b],,Поступление денег с торг. точек
Декабрь,12,19.12.2024,"-221,00",ТК Черникова,Общее,[counterparty_d7a35ccc36],,Расходы на питание персонала
Декабрь,12,19.12.2024,"-7 168,00",ТК Черникова,Общее,[counterparty_d7a35ccc36],,Оплата поставщикам 
Декабрь,12,20.12.2024,"14 104,41",Альфа,Клиенты-физ.лица,[counterparty_db1aef506b],,Поступление денег с торг. точек
Декабрь,12,20.12.2024,"-21,97",Альфа,Общее,[counterparty_831a0f4ab6],,Эквайринг
Декабрь,12,21.12.2024,"32 415,33",Альфа,Клиенты-физ.лица,[counterparty_db1aef506b],,Поступление денег с торг. точек
Декабрь,12,21.12.2024,"-62,16",Альфа,Общее,[counterparty_831a0f4ab6],,Эквайринг
Декабрь,12,22.12.2024,"27 033,03",Альфа,Клиенты-физ.лица,[counterparty_db1aef506b],,Поступление денег с торг. точек
Декабрь,12,22.12.2024,"-18,55",Альфа,Общее,[counterparty_831a0f4ab6],,Эквайринг
Декабрь,12,20.12.2024,"-5 233,08",ТК Черникова,Общее,[counterparty_d2a9714437],,Оплата поставщикам 
Декабрь,12,20.12.2024,"-3 934,00",ТК Черникова,Общее,[counterparty_5ea766e786],,Оплата поставщикам 
Декабрь,12,20.12.2024,"-14 750,00",ТК Черникова,Общее,[counterparty_552231dcd7],,Курьерская служба -
Декабрь,12,20.12.2024,"20 895,00",ТК Черникова,Клиенты-физ.лица,[counterparty_db1aef506b],,Поступление денег с торг. точек
Декабрь,12,21.12.2024,"-6 100,00",ТК Черникова,Общее,[counterparty_d7a35ccc36],,Оплата поставщикам 
Декабрь,12,21.12.2024,"-18 320,00",ТК Черникова,Общее,[counterparty_552231dcd7],,Курьерская служба -
Декабрь,12,21.12.2024,"46 420,00",ТК Черникова,Клиенты-физ.лица,[counterparty_db1aef506b],,Поступление денег с торг. точек
Декабрь,12,22.12.2024,"-13 750,00",ТК Черникова,Общее,[counterparty_552231dcd7],,Курьерская служба -
Декабрь,12,22.12.2024,"22 501,00",ТК Черникова,Клиенты-физ.лица,[counterparty_db1aef506b],,Поступление денег с торг. точек
Декабрь,12,20.12.2024,"64 009,00",Тинькофф,Клиенты-физ.лица,[counterparty_db1aef506b],,Поступление денег с торг. точек
Декабрь,12,20.12.2024,"-960,26",Тинькофф,Общее,[counterparty_831a0f4ab6],,Эквайринг
Декабрь,12,20.12.2024,"-419,97",Тинькофф,Общее,[counterparty_d7a35ccc36],,Расходы на питание персонала
Декабрь,12,20.12.2024,"1 227,00",Тинькофф,Клиенты-физ.лица,[counterparty_db1aef506b],,Поступление денег с торг. точек
Декабрь,12,20.12.2024,"-4,91",Тинькофф,Общее,[counterparty_831a0f4ab6],,Эквайринг
Декабрь,12,21.12.2024,"128 931,00",Тинькофф,Клиенты-физ.лица,[counterparty_db1aef506b],,Поступление денег с торг. точек
Декабрь,12,21.12.2024,"-1 934,16",Тинькофф,Общее,[counterparty_831a0f4ab6],,Эквайринг
Декабрь,12,21.12.2024,"2 365,00",Тинькофф,Клиенты-физ.лица,[counterparty_db1aef506b],,Поступление денег с торг. точек
Декабрь,12,21.12.2024,"-9,46",Тинькофф,Общее,[counterparty_831a0f4ab6],,Эквайринг
Декабрь,12,21.12.2024,"-5 000,00",Тинькофф,Общее,[counterparty_50d958815d],,Телекоммуникации
Декабрь,12,21.12.2024,"250,00",Тинькофф,Клиенты-физ.лица,[counterparty_db1aef506b],,Поступление денег с торг. точек
Декабрь,12,21.12.2024,"-1,00",Тинькофф,Общее,[counterparty_831a0f4ab6],,Эквайринг
Декабрь,12,21.12.2024,"1 737,00",Тинькофф,Клиенты-физ.лица,[counterparty_db1aef506b],,Поступление денег с торг. точек
Декабрь,12,21.12.2024,"-6,95",Тинькофф,Общее,[counterparty_831a0f4ab6],,Эквайринг
Декабрь,12,21.12.2024,"1 486,00",Тинькофф,Клиенты-физ.лица,[counterparty_db1aef506b],,Поступление денег с торг. точек
Декабрь,12,21.12.2024,"-5,94",Тинькофф,Общее,[counterparty_831a0f4ab6],,Эквайринг
Декабрь,12,21.12.2024,"-329,96",Тинькофф,Общее,[counterparty_d7a35ccc36],,Содержание торговых точек
Декабрь,12,21.12.2024,"-3 845,78",Тинькофф,Общее,[counterparty_d7a35ccc36],,Расходы на питание персонала
Декабрь,12,21.12.2024,"-4 230,36",Тинькофф,Общее,[counterparty_d7a35ccc36],,Оплата поставщикам 
Декабрь,12,22.12.2024,"143 524,55",Тинькофф,Клиенты-физ.лица,[counterparty_db1aef506b],,Поступление денег с торг. точек
Декабрь,12,22.12.2024,"-2 153,06",Тинькофф,Общее,[counterparty_831a0f4ab6],,Эквайринг
Декабрь,12,22.12.2024,"2 251,00",Тинькофф,Клиенты-физ.лица,[counterparty_db1aef506b],,Поступление денег с торг. точек
Декабрь,12,22.12.2024,"-9,00",Тинькофф,Общее,[counterparty_831a0f4ab6],,Эквайринг
Декабрь,12,22.12.2024,"1 276,00",Тинькофф,Клиенты-физ.лица,[counterparty_db1aef506b],,Поступление денег с торг. точек
Декабрь,12,22.12.2024,"-5,10",Тинькофф,Общее,[counterparty_831a0f4ab6],,Эквайринг
Декабрь,12,22.12.2024,"-2 186,00",Тинькофф,Общее,[counterparty_d7a35ccc36],,Оплата поставщикам 
Декабрь,12,22.12.2024,"2 076,00",Тинькофф,Клиенты-физ.лица,[counterparty_db1aef506b],,Поступление денег с торг. точек
Декабрь,12,22.12.2024,"-8,30",Тинькофф,Общее,[counterparty_831a0f4ab6],,Эквайринг
Декабрь,12,23.12.2024,"-1 000,00",Сейф,Общее,[counterparty_3f0fc87298],,Транспортные услуги
Декабрь,12,23.12.2024,"-1 600,00",ТК Черникова,Общее,[counterparty_d7a35ccc36],[private_text_dc9767047a],Содержание торговых точек
Декабрь,12,23.12.2024,"-132,00",ТК Черникова,Общее,[counterparty_d7a35ccc36],,Расходы на питание персонала
Декабрь,12,23.12.2024,"-994,00",ТК Черникова,Общее,[counterparty_d7a35ccc36],,Оплата поставщикам 
Декабрь,12,23.12.2024,"-9 768,00",ТК Черникова,Общее,[counterparty_d7a35ccc36],,Оплата поставщикам 
Декабрь,12,23.12.2024,"-8 740,00",ТК Черникова,Общее,[counterparty_552231dcd7],,Курьерская служба -
Декабрь,12,23.12.2024,"20 285,00",ТК Черникова,Клиенты-физ.лица,[counterparty_db1aef506b],,Поступление денег с торг. точек
Декабрь,12,23.12.2024,"-5 000,00",Сейф,Общее,[counterparty_552231dcd7],[private_text_8a38a77c1e],Зарплата производственного персонала
Декабрь,12,23.12.2024,"23 994,92",Альфа,Клиенты-физ.лица,[counterparty_db1aef506b],,Поступление денег с торг. точек
Декабрь,12,23.12.2024,"-37,97",Альфа,Общее,[counterparty_831a0f4ab6],,Эквайринг
Декабрь,12,23.12.2024,"110 889,00",Тинькофф,Клиенты-физ.лица,[counterparty_db1aef506b],,Поступление денег с торг. точек
Декабрь,12,23.12.2024,"-1 663,54",Тинькофф,Общее,[counterparty_831a0f4ab6],,Эквайринг
Декабрь,12,23.12.2024,"-1 990,00",Тинькофф,Общее,[counterparty_831a0f4ab6],,РКО
Декабрь,12,23.12.2024,"-99,00",Тинькофф,Общее,[counterparty_831a0f4ab6],,РКО
Декабрь,12,23.12.2024,"-990,00",Тинькофф,Общее,[counterparty_831a0f4ab6],,РКО
Декабрь,12,23.12.2024,"119,00",Тинькофф,Клиенты-физ.лица,[counterparty_db1aef506b],,Поступление денег с торг. точек
Декабрь,12,23.12.2024,"-0,48",Тинькофф,Общее,[counterparty_831a0f4ab6],,Эквайринг
Декабрь,12,23.12.2024,"-438,00",Тинькофф,Общее,[counterparty_d7a35ccc36],[private_text_4051b9da76],Содержание торговых точек
Декабрь,12,23.12.2024,"-404,00",Тинькофф,Общее,[counterparty_d7a35ccc36],[private_text_4051b9da76],Содержание торговых точек
Декабрь,12,23.12.2024,"-20 248,56",Тинькофф,Общее,[counterparty_19f4d4c15b],,Оплата поставщикам 
Декабрь,12,23.12.2024,"-74 718,86",Тинькофф,Общее,[counterparty_bb8cb2d348],,Оплата поставщикам 
Декабрь,12,23.12.2024,"-17 217,36",Тинькофф,Общее,[counterparty_19f4d4c15b],,Оплата поставщикам 
Декабрь,12,23.12.2024,"-109 869,40",Тинькофф,Общее,[counterparty_dc430ed78e],,Оплата поставщикам 
Декабрь,12,23.12.2024,"-3 700,00",Тинькофф,Общее,[counterparty_3f7ad1a68b],,Оплата поставщикам 
Декабрь,12,23.12.2024,"-30 434,50",Тинькофф,Общее,[counterparty_fb5384e8b9],,Оплата поставщикам 
Декабрь,12,23.12.2024,"-65 160,17",Тинькофф,Общее,[counterparty_c4e92b27e2],,Оплата поставщикам 
Декабрь,12,23.12.2024,"-6 522,10",Тинькофф,Общее,[counterparty_b2323408fa],,Оплата поставщикам 
Декабрь,12,23.12.2024,"-23 626,51",Тинькофф,Общее,[counterparty_8e70032df8],,Оплата поставщикам 
Декабрь,12,23.12.2024,"-40 128,91",Тинькофф,Общее,[counterparty_fb5384e8b9],,Оплата поставщикам 
Декабрь,12,23.12.2024,"-86 721,00",Тинькофф,Общее,[counterparty_e08d6e58b9],,Аренда торговых точек
Декабрь,12,23.12.2024,"1 227,00",Тинькофф,Клиенты-физ.лица,[counterparty_db1aef506b],,Поступление денег с торг. точек
Декабрь,12,23.12.2024,"-4,91",Тинькофф,Общее,[counterparty_831a0f4ab6],,Эквайринг
Декабрь,12,23.12.2024,"-6 970,85",Тинькофф,Общее,[counterparty_d7a35ccc36],,Оплата поставщикам 
Декабрь,12,23.12.2024,"-23,98",Тинькофф,Общее,[counterparty_d7a35ccc36],,Содержание торговых точек
Декабрь,12,23.12.2024,"-2 552,78",Тинькофф,Общее,[counterparty_d7a35ccc36],,Расходы на питание персонала
Декабрь,12,24.12.2024,"146 737,52",Сейф,Общее,,,Поступление — Перевод между счетами
Декабрь,12,24.12.2024,"30 043,00",Сейф,Общее,,,Поступление — Перевод между счетами
Декабрь,12,24.12.2024,"-161 423,00",Сейф,Общее,[counterparty_552231dcd7],,Зарплата производственного персонала
Декабрь,12,24.12.2024,"-1 500,00",Сейф,Общее,[counterparty_335f3233c9],,Аренда торговых точек
Декабрь,12,24.12.2024,"-12 563,28",Сейф,Общее,[counterparty_07485de87e],,Оплата поставщикам 
Декабрь,12,24.12.2024,"-2 520,24",Сейф,Общее,[counterparty_07485de87e],,Оплата поставщикам 
Декабрь,12,24.12.2024,"-30 043,00",ТК Черникова,Общее,,,Выбытие — Перевод между счетами
Декабрь,12,24.12.2024,"-8 450,00",ТК Черникова,Общее,[counterparty_552231dcd7],,Курьерская служба -
Декабрь,12,24.12.2024,"13 362,15",ТК Черникова,Клиенты-физ.лица,[counterparty_db1aef506b],,Поступление денег с торг. точек
Декабрь,12,17.12.2024,"-1 000,00",Сейф,Общее,[counterparty_45d6b05c94],,Поиск и найм персонала
Декабрь,12,17.12.2024,"-1 883,00",Сейф,Общее,[counterparty_45d6b05c94],,Поиск и найм персонала
Декабрь,12,25.12.2024,"2 600,00",Сейф,Общее,[counterparty_552231dcd7],[private_text_d3e78d8746],Курьерская служба +
Декабрь,12,25.12.2024,"275,76",Сейф,Общее,,,Корретировки кассы +
Декабрь,12,24.12.2024,"135,23",ТК Черникова,Общее,,,Корретировки кассы +
Декабрь,12,24.12.2024,"10 363,20",Альфа,Клиенты-физ.лица,[counterparty_db1aef506b],,Поступление денег с торг. точек
Декабрь,12,24.12.2024,"-17,93",Альфа,Общее,[counterparty_831a0f4ab6],,Эквайринг
Декабрь,12,24.12.2024,"-220 000,00",Альфа,Общее,,,Выбытие — Перевод между счетами
Декабрь,12,24.12.2024,"69 719,40",Тинькофф,Клиенты-физ.лица,[counterparty_db1aef506b],,Поступление денег с торг. точек
Декабрь,12,24.12.2024,"-1 045,88",Тинькофф,Общее,[counterparty_831a0f4ab6],,Эквайринг
Декабрь,12,24.12.2024,"-31 000,00",Тинькофф,Общее,[counterparty_347b901ee4],,Контекстная реклама
Декабрь,12,24.12.2024,"-146 737,52",Тинькофф,Общее,,,Выбытие — Перевод между счетами
Декабрь,12,24.12.2024,"220 000,00",Тинькофф,Общее,,,Поступление — Перевод между счетами
Декабрь,12,23.12.2024,"-1 265,57",Сбербанк,Общее,[counterparty_831a0f4ab6],,РКО
Декабрь,12,25.12.2024,"22 503,34",Альфа,Клиенты-физ.лица,[counterparty_db1aef506b],,Поступление денег с торг. точек
Декабрь,12,25.12.2024,"-49,13",Альфа,Общее,[counterparty_831a0f4ab6],,Эквайринг
Декабрь,12,25.12.2024,"-10 000,00",ТК Черникова,Общее,[counterparty_d7a35ccc36],,Оплата поставщикам 
Декабрь,12,25.12.2024,"-220,00",ТК Черникова,Общее,[counterparty_552231dcd7],,Курьерская служба -
Декабрь,12,25.12.2024,"-11 390,00",ТК Черникова,Общее,[counterparty_552231dcd7],,Курьерская служба -
Декабрь,12,25.12.2024,"11 587,85",ТК Черникова,Клиенты-физ.лица,[counterparty_db1aef506b],,Поступление денег с торг. точек
Декабрь,12,25.12.2024,"63 414,00",Тинькофф,Клиенты-физ.лица,[counterparty_db1aef506b],,Поступление денег с торг. точек
Декабрь,12,25.12.2024,"-951,33",Тинькофф,Общее,[counterparty_831a0f4ab6],,Эквайринг
Декабрь,12,25.12.2024,"-10 000,00",Тинькофф,Общее,[counterparty_a8c88d8a2c],,SEO-оптимизация
Декабрь,12,25.12.2024,"-2 600,00",Тинькофф,Общее,,,Выбытие — Перевод между счетами
Декабрь,12,25.12.2024,"655,00",Тинькофф,Клиенты-физ.лица,[counterparty_db1aef506b],,Поступление денег с торг. точек
Декабрь,12,25.12.2024,"-2,62",Тинькофф,Общее,[counterparty_831a0f4ab6],,Эквайринг
Декабрь,12,25.12.2024,"-24 000,00",Тинькофф,Общее,[counterparty_0dd12f5640],,Листовки
Декабрь,12,25.12.2024,"2 600,00",ГарантФонд,Общее,,,Поступление — Перевод между счетами
Декабрь,12,25.12.2024,"1 325,00",Тинькофф,Клиенты-физ.лица,[counterparty_db1aef506b],,Поступление денег с торг. точек
Декабрь,12,25.12.2024,"-5,30",Тинькофф,Общее,[counterparty_831a0f4ab6],,Эквайринг
Декабрь,12,25.12.2024,"791,00",Тинькофф,Клиенты-физ.лица,[counterparty_db1aef506b],,Поступление денег с торг. точек
Декабрь,12,25.12.2024,"-3,16",Тинькофф,Общее,[counterparty_831a0f4ab6],,Эквайринг
Декабрь,12,25.12.2024,"280,00",Тинькофф,Клиенты-физ.лица,[counterparty_db1aef506b],,Поступление денег с торг. точек
Декабрь,12,25.12.2024,"-1,12",Тинькофф,Общее,[counterparty_831a0f4ab6],,Эквайринг
Декабрь,12,25.12.2024,"1 226,00",Тинькофф,Клиенты-физ.лица,[counterparty_db1aef506b],,Поступление денег с торг. точек
Декабрь,12,25.12.2024,"-4,90",Тинькофф,Общее,[counterparty_831a0f4ab6],,Эквайринг
Декабрь,12,25.12.2024,"-1 550,99",Тинькофф,Общее,[counterparty_d7a35ccc36],,Содержание торговых точек
Декабрь,12,25.12.2024,"-1 523,67",Тинькофф,Общее,[counterparty_b2323408fa],,Оплата поставщикам 
Декабрь,12,25.12.2024,"-8 233,09",Тинькофф,Общее,[counterparty_d7a35ccc36],,Оплата поставщикам 
Декабрь,12,25.12.2024,"-2 062,64",Тинькофф,Общее,[counterparty_d7a35ccc36],,Расходы на питание персонала
Декабрь,12,26.12.2024,"18 738,80",Альфа,Клиенты-физ.лица,[counterparty_db1aef506b],,Поступление денег с торг. точек
Декабрь,12,26.12.2024,"-32,29",Альфа,Общее,[counterparty_831a0f4ab6],,Эквайринг
Декабрь,12,26.12.2024,"102 830,00",Тинькофф,Клиенты-физ.лица,[counterparty_db1aef506b],,Поступление денег с торг. точек
Декабрь,12,26.12.2024,"-1 542,61",Тинькофф,Общее,[counterparty_831a0f4ab6],,Эквайринг
Декабрь,12,26.12.2024,"-1 000,00",Тинькофф,Общее,,,Выбытие — Перевод между счетами
Декабрь,12,26.12.2024,"339,00",Тинькофф,Клиенты-физ.лица,[counterparty_db1aef506b],,Поступление денег с торг. точек
Декабрь,12,26.12.2024,"-1,36",Тинькофф,Общее,[counterparty_831a0f4ab6],,Эквайринг
Декабрь,12,26.12.2024,"-2 639,00",Тинькофф,Общее,[counterparty_d7a35ccc36],[private_text_8f2cc9567b],Содержание торговых точек
Декабрь,12,26.12.2024,"1 000,00",ГарантФонд,Общее,,,Поступление — Перевод между счетами
Декабрь,12,26.12.2024,"1 015,00",Тинькофф,Клиенты-физ.лица,[counterparty_db1aef506b],,Поступление денег с торг. точек
Декабрь,12,26.12.2024,"-4,06",Тинькофф,Общее,[counterparty_831a0f4ab6],,Эквайринг
Декабрь,12,26.12.2024,"-1 370,00",Тинькофф,Общее,[counterparty_b2323408fa],,Оплата поставщикам 
Декабрь,12,26.12.2024,"-2 730,00",Тинькофф,Общее,[counterparty_9e2c493ff8],[private_text_6466b4caa2],Содержание торговых точек
Декабрь,12,27.12.2024,"-4 145,92",Сейф,Общее,[counterparty_d2a9714437],,Оплата поставщикам 
Декабрь,12,27.12.2024,"-14 819,96",Сейф,Общее,[counterparty_d2a9714437],,Оплата поставщикам 
Декабрь,12,27.12.2024,"18 966,00",Сейф,Общее,,,Поступление — Перевод между счетами
Декабрь,12,26.12.2024,"-11 920,00",ТК Черникова,Общее,[counterparty_552231dcd7],,Курьерская служба -
Декабрь,12,26.12.2024,"10 124,00",ТК Черникова,Клиенты-физ.лица,[counterparty_db1aef506b],,Поступление денег с торг. точек
Декабрь,12,27.12.2024,"200,00",Сейф,Общее,[counterparty_552231dcd7],,Курьерская служба +
Декабрь,12,27.12.2024,"40 605,34",Альфа,Клиенты-физ.лица,[counterparty_db1aef506b],,Поступление денег с торг. точек
Декабрь,12,27.12.2024,"-78,11",Альфа,Общее,[counterparty_831a0f4ab6],,Эквайринг
Декабрь,12,27.12.2024,"-99,00",Альфа,Общее,[counterparty_831a0f4ab6],,РКО
Декабрь,12,27.12.2024,"-73 000,00",Альфа,Общее,,,Выбытие — Перевод между счетами
Декабрь,12,28.12.2024,"56 491,11",Альфа,Клиенты-физ.лица,[counterparty_db1aef506b],,Поступление денег с торг. точек
Декабрь,12,28.12.2024,"-74,29",Альфа,Общее,[counterparty_831a0f4ab6],,Эквайринг
Декабрь,12,29.12.2024,"56 979,18",Альфа,Клиенты-физ.лица,[counterparty_db1aef506b],,Поступление денег с торг. точек
Декабрь,12,29.12.2024,"-59,73",Альфа,Общее,[counterparty_831a0f4ab6],,Эквайринг
Декабрь,12,29.12.2024,"-100 000,00",Альфа,Общее,[counterparty_e08d6e58b9],,Аренда торговых точек
Декабрь,12,27.12.2024,"-1 517,00",Тинькофф,Общее,[counterparty_d7a35ccc36],[private_text_8f2cc9567b],Содержание торговых точек
Декабрь,12,27.12.2024,"100 527,00",Тинькофф,Клиенты-физ.лица,[counterparty_db1aef506b],,Поступление денег с торг. точек
Декабрь,12,27.12.2024,"-1 508,08",Тинькофф,Общее,[counterparty_831a0f4ab6],,Эквайринг
Декабрь,12,27.12.2024,"-38 180,17",Тинькофф,Общее,[counterparty_bb8cb2d348],,Оплата поставщикам 
Декабрь,12,27.12.2024,"-24 022,13",Тинькофф,Общее,[counterparty_b2323408fa],,Оплата поставщикам 
Декабрь,12,27.12.2024,"-1 000,00",Тинькофф,Общее,[counterparty_6d6a37d791],,Оплата поставщикам 
Декабрь,12,27.12.2024,"-19 854,31",Тинькофф,Общее,[counterparty_8e70032df8],,Оплата поставщикам 
Декабрь,12,27.12.2024,"-74 895,75",Тинькофф,Общее,[counterparty_c4e92b27e2],,Оплата поставщикам 
Декабрь,12,27.12.2024,"-43 848,14",Тинькофф,Общее,[counterparty_fb5384e8b9],,Оплата поставщикам 
Декабрь,12,27.12.2024,"-132 169,00",Тинькофф,Общее,[counterparty_dc430ed78e],,Оплата поставщикам 
Декабрь,12,27.12.2024,"-14 856,84",Тинькофф,Общее,[counterparty_19f4d4c15b],,Оплата поставщикам 
Декабрь,12,27.12.2024,"-2 775,00",Тинькофф,Общее,[counterparty_3f7ad1a68b],,Оплата поставщикам 
Декабрь,12,27.12.2024,"-15 511,72",Тинькофф,Общее,[counterparty_19f4d4c15b],,Оплата поставщикам 
Декабрь,12,27.12.2024,"-41 875,20",Тинькофф,Общее,[counterparty_fb5384e8b9],,Оплата поставщикам 
Декабрь,12,27.12.2024,"-18 966,00",Тинькофф,Общее,,,Выбытие — Перевод между счетами
Декабрь,12,27.12.2024,"73 000,00",Тинькофф,Общее,,,Поступление — Перевод между счетами
Декабрь,12,27.12.2024,"3 423,00",Тинькофф,Клиенты-физ.лица,[counterparty_db1aef506b],,Поступление денег с торг. точек
Декабрь,12,27.12.2024,"-13,69",Тинькофф,Общее,[counterparty_831a0f4ab6],,Эквайринг
Декабрь,12,27.12.2024,"-36 500,00",Тинькофф,Общее,[counterparty_682bbbb771],,Налоги
Декабрь,12,27.12.2024,"-600,00",Тинькофф,Общее,[counterparty_e3d41d1621],,Телекоммуникации
Декабрь,12,27.12.2024,"260,00",Тинькофф,Клиенты-физ.лица,[counterparty_db1aef506b],,Поступление денег с торг. точек
Декабрь,12,27.12.2024,"-1,04",Тинькофф,Общее,[counterparty_831a0f4ab6],,Эквайринг
Декабрь,12,27.12.2024,"-5 439,84",Тинькофф,Общее,[counterparty_d7a35ccc36],,Расходы на питание персонала
Декабрь,12,27.12.2024,"-9 498,98",Тинькофф,Общее,[counterparty_d7a35ccc36],,Оплата поставщикам 
Декабрь,12,27.12.2024,"-2 355,92",Тинькофф,Общее,[counterparty_d7a35ccc36],,Содержание торговых точек
Декабрь,12,27.12.2024,"-320,00",Тинькофф,Общее,[counterparty_d7a35ccc36],,Содержание торговых точек
Декабрь,12,28.12.2024,"163 672,00",Тинькофф,Клиенты-физ.лица,[counterparty_db1aef506b],,Поступление денег с торг. точек
Декабрь,12,28.12.2024,"-2 455,35",Тинькофф,Общее,[counterparty_831a0f4ab6],,Эквайринг
Декабрь,12,28.12.2024,"3 694,00",Тинькофф,Клиенты-физ.лица,[counterparty_db1aef506b],,Поступление денег с торг. точек
Декабрь,12,28.12.2024,"-14,78",Тинькофф,Общее,[counterparty_831a0f4ab6],,Эквайринг
Декабрь,12,28.12.2024,"-10 000,00",Тинькофф,Общее,[counterparty_00d169637c],,Таргетированная реклама
Декабрь,12,28.12.2024,"2 171,00",Тинькофф,Клиенты-физ.лица,[counterparty_db1aef506b],,Поступление денег с торг. точек
Декабрь,12,28.12.2024,"-8,68",Тинькофф,Общее,[counterparty_831a0f4ab6],,Эквайринг
Декабрь,12,28.12.2024,"695,00",Тинькофф,Клиенты-физ.лица,[counterparty_db1aef506b],,Поступление денег с торг. точек
Декабрь,12,28.12.2024,"-2,78",Тинькофф,Общее,[counterparty_831a0f4ab6],,Эквайринг
Декабрь,12,28.12.2024,"90,00",Тинькофф,Клиенты-физ.лица,[counterparty_db1aef506b],,Поступление денег с торг. точек
Декабрь,12,28.12.2024,"-0,36",Тинькофф,Общее,[counterparty_831a0f4ab6],,Эквайринг
Декабрь,12,29.12.2024,"222 224,55",Тинькофф,Клиенты-физ.лица,[counterparty_db1aef506b],,Поступление денег с торг. точек
Декабрь,12,29.12.2024,"-3 333,78",Тинькофф,Общее,[counterparty_831a0f4ab6],,Эквайринг
Декабрь,12,29.12.2024,"-5 000,00",Тинькофф,Общее,[counterparty_50d958815d],,Телекоммуникации
Декабрь,12,29.12.2024,"1 551,00",Тинькофф,Клиенты-физ.лица,[counterparty_db1aef506b],,Поступление денег с торг. точек
Декабрь,12,29.12.2024,"-6,20",Тинькофф,Общее,[counterparty_831a0f4ab6],,Эквайринг
Декабрь,12,29.12.2024,"1 214,00",Тинькофф,Клиенты-физ.лица,[counterparty_db1aef506b],,Поступление денег с торг. точек
Декабрь,12,29.12.2024,"-4,86",Тинькофф,Общее,[counterparty_831a0f4ab6],,Эквайринг
Декабрь,12,29.12.2024,"-2 422,82",Тинькофф,Общее,[counterparty_d7a35ccc36],,Расходы на питание персонала
Декабрь,12,29.12.2024,"-399,96",Тинькофф,Общее,[counterparty_d7a35ccc36],,Содержание торговых точек
Декабрь,12,29.12.2024,"-6 217,27",Тинькофф,Общее,[counterparty_d7a35ccc36],,Оплата поставщикам 
Декабрь,12,29.12.2024,"-1 200,00",Тинькофф,Общее,[counterparty_b2323408fa],,Оплата поставщикам 
Декабрь,12,26.12.2024,"1 000,00",Сейф,Общее,[counterparty_552231dcd7],,Курьерская служба +
Декабрь,12,27.12.2024,"-17 390,00",ТК Черникова,Общее,[counterparty_552231dcd7],,Курьерская служба -
Декабрь,12,27.12.2024,"30 303,00",ТК Черникова,Клиенты-физ.лица,[counterparty_db1aef506b],,Поступление денег с торг. точек
Декабрь,12,28.12.2024,"-23 030,00",ТК Черникова,Общее,[counterparty_552231dcd7],,Курьерская служба -
Декабрь,12,28.12.2024,"39 167,00",ТК Черникова,Клиенты-физ.лица,[counterparty_db1aef506b],,Поступление денег с торг. точек
Декабрь,12,29.12.2024,"-18 690,00",ТК Черникова,Общее,[counterparty_552231dcd7],,Курьерская служба -
Декабрь,12,29.12.2024,"24 995,05",ТК Черникова,Клиенты-физ.лица,[counterparty_db1aef506b],,Поступление денег с торг. точек
Декабрь,12,29.12.2024,"-8 082,00",ТК Черникова,Общее,[counterparty_d7a35ccc36],,Оплата поставщикам 
Декабрь,12,29.12.2024,"-8 464,00",ТК Черникова,Общее,[counterparty_d7a35ccc36],,Оплата поставщикам 
Декабрь,12,29.12.2024,"-10 500,00",ТК Черникова,Общее,[counterparty_d7a35ccc36],,Оплата поставщикам 
Декабрь,12,29.12.2024,"79 425,00",Сейф,Корпоративные клиенты,[counterparty_d346fb5ae4],,Поступление денег с торг. точек
Декабрь,12,30.12.2024,"100 048,00",Сейф,Общее,,,Поступление — Перевод между счетами
Декабрь,12,30.12.2024,"27 729,00",Сейф,Общее,,,Поступление — Перевод между счетами
Декабрь,12,30.12.2024,"-24 000,00",Сейф,Общее,[counterparty_552231dcd7],[private_text_ed8353ffe0],Зарплата административного персонала
Декабрь,12,30.12.2024,"-35 000,00",Сейф,Общее,[counterparty_552231dcd7],[private_text_a2640e354e],Зарплата административного персонала
Декабрь,12,30.12.2024,"-15 548,00",Сейф,Общее,[counterparty_552231dcd7],[private_text_5130524ce8],Зарплата административного персонала
Декабрь,12,30.12.2024,"-8 500,00",Сейф,Общее,[counterparty_552231dcd7],[private_text_8ac95f081f],Содержание торговых точек
Декабрь,12,30.12.2024,"-7 000,00",Сейф,Общее,[counterparty_552231dcd7],[private_text_c2daf02c02],Содержание торговых точек
Декабрь,12,30.12.2024,"-10 000,00",Сейф,Общее,[counterparty_552231dcd7],[private_text_b4b2f15223],Зарплата административного персонала
Декабрь,12,30.12.2024,"-5 962,00",Сейф,Общее,[counterparty_5ea766e786],,Оплата поставщикам 
Декабрь,12,30.12.2024,"-4 368,00",Сейф,Общее,[counterparty_5ea766e786],,Оплата поставщикам 
Декабрь,12,30.12.2024,"-3 299,00",Сейф,Общее,[counterparty_d7a35ccc36],,Оплата поставщикам 
Декабрь,12,30.12.2024,"-14 102,00",Сейф,Общее,[counterparty_d7a35ccc36],,Оплата поставщикам 
Декабрь,12,30.12.2024,"-8 424,00",ТК Черникова,Общее,[counterparty_5ea766e786],,Оплата поставщикам 
Декабрь,12,30.12.2024,"-11 170,00",ТК Черникова,Общее,[counterparty_552231dcd7],,Курьерская служба -
Декабрь,12,30.12.2024,"21 114,40",ТК Черникова,Клиенты-физ.лица,[counterparty_db1aef506b],,Поступление денег с торг. точек
Декабрь,12,30.12.2024,"50 000,00",Альфа,Общее,,,Поступление — Перевод между счетами
Декабрь,12,30.12.2024,"28 972,59",Альфа,Клиенты-физ.лица,[counterparty_db1aef506b],,Поступление денег с торг. точек
Декабрь,12,30.12.2024,"-27 729,00",Альфа,Общее,,,Выбытие — Перевод между счетами
Декабрь,12,30.12.2024,"-100 048,00",Альфа,Общее,,,Выбытие — Перевод между счетами
Декабрь,12,30.12.2024,"-34,37",Альфа,Общее,[counterparty_831a0f4ab6],,Эквайринг
Декабрь,12,30.12.2024,"172 337,15",Тинькофф,Клиенты-физ.лица,[counterparty_db1aef506b],,Поступление денег с торг. точек
Декабрь,12,30.12.2024,"-2 585,39",Тинькофф,Общее,[counterparty_831a0f4ab6],,Эквайринг
Декабрь,12,30.12.2024,"1,00",Тинькофф,Клиенты-физ.лица,[counterparty_db1aef506b],,Поступление денег с торг. точек
Декабрь,12,30.12.2024,"-50 000,00",Тинькофф,Общее,,,Выбытие — Перевод между счетами
Декабрь,12,30.12.2024,"-27 729,00",Тинькофф,Общее,,,Выбытие — Перевод между счетами
Декабрь,12,30.12.2024,"-99,00",Тинькофф,Общее,[counterparty_d7a35ccc36],,Содержание торговых точек
Декабрь,12,30.12.2024,"1 087,00",Тинькофф,Клиенты-физ.лица,[counterparty_db1aef506b],,Поступление денег с торг. точек
Декабрь,12,30.12.2024,"27 729,00",Альфа,Общее,,,Поступление — Перевод между счетами
Декабрь,12,30.12.2024,"-4,35",Тинькофф,Общее,[counterparty_831a0f4ab6],,Эквайринг
Декабрь,12,31.12.2024,"88 861,00",Тинькофф,Клиенты-физ.лица,[counterparty_db1aef506b],,Поступление денег с торг. точек
Декабрь,12,31.12.2024,"-1 333,13",Тинькофф,Общее,[counterparty_831a0f4ab6],,Эквайринг
Декабрь,12,31.12.2024,"-1 400,00",Тинькофф,Общее,,,Выбытие — Перевод между счетами
Декабрь,12,31.12.2024,"1 400,00",ГарантФонд,Общее,,,Поступление — Перевод между счетами
Декабрь,12,31.12.2024,"-120 000,00",Тинькофф,Общее,,,Выбытие — Перевод между счетами
Декабрь,12,31.12.2024,"320,00",Тинькофф,Клиенты-физ.лица,[counterparty_db1aef506b],,Поступление денег с торг. точек
Декабрь,12,31.12.2024,"-1,28",Тинькофф,Общее,[counterparty_831a0f4ab6],,Эквайринг
Декабрь,12,31.12.2024,"1 177,00",Тинькофф,Клиенты-физ.лица,[counterparty_db1aef506b],,Поступление денег с торг. точек
Декабрь,12,31.12.2024,"-4,71",Тинькофф,Общее,[counterparty_831a0f4ab6],,Эквайринг
Декабрь,12,31.12.2024,"37 245,10",Альфа,Клиенты-физ.лица,[counterparty_db1aef506b],,Поступление денег с торг. точек
Декабрь,12,31.12.2024,"-60,17",Альфа,Общее,[counterparty_831a0f4ab6],,Эквайринг
Декабрь,12,31.12.2024,"120 000,00",Альфа,Общее,,,Поступление — Перевод между счетами
Декабрь,12,31.12.2024,"-123 534,00",Альфа,Общее,,,Выбытие — Перевод между счетами
Декабрь,12,31.12.2024,"1 400,00",Сейф,Общее,[counterparty_552231dcd7],,Курьерская служба +
Декабрь,12,31.12.2024,"123 534,00",Сейф,Общее,,,Поступление — Перевод между счетами
Декабрь,12,31.12.2024,"-206 659,00",Сейф,Общее,[counterparty_552231dcd7],,Зарплата производственного персонала
Декабрь,12,31.12.2024,"-1 500,00",Сейф,Общее,[counterparty_335f3233c9],,Аренда торговых точек
Декабрь,12,31.12.2024,"-19 090,00",ТК Черникова,Общее,[counterparty_552231dcd7],,Курьерская служба -
Декабрь,12,31.12.2024,"48 939,55",ТК Черникова,Клиенты-физ.лица,[counterparty_db1aef506b],,Поступление денег с торг. точек
Декабрь,12,31.12.2024,"-110,00",ТК Черникова,Общее,,,Корретировки кассы -
Июнь,6,03.06.2025,"100 000,00",Тинькофф,Общее,,,Поступление — Перевод между счетами
Июнь,6,03.06.2025,"15 000,00",Тинькофф,Клиенты-физ.лица,,,Поступление денег с торг. точек
Июнь,6,03.06.2025,"-1 000,00",Тинькофф,Общее,,,Оплата поставщикам 
Июнь,6,03.06.2025,"-100 000,00",Сбербанк,,,,Выбытие — Перевод между счетами
Июнь,6,04.06.2025,"120 000,00",Альфа,,,,Поступление — Перевод между счетами
Июнь,6,04.06.2025,"-15 000,00",ТК Черникова,,,,Возврат переплаты от поставщиков
