Год,Мсц (цифрой),Дата,Сумма,Контрагент,Назначение платежа,Статья,Платеж/поступл
2024,1,03.01.2024,"-20 000,00",,,Выбытие — Перевод между счетами,
2024,1,03.01.2024,"-1 000,00",,,Корретировки кассы -,Выбытие
2024,1,03.01.2024,"-6 540,00",[counterparty_hash:856bc7fd96],,Курьерская служба -,Выбытие
2024,1,03.01.2024,"8 880,00",[counterparty_hash:335b2a2e9a],,Поступление денег с торг. точек,Поступление
2024,1,03.01.2024,"131,00",,,Корретировки кассы +,Поступление
2024,1,03.01.2024,"-7 980,00",[counterparty_hash:856bc7fd96],,Курьерская служба -,Выбытие
2024,1,03.01.2024,"21 591,00",[counterparty_hash:335b2a2e9a],,Поступление денег с торг. точек,Поступление
2024,1,04.01.2024,"-6 260,00",[counterparty_hash:856bc7fd96],,Курьерская служба -,Выбытие
2024,1,04.01.2024,"21 718,00",[counterparty_hash:335b2a2e9a],,Поступление денег с торг. точек,Поступление
2024,1,04.01.2024,"-10 033,00",[counterparty_hash:2a84eb0be0],,Оплата поставщикам ,Выбытие
2024,1,04.01.2024,"16 770,00",[counterparty_hash:335b2a2e9a],,Поступление денег с торг. точек,Поступление
2024,1,04.01.2024,"-6 440,00",[counterparty_hash:856bc7fd96],,Курьерская служба -,Выбытие
2024,1,04.01.2024,"-7 959,00",[counterparty_hash:2a84eb0be0],,Оплата поставщикам ,Выбытие
2024,1,03.01.2024,"-37 953,00",,,Выбытие — Перевод между счетами,
2024,1,03.01.2024,"-62 000,00",[counterparty_hash:9d002889b3],,Зарплата административного персонала,Выбытие
2024,1,03.01.2024,"-30 000,00",[counterparty_hash:913fe52b19],,Зарплата административного персонала,Выбытие
2024,1,03.01.2024,"37 953,00",,,Поступление — Перевод между счетами,
2024,1,03.01.2024,"92 000,00",,,Поступление — Перевод между счетами,
2024,1,02.01.2024,"13 580,76",[counterparty_hash:335b2a2e9a],,Поступление денег с торг. точек,Поступление
2024,1,02.01.2024,"-28,14",[counterparty_hash:a079b1ede6],,Эквайринг,Выбытие
2024,1,03.01.2024,"14 838,64",[counterparty_hash:335b2a2e9a],,Поступление денег с торг. точек,Поступление
2024,1,03.01.2024,"-45,29",[counterparty_hash:a079b1ede6],,Эквайринг,Выбытие
2024,1,03.01.2024,"-121 900,00",,,Выбытие — Перевод между счетами,
2024,1,04.01.2024,"28 686,06",[counterparty_hash:335b2a2e9a],,Поступление денег с торг. точек,Поступление
2024,1,04.01.2024,"-27,43",[counterparty_hash:a079b1ede6],,Эквайринг,Выбытие
2024,1,01.01.2024,"-2 469,19",[counterparty_hash:a079b1ede6],,Эквайринг,Выбытие
2024,1,01.01.2024,"-90,00",[counterparty_hash:a079b1ede6],,Овердрафт,Выбытие
2024,1,01.01.2024,"164 594,00",[counterparty_hash:335b2a2e9a],,Поступление денег с торг. точек,Поступление
2024,1,03.01.2024,"258 122,38",[counterparty_hash:a079b1ede6],,Получение овердрафта,Поступление
2024,1,03.01.2024,"-27 132,23",[counterparty_hash:a079b1ede6],,Погашение овердрафта,Выбытие
2024,1,03.01.2024,"-37 953,00",,,Выбытие — Перевод между счетами,
2024,1,03.01.2024,"-132 951,08",[counterparty_hash:01761130fc],,Оплата поставщикам ,Выбытие
2024,1,03.01.2024,"-105 068,07",[counterparty_hash:81088c4e1c],,Оплата поставщикам ,Выбытие
2024,1,03.01.2024,"-35 592,98",[counterparty_hash:55d2a5f343],,Оплата поставщикам ,Выбытие
2024,1,03.01.2024,"-12 372,00",[counterparty_hash:4b0e39f45b],,Оплата поставщикам ,Выбытие
2024,1,03.01.2024,"-22 680,00",[counterparty_hash:81088c4e1c],,Оплата поставщикам ,Выбытие
2024,1,03.01.2024,"-39 091,21",[counterparty_hash:acffbdf399],,Оплата поставщикам ,Выбытие
2024,1,03.01.2024,"-37 745,62",[counterparty_hash:acffbdf399],,Оплата поставщикам ,Выбытие
2024,1,03.01.2024,"121 900,00",,,Поступление — Перевод между счетами,
2024,1,03.01.2024,"529,00",[counterparty_hash:335b2a2e9a],,Поступление денег с торг. точек,Поступление
2024,1,03.01.2024,"-92 000,00",,,Выбытие — Перевод между счетами,
2024,1,03.01.2024,"37 953,00",,,Поступление — Перевод между счетами,
2024,1,03.01.2024,"20 000,00",,,Поступление — Перевод между счетами,
2024,1,03.01.2024,"-22 500,00",[counterparty_hash:856bc7fd96],,Зарплата административного персонала,Выбытие
2024,1,03.01.2024,"-137 253,00",[counterparty_hash:856bc7fd96],,Зарплата производственного персонала,Выбытие
2024,1,04.01.2024,"-3 600,00",[counterparty_hash:b2b25bc0ee],,Поиск и найм персонала,Выбытие
2024,1,05.01.2024,"32 607,90",[counterparty_hash:335b2a2e9a],,Поступление денег с торг. точек,Поступление
2024,1,05.01.2024,"-40,23",[counterparty_hash:a079b1ede6],,Эквайринг,Выбытие
2024,1,06.01.2024,"30 659,84",[counterparty_hash:335b2a2e9a],,Поступление денег с торг. точек,Поступление
2024,1,06.01.2024,"-34,73",[counterparty_hash:a079b1ede6],,Эквайринг,Выбытие
2024,1,07.01.2024,"29 740,35",[counterparty_hash:335b2a2e9a],,Поступление денег с торг. точек,Поступление
2024,1,07.01.2024,"-39,61",[counterparty_hash:a079b1ede6],,Эквайринг,Выбытие
2024,1,08.01.2024,"25 933,26",[counterparty_hash:335b2a2e9a],,Поступление денег с торг. точек,Поступление
2024,1,08.01.2024,"-18,19",[counterparty_hash:a079b1ede6],,Эквайринг,Выбытие
2024,1,09.01.2024,"13 257,54",[counterparty_hash:335b2a2e9a],,Поступление денег с торг. точек,Поступление
2024,1,09.01.2024,"-168 000,00",,,Выбытие — Перевод между счетами,
2024,1,09.01.2024,"-1,57",[counterparty_hash:a079b1ede6],,Эквайринг,Выбытие
2024,1,10.01.2024,"-299,00",[counterparty_hash:a079b1ede6],,РКО,Выбытие
2024,1,10.01.2024,"12 162,32",[counterparty_hash:335b2a2e9a],,Поступление денег с торг. точек,Поступление
2024,1,10.01.2024,"-23,47",[counterparty_hash:a079b1ede6],,Эквайринг,Выбытие
2024,1,04.01.2024,"115 571,00",[counterparty_hash:335b2a2e9a],,Поступление денег с торг. точек,Поступление
2024,1,04.01.2024,"-2,12",[counterparty_hash:a079b1ede6],,Эквайринг,Выбытие
2024,1,04.01.2024,"-490,00",[counterparty_hash:a079b1ede6],,Овердрафт,Выбытие
2024,1,04.01.2024,"-590,00",[counterparty_hash:a079b1ede6],,Овердрафт,Выбытие
2024,1,04.01.2024,"-1 733,82",[counterparty_hash:a079b1ede6],,Эквайринг,Выбытие
2024,1,04.01.2024,"-5 297,66",[counterparty_hash:2a84eb0be0],,Оплата поставщикам ,Выбытие
2024,1,04.01.2024,"-2 333,51",[counterparty_hash:2a84eb0be0],,Расходы на питание персонала,Выбытие
2024,1,04.01.2024,"-42,95",[counterparty_hash:2a84eb0be0],,Содержание торговых точек,Выбытие
2024,1,05.01.2024,"-112 755,06",[counterparty_hash:a079b1ede6],,Погашение овердрафта,Выбытие
2024,1,05.01.2024,"-80 863,98",[counterparty_hash:a079b1ede6],,Погашение овердрафта,Выбытие
2024,1,05.01.2024,"250,00",[counterparty_hash:a079b1ede6],,Получение овердрафта,Поступление
2024,1,05.01.2024,"7 674,12",[counterparty_hash:a079b1ede6],,Получение овердрафта,Поступление
2024,1,05.01.2024,"82 390,00",[counterparty_hash:335b2a2e9a],,Поступление денег с торг. точек,Поступление
2024,1,05.01.2024,"-250,00",[counterparty_hash:2a84eb0be0],,Содержание торговых точек,Выбытие
2024,1,05.01.2024,"-290,00",[counterparty_hash:a079b1ede6],,Овердрафт,Выбытие
2024,1,05.01.2024,"-1 236,02",[counterparty_hash:a079b1ede6],,Эквайринг,Выбытие
2024,1,06.01.2024,"-1 366,49",[counterparty_hash:a079b1ede6],,Эквайринг,Выбытие
2024,1,06.01.2024,"91 089,30",[counterparty_hash:335b2a2e9a],,Поступление денег с торг. точек,Поступление
2024,1,06.01.2024,"-190,00",[counterparty_hash:a079b1ede6],,Овердрафт,Выбытие
2024,1,06.01.2024,"125,00",[counterparty_hash:335b2a2e9a],,Поступление денег с торг. точек,Поступление
2024,1,06.01.2024,"-0,50",[counterparty_hash:a079b1ede6],,Эквайринг,Выбытие
2024,1,06.01.2024,"-1 784,86",[counterparty_hash:2a84eb0be0],,Оплата поставщикам ,Выбытие
2024,1,06.01.2024,"-1 840,62",[counterparty_hash:2a84eb0be0],,Расходы на питание персонала,Выбытие
2024,1,06.01.2024,"-633,65",[counterparty_hash:2a84eb0be0],,Содержание торговых точек,Выбытие
2024,1,07.01.2024,"-1 491,45",[counterparty_hash:a079b1ede6],,Эквайринг,Выбытие
2024,1,07.01.2024,"99 418,00",[counterparty_hash:335b2a2e9a],,Поступление денег с торг. точек,Поступление
2024,1,07.01.2024,"-5 000,00",[counterparty_hash:810942d5fa],,Телекоммуникации,Выбытие
2024,1,07.01.2024,"1 199,00",[counterparty_hash:335b2a2e9a],,Поступление денег с торг. точек,Поступление
2024,1,07.01.2024,"-4,80",[counterparty_hash:a079b1ede6],,Эквайринг,Выбытие
2024,1,07.01.2024,"250,00",[counterparty_hash:335b2a2e9a],,Поступление денег с торг. точек,Поступление
2024,1,07.01.2024,"-1,00",[counterparty_hash:a079b1ede6],,Эквайринг,Выбытие
2024,1,07.01.2024,"-16 507,00",[counterparty_hash:bd892aa017],,Комиссия партнерам,Выбытие
2024,1,07.01.2024,"-2 050,00",[counterparty_hash:2a84eb0be0],,Расходы на персонал,Выбытие
2024,1,07.01.2024,"-1 382,15",[counterparty_hash:2a84eb0be0],,Оплата поставщикам ,Выбытие
2024,1,08.01.2024,"-1 216,38",[counterparty_hash:a079b1ede6],,Эквайринг,Выбытие
2024,1,08.01.2024,"81 081,00",[counterparty_hash:335b2a2e9a],,Поступление денег с торг. точек,Поступление
2024,1,08.01.2024,"-16 705,00",,,Выбытие — Перевод между счетами,
2024,1,08.01.2024,"1 064,00",[counterparty_hash:335b2a2e9a],,Поступление денег с торг. точек,Поступление
2024,1,08.01.2024,"-4,26",[counterparty_hash:a079b1ede6],,Эквайринг,Выбытие
2024,1,08.01.2024,"-1 222,48",[counterparty_hash:81088c4e1c],,Оплата поставщикам ,Выбытие
2024,1,08.01.2024,"-202 129,62",[counterparty_hash:01761130fc],,Оплата поставщикам ,Выбытие
2024,1,08.01.2024,"-6 749,27",[counterparty_hash:2a84eb0be0],,Оплата поставщикам ,Выбытие
2024,1,09.01.2024,"-53 639,07",[counterparty_hash:55d2a5f343],,Оплата поставщикам ,Выбытие
2024,1,09.01.2024,"-17 010,00",[counterparty_hash:81088c4e1c],,Оплата поставщикам ,Выбытие
2024,1,09.01.2024,"-97 047,44",[counterparty_hash:81088c4e1c],,Оплата поставщикам ,Выбытие
2024,1,09.01.2024,"-21 566,00",[counterparty_hash:4b0e39f45b],,Оплата поставщикам ,Выбытие
2024,1,09.01.2024,"75 804,15",[counterparty_hash:335b2a2e9a],,Поступление денег с торг. точек,Поступление
2024,1,09.01.2024,"-490,00",[counterparty_hash:a079b1ede6],,Овердрафт,Выбытие
2024,1,09.01.2024,"-190,00",[counterparty_hash:a079b1ede6],,Овердрафт,Выбытие
2024,1,09.01.2024,"-1 137,21",[counterparty_hash:a079b1ede6],,Эквайринг,Выбытие
2024,1,09.01.2024,"168 000,00",,,Поступление — Перевод между счетами,
2024,1,09.01.2024,"600,00",[counterparty_hash:335b2a2e9a],,Поступление денег с торг. точек,Поступление
2024,1,09.01.2024,"-3 630,00",[counterparty_hash:2a84eb0be0],,Содержание торговых точек,Выбытие
2024,1,09.01.2024,"-7 428,00",[counterparty_hash:10ad09b2bf],,Оплата поставщикам ,Выбытие
2024,1,09.01.2024,"-87 450,00",,,Выбытие — Перевод между счетами,
2024,1,09.01.2024,"-270,00",[counterparty_hash:2a84eb0be0],,Содержание торговых точек,Выбытие
2024,1,09.01.2024,"1 237,00",[counterparty_hash:335b2a2e9a],,Поступление денег с торг. точек,Поступление
2024,1,09.01.2024,"-2,40",[counterparty_hash:a079b1ede6],,Эквайринг,Выбытие
2024,1,09.01.2024,"58 480,89",[counterparty_hash:a079b1ede6],,Получение овердрафта,Поступление
2024,1,09.01.2024,"97 543,40",[counterparty_hash:a079b1ede6],,Получение овердрафта,Поступление
2024,1,09.01.2024,"-72 427,66",[counterparty_hash:a079b1ede6],,Погашение овердрафта,Выбытие
2024,1,09.01.2024,"-52 724,43",[counterparty_hash:a079b1ede6],,Погашение овердрафта,Выбытие
2024,1,09.01.2024,"-600,00",[counterparty_hash:a079b1ede6],,Погашение овердрафта,Выбытие
2024,1,10.01.2024,"54 342,00",[counterparty_hash:335b2a2e9a],,Поступление денег с торг. точек,Поступление
2024,1,10.01.2024,"-4,95",[counterparty_hash:a079b1ede6],,Эквайринг,Выбытие
2024,1,10.01.2024,"-290,00",[counterparty_hash:a079b1ede6],,Овердрафт,Выбытие
2024,1,10.01.2024,"-816,24",[counterparty_hash:a079b1ede6],,Эквайринг,Выбытие
2024,1,10.01.2024,"-40 000,00",,,Выбытие — Перевод между счетами,
2024,1,10.01.2024,"1 477,00",[counterparty_hash:335b2a2e9a],,Поступление денег с торг. точек,Поступление
2024,1,10.01.2024,"-53 231,81",[counterparty_hash:a079b1ede6],,Погашение овердрафта,Выбытие
2024,1,10.01.2024,"48 275,81",[counterparty_hash:a079b1ede6],,Получение овердрафта,Поступление
2024,1,10.01.2024,"-8 853,93",[counterparty_hash:2a84eb0be0],,Оплата поставщикам ,Выбытие
2024,1,10.01.2024,"-411,94",[counterparty_hash:2a84eb0be0],,Содержание торговых точек,Выбытие
2024,1,10.01.2024,"-485,94",[counterparty_hash:2a84eb0be0],,Расходы на питание персонала,Выбытие
2024,1,05.01.2024,"-28 800,00",,,Выбытие — Перевод между счетами,
2024,1,09.01.2024,"-3 000,00",,,Выбытие — Перевод между счетами,
2024,1,05.01.2024,"-12 530,00",[counterparty_hash:856bc7fd96],,Курьерская служба -,Выбытие
2024,1,05.01.2024,"-1 350,00",[counterparty_hash:e0e7137bcf],,Транспортные услуги,Выбытие
2024,1,05.01.2024,"22 433,25",[counterparty_hash:335b2a2e9a],,Поступление денег с торг. точек,Поступление
2024,1,06.01.2024,"-4 312,00",[counterparty_hash:2a84eb0be0],,Оплата поставщикам ,Выбытие
2024,1,06.01.2024,"-12 100,00",[counterparty_hash:856bc7fd96],,Курьерская служба -,Выбытие
2024,1,06.01.2024,"32 208,75",[counterparty_hash:335b2a2e9a],,Поступление денег с торг. точек,Поступление
2024,1,07.01.2024,"-12 280,00",[counterparty_hash:856bc7fd96],,Курьерская служба -,Выбытие
2024,1,07.01.2024,"27 772,00",[counterparty_hash:335b2a2e9a],,Поступление денег с торг. точек,Поступление
2024,1,08.01.2024,"-11 040,00",[counterparty_hash:856bc7fd96],,Курьерская служба -,Выбытие
2024,1,08.01.2024,"-300,00",[counterparty_hash:856bc7fd96],,Содержание торговых точек,Выбытие
2024,1,08.01.2024,"18 752,00",[counterparty_hash:335b2a2e9a],,Поступление денег с торг. точек,Поступление
2024,1,08.01.2024,"-91,00",[counterparty_hash:2a84eb0be0],,Расходы на питание персонала,Выбытие
2024,1,08.01.2024,"-7 549,00",[counterparty_hash:2a84eb0be0],,Оплата поставщикам ,Выбытие
2024,1,09.01.2024,"-8 300,00",[counterparty_hash:856bc7fd96],,Курьерская служба -,Выбытие
2024,1,09.01.2024,"25 651,00",[counterparty_hash:335b2a2e9a],,Поступление денег с торг. точек,Поступление
2024,1,09.01.2024,"-37 000,00",,,Выбытие — Перевод между счетами,
2024,1,10.01.2024,"-2 350,00",[counterparty_hash:e0e7137bcf],,Транспортные услуги,Выбытие
2024,1,10.01.2024,"-10 000,00",[counterparty_hash:856bc7fd96],,Курьерская служба -,Выбытие
2024,1,10.01.2024,"-1 355,00",[counterparty_hash:2a84eb0be0],,Содержание торговых точек,Выбытие
2024,1,10.01.2024,"-9 381,00",[counterparty_hash:2a84eb0be0],,Оплата поставщикам ,Выбытие
2024,1,10.01.2024,"16 510,00",[counterparty_hash:335b2a2e9a],,Поступление денег с торг. точек,Поступление
2024,1,10.01.2024,"-4 700,00",[counterparty_hash:856bc7fd96],,Содержание торговых точек,Выбытие
2024,1,11.01.2024,"-2 900,00",[counterparty_hash:b2b25bc0ee],,Поиск и найм персонала,Выбытие
2024,1,11.01.2024,"-8 720,00",[counterparty_hash:856bc7fd96],,Курьерская служба -,Выбытие
2024,1,11.01.2024,"14 949,00",[counterparty_hash:335b2a2e9a],,Поступление денег с торг. точек,Поступление
2024,1,05.01.2024,"28 800,00",,,Поступление — Перевод между счетами,
2024,1,09.01.2024,"37 000,00",,,Поступление — Перевод между счетами,
2024,1,09.01.2024,"87 450,00",,,Поступление — Перевод между счетами,
2024,1,09.01.2024,"3 000,00",,,Поступление — Перевод между счетами,
2024,1,09.01.2024,"-5 000,00",[counterparty_hash:856bc7fd96],,Зарплата административного персонала,Выбытие
2024,1,09.01.2024,"-167 050,00",[counterparty_hash:856bc7fd96],,Зарплата производственного персонала,Выбытие
2024,1,11.01.2024,"32 902,79",[counterparty_hash:335b2a2e9a],,Поступление денег с торг. точек,Поступление
2024,1,11.01.2024,"-34,37",[counterparty_hash:a079b1ede6],,Эквайринг,Выбытие
2024,1,11.01.2024,"-50 000,00",[counterparty_hash:48d0f61ee3],,Аренда торговых точек,Выбытие
2024,1,11.01.2024,"130 636,48",[counterparty_hash:a079b1ede6],,Получение овердрафта,Поступление
2024,1,11.01.2024,"62 970,00",[counterparty_hash:335b2a2e9a],,Поступление денег с торг. точек,Поступление
2024,1,11.01.2024,"-64 083,00",[counterparty_hash:48d0f61ee3],,Аренда торговых точек,Выбытие
2024,1,11.01.2024,"-2 400,00",[counterparty_hash:2c9dd7c496],,Телекоммуникации,Выбытие
2024,1,11.01.2024,"-1 000,00",[counterparty_hash:b2d09b6565],,Аренда торговых точек,Выбытие
2024,1,11.01.2024,"-61 830,38",[counterparty_hash:a079b1ede6],,Погашение овердрафта,Выбытие
2024,1,11.01.2024,"-7 673,00",[counterparty_hash:48d0f61ee3],[private_purpose_hash:87fe232f97],Аренда торговых точек,Выбытие
2024,1,11.01.2024,"-944,71",[counterparty_hash:a079b1ede6],,Эквайринг,Выбытие
2024,1,11.01.2024,"-190,00",[counterparty_hash:a079b1ede6],,Овердрафт,Выбытие
2024,1,11.01.2024,"-4,91",[counterparty_hash:a079b1ede6],,Эквайринг,Выбытие
2024,1,11.01.2024,"-4 000,00",[counterparty_hash:b2d09b6565],,Аренда торговых точек,Выбытие
2024,1,11.01.2024,"-1 291,71",[counterparty_hash:2a84eb0be0],,Оплата поставщикам ,Выбытие
2024,1,11.01.2024,"-179,78",[counterparty_hash:2a84eb0be0],,Расходы на питание персонала,Выбытие
2024,1,11.01.2024,"-8,99",[counterparty_hash:2a84eb0be0],,Содержание торговых точек,Выбытие
2024,1,12.01.2024,"-12 920,00",[counterparty_hash:856bc7fd96],,Курьерская служба -,Выбытие
2024,1,12.01.2024,"28 192,50",[counterparty_hash:335b2a2e9a],,Поступление денег с торг. точек,Поступление
2024,1,12.01.2024,"-1 016,00",[counterparty_hash:913fe52b19],,Зарплата административного персонала,Выбытие
2024,1,12.01.2024,"-90,00",[counterparty_hash:2a84eb0be0],,Расходы на питание персонала,Выбытие
2024,1,12.01.2024,"-5 562,00",[counterparty_hash:2a84eb0be0],,Оплата поставщикам ,Выбытие
2024,1,12.01.2024,"-2 476,32",[counterparty_hash:64b5ca4d90],,Оплата поставщикам ,Выбытие
2024,1,13.01.2024,"-3 342,00",[counterparty_hash:2a84eb0be0],,Оплата поставщикам ,Выбытие
2024,1,13.01.2024,"-16 900,00",[counterparty_hash:856bc7fd96],,Курьерская служба -,Выбытие
2024,1,13.01.2024,"45 351,35",[counterparty_hash:335b2a2e9a],,Поступление денег с торг. точек,Поступление
2024,1,14.01.2024,"-9 568,00",[counterparty_hash:2a84eb0be0],,Оплата поставщикам ,Выбытие
2024,1,14.01.2024,"30 634,00",[counterparty_hash:335b2a2e9a],,Поступление денег с торг. точек,Поступление
2024,1,14.01.2024,"1 871,15",,,Корретировки кассы +,Поступление
2024,1,12.01.2024,"32 216,73",[counterparty_hash:335b2a2e9a],,Поступление денег с торг. точек,Поступление
2024,1,12.01.2024,"-57,40",[counterparty_hash:a079b1ede6],,Эквайринг,Выбытие
2024,1,13.01.2024,"29 959,09",[counterparty_hash:335b2a2e9a],,Поступление денег с торг. точек,Поступление
2024,1,13.01.2024,"-49,43",[counterparty_hash:a079b1ede6],,Эквайринг,Выбытие
2024,1,14.01.2024,"36 925,08",[counterparty_hash:335b2a2e9a],,Поступление денег с торг. точек,Поступление
2024,1,14.01.2024,"-33,25",[counterparty_hash:a079b1ede6],,Эквайринг,Выбытие
2024,1,12.01.2024,"53 946,00",[counterparty_hash:335b2a2e9a],,Поступление денег с торг. точек,Поступление
2024,1,12.01.2024,"-290,00",[counterparty_hash:a079b1ede6],,Овердрафт,Выбытие
2024,1,12.01.2024,"-809,31",[counterparty_hash:a079b1ede6],,Эквайринг,Выбытие
2024,1,12.01.2024,"-9 028,85",[counterparty_hash:2a84eb0be0],,Оплата поставщикам ,Выбытие
2024,1,12.01.2024,"-2 086,73",[counterparty_hash:2a84eb0be0],,Расходы на питание персонала,Выбытие
2024,1,12.01.2024,"-52 846,69",[counterparty_hash:a079b1ede6],,Погашение овердрафта,Выбытие
2024,1,12.01.2024,"11 115,58",[counterparty_hash:a079b1ede6],,Получение овердрафта,Поступление
2024,1,13.01.2024,"81 826,30",[counterparty_hash:335b2a2e9a],,Поступление денег с торг. точек,Поступление
2024,1,13.01.2024,"-290,00",[counterparty_hash:a079b1ede6],,Овердрафт,Выбытие
2024,1,13.01.2024,"-1 227,57",[counterparty_hash:a079b1ede6],,Эквайринг,Выбытие
2024,1,13.01.2024,"-8,00",[counterparty_hash:2a84eb0be0],,Содержание торговых точек,Выбытие
2024,1,13.01.2024,"-3 936,26",[counterparty_hash:2a84eb0be0],,Оплата поставщикам ,Выбытие
2024,1,14.01.2024,"-1 786,67",[counterparty_hash:a079b1ede6],,Эквайринг,Выбытие
2024,1,14.01.2024,"119 096,00",[counterparty_hash:335b2a2e9a],,Поступление денег с торг. точек,Поступление
2024,1,14.01.2024,"-90,00",[counterparty_hash:a079b1ede6],,Овердрафт,Выбытие
2024,1,14.01.2024,"-7 720,98",[counterparty_hash:2a84eb0be0],,Оплата поставщикам ,Выбытие
2024,1,14.01.2024,"-265,95",[counterparty_hash:2a84eb0be0],,Содержание торговых точек,Выбытие
2024,1,14.01.2024,"-980,09",[counterparty_hash:2a84eb0be0],,Расходы на питание персонала,Выбытие
2024,1,14.01.2024,"-850,00",[counterparty_hash:e0e7137bcf],[private_purpose_hash:71d3ef7d07],Оплата поставщикам ,Выбытие
2024,1,14.01.2024,"-12 960,00",[counterparty_hash:856bc7fd96],,Курьерская служба -,Выбытие
2024,1,15.01.2024,"-50 000,00",,,Выбытие — Перевод между счетами,
2024,1,15.01.2024,"-1 350,00",[counterparty_hash:e0e7137bcf],,Транспортные услуги,Выбытие
2024,1,15.01.2024,"2,32",,,Корретировки кассы +,Поступление
2024,1,15.01.2024,"-7 940,00",[counterparty_hash:856bc7fd96],,Курьерская служба -,Выбытие
2024,1,15.01.2024,"14 505,00",,,Поступление денег с торг. точек,Поступление
2024,1,08.01.2024,"16 705,00",,,Поступление — Перевод между счетами,
2024,1,09.01.2024,"-18 459,00",[counterparty_hash:a079b1ede6],,Оплаты по кредитам и займам,Выбытие
2024,1,09.01.2024,"87 450,00",,,Поступление — Перевод между счетами,
2024,1,09.01.2024,"-87 450,00",,,Выбытие — Перевод между счетами,
2024,1,10.01.2024,"40 000,00",,,Поступление — Перевод между счетами,
2024,1,10.01.2024,"-40 000,00",[counterparty_hash:913fe52b19],,Зарплата административного персонала,Выбытие
2024,1,11.01.2024,"-79,35",[counterparty_hash:a079b1ede6],,РКО,Выбытие
2024,1,15.01.2024,"29 920,22",[counterparty_hash:335b2a2e9a],,Поступление денег с торг. точек,Поступление
2024,1,15.01.2024,"-170 000,00",,,Выбытие — Перевод между счетами,
2024,1,15.01.2024,"-19,89",[counterparty_hash:a079b1ede6],,Эквайринг,Выбытие
2024,1,16.01.2024,"14 700,44",[counterparty_hash:335b2a2e9a],,Поступление денег с торг. точек,Поступление
2024,1,16.01.2024,"-24,68",[counterparty_hash:a079b1ede6],,Эквайринг,Выбытие
2024,1,16.01.2024,"-10 060,00",[counterparty_hash:856bc7fd96],,Курьерская служба -,Выбытие
2024,1,16.01.2024,"23 071,00",[counterparty_hash:335b2a2e9a],,Поступление денег с торг. точек,Поступление
2024,1,16.01.2024,"-7 516,00",[counterparty_hash:1340ea64e9],,Оплата поставщикам ,Выбытие
2024,1,16.01.2024,"-160,00",[counterparty_hash:2a84eb0be0],,Расходы на питание персонала,Выбытие
2024,1,16.01.2024,"-10 013,00",[counterparty_hash:2a84eb0be0],,Оплата поставщикам ,Выбытие
2024,1,15.01.2024,"50 000,00",,,Поступление — Перевод между счетами,
2024,1,15.01.2024,"-1 000,00",[counterparty_hash:b2b25bc0ee],,Поиск и найм персонала,Выбытие
2024,1,16.01.2024,"135 000,00",,,Поступление — Перевод между счетами,
2024,1,16.01.2024,"-22 500,00",[counterparty_hash:856bc7fd96],,Зарплата административного персонала,Выбытие
2024,1,16.01.2024,"-161 500,00",[counterparty_hash:856bc7fd96],,Зарплата производственного персонала,Выбытие
2024,1,15.01.2024,"-1 143,29",[counterparty_hash:a079b1ede6],,Эквайринг,Выбытие
2024,1,15.01.2024,"76 209,00",[counterparty_hash:335b2a2e9a],,Поступление денег с торг. точек,Поступление
2024,1,15.01.2024,"170 000,00",,,Поступление — Перевод между счетами,
2024,1,15.01.2024,"-95 858,00",[counterparty_hash:4e9e5a80a9],,Сайт и приложение,Выбытие
2024,1,15.01.2024,"-88 100,00",[counterparty_hash:961b1c31cb],,Оплата поставщикам ,Выбытие
2024,1,15.01.2024,"-28 000,00",[counterparty_hash:5825737bc2],,Прочие маркетинговые услуги,Выбытие
2024,1,15.01.2024,"-5 000,00",[counterparty_hash:810942d5fa],,Телекоммуникации,Выбытие
2024,1,15.01.2024,"-124,56",[counterparty_hash:2a84eb0be0],,Расходы на питание персонала,Выбытие
2024,1,15.01.2024,"-1 988,00",[counterparty_hash:2a84eb0be0],,Оплата поставщикам ,Выбытие
2024,1,15.01.2024,"-80 308,73",[counterparty_hash:a079b1ede6],,Погашение овердрафта,Выбытие
2024,1,15.01.2024,"-48 454,38",[counterparty_hash:a079b1ede6],,Погашение овердрафта,Выбытие
2024,1,15.01.2024,"3 944,26",[counterparty_hash:a079b1ede6],,Получение овердрафта,Поступление
2024,1,16.01.2024,"-500,00",,,Выбытие — Перевод между счетами,
2024,1,16.01.2024,"-748,78",[counterparty_hash:a079b1ede6],,Эквайринг,Выбытие
2024,1,16.01.2024,"-280 000,00",,,Выбытие — Перевод между счетами,
2024,1,16.01.2024,"49 911,65",[counterparty_hash:335b2a2e9a],,Поступление денег с торг. точек,Поступление
2024,1,16.01.2024,"150 979,20",[counterparty_hash:a079b1ede6],,Получение овердрафта,Поступление
2024,1,16.01.2024,"-3 458,35",[counterparty_hash:2a84eb0be0],,Оплата поставщикам ,Выбытие
2024,1,16.01.2024,"-1 500,35",[counterparty_hash:2a84eb0be0],,Расходы на питание персонала,Выбытие
2024,1,16.01.2024,"-476,45",[counterparty_hash:2a84eb0be0],,Содержание торговых точек,Выбытие
2024,1,17.01.2024,"20 295,75",[counterparty_hash:335b2a2e9a],,Поступление денег с торг. точек,Поступление
2024,1,17.01.2024,"-26,60",[counterparty_hash:a079b1ede6],,Эквайринг,Выбытие
2024,1,17.01.2024,"5 801,36",[counterparty_hash:a079b1ede6],,Получение овердрафта,Поступление
2024,1,17.01.2024,"-64 982,40",[counterparty_hash:a079b1ede6],,Погашение овердрафта,Выбытие
2024,1,17.01.2024,"66 764,00",[counterparty_hash:335b2a2e9a],,Поступление денег с торг. точек,Поступление
2024,1,17.01.2024,"-490,00",[counterparty_hash:a079b1ede6],,Овердрафт,Выбытие
2024,1,17.01.2024,"-290,00",[counterparty_hash:a079b1ede6],,Овердрафт,Выбытие
2024,1,17.01.2024,"-1 001,60",[counterparty_hash:a079b1ede6],,Эквайринг,Выбытие
2024,1,17.01.2024,"-17,98",[counterparty_hash:2a84eb0be0],,Содержание торговых точек,Выбытие
2024,1,17.01.2024,"-5 783,38",[counterparty_hash:2a84eb0be0],,Оплата поставщикам ,Выбытие
2024,1,17.01.2024,"-11 000,00",,,Выбытие — Перевод между счетами,
2024,1,17.01.2024,"-1 050,00",[counterparty_hash:2a84eb0be0],,Оплата поставщикам ,Выбытие
2024,1,17.01.2024,"-9 580,00",[counterparty_hash:856bc7fd96],,Курьерская служба -,Выбытие
2024,1,17.01.2024,"10 200,50",[counterparty_hash:335b2a2e9a],,Поступление денег с торг. точек,Поступление
2024,1,17.01.2024,"11 000,00",,,Поступление — Перевод между счетами,
2024,1,18.01.2024,"-200,00",[counterparty_hash:7518be4ba8],,Транспортные услуги,Выбытие
2024,1,18.01.2024,"18 366,89",[counterparty_hash:335b2a2e9a],,Поступление денег с торг. точек,Поступление
2024,1,18.01.2024,"-23,72",[counterparty_hash:a079b1ede6],,Эквайринг,Выбытие
2024,1,19.01.2024,"4 000,00",,,Поступление — Перевод между счетами,
2024,1,19.01.2024,"-15 000,00",[counterparty_hash:856bc7fd96],,Содержание торговых точек,Выбытие
2024,1,18.01.2024,"312 379,21",[counterparty_hash:a079b1ede6],,Получение овердрафта,Поступление
2024,1,18.01.2024,"-60 250,45",[counterparty_hash:a079b1ede6],,Погашение овердрафта,Выбытие
2024,1,18.01.2024,"61 361,00",[counterparty_hash:335b2a2e9a],,Поступление денег с торг. точек,Поступление
2024,1,18.01.2024,"-190,00",[counterparty_hash:a079b1ede6],,Овердрафт,Выбытие
2024,1,18.01.2024,"-920,55",[counterparty_hash:a079b1ede6],,Эквайринг,Выбытие
2024,1,18.01.2024,"-3 613,00",[counterparty_hash:9a7ac913a7],,Аренда торговых точек,Выбытие
2024,1,18.01.2024,"-74 686,64",[counterparty_hash:81088c4e1c],,Оплата поставщикам ,Выбытие
2024,1,18.01.2024,"-490,88",[counterparty_hash:81088c4e1c],,Оплата поставщикам ,Выбытие
2024,1,18.01.2024,"-17 010,00",[counterparty_hash:81088c4e1c],,Оплата поставщикам ,Выбытие
2024,1,18.01.2024,"-130 515,00",[counterparty_hash:01761130fc],,Оплата поставщикам ,Выбытие
2024,1,18.01.2024,"-32 073,50",[counterparty_hash:55d2a5f343],,Оплата поставщикам ,Выбытие
2024,1,18.01.2024,"-18 483,00",[counterparty_hash:4b0e39f45b],,Оплата поставщикам ,Выбытие
2024,1,18.01.2024,"-17 208,87",[counterparty_hash:acffbdf399],,Оплата поставщикам ,Выбытие
2024,1,18.01.2024,"-12 885,00",[counterparty_hash:e1cb4e2da2],,Оплаты систем автоматизации,Выбытие
2024,1,18.01.2024,"2 109,00",[counterparty_hash:335b2a2e9a],,Поступление денег с торг. точек,Поступление
2024,1,18.01.2024,"-2 042,00",[counterparty_hash:2a84eb0be0],,Содержание торговых точек,Выбытие
2024,1,18.01.2024,"-1 434,85",[counterparty_hash:2a84eb0be0],,Расходы на питание персонала,Выбытие
2024,1,18.01.2024,"-4 045,47",[counterparty_hash:2a84eb0be0],,Оплата поставщикам ,Выбытие
2024,1,18.01.2024,"-500,00",[counterparty_hash:7518be4ba8],[private_purpose_hash:a6dd68d370],Содержание торговых точек,Выбытие
2024,1,18.01.2024,"-8 020,00",[counterparty_hash:856bc7fd96],,Курьерская служба -,Выбытие
2024,1,18.01.2024,"12 484,50",[counterparty_hash:335b2a2e9a],,Поступление денег с торг. точек,Поступление
2024,1,19.01.2024,"20 863,29",[counterparty_hash:335b2a2e9a],,Поступление денег с торг. точек,Поступление
2024,1,19.01.2024,"-45,28",[counterparty_hash:a079b1ede6],,Эквайринг,Выбытие
2024,1,20.01.2024,"30 024,41",[counterparty_hash:335b2a2e9a],,Поступление денег с торг. точек,Поступление
2024,1,20.01.2024,"-35,53",[counterparty_hash:a079b1ede6],,Эквайринг,Выбытие
2024,1,21.01.2024,"39 618,87",[counterparty_hash:335b2a2e9a],,Поступление денег с торг. точек,Поступление
2024,1,21.01.2024,"-22,52",[counterparty_hash:a079b1ede6],,Эквайринг,Выбытие
2024,1,19.01.2024,"41 931,00",[counterparty_hash:335b2a2e9a],,Поступление денег с торг. точек,Поступление
2024,1,19.01.2024,"-8,44",[counterparty_hash:a079b1ede6],,Эквайринг,Выбытие
2024,1,19.01.2024,"-590,00",[counterparty_hash:a079b1ede6],,Овердрафт,Выбытие
2024,1,19.01.2024,"-629,04",[counterparty_hash:a079b1ede6],,Эквайринг,Выбытие
2024,1,19.01.2024,"-1 789,00",[counterparty_hash:10ad09b2bf],,Оплата поставщикам ,Выбытие
2024,1,20.01.2024,"-1 299,00",[counterparty_hash:335b2a2e9a],,Возвраты клиентам,Выбытие
2024,1,20.01.2024,"106 317,00",[counterparty_hash:335b2a2e9a],,Поступление денег с торг. точек,Поступление
2024,1,20.01.2024,"-590,00",[counterparty_hash:a079b1ede6],,Овердрафт,Выбытие
2024,1,20.01.2024,"-1 594,97",[counterparty_hash:a079b1ede6],,Эквайринг,Выбытие
2024,1,20.01.2024,"5 207,00",[counterparty_hash:335b2a2e9a],,Поступление денег с торг. точек,Поступление
2024,1,20.01.2024,"1 250,00",[counterparty_hash:335b2a2e9a],,Поступление денег с торг. точек,Поступление
2024,1,20.01.2024,"-20,83",[counterparty_hash:a079b1ede6],,Эквайринг,Выбытие
2024,1,20.01.2024,"-2,40",[counterparty_hash:a079b1ede6],,Эквайринг,Выбытие
2024,1,20.01.2024,"1 224,00",[counterparty_hash:335b2a2e9a],,Поступление денег с торг. точек,Поступление
2024,1,20.01.2024,"-2,60",[counterparty_hash:a079b1ede6],,Эквайринг,Выбытие
2024,1,19.01.2024,"-40 703,52",[counterparty_hash:a079b1ede6],,Погашение овердрафта,Выбытие
2024,1,19.01.2024,"1 789,00",[counterparty_hash:a079b1ede6],,Получение овердрафта,Поступление
2024,1,20.01.2024,"-4 761,20",[counterparty_hash:2a84eb0be0],,Оплата поставщикам ,Выбытие
2024,1,20.01.2024,"-1 897,01",[counterparty_hash:2a84eb0be0],,Расходы на питание персонала,Выбытие
2024,1,20.01.2024,"-15,98",[counterparty_hash:2a84eb0be0],,Содержание торговых точек,Выбытие
2024,1,20.01.2024,"-1 297,90",[counterparty_hash:2a84eb0be0],[private_purpose_hash:cf09391bd8],Оплата поставщикам ,Выбытие
2024,1,21.01.2024,"131 208,80",[counterparty_hash:335b2a2e9a],,Поступление денег с торг. точек,Поступление
2024,1,21.01.2024,"-4,90",[counterparty_hash:a079b1ede6],,Эквайринг,Выбытие
2024,1,21.01.2024,"-590,00",[counterparty_hash:a079b1ede6],,Овердрафт,Выбытие
2024,1,21.01.2024,"-1 968,37",[counterparty_hash:a079b1ede6],,Эквайринг,Выбытие
2024,1,21.01.2024,"495,00",[counterparty_hash:335b2a2e9a],,Поступление денег с торг. точек,Поступление
2024,1,19.01.2024,"-1 350,00",[counterparty_hash:e0e7137bcf],,Транспортные услуги,Выбытие
2024,1,19.01.2024,"-14 940,00",[counterparty_hash:856bc7fd96],,Курьерская служба -,Выбытие
2024,1,19.01.2024,"30 653,00",[counterparty_hash:335b2a2e9a],,Поступление денег с торг. точек,Поступление
2024,1,19.01.2024,"-4 000,00",,,Выбытие — Перевод между счетами,
2024,1,19.01.2024,"-2 383,00",[counterparty_hash:64b5ca4d90],,Оплата поставщикам ,Выбытие
2024,1,20.01.2024,"34 690,00",[counterparty_hash:335b2a2e9a],,Поступление денег с торг. точек,Поступление
2024,1,20.01.2024,"-125,00",[counterparty_hash:2a84eb0be0],,Расходы на питание персонала,Выбытие
2024,1,20.01.2024,"-8 763,00",[counterparty_hash:2a84eb0be0],,Оплата поставщикам ,Выбытие
2024,1,20.01.2024,"-18 000,00",[counterparty_hash:856bc7fd96],,Курьерская служба -,Выбытие
2024,1,21.01.2024,"-350,00",[counterparty_hash:2a84eb0be0],,Содержание торговых точек,Выбытие
2024,1,21.01.2024,"-12 000,00",[counterparty_hash:856bc7fd96],,Курьерская служба -,Выбытие
2024,1,21.01.2024,"26 265,00",[counterparty_hash:335b2a2e9a],,Поступление денег с торг. точек,Поступление
2024,1,22.01.2024,"14 978,58",[counterparty_hash:335b2a2e9a],,Поступление денег с торг. точек,Поступление
2024,1,22.01.2024,"-99,00",[counterparty_hash:a079b1ede6],,РКО,Выбытие
2024,1,22.01.2024,"-159 000,00",,,Выбытие — Перевод между счетами,
2024,1,22.01.2024,"-13,16",[counterparty_hash:a079b1ede6],,Эквайринг,Выбытие
2024,1,16.01.2024,"-40,85",[counterparty_hash:a079b1ede6],,РКО,Выбытие
2024,1,16.01.2024,"-45 000,00",[counterparty_hash:a079b1ede6],,Оплаты по кредитам и займам,Выбытие
2024,1,16.01.2024,"-50 000,00",[counterparty_hash:9d002889b3],,Дивиденды,Выбытие
2024,1,16.01.2024,"-50 000,00",[counterparty_hash:913fe52b19],,Дивиденды,Выбытие
2024,1,16.01.2024,"-135 000,00",,,Выбытие — Перевод между счетами,
2024,1,16.01.2024,"500,00",,,Поступление — Перевод между счетами,
2024,1,16.01.2024,"280 000,00",,,Поступление — Перевод между счетами,
2024,1,22.01.2024,"-705,00",[counterparty_hash:a079b1ede6],,РКО,Выбытие
2024,1,22.01.2024,"-102 833,03",[counterparty_hash:a079b1ede6],,Погашение овердрафта,Выбытие
2024,1,22.01.2024,"-5 207,00",[counterparty_hash:a079b1ede6],,Погашение овердрафта,Выбытие
2024,1,22.01.2024,"-579,17",[counterparty_hash:a079b1ede6],,Погашение овердрафта,Выбытие
2024,1,22.01.2024,"-647,60",[counterparty_hash:a079b1ede6],,Погашение овердрафта,Выбытие
2024,1,22.01.2024,"-128 645,53",[counterparty_hash:a079b1ede6],,Погашение овердрафта,Выбытие
2024,1,22.01.2024,"-495,00",[counterparty_hash:a079b1ede6],,Погашение овердрафта,Выбытие
2024,1,22.01.2024,"-73 355,76",[counterparty_hash:a079b1ede6],,Погашение овердрафта,Выбытие
2024,1,22.01.2024,"6 750,69",[counterparty_hash:a079b1ede6],,Получение овердрафта,Поступление
2024,1,22.01.2024,"-1 229,75",[counterparty_hash:a079b1ede6],,Эквайринг,Выбытие
2024,1,22.01.2024,"81 970,45",[counterparty_hash:335b2a2e9a],,Поступление денег с торг. точек,Поступление
2024,1,22.01.2024,"-1,98",[counterparty_hash:a079b1ede6],,Эквайринг,Выбытие
2024,1,22.01.2024,"-190,00",[counterparty_hash:a079b1ede6],,Овердрафт,Выбытие
2024,1,22.01.2024,"159 000,00",,,Поступление — Перевод между счетами,
2024,1,22.01.2024,"-6 000,00",[counterparty_hash:3b5286b1f7],,Комиссия агрегатору,Выбытие
2024,1,22.01.2024,"-598,00",[counterparty_hash:2a84eb0be0],,Оплата поставщикам ,Выбытие
2024,1,22.01.2024,"-3 865,58",[counterparty_hash:2a84eb0be0],,Оплата поставщикам ,Выбытие
2024,1,22.01.2024,"-734,64",[counterparty_hash:2a84eb0be0],,Расходы на питание персонала,Выбытие
2024,1,22.01.2024,"-29,97",[counterparty_hash:2a84eb0be0],,Содержание торговых точек,Выбытие
2024,1,22.01.2024,"28 000,00",,,Поступление — Перевод между счетами,
2024,1,22.01.2024,"91 137,00",[counterparty_hash:8009e18a18],,Поступление денег с торг. точек,Поступление
2024,1,22.01.2024,"-28 000,00",,,Выбытие — Перевод между счетами,
2024,1,22.01.2024,"-6 367,00",[counterparty_hash:2a84eb0be0],,Оплата поставщикам ,Выбытие
2024,1,22.01.2024,"-7 460,00",[counterparty_hash:856bc7fd96],,Курьерская служба -,Выбытие
2024,1,22.01.2024,"11 495,00",[counterparty_hash:335b2a2e9a],,Поступление денег с торг. точек,Поступление
2024,1,23.01.2024,"32 427,12",[counterparty_hash:335b2a2e9a],,Поступление денег с торг. точек,Поступление
2024,1,23.01.2024,"-1,38",[counterparty_hash:a079b1ede6],,Эквайринг,Выбытие
2024,1,23.01.2024,"-1 990,00",[counterparty_hash:a079b1ede6],,РКО,Выбытие
2024,1,23.01.2024,"-99,00",[counterparty_hash:a079b1ede6],,РКО,Выбытие
2024,1,23.01.2024,"-990,00",[counterparty_hash:a079b1ede6],,РКО,Выбытие
2024,1,23.01.2024,"-656,63",[counterparty_hash:a079b1ede6],,Эквайринг,Выбытие
2024,1,23.01.2024,"43 768,00",[counterparty_hash:335b2a2e9a],,Поступление денег с торг. точек,Поступление
2024,1,23.01.2024,"-84,98",[counterparty_hash:2a84eb0be0],,Расходы на питание персонала,Выбытие
2024,1,23.01.2024,"-153 180,00",,,Выбытие — Перевод между счетами,
2024,1,23.01.2024,"153 180,00",,,Поступление — Перевод между счетами,
2024,1,23.01.2024,"-11 600,00",[counterparty_hash:24d4f68d8f],,Оплата поставщикам ,Выбытие
2024,1,23.01.2024,"-3 600,00",[counterparty_hash:e0e7137bcf],,Оплата поставщикам ,Выбытие
2024,1,23.01.2024,"-9 945,00",[counterparty_hash:2a84eb0be0],,Оплата поставщикам ,Выбытие
2024,1,23.01.2024,"-12 000,00",[counterparty_hash:913fe52b19],,Зарплата административного персонала,Выбытие
2024,1,23.01.2024,"-68 030,00",[counterparty_hash:48d0f61ee3],,Аренда торговых точек,Выбытие
2024,1,23.01.2024,"4 200,00",,,Поступление — Перевод между счетами,
2024,1,23.01.2024,"-500,00",[counterparty_hash:b2b25bc0ee],,Поиск и найм персонала,Выбытие
2024,1,23.01.2024,"-169 350,00",[counterparty_hash:856bc7fd96],,Зарплата производственного персонала,Выбытие
2024,1,23.01.2024,"-4 200,00",,,Выбытие — Перевод между счетами,
2024,1,23.01.2024,"-8 340,00",[counterparty_hash:856bc7fd96],,Курьерская служба -,Выбытие
2024,1,23.01.2024,"11 974,00",[counterparty_hash:335b2a2e9a],,Поступление денег с торг. точек,Поступление
2024,1,23.01.2024,"-198,00",[counterparty_hash:a079b1ede6],,РКО,Выбытие
2024,1,23.01.2024,"-640,00",[counterparty_hash:2a84eb0be0],,Содержание торговых точек,Выбытие
2024,1,01.01.2024,"-18 350,06",,[private_purpose_hash:a540debea6],Прочие расходы,Выбытие
2024,1,24.01.2024,"-7 520,00",[counterparty_hash:856bc7fd96],,Курьерская служба -,Выбытие
2024,1,24.01.2024,"8 530,00",[counterparty_hash:335b2a2e9a],,Поступление денег с торг. точек,Поступление
2024,1,24.01.2024,"27 820,61",[counterparty_hash:335b2a2e9a],,Поступление денег с торг. точек,Поступление
2024,1,24.01.2024,"-29,80",[counterparty_hash:a079b1ede6],,Эквайринг,Выбытие
2024,1,24.01.2024,"-611,34",[counterparty_hash:a079b1ede6],,Эквайринг,Выбытие
2024,1,24.01.2024,"40 749,00",[counterparty_hash:335b2a2e9a],,Поступление денег с торг. точек,Поступление
2024,1,24.01.2024,"1 154,00",[counterparty_hash:335b2a2e9a],,Поступление денег с торг. точек,Поступление
2024,1,24.01.2024,"-4,62",[counterparty_hash:a079b1ede6],,Эквайринг,Выбытие
2024,1,24.01.2024,"-5 000,00",[counterparty_hash:810942d5fa],,Телекоммуникации,Выбытие
2024,1,24.01.2024,"157,00",[counterparty_hash:335b2a2e9a],,Поступление денег с торг. точек,Поступление
2024,1,24.01.2024,"-0,63",[counterparty_hash:a079b1ede6],,Эквайринг,Выбытие
2024,1,24.01.2024,"-2 898,82",[counterparty_hash:2a84eb0be0],,Оплата поставщикам ,Выбытие
2024,1,24.01.2024,"-1 224,69",[counterparty_hash:2a84eb0be0],,Расходы на питание персонала,Выбытие
2024,1,24.01.2024,"-376,93",[counterparty_hash:2a84eb0be0],,Содержание торговых точек,Выбытие
2024,1,25.01.2024,"18 552,38",[counterparty_hash:335b2a2e9a],,Поступление денег с торг. точек,Поступление
2024,1,25.01.2024,"-42,59",[counterparty_hash:a079b1ede6],,Эквайринг,Выбытие
2024,1,25.01.2024,"-11 060,00",[counterparty_hash:856bc7fd96],,Курьерская служба -,Выбытие
2024,1,25.01.2024,"21 827,00",[counterparty_hash:335b2a2e9a],,Поступление денег с торг. точек,Поступление
2024,1,25.01.2024,"-631,22",[counterparty_hash:a079b1ede6],,Эквайринг,Выбытие
2024,1,25.01.2024,"42 074,00",[counterparty_hash:335b2a2e9a],,Поступление денег с торг. точек,Поступление
2024,1,25.01.2024,"-80 000,00",[counterparty_hash:2d609b655e],,Контекстная реклама,Выбытие
2024,1,25.01.2024,"-98,67",[counterparty_hash:2a84eb0be0],,Оплата поставщикам ,Выбытие
2024,1,25.01.2024,"620,00",[counterparty_hash:335b2a2e9a],,Поступление денег с торг. точек,Поступление
2024,1,25.01.2024,"-2,48",[counterparty_hash:a079b1ede6],,Эквайринг,Выбытие
2024,1,25.01.2024,"441,00",[counterparty_hash:335b2a2e9a],,Поступление денег с торг. точек,Поступление
2024,1,25.01.2024,"-1,76",[counterparty_hash:a079b1ede6],,Эквайринг,Выбытие
2024,1,25.01.2024,"610,00",[counterparty_hash:335b2a2e9a],,Поступление денег с торг. точек,Поступление
2024,1,25.01.2024,"-2,44",[counterparty_hash:a079b1ede6],,Эквайринг,Выбытие
2024,1,25.01.2024,"1 210,00",[counterparty_hash:335b2a2e9a],,Поступление денег с торг. точек,Поступление
2024,1,25.01.2024,"-4,84",[counterparty_hash:a079b1ede6],,Эквайринг,Выбытие
2024,1,26.01.2024,"30 001,83",[counterparty_hash:335b2a2e9a],,Поступление денег с торг. точек,Поступление
2024,1,26.01.2024,"-100 000,00",,,Выбытие — Перевод между счетами,
2024,1,26.01.2024,"-46,07",[counterparty_hash:a079b1ede6],,Эквайринг,Выбытие
2024,1,26.01.2024,"-99,00",[counterparty_hash:a079b1ede6],,РКО,Выбытие
2024,1,27.01.2024,"27 169,18",[counterparty_hash:335b2a2e9a],,Поступление денег с торг. точек,Поступление
2024,1,27.01.2024,"-46,10",[counterparty_hash:a079b1ede6],,Эквайринг,Выбытие
2024,1,28.01.2024,"22 073,88",[counterparty_hash:335b2a2e9a],,Поступление денег с торг. точек,Поступление
2024,1,28.01.2024,"-34,78",[counterparty_hash:a079b1ede6],,Эквайринг,Выбытие
2024,1,26.01.2024,"65 344,35",[counterparty_hash:a079b1ede6],,Получение овердрафта,Поступление
2024,1,26.01.2024,"-995,57",[counterparty_hash:a079b1ede6],,Эквайринг,Выбытие
2024,1,26.01.2024,"66 358,00",[counterparty_hash:335b2a2e9a],,Поступление денег с торг. точек,Поступление
2024,1,26.01.2024,"100 000,00",,,Поступление — Перевод между счетами,
2024,1,26.01.2024,"-11 634,15",[counterparty_hash:10ad09b2bf],,Оплата поставщикам ,Выбытие
2024,1,26.01.2024,"-3 710,82",[counterparty_hash:10ad09b2bf],,Оплата поставщикам ,Выбытие
2024,1,26.01.2024,"-10 000,00",[counterparty_hash:6279bcc436],,SEO-оптимизация,Выбытие
2024,1,26.01.2024,"-30 026,19",[counterparty_hash:c7da8c8c1f],,Оплата поставщикам ,Выбытие
2024,1,26.01.2024,"-58 695,56",[counterparty_hash:81088c4e1c],,Оплата поставщикам ,Выбытие
2024,1,26.01.2024,"-14 694,27",[counterparty_hash:acffbdf399],,Оплата поставщикам ,Выбытие
2024,1,26.01.2024,"-17 212,00",[counterparty_hash:4b0e39f45b],,Оплата поставщикам ,Выбытие
2024,1,26.01.2024,"-16 775,58",[counterparty_hash:55d2a5f343],,Оплата поставщикам ,Выбытие
2024,1,26.01.2024,"-84 958,50",[counterparty_hash:01761130fc],,Оплата поставщикам ,Выбытие
2024,1,26.01.2024,"-15 120,00",[counterparty_hash:81088c4e1c],,Оплата поставщикам ,Выбытие
2024,1,26.01.2024,"-3 379,62",[counterparty_hash:2a84eb0be0],,Оплата поставщикам ,Выбытие
2024,1,26.01.2024,"-1 726,91",[counterparty_hash:2a84eb0be0],,Расходы на питание персонала,Выбытие
2024,1,26.01.2024,"-661,90",[counterparty_hash:2a84eb0be0],,Содержание торговых точек,Выбытие
2024,1,27.01.2024,"-1 417,41",[counterparty_hash:a079b1ede6],,Эквайринг,Выбытие
2024,1,27.01.2024,"-663,00",[counterparty_hash:335b2a2e9a],,Возвраты клиентам,Выбытие
2024,1,27.01.2024,"94 482,15",[counterparty_hash:335b2a2e9a],,Поступление денег с торг. точек,Поступление
2024,1,27.01.2024,"-490,00",[counterparty_hash:a079b1ede6],,Овердрафт,Выбытие
2024,1,27.01.2024,"-190,00",[counterparty_hash:a079b1ede6],,Овердрафт,Выбытие
2024,1,28.01.2024,"-1 513,37",[counterparty_hash:a079b1ede6],,Эквайринг,Выбытие
2024,1,28.01.2024,"100 879,15",[counterparty_hash:335b2a2e9a],,Поступление денег с торг. точек,Поступление
2024,1,28.01.2024,"-3 331,01",[counterparty_hash:2a84eb0be0],,Оплата поставщикам ,Выбытие
2024,1,28.01.2024,"-561,87",[counterparty_hash:2a84eb0be0],,Содержание торговых точек,Выбытие
2024,1,28.01.2024,"-3 751,52",[counterparty_hash:2a84eb0be0],,Расходы на питание персонала,Выбытие
2024,1,26.01.2024,"-154,00",[counterparty_hash:2a84eb0be0],,Расходы на питание персонала,Выбытие
2024,1,26.01.2024,"-9 631,00",[counterparty_hash:2a84eb0be0],,Оплата поставщикам ,Выбытие
2024,1,26.01.2024,"-5 315,00",[counterparty_hash:2a84eb0be0],,Оплата поставщикам ,Выбытие
2024,1,26.01.2024,"-13 380,00",[counterparty_hash:856bc7fd96],,Курьерская служба -,Выбытие
2024,1,26.01.2024,"30 930,00",[counterparty_hash:335b2a2e9a],,Поступление денег с торг. точек,Поступление
2024,1,27.01.2024,"-13 180,00",[counterparty_hash:856bc7fd96],,Курьерская служба -,Выбытие
2024,1,27.01.2024,"27 913,15",[counterparty_hash:335b2a2e9a],,Поступление денег с торг. точек,Поступление
2024,1,28.01.2024,"-3,00",,,Корретировки кассы -,Выбытие
2024,1,28.01.2024,"-8 377,00",[counterparty_hash:2a84eb0be0],,Оплата поставщикам ,Выбытие
2024,1,28.01.2024,"-11 220,00",[counterparty_hash:856bc7fd96],,Курьерская служба -,Выбытие
2024,1,28.01.2024,"29 541,65",[counterparty_hash:335b2a2e9a],,Поступление денег с торг. точек,Поступление
2024,1,29.01.2024,"-42 500,00",,,Выбытие — Перевод между счетами,
2024,1,29.01.2024,"-7 600,00",[counterparty_hash:856bc7fd96],,Курьерская служба -,Выбытие
2024,1,29.01.2024,"8 764,00",[counterparty_hash:335b2a2e9a],,Поступление денег с торг. точек,Поступление
2024,1,29.01.2024,"16 051,50",[counterparty_hash:335b2a2e9a],,Поступление денег с торг. точек,Поступление
2024,1,29.01.2024,"-99,00",[counterparty_hash:a079b1ede6],,РКО,Выбытие
2024,1,29.01.2024,"-76 000,00",,,Выбытие — Перевод между счетами,
2024,1,29.01.2024,"-5,75",[counterparty_hash:a079b1ede6],,Эквайринг,Выбытие
2024,1,29.01.2024,"100 000,00",,,Поступление — Перевод между счетами,
2024,1,29.01.2024,"-100 000,00",[counterparty_hash:48d0f61ee3],,Аренда торговых точек,Выбытие
2024,1,29.01.2024,"-500,00",[counterparty_hash:856bc7fd96],,Содержание торговых точек,Выбытие
2024,1,29.01.2024,"42 500,00",,,Поступление — Перевод между счетами,
2024,1,29.01.2024,"-1 113,84",[counterparty_hash:a079b1ede6],,Эквайринг,Выбытие
2024,1,29.01.2024,"74 244,15",[counterparty_hash:335b2a2e9a],,Поступление денег с торг. точек,Поступление
2024,1,29.01.2024,"-475,00",[counterparty_hash:2a84eb0be0],,Содержание торговых точек,Выбытие
2024,1,29.01.2024,"76 000,00",,,Поступление — Перевод между счетами,
2024,1,29.01.2024,"-100 000,00",,,Выбытие — Перевод между счетами,
2024,1,29.01.2024,"714,00",[counterparty_hash:335b2a2e9a],,Поступление денег с торг. точек,Поступление
2024,1,29.01.2024,"-2,86",[counterparty_hash:a079b1ede6],,Эквайринг,Выбытие
2024,1,29.01.2024,"-65 344,35",[counterparty_hash:a079b1ede6],,Погашение овердрафта,Выбытие
2024,1,30.01.2024,"-956,93",[counterparty_hash:a079b1ede6],,Эквайринг,Выбытие
2024,1,30.01.2024,"63 787,50",[counterparty_hash:335b2a2e9a],,Поступление денег с торг. точек,Поступление
2024,1,30.01.2024,"-128 000,00",,,Выбытие — Перевод между счетами,
2024,1,30.01.2024,"-6 900,00",,,Выбытие — Перевод между счетами,
2024,1,30.01.2024,"-1 867,57",[counterparty_hash:2a84eb0be0],,Расходы на питание персонала,Выбытие
2024,1,30.01.2024,"-8,99",[counterparty_hash:2a84eb0be0],,Содержание торговых точек,Выбытие
2024,1,30.01.2024,"-3 283,45",[counterparty_hash:2a84eb0be0],,Оплата поставщикам ,Выбытие
2024,1,30.01.2024,"-599,97",[counterparty_hash:2a84eb0be0],,Оплата поставщикам ,Выбытие
2024,1,30.01.2024,"13 822,91",[counterparty_hash:335b2a2e9a],,Поступление денег с торг. точек,Поступление
2024,1,30.01.2024,"-12,68",[counterparty_hash:a079b1ede6],,Эквайринг,Выбытие
2024,1,30.01.2024,"-0,80",,,Корретировки кассы -,Выбытие
2024,1,30.01.2024,"-8 980,00",[counterparty_hash:856bc7fd96],,Курьерская служба -,Выбытие
2024,1,30.01.2024,"14 012,00",[counterparty_hash:335b2a2e9a],,Поступление денег с торг. точек,Поступление
2024,1,30.01.2024,"-600,00",[counterparty_hash:7518be4ba8],,Содержание торговых точек,Выбытие
2024,1,30.01.2024,"-7 088,00",[counterparty_hash:2a84eb0be0],,Оплата поставщикам ,Выбытие
2024,1,30.01.2024,"6 000,00",,,Поступление — Перевод между счетами,
2024,1,30.01.2024,"12 500,00",[counterparty_hash:335b2a2e9a],[private_purpose_hash:632c53a9c3],Прочие поступления,Поступление
2024,1,30.01.2024,"128 000,00",,,Поступление — Перевод между счетами,
2024,1,30.01.2024,"-6 000,00",,,Выбытие — Перевод между счетами,
2024,1,30.01.2024,"-1 600,00",[counterparty_hash:7518be4ba8],,Аренда торговых точек,Выбытие
2024,1,30.01.2024,"-2 000,00",[counterparty_hash:e0e7137bcf],,Оплата поставщикам ,Выбытие
2024,1,30.01.2024,"-1 000,00",[counterparty_hash:e0e7137bcf],,Транспортные услуги,Выбытие
2024,1,30.01.2024,"-200,00",[counterparty_hash:a079b1ede6],,РКО,Выбытие
2024,1,30.01.2024,"6 900,00",,,Поступление — Перевод между счетами,
2024,1,30.01.2024,"-155 000,00",[counterparty_hash:856bc7fd96],,Зарплата производственного персонала,Выбытие
2024,1,30.01.2024,"-22 500,00",[counterparty_hash:856bc7fd96],,Зарплата административного персонала,Выбытие
2024,1,30.01.2024,"-200,00",[counterparty_hash:7518be4ba8],,Телекоммуникации,Выбытие
2024,1,31.01.2024,"-7 220,00",[counterparty_hash:856bc7fd96],,Курьерская служба -,Выбытие
2024,1,31.01.2024,"16 038,00",[counterparty_hash:335b2a2e9a],,Поступление денег с торг. точек,Поступление
2024,1,31.01.2024,"22 929,12",[counterparty_hash:335b2a2e9a],,Поступление денег с торг. точек,Поступление
2024,1,31.01.2024,"-24,07",[counterparty_hash:a079b1ede6],,Эквайринг,Выбытие
2024,1,31.01.2024,"-791,76",[counterparty_hash:a079b1ede6],,Эквайринг,Выбытие
2024,1,31.01.2024,"52 775,30",[counterparty_hash:335b2a2e9a],,Поступление денег с торг. точек,Поступление
2024,1,31.01.2024,"-1 400,00",[counterparty_hash:2a84eb0be0],,Содержание торговых точек,Выбытие
2024,1,31.01.2024,"-4 500,00",[counterparty_hash:8128ee60c8],,Прочие маркетинговые услуги,Выбытие
2024,1,31.01.2024,"-3 000,00",[counterparty_hash:7638e8b71c],,Оплата поставщикам ,Выбытие
2024,1,30.01.2024,"128 000,00",,,Поступление — Перевод между счетами,
2024,1,30.01.2024,"-128 000,00",,,Выбытие — Перевод между счетами,
2024,1,31.01.2024,"-384,00",[counterparty_hash:a079b1ede6],,РКО,Выбытие
2024,2,01.02.2024,"-8 860,00",[counterparty_hash:856bc7fd96],,Курьерская служба -,Выбытие
2024,2,01.02.2024,"11 567,00",[counterparty_hash:335b2a2e9a],,Поступление денег с торг. точек,Поступление
2024,2,01.02.2024,"-6 500,00",[counterparty_hash:856bc7fd96],,Содержание торговых точек,Выбытие
2024,2,01.02.2024,"16 443,20",[counterparty_hash:335b2a2e9a],,Поступление денег с торг. точек,Поступление
2024,2,01.02.2024,"-26,31",[counterparty_hash:a079b1ede6],,Эквайринг,Выбытие
2024,2,01.02.2024,"-642,11",[counterparty_hash:a079b1ede6],,Эквайринг,Выбытие
2024,2,01.02.2024,"42 801,00",[counterparty_hash:335b2a2e9a],,Поступление денег с торг. точек,Поступление
2024,2,01.02.2024,"-4 000,00",[counterparty_hash:48d0f61ee3],,Аренда склада,Выбытие
2024,2,01.02.2024,"950,00",[counterparty_hash:335b2a2e9a],,Поступление денег с торг. точек,Поступление
2024,2,01.02.2024,"-3,80",[counterparty_hash:a079b1ede6],,Эквайринг,Выбытие
2024,2,01.02.2024,"-4 000,00",[counterparty_hash:e467eaefc4],,Оплаты систем автоматизации,Выбытие
2024,2,01.02.2024,"-6 000,00",[counterparty_hash:e467eaefc4],,Оплаты систем автоматизации,Выбытие
2024,2,01.02.2024,"-8 000,00",[counterparty_hash:e467eaefc4],,Оплаты систем автоматизации,Выбытие
2024,2,01.02.2024,"890,00",[counterparty_hash:335b2a2e9a],,Поступление денег с торг. точек,Поступление
2024,2,01.02.2024,"-3,56",[counterparty_hash:a079b1ede6],,Эквайринг,Выбытие
2024,2,01.02.2024,"954,00",[counterparty_hash:335b2a2e9a],,Поступление денег с торг. точек,Поступление
2024,2,01.02.2024,"-3,82",[counterparty_hash:a079b1ede6],,Эквайринг,Выбытие
2024,2,01.02.2024,"462,00",[counterparty_hash:335b2a2e9a],,Поступление денег с торг. точек,Поступление
2024,2,01.02.2024,"-1,85",[counterparty_hash:a079b1ede6],,Эквайринг,Выбытие
2024,2,01.02.2024,"-1 694,00",[counterparty_hash:2a84eb0be0],,Оплата поставщикам ,Выбытие
2024,2,01.02.2024,"-1 973,00",[counterparty_hash:2a84eb0be0],,Содержание торговых точек,Выбытие
2024,2,01.02.2024,"-3 149,32",[counterparty_hash:2a84eb0be0],,Оплата поставщикам ,Выбытие
2024,2,01.02.2024,"-20,98",[counterparty_hash:2a84eb0be0],,Содержание торговых точек,Выбытие
2024,2,01.02.2024,"-1 130,42",[counterparty_hash:2a84eb0be0],,Расходы на питание персонала,Выбытие
2024,2,02.02.2024,"28 032,51",[counterparty_hash:335b2a2e9a],,Поступление денег с торг. точек,Поступление
2024,2,02.02.2024,"-51,55",[counterparty_hash:a079b1ede6],,Эквайринг,Выбытие
2024,2,03.02.2024,"44 173,90",[counterparty_hash:335b2a2e9a],,Поступление денег с торг. точек,Поступление
2024,2,03.02.2024,"-52,49",[counterparty_hash:a079b1ede6],,Эквайринг,Выбытие
2024,2,04.02.2024,"35 607,89",[counterparty_hash:335b2a2e9a],,Поступление денег с торг. точек,Поступление
2024,2,04.02.2024,"-47,79",[counterparty_hash:a079b1ede6],,Эквайринг,Выбытие
2024,2,02.02.2024,"6 500,00",,,Поступление — Перевод между счетами,
2024,2,02.02.2024,"-13 750,00",[counterparty_hash:856bc7fd96],,Курьерская служба -,Выбытие
2024,2,02.02.2024,"-330,00",,,Корретировки кассы -,Выбытие
2024,2,02.02.2024,"-1 000,00",[counterparty_hash:e0e7137bcf],,Транспортные услуги,Выбытие
2024,2,02.02.2024,"24 601,00",[counterparty_hash:335b2a2e9a],,Поступление денег с торг. точек,Поступление
2024,2,02.02.2024,"-6 500,00",,,Выбытие — Перевод между счетами,
2024,2,03.02.2024,"-80,00",[counterparty_hash:2a84eb0be0],,Расходы на питание персонала,Выбытие
2024,2,03.02.2024,"-9 423,00",[counterparty_hash:2a84eb0be0],,Оплата поставщикам ,Выбытие
2024,2,03.02.2024,"-15 980,00",[counterparty_hash:856bc7fd96],,Курьерская служба -,Выбытие
2024,2,03.02.2024,"24 828,00",[counterparty_hash:335b2a2e9a],,Поступление денег с торг. точек,Поступление
2024,2,04.02.2024,"-10 780,00",[counterparty_hash:856bc7fd96],,Курьерская служба -,Выбытие
2024,2,04.02.2024,"19 582,00",[counterparty_hash:335b2a2e9a],,Поступление денег с торг. точек,Поступление
2024,2,02.02.2024,"-811,64",[counterparty_hash:a079b1ede6],,Эквайринг,Выбытие
2024,2,02.02.2024,"54 100,00",[counterparty_hash:335b2a2e9a],,Поступление денег с торг. точек,Поступление
2024,2,02.02.2024,"-18 500,00",,,Выбытие — Перевод между счетами,
2024,2,02.02.2024,"-7 000,00",[counterparty_hash:f76017a261],,Транспортные услуги,Выбытие
2024,2,02.02.2024,"-5 000,00",[counterparty_hash:810942d5fa],,Телекоммуникации,Выбытие
2024,2,03.02.2024,"-1 266,92",[counterparty_hash:a079b1ede6],,Эквайринг,Выбытие
2024,2,03.02.2024,"84 445,15",[counterparty_hash:335b2a2e9a],,Поступление денег с торг. точек,Поступление
2024,2,03.02.2024,"-94 000,00",,,Выбытие — Перевод между счетами,
2024,2,03.02.2024,"-3 461,87",[counterparty_hash:2a84eb0be0],,Оплата поставщикам ,Выбытие
2024,2,03.02.2024,"-136,95",[counterparty_hash:2a84eb0be0],,Содержание торговых точек,Выбытие
2024,2,03.02.2024,"-931,73",[counterparty_hash:2a84eb0be0],,Расходы на питание персонала,Выбытие
2024,2,04.02.2024,"-1 690,96",[counterparty_hash:a079b1ede6],,Эквайринг,Выбытие
2024,2,04.02.2024,"112 714,40",[counterparty_hash:335b2a2e9a],,Поступление денег с торг. точек,Поступление
2024,2,05.02.2024,"-7 234,00",[counterparty_hash:856bc7fd96],,Курьерская служба -,Выбытие
2024,2,05.02.2024,"8 665,00",[counterparty_hash:335b2a2e9a],,Поступление денег с торг. точек,Поступление
2024,2,05.02.2024,"-8 580,00",[counterparty_hash:856bc7fd96],,Курьерская служба -,Выбытие
2024,2,05.02.2024,"75 865,60",[counterparty_hash:8009e18a18],,Поступление денег с торг. точек,Поступление
2024,2,05.02.2024,"134,40",,,Прочие поступления,Поступление
2024,2,05.02.2024,"-2 000,00",[counterparty_hash:e0e7137bcf],,Оплата поставщикам ,Выбытие
2024,2,05.02.2024,"-6 460,00",[counterparty_hash:1340ea64e9],,Оплата поставщикам ,Выбытие
2024,2,05.02.2024,"32 243,66",[counterparty_hash:335b2a2e9a],,Поступление денег с торг. точек,Поступление
2024,2,05.02.2024,"-191 000,00",,,Выбытие — Перевод между счетами,
2024,2,05.02.2024,"-12,56",[counterparty_hash:a079b1ede6],,Эквайринг,Выбытие
2024,2,05.02.2024,"-1 053,95",[counterparty_hash:a079b1ede6],,Эквайринг,Выбытие
2024,2,05.02.2024,"70 254,00",[counterparty_hash:335b2a2e9a],,Поступление денег с торг. точек,Поступление
2024,2,05.02.2024,"191 000,00",,,Поступление — Перевод между счетами,
2024,2,05.02.2024,"-4 000,00",[counterparty_hash:b2d09b6565],,Аренда торговых точек,Выбытие
2024,2,05.02.2024,"-1 000,00",[counterparty_hash:b2d09b6565],,Аренда торговых точек,Выбытие
2024,2,05.02.2024,"-81 572,00",[counterparty_hash:4e9e5a80a9],,Сайт и приложение,Выбытие
2024,2,05.02.2024,"-2 400,00",[counterparty_hash:2c9dd7c496],,Телекоммуникации,Выбытие
2024,2,05.02.2024,"-75 000,00",[counterparty_hash:168e057bae],,Услуги ФД и НК,Выбытие
2024,2,05.02.2024,"-23 160,00",[counterparty_hash:c7da8c8c1f],,Оплата поставщикам ,Выбытие
2024,2,05.02.2024,"-19 288,68",[counterparty_hash:4b0e39f45b],,Оплата поставщикам ,Выбытие
2024,2,05.02.2024,"-3 050,74",[counterparty_hash:64b5ca4d90],,Оплата поставщикам ,Выбытие
2024,2,05.02.2024,"-26 802,95",[counterparty_hash:acffbdf399],,Оплата поставщикам ,Выбытие
2024,2,05.02.2024,"-23 448,42",[counterparty_hash:55d2a5f343],,Оплата поставщикам ,Выбытие
2024,2,05.02.2024,"-61 221,52",[counterparty_hash:81088c4e1c],,Оплата поставщикам ,Выбытие
2024,2,05.02.2024,"-702,00",[counterparty_hash:81088c4e1c],,Оплата поставщикам ,Выбытие
2024,2,05.02.2024,"-17 010,00",[counterparty_hash:81088c4e1c],,Оплата поставщикам ,Выбытие
2024,2,05.02.2024,"-106 547,75",[counterparty_hash:01761130fc],,Оплата поставщикам ,Выбытие
2024,2,05.02.2024,"1 926,00",[counterparty_hash:335b2a2e9a],,Поступление денег с торг. точек,Поступление
2024,2,05.02.2024,"-7,70",[counterparty_hash:a079b1ede6],,Эквайринг,Выбытие
2024,2,05.02.2024,"5 547,00",[counterparty_hash:335b2a2e9a],,Поступление денег с торг. точек,Поступление
2024,2,05.02.2024,"-22,19",[counterparty_hash:a079b1ede6],,Эквайринг,Выбытие
2024,2,05.02.2024,"-1 495,00",[counterparty_hash:2a84eb0be0],,Оплата поставщикам ,Выбытие
2024,2,05.02.2024,"-911,99",[counterparty_hash:2a84eb0be0],,Содержание торговых точек,Выбытие
2024,2,05.02.2024,"-2 863,22",[counterparty_hash:2a84eb0be0],,Оплата поставщикам ,Выбытие
2024,2,05.02.2024,"-1 224,02",[counterparty_hash:2a84eb0be0],,Расходы на питание персонала,Выбытие
2024,2,02.02.2024,"18 500,00",,,Поступление — Перевод между счетами,
2024,2,02.02.2024,"-18 406,36",[counterparty_hash:a079b1ede6],,Оплаты по кредитам и займам,Выбытие
2024,2,02.02.2024,"-52,64",[counterparty_hash:a079b1ede6],,Оплаты по кредитам и займам,Выбытие
2024,2,03.02.2024,"94 000,00",,,Поступление — Перевод между счетами,
2024,2,03.02.2024,"-40 000,00",[counterparty_hash:913fe52b19],,Зарплата административного персонала,Выбытие
2024,2,03.02.2024,"-54 000,00",[counterparty_hash:9d002889b3],,Зарплата административного персонала,Выбытие
2024,2,06.02.2024,"70 950,00",,,Поступление — Перевод между счетами,
2024,2,06.02.2024,"-70 950,00",,,Выбытие — Перевод между счетами,
2024,2,06.02.2024,"70 950,00",,,Поступление — Перевод между счетами,
2024,2,06.02.2024,"-144 950,00",[counterparty_hash:856bc7fd96],,Зарплата производственного персонала,Выбытие
2024,2,06.02.2024,"-8 280,00",[counterparty_hash:856bc7fd96],,Курьерская служба -,Выбытие
2024,2,06.02.2024,"11 045,00",[counterparty_hash:335b2a2e9a],,Поступление денег с торг. точек,Поступление
2024,2,06.02.2024,"18 578,33",[counterparty_hash:335b2a2e9a],,Поступление денег с торг. точек,Поступление
2024,2,06.02.2024,"-14,22",[counterparty_hash:a079b1ede6],,Эквайринг,Выбытие
2024,2,06.02.2024,"-678,96",[counterparty_hash:a079b1ede6],,Эквайринг,Выбытие
2024,2,06.02.2024,"45 257,00",[counterparty_hash:335b2a2e9a],,Поступление денег с торг. точек,Поступление
2024,2,06.02.2024,"-70 950,00",,,Выбытие — Перевод между счетами,
2024,2,06.02.2024,"1 324,00",[counterparty_hash:335b2a2e9a],,Поступление денег с торг. точек,Поступление
2024,2,06.02.2024,"-5,30",[counterparty_hash:a079b1ede6],,Эквайринг,Выбытие
2024,2,06.02.2024,"789,00",[counterparty_hash:335b2a2e9a],,Поступление денег с торг. точек,Поступление
2024,2,06.02.2024,"-3,16",[counterparty_hash:a079b1ede6],,Эквайринг,Выбытие
2024,2,06.02.2024,"-1 299,00",[counterparty_hash:10ad09b2bf],,Оплата поставщикам ,Выбытие
2024,2,06.02.2024,"699,00",[counterparty_hash:335b2a2e9a],,Поступление денег с торг. точек,Поступление
2024,2,06.02.2024,"-2,80",[counterparty_hash:a079b1ede6],,Эквайринг,Выбытие
2024,2,06.02.2024,"150,00",[counterparty_hash:335b2a2e9a],,Поступление денег с торг. точек,Поступление
2024,2,06.02.2024,"-0,60",[counterparty_hash:a079b1ede6],,Эквайринг,Выбытие
2024,2,06.02.2024,"1 168,00",[counterparty_hash:335b2a2e9a],,Поступление денег с торг. точек,Поступление
2024,2,06.02.2024,"-4,67",[counterparty_hash:a079b1ede6],,Эквайринг,Выбытие
2024,2,06.02.2024,"1 077,00",[counterparty_hash:335b2a2e9a],,Поступление денег с торг. точек,Поступление
2024,2,06.02.2024,"-4,31",[counterparty_hash:a079b1ede6],,Эквайринг,Выбытие
2024,2,06.02.2024,"1 350,00",[counterparty_hash:335b2a2e9a],,Поступление денег с торг. точек,Поступление
2024,2,06.02.2024,"-5,40",[counterparty_hash:a079b1ede6],,Эквайринг,Выбытие
2024,2,06.02.2024,"592,00",[counterparty_hash:335b2a2e9a],,Поступление денег с торг. точек,Поступление
2024,2,06.02.2024,"-2,37",[counterparty_hash:a079b1ede6],,Эквайринг,Выбытие
2024,2,06.02.2024,"1 045,00",[counterparty_hash:335b2a2e9a],,Поступление денег с торг. точек,Поступление
2024,2,06.02.2024,"-4,18",[counterparty_hash:a079b1ede6],,Эквайринг,Выбытие
2024,2,06.02.2024,"476,00",[counterparty_hash:335b2a2e9a],,Поступление денег с торг. точек,Поступление
2024,2,06.02.2024,"-1,90",[counterparty_hash:a079b1ede6],,Эквайринг,Выбытие
2024,2,06.02.2024,"900,00",[counterparty_hash:335b2a2e9a],,Поступление денег с торг. точек,Поступление
2024,2,06.02.2024,"-3,60",[counterparty_hash:a079b1ede6],,Эквайринг,Выбытие
2024,2,06.02.2024,"1 023,00",[counterparty_hash:335b2a2e9a],,Поступление денег с торг. точек,Поступление
2024,2,06.02.2024,"-4,09",[counterparty_hash:a079b1ede6],,Эквайринг,Выбытие
2024,2,06.02.2024,"1 159,00",[counterparty_hash:335b2a2e9a],,Поступление денег с торг. точек,Поступление
2024,2,06.02.2024,"-4,64",[counterparty_hash:a079b1ede6],,Эквайринг,Выбытие
2024,2,06.02.2024,"500,00",[counterparty_hash:335b2a2e9a],,Поступление денег с торг. точек,Поступление
2024,2,06.02.2024,"-2,00",[counterparty_hash:a079b1ede6],,Эквайринг,Выбытие
2024,2,06.02.2024,"1 190,00",[counterparty_hash:335b2a2e9a],,Поступление денег с торг. точек,Поступление
2024,2,06.02.2024,"-4,76",[counterparty_hash:a079b1ede6],,Эквайринг,Выбытие
2024,2,06.02.2024,"1 000,00",[counterparty_hash:335b2a2e9a],,Поступление денег с торг. точек,Поступление
2024,2,06.02.2024,"-4,00",[counterparty_hash:a079b1ede6],,Эквайринг,Выбытие
2024,2,06.02.2024,"953,00",[counterparty_hash:335b2a2e9a],,Поступление денег с торг. точек,Поступление
2024,2,06.02.2024,"-3,81",[counterparty_hash:a079b1ede6],,Эквайринг,Выбытие
2024,2,06.02.2024,"1 280,00",[counterparty_hash:335b2a2e9a],,Поступление денег с торг. точек,Поступление
2024,2,06.02.2024,"-5,12",[counterparty_hash:a079b1ede6],,Эквайринг,Выбытие
2024,2,07.02.2024,"-614,48",[counterparty_hash:a079b1ede6],,Эквайринг,Выбытие
2024,2,07.02.2024,"40 958,00",[counterparty_hash:335b2a2e9a],,Поступление денег с торг. точек,Поступление
2024,2,07.02.2024,"399,00",[counterparty_hash:335b2a2e9a],,Поступление денег с торг. точек,Поступление
2024,2,07.02.2024,"-1,60",[counterparty_hash:a079b1ede6],,Эквайринг,Выбытие
2024,2,07.02.2024,"895,00",[counterparty_hash:335b2a2e9a],,Поступление денег с торг. точек,Поступление
2024,2,07.02.2024,"-3,58",[counterparty_hash:a079b1ede6],,Эквайринг,Выбытие
2024,2,07.02.2024,"-4 057,29",[counterparty_hash:2a84eb0be0],,Оплата поставщикам ,Выбытие
2024,2,07.02.2024,"-131,97",[counterparty_hash:2a84eb0be0],,Содержание торговых точек,Выбытие
2024,2,07.02.2024,"-1 413,19",[counterparty_hash:2a84eb0be0],,Расходы на питание персонала,Выбытие
2024,2,07.02.2024,"13 032,70",[counterparty_hash:335b2a2e9a],,Поступление денег с торг. точек,Поступление
2024,2,07.02.2024,"-24,71",[counterparty_hash:a079b1ede6],,Эквайринг,Выбытие
2024,2,07.02.2024,"-10 043,00",[counterparty_hash:2a84eb0be0],,Оплата поставщикам ,Выбытие
2024,2,07.02.2024,"-5 672,00",[counterparty_hash:2a84eb0be0],,Оплата поставщикам ,Выбытие
2024,2,07.02.2024,"-8 860,00",[counterparty_hash:856bc7fd96],,Курьерская служба -,Выбытие
2024,2,07.02.2024,"7 795,00",[counterparty_hash:335b2a2e9a],,Поступление денег с торг. точек,Поступление
2024,2,08.02.2024,"-8 460,00",[counterparty_hash:856bc7fd96],,Курьерская служба -,Выбытие
2024,2,08.02.2024,"16 572,00",[counterparty_hash:335b2a2e9a],,Поступление денег с торг. точек,Поступление
2024,2,08.02.2024,"-820,65",[counterparty_hash:a079b1ede6],,Эквайринг,Выбытие
2024,2,08.02.2024,"54 701,00",[counterparty_hash:335b2a2e9a],,Поступление денег с торг. точек,Поступление
2024,2,08.02.2024,"1 740,00",[counterparty_hash:335b2a2e9a],,Поступление денег с торг. точек,Поступление
2024,2,08.02.2024,"1 299,00",[counterparty_hash:335b2a2e9a],,Поступление денег с торг. точек,Поступление
2024,2,08.02.2024,"-12,16",[counterparty_hash:a079b1ede6],,Эквайринг,Выбытие
2024,2,08.02.2024,"-108,98",[counterparty_hash:2a84eb0be0],,Расходы на питание персонала,Выбытие
2024,2,08.02.2024,"-279,99",[counterparty_hash:2a84eb0be0],,Оплата поставщикам ,Выбытие
2024,2,08.02.2024,"18 264,64",[counterparty_hash:335b2a2e9a],,Поступление денег с торг. точек,Поступление
2024,2,08.02.2024,"-33,78",[counterparty_hash:a079b1ede6],,Эквайринг,Выбытие
2024,2,09.02.2024,"19 820,24",[counterparty_hash:335b2a2e9a],,Поступление денег с торг. точек,Поступление
2024,2,09.02.2024,"-44,58",[counterparty_hash:a079b1ede6],,Эквайринг,Выбытие
2024,2,10.02.2024,"38 667,91",[counterparty_hash:335b2a2e9a],,Поступление денег с торг. точек,Поступление
2024,2,10.02.2024,"-299,00",[counterparty_hash:a079b1ede6],,РКО,Выбытие
2024,2,10.02.2024,"-52,71",[counterparty_hash:a079b1ede6],,Эквайринг,Выбытие
2024,2,11.02.2024,"24 196,06",[counterparty_hash:335b2a2e9a],,Поступление денег с торг. точек,Поступление
2024,2,11.02.2024,"-17,12",[counterparty_hash:a079b1ede6],,Эквайринг,Выбытие
2024,2,09.02.2024,"-880,19",[counterparty_hash:a079b1ede6],,Эквайринг,Выбытие
2024,2,09.02.2024,"58 671,00",[counterparty_hash:335b2a2e9a],,Поступление денег с торг. точек,Поступление
2024,2,09.02.2024,"-30 800,00",[counterparty_hash:0d03ab834a],,Листовки,Выбытие
2024,2,09.02.2024,"-18 950,00",,,Выбытие — Перевод между счетами,
2024,2,09.02.2024,"-47 462,00",,,Выбытие — Перевод между счетами,
2024,2,09.02.2024,"-234,96",[counterparty_hash:2a84eb0be0],,Содержание торговых точек,Выбытие
2024,2,09.02.2024,"-2 898,37",[counterparty_hash:2a84eb0be0],,Расходы на питание персонала,Выбытие
2024,2,09.02.2024,"-2 467,15",[counterparty_hash:2a84eb0be0],,Оплата поставщикам ,Выбытие
2024,2,10.02.2024,"-1 592,24",[counterparty_hash:a079b1ede6],,Эквайринг,Выбытие
2024,2,10.02.2024,"106 136,45",[counterparty_hash:335b2a2e9a],,Поступление денег с торг. точек,Поступление
2024,2,11.02.2024,"-1 754,56",[counterparty_hash:a079b1ede6],,Эквайринг,Выбытие
2024,2,11.02.2024,"116 956,00",[counterparty_hash:335b2a2e9a],,Поступление денег с торг. точек,Поступление
2024,2,11.02.2024,"-5 000,00",[counterparty_hash:810942d5fa],,Телекоммуникации,Выбытие
2024,2,11.02.2024,"902,00",[counterparty_hash:335b2a2e9a],,Поступление денег с торг. точек,Поступление
2024,2,11.02.2024,"-3,61",[counterparty_hash:a079b1ede6],,Эквайринг,Выбытие
2024,2,11.02.2024,"-3 816,71",[counterparty_hash:2a84eb0be0],,Оплата поставщикам ,Выбытие
2024,2,11.02.2024,"-476,94",[counterparty_hash:2a84eb0be0],,Содержание торговых точек,Выбытие
2024,2,11.02.2024,"-217,97",[counterparty_hash:2a84eb0be0],,Расходы на питание персонала,Выбытие
2024,2,09.02.2024,"-200,00",[counterparty_hash:2a84eb0be0],,Расходы на питание персонала,Выбытие
2024,2,09.02.2024,"-4 000,00",[counterparty_hash:2a84eb0be0],,Оплата поставщикам ,Выбытие
2024,2,09.02.2024,"28 888,00",[counterparty_hash:335b2a2e9a],,Поступление денег с торг. точек,Поступление
2024,2,09.02.2024,"-14 840,00",[counterparty_hash:856bc7fd96],,Курьерская служба -,Выбытие
2024,2,10.02.2024,"39 314,00",[counterparty_hash:335b2a2e9a],,Поступление денег с торг. точек,Поступление
2024,2,10.02.2024,"-15 780,00",[counterparty_hash:856bc7fd96],,Курьерская служба -,Выбытие
2024,2,11.02.2024,"-11 345,00",[counterparty_hash:2a84eb0be0],,Оплата поставщикам ,Выбытие
2024,2,11.02.2024,"-4,00",[counterparty_hash:2a84eb0be0],,Содержание торговых точек,Выбытие
2024,2,11.02.2024,"-1 879,00",[counterparty_hash:2a84eb0be0],,Расходы на питание персонала,Выбытие
2024,2,11.02.2024,"-10 400,00",[counterparty_hash:856bc7fd96],,Курьерская служба -,Выбытие
2024,2,11.02.2024,"27 923,00",[counterparty_hash:335b2a2e9a],,Поступление денег с торг. точек,Поступление
2024,2,09.02.2024,"18 950,00",,,Поступление — Перевод между счетами,
2024,2,09.02.2024,"-50,00",[counterparty_hash:2a84eb0be0],,Расходы на питание персонала,Выбытие
2024,2,09.02.2024,"-12 441,00",[counterparty_hash:2a84eb0be0],,Оплата поставщикам ,Выбытие
2024,2,09.02.2024,"-6 460,00",[counterparty_hash:1340ea64e9],,Оплата поставщикам ,Выбытие
2024,2,12.02.2024,"-1 164,67",[counterparty_hash:a079b1ede6],,Эквайринг,Выбытие
2024,2,12.02.2024,"77 633,00",[counterparty_hash:335b2a2e9a],,Поступление денег с торг. точек,Поступление
2024,2,12.02.2024,"730,00",[counterparty_hash:335b2a2e9a],,Поступление денег с торг. точек,Поступление
2024,2,12.02.2024,"-2,92",[counterparty_hash:a079b1ede6],,Эквайринг,Выбытие
2024,2,12.02.2024,"-1 630,00",[counterparty_hash:10ad09b2bf],,Оплата поставщикам ,Выбытие
2024,2,12.02.2024,"156 000,00",,,Поступление — Перевод между счетами,
2024,2,12.02.2024,"743,00",[counterparty_hash:335b2a2e9a],,Поступление денег с торг. точек,Поступление
2024,2,12.02.2024,"-2,97",[counterparty_hash:a079b1ede6],,Эквайринг,Выбытие
2024,2,12.02.2024,"964,00",[counterparty_hash:335b2a2e9a],,Поступление денег с торг. точек,Поступление
2024,2,12.02.2024,"-3,86",[counterparty_hash:a079b1ede6],,Эквайринг,Выбытие
2024,2,12.02.2024,"-583,92",[counterparty_hash:2a84eb0be0],,Оплата поставщикам ,Выбытие
2024,2,12.02.2024,"-7,99",[counterparty_hash:2a84eb0be0],,Содержание торговых точек,Выбытие
2024,2,12.02.2024,"22 110,06",[counterparty_hash:335b2a2e9a],,Поступление денег с торг. точек,Поступление
2024,2,12.02.2024,"-156 000,00",,,Выбытие — Перевод между счетами,
2024,2,12.02.2024,"-27,40",[counterparty_hash:a079b1ede6],,Эквайринг,Выбытие
2024,2,12.02.2024,"-1 000,00",[counterparty_hash:b2b25bc0ee],,Поиск и найм персонала,Выбытие
2024,2,12.02.2024,"-2 000,00",[counterparty_hash:e0e7137bcf],,Оплата поставщикам ,Выбытие
2024,2,12.02.2024,"40 300,00",,,Поступление — Перевод между счетами,
2024,2,12.02.2024,"-7 880,00",[counterparty_hash:856bc7fd96],,Курьерская служба -,Выбытие
2024,2,12.02.2024,"18 132,00",[counterparty_hash:335b2a2e9a],,Поступление денег с торг. точек,Поступление
2024,2,12.02.2024,"-40 300,00",,,Выбытие — Перевод между счетами,
2024,2,13.02.2024,"11 832,04",[counterparty_hash:335b2a2e9a],,Поступление денег с торг. точек,Поступление
2024,2,13.02.2024,"-14,54",[counterparty_hash:a079b1ede6],,Эквайринг,Выбытие
2024,2,13.02.2024,"-683,94",[counterparty_hash:a079b1ede6],,Эквайринг,Выбытие
2024,2,13.02.2024,"45 591,00",[counterparty_hash:335b2a2e9a],,Поступление денег с торг. точек,Поступление
2024,2,13.02.2024,"-11 340,00",[counterparty_hash:81088c4e1c],,Оплата поставщикам ,Выбытие
2024,2,13.02.2024,"-64 567,92",[counterparty_hash:81088c4e1c],,Оплата поставщикам ,Выбытие
2024,2,13.02.2024,"-26 576,06",[counterparty_hash:55d2a5f343],,Оплата поставщикам ,Выбытие
2024,2,13.02.2024,"-675,98",[counterparty_hash:9a7ac913a7],,Аренда торговых точек,Выбытие
2024,2,13.02.2024,"-27 162,22",[counterparty_hash:4b0e39f45b],,Оплата поставщикам ,Выбытие
2024,2,13.02.2024,"-124 949,60",[counterparty_hash:01761130fc],,Оплата поставщикам ,Выбытие
2024,2,13.02.2024,"-26 595,00",[counterparty_hash:c7da8c8c1f],,Оплата поставщикам ,Выбытие
2024,2,13.02.2024,"-112 409,00",[counterparty_hash:48d0f61ee3],,Аренда торговых точек,Выбытие
2024,2,13.02.2024,"-3 662,95",[counterparty_hash:9a7ac913a7],,Аренда торговых точек,Выбытие
2024,2,13.02.2024,"-2 420,88",[counterparty_hash:64b5ca4d90],,Оплата поставщикам ,Выбытие
2024,2,13.02.2024,"-24 996,74",[counterparty_hash:acffbdf399],,Оплата поставщикам ,Выбытие
2024,2,13.02.2024,"-302,50",[counterparty_hash:10ad09b2bf],,Оплата поставщикам ,Выбытие
2024,2,13.02.2024,"-136 700,00",,,Выбытие — Перевод между счетами,
2024,2,13.02.2024,"1 599,00",[counterparty_hash:335b2a2e9a],,Поступление денег с торг. точек,Поступление
2024,2,13.02.2024,"-6,40",[counterparty_hash:a079b1ede6],,Эквайринг,Выбытие
2024,2,13.02.2024,"911,00",[counterparty_hash:335b2a2e9a],,Поступление денег с торг. точек,Поступление
2024,2,13.02.2024,"-3,64",[counterparty_hash:a079b1ede6],,Эквайринг,Выбытие
2024,2,13.02.2024,"-3 787,42",[counterparty_hash:2a84eb0be0],,Расходы на питание персонала,Выбытие
2024,2,13.02.2024,"-8,99",[counterparty_hash:2a84eb0be0],,Содержание торговых точек,Выбытие
2024,2,13.02.2024,"-4 585,73",[counterparty_hash:2a84eb0be0],,Оплата поставщикам ,Выбытие
2024,2,09.02.2024,"47 462,00",,,Поступление — Перевод между счетами,
2024,2,09.02.2024,"-40 000,00",[counterparty_hash:913fe52b19],,Зарплата административного персонала,Выбытие
2024,2,09.02.2024,"-7 462,00",[counterparty_hash:bd892aa017],,Комиссия партнерам,Выбытие
2024,2,13.02.2024,"136 700,00",,,Поступление — Перевод между счетами,
2024,2,13.02.2024,"-111 000,00",,,Выбытие — Перевод между счетами,
2024,2,13.02.2024,"-12 500,00",[counterparty_hash:913fe52b19],,Дивиденды,Выбытие
2024,2,13.02.2024,"-12 500,00",[counterparty_hash:9d002889b3],,Дивиденды,Выбытие
2024,2,13.02.2024,"-793,64",[counterparty_hash:a079b1ede6],,РКО,Выбытие
2024,2,13.02.2024,"111 000,00",,,Поступление — Перевод между счетами,
2024,2,13.02.2024,"-10 000,00",[counterparty_hash:856bc7fd96],,Зарплата административного персонала,Выбытие
2024,2,13.02.2024,"-139 000,00",[counterparty_hash:856bc7fd96],,Зарплата производственного персонала,Выбытие
2024,2,13.02.2024,"-66,00",[counterparty_hash:2a84eb0be0],,Расходы на питание персонала,Выбытие
2024,2,13.02.2024,"-15 473,00",[counterparty_hash:2a84eb0be0],,Оплата поставщикам ,Выбытие
2024,2,13.02.2024,"-7 800,00",[counterparty_hash:856bc7fd96],,Курьерская служба -,Выбытие
2024,2,13.02.2024,"11 232,00",[counterparty_hash:335b2a2e9a],,Поступление денег с торг. точек,Поступление
2024,2,14.02.2024,"5 000,00",[counterparty_hash:856bc7fd96],[private_purpose_hash:a88d9d287c],Курьерская служба +,Поступление
2024,2,14.02.2024,"-728,47",[counterparty_hash:a079b1ede6],,Эквайринг,Выбытие
2024,2,14.02.2024,"48 559,00",[counterparty_hash:335b2a2e9a],,Поступление денег с торг. точек,Поступление
2024,2,14.02.2024,"610,00",[counterparty_hash:335b2a2e9a],,Поступление денег с торг. точек,Поступление
2024,2,14.02.2024,"470,00",[counterparty_hash:335b2a2e9a],,Поступление денег с торг. точек,Поступление
2024,2,14.02.2024,"-2,44",[counterparty_hash:a079b1ede6],,Эквайринг,Выбытие
2024,2,14.02.2024,"-1,88",[counterparty_hash:a079b1ede6],,Эквайринг,Выбытие
2024,2,14.02.2024,"16 936,07",[counterparty_hash:335b2a2e9a],,Поступление денег с торг. точек,Поступление
2024,2,14.02.2024,"-25,11",[counterparty_hash:a079b1ede6],,Эквайринг,Выбытие
2024,2,14.02.2024,"-15 570,00",[counterparty_hash:856bc7fd96],,Курьерская служба -,Выбытие
2024,2,14.02.2024,"36 129,00",[counterparty_hash:335b2a2e9a],,Поступление денег с торг. точек,Поступление
2024,2,15.02.2024,"-1 672,25",[counterparty_hash:a079b1ede6],,Эквайринг,Выбытие
2024,2,15.02.2024,"111 466,00",[counterparty_hash:335b2a2e9a],,Поступление денег с торг. точек,Поступление
2024,2,15.02.2024,"-49 000,00",,,Выбытие — Перевод между счетами,
2024,2,15.02.2024,"-814,90",[counterparty_hash:2a84eb0be0],,Оплата поставщикам ,Выбытие
2024,2,15.02.2024,"-4 469,36",[counterparty_hash:2a84eb0be0],,Оплата поставщикам ,Выбытие
2024,2,15.02.2024,"-571,94",[counterparty_hash:2a84eb0be0],,Содержание торговых точек,Выбытие
2024,2,15.02.2024,"-760,91",[counterparty_hash:2a84eb0be0],,Расходы на питание персонала,Выбытие
2024,2,15.02.2024,"44 163,53",[counterparty_hash:335b2a2e9a],,Поступление денег с торг. точек,Поступление
2024,2,15.02.2024,"-41,42",[counterparty_hash:a079b1ede6],,Эквайринг,Выбытие
2024,2,15.02.2024,"-3 730,00",[counterparty_hash:335b2a2e9a],,Возвраты клиентам,Выбытие
2024,2,15.02.2024,"47 730,00",,,Поступление — Перевод между счетами,
2024,2,15.02.2024,"15 000,00",,,Поступление — Перевод между счетами,
2024,2,15.02.2024,"-15 000,00",[counterparty_hash:856bc7fd96],,Зарплата административного персонала,Выбытие
2024,2,15.02.2024,"-24 000,00",[counterparty_hash:856bc7fd96],,Зарплата административного персонала,Выбытие
2024,2,15.02.2024,"-20 000,00",[counterparty_hash:856bc7fd96],,Содержание торговых точек,Выбытие
2024,2,13.02.2024,"-99,00",[counterparty_hash:a079b1ede6],,РКО,Выбытие
2024,2,13.02.2024,"-99,00",[counterparty_hash:a079b1ede6],,РКО,Выбытие
2024,2,15.02.2024,"-5 628,00",[counterparty_hash:2a84eb0be0],,Оплата поставщикам ,Выбытие
2024,2,15.02.2024,"-15 000,00",,,Выбытие — Перевод между счетами,
2024,2,15.02.2024,"-1 350,00",[counterparty_hash:e0e7137bcf],,Транспортные услуги,Выбытие
2024,2,15.02.2024,"-9 590,00",[counterparty_hash:856bc7fd96],,Курьерская служба -,Выбытие
2024,2,15.02.2024,"15 451,00",[counterparty_hash:335b2a2e9a],,Поступление денег с торг. точек,Поступление
2024,2,16.02.2024,"23 747,84",[counterparty_hash:335b2a2e9a],,Поступление денег с торг. точек,Поступление
2024,2,16.02.2024,"-34,52",[counterparty_hash:a079b1ede6],,Эквайринг,Выбытие
2024,2,17.02.2024,"27 532,05",[counterparty_hash:335b2a2e9a],,Поступление денег с торг. точек,Поступление
2024,2,17.02.2024,"-57,00",[counterparty_hash:a079b1ede6],,Эквайринг,Выбытие
2024,2,18.02.2024,"23 877,29",[counterparty_hash:335b2a2e9a],,Поступление денег с торг. точек,Поступление
2024,2,18.02.2024,"-12,79",[counterparty_hash:a079b1ede6],,Эквайринг,Выбытие
2024,2,16.02.2024,"-1 053,13",[counterparty_hash:a079b1ede6],,Эквайринг,Выбытие
2024,2,16.02.2024,"70 199,00",[counterparty_hash:335b2a2e9a],,Поступление денег с торг. точек,Поступление
2024,2,16.02.2024,"-45 000,00",,,Выбытие — Перевод между счетами,
2024,2,16.02.2024,"-3 048,00",[counterparty_hash:2a84eb0be0],[private_purpose_hash:ed90e8dad1],Расходы на персонал,Выбытие
2024,2,17.02.2024,"-1 519,23",[counterparty_hash:a079b1ede6],,Эквайринг,Выбытие
2024,2,17.02.2024,"101 267,00",[counterparty_hash:335b2a2e9a],,Поступление денег с торг. точек,Поступление
2024,2,17.02.2024,"1 039,00",[counterparty_hash:335b2a2e9a],,Поступление денег с торг. точек,Поступление
2024,2,17.02.2024,"-4,16",[counterparty_hash:a079b1ede6],,Эквайринг,Выбытие
2024,2,17.02.2024,"-2 630,19",[counterparty_hash:2a84eb0be0],,Оплата поставщикам ,Выбытие
2024,2,17.02.2024,"-1 697,53",[counterparty_hash:2a84eb0be0],,Расходы на питание персонала,Выбытие
2024,2,17.02.2024,"-557,55",[counterparty_hash:2a84eb0be0],,Содержание торговых точек,Выбытие
2024,2,18.02.2024,"-1 663,13",[counterparty_hash:a079b1ede6],,Эквайринг,Выбытие
2024,2,18.02.2024,"110 863,00",[counterparty_hash:335b2a2e9a],,Поступление денег с торг. точек,Поступление
2024,2,18.02.2024,"-134,54",[counterparty_hash:2a84eb0be0],,Расходы на питание персонала,Выбытие
2024,2,18.02.2024,"930,00",[counterparty_hash:335b2a2e9a],,Поступление денег с торг. точек,Поступление
2024,2,18.02.2024,"-3,72",[counterparty_hash:a079b1ede6],,Эквайринг,Выбытие
2024,2,18.02.2024,"2 475,00",[counterparty_hash:335b2a2e9a],,Поступление денег с торг. точек,Поступление
2024,2,18.02.2024,"-9,90",[counterparty_hash:a079b1ede6],,Эквайринг,Выбытие
2024,2,18.02.2024,"750,00",[counterparty_hash:335b2a2e9a],,Поступление денег с торг. точек,Поступление
2024,2,18.02.2024,"-3,00",[counterparty_hash:a079b1ede6],,Эквайринг,Выбытие
2024,2,16.02.2024,"-2 000,00",[counterparty_hash:e0e7137bcf],,Оплата поставщикам ,Выбытие
2024,2,16.02.2024,"-1 997,00",[counterparty_hash:24d4f68d8f],,Оплата поставщикам ,Выбытие
2024,2,16.02.2024,"-859,00",[counterparty_hash:335b2a2e9a],,Возвраты клиентам,Выбытие
2024,2,16.02.2024,"-12 650,00",[counterparty_hash:856bc7fd96],,Курьерская служба -,Выбытие
2024,2,16.02.2024,"24 535,00",[counterparty_hash:335b2a2e9a],,Поступление денег с торг. точек,Поступление
2024,2,16.02.2024,"-5 000,00",,,Выбытие — Перевод между счетами,
2024,2,16.02.2024,"5 000,00",,,Поступление — Перевод между счетами,
2024,2,17.02.2024,"-13 760,00",[counterparty_hash:856bc7fd96],,Курьерская служба -,Выбытие
2024,2,17.02.2024,"24 552,00",[counterparty_hash:335b2a2e9a],,Поступление денег с торг. точек,Поступление
2024,2,17.02.2024,"-7 586,00",[counterparty_hash:2a84eb0be0],,Оплата поставщикам ,Выбытие
2024,2,18.02.2024,"-10 000,00",[counterparty_hash:856bc7fd96],,Курьерская служба -,Выбытие
2024,2,18.02.2024,"19 051,00",[counterparty_hash:335b2a2e9a],,Поступление денег с торг. точек,Поступление
2024,2,19.02.2024,"65 409,00",[counterparty_hash:8009e18a18],,Поступление денег с торг. точек,Поступление
2024,2,19.02.2024,"16 000,00",,,Поступление — Перевод между счетами,
2024,2,19.02.2024,"-1 997,00",[counterparty_hash:24d4f68d8f],,Оплата поставщикам ,Выбытие
2024,2,19.02.2024,"-8 560,00",[counterparty_hash:856bc7fd96],,Курьерская служба -,Выбытие
2024,2,19.02.2024,"10 674,00",[counterparty_hash:335b2a2e9a],,Поступление денег с торг. точек,Поступление
2024,2,19.02.2024,"-2 000,00",[counterparty_hash:7518be4ba8],,Транспортные услуги,Выбытие
2024,2,19.02.2024,"-16 000,00",,,Выбытие — Перевод между счетами,
2024,2,19.02.2024,"-94,00",[counterparty_hash:2a84eb0be0],,Расходы на питание персонала,Выбытие
2024,2,19.02.2024,"-8 528,00",[counterparty_hash:2a84eb0be0],,Оплата поставщикам ,Выбытие
2024,2,19.02.2024,"28 714,61",[counterparty_hash:335b2a2e9a],,Поступление денег с торг. точек,Поступление
2024,2,19.02.2024,"-20,60",[counterparty_hash:a079b1ede6],,Эквайринг,Выбытие
2024,2,19.02.2024,"-177 000,00",,,Выбытие — Перевод между счетами,
2024,2,15.02.2024,"-29,36",[counterparty_hash:a079b1ede6],,РКО,Выбытие
2024,2,15.02.2024,"-47 730,00",,,Выбытие — Перевод между счетами,
2024,2,15.02.2024,"49 000,00",,,Поступление — Перевод между счетами,
2024,2,16.02.2024,"45 000,00",,,Поступление — Перевод между счетами,
2024,2,17.02.2024,"-765,00",[counterparty_hash:a079b1ede6],,РКО,Выбытие
2024,2,17.02.2024,"-45 000,00",[counterparty_hash:a079b1ede6],,Оплаты по кредитам и займам,Выбытие
2024,2,19.02.2024,"-1 234,73",[counterparty_hash:a079b1ede6],,Эквайринг,Выбытие
2024,2,19.02.2024,"82 306,00",[counterparty_hash:335b2a2e9a],,Поступление денег с торг. точек,Поступление
2024,2,19.02.2024,"-3 597,04",[counterparty_hash:64b5ca4d90],,Оплата поставщикам ,Выбытие
2024,2,19.02.2024,"-102 124,95",[counterparty_hash:01761130fc],,Оплата поставщикам ,Выбытие
2024,2,19.02.2024,"-6 361,00",[counterparty_hash:961b1c31cb],,Оплата поставщикам ,Выбытие
2024,2,19.02.2024,"-12 885,00",[counterparty_hash:e1cb4e2da2],,Оплаты систем автоматизации,Выбытие
2024,2,19.02.2024,"-3 284,75",[counterparty_hash:10ad09b2bf],,Оплата поставщикам ,Выбытие
2024,2,19.02.2024,"-1 314,00",[counterparty_hash:81088c4e1c],,Оплата поставщикам ,Выбытие
2024,2,19.02.2024,"-29 514,76",[counterparty_hash:acffbdf399],,Оплата поставщикам ,Выбытие
2024,2,19.02.2024,"-15 120,00",[counterparty_hash:81088c4e1c],,Оплата поставщикам ,Выбытие
2024,2,19.02.2024,"-2 930,36",[counterparty_hash:9a7ac913a7],,Аренда торговых точек,Выбытие
2024,2,19.02.2024,"-90 291,96",[counterparty_hash:81088c4e1c],,Оплата поставщикам ,Выбытие
2024,2,19.02.2024,"-25 928,98",[counterparty_hash:4b0e39f45b],,Оплата поставщикам ,Выбытие
2024,2,19.02.2024,"-22 354,15",[counterparty_hash:55d2a5f343],,Оплата поставщикам ,Выбытие
2024,2,19.02.2024,"-675,98",[counterparty_hash:9a7ac913a7],,Аренда торговых точек,Выбытие
2024,2,19.02.2024,"-28 000,00",[counterparty_hash:5825737bc2],,Прочие маркетинговые услуги,Выбытие
2024,2,19.02.2024,"177 000,00",,,Поступление — Перевод между счетами,
2024,2,19.02.2024,"-4 000,00",[counterparty_hash:e467eaefc4],,Оплаты систем автоматизации,Выбытие
2024,2,19.02.2024,"-6 000,00",[counterparty_hash:e467eaefc4],,Оплаты систем автоматизации,Выбытие
2024,2,19.02.2024,"-5 000,00",[counterparty_hash:810942d5fa],,Телекоммуникации,Выбытие
2024,2,19.02.2024,"804,00",[counterparty_hash:335b2a2e9a],,Поступление денег с торг. точек,Поступление
2024,2,19.02.2024,"-3,22",[counterparty_hash:a079b1ede6],,Эквайринг,Выбытие
2024,2,19.02.2024,"-1 397,10",[counterparty_hash:2a84eb0be0],,Расходы на питание персонала,Выбытие
2024,2,19.02.2024,"-723,99",[counterparty_hash:2a84eb0be0],,Содержание торговых точек,Выбытие
2024,2,19.02.2024,"-6 484,81",[counterparty_hash:2a84eb0be0],,Оплата поставщикам ,Выбытие
2024,2,20.02.2024,"-810,91",[counterparty_hash:a079b1ede6],,Эквайринг,Выбытие
2024,2,20.02.2024,"54 051,00",[counterparty_hash:335b2a2e9a],,Поступление денег с торг. точек,Поступление
2024,2,20.02.2024,"-84 330,00",,,Выбытие — Перевод между счетами,
2024,2,20.02.2024,"870,00",[counterparty_hash:335b2a2e9a],,Поступление денег с торг. точек,Поступление
2024,2,20.02.2024,"-3,48",[counterparty_hash:a079b1ede6],,Эквайринг,Выбытие
2024,2,20.02.2024,"-6 000,00",[counterparty_hash:3b5286b1f7],,Комиссия партнерам,Выбытие
2024,2,20.02.2024,"-156 430,00",[counterparty_hash:856bc7fd96],,Зарплата производственного персонала,Выбытие
2024,2,20.02.2024,"-7 227,50",[counterparty_hash:1340ea64e9],,Оплата поставщикам ,Выбытие
2024,2,20.02.2024,"84 330,00",,,Поступление — Перевод между счетами,
2024,2,20.02.2024,"24 889,11",[counterparty_hash:335b2a2e9a],,Поступление денег с торг. точек,Поступление
2024,2,20.02.2024,"-32,78",[counterparty_hash:a079b1ede6],,Эквайринг,Выбытие
2024,2,20.02.2024,"-7 580,00",[counterparty_hash:856bc7fd96],,Курьерская служба -,Выбытие
2024,2,20.02.2024,"18 221,00",[counterparty_hash:335b2a2e9a],,Поступление денег с торг. точек,Поступление
2024,2,21.02.2024,"27 322,16",[counterparty_hash:335b2a2e9a],,Поступление денег с торг. точек,Поступление
2024,2,21.02.2024,"-49,52",[counterparty_hash:a079b1ede6],,Эквайринг,Выбытие
2024,2,21.02.2024,"-7 080,00",[counterparty_hash:856bc7fd96],,Курьерская служба -,Выбытие
2024,2,21.02.2024,"14 982,00",[counterparty_hash:335b2a2e9a],,Поступление денег с торг. точек,Поступление
2024,2,21.02.2024,"-92,00",[counterparty_hash:2a84eb0be0],,Расходы на питание персонала,Выбытие
2024,2,21.02.2024,"-1 000,00",[counterparty_hash:856bc7fd96],,Содержание торговых точек,Выбытие
2024,2,21.02.2024,"-11 455,00",[counterparty_hash:2a84eb0be0],,Оплата поставщикам ,Выбытие
2024,2,21.02.2024,"-582,76",[counterparty_hash:a079b1ede6],,Эквайринг,Выбытие
2024,2,21.02.2024,"38 843,00",[counterparty_hash:335b2a2e9a],,Поступление денег с торг. точек,Поступление
2024,2,21.02.2024,"250,00",[counterparty_hash:335b2a2e9a],,Поступление денег с торг. точек,Поступление
2024,2,21.02.2024,"-5,24",[counterparty_hash:a079b1ede6],,Эквайринг,Выбытие
2024,2,21.02.2024,"1 059,00",[counterparty_hash:335b2a2e9a],,Поступление денег с торг. точек,Поступление
2024,2,21.02.2024,"-6 158,61",[counterparty_hash:2a84eb0be0],,Оплата поставщикам ,Выбытие
2024,2,21.02.2024,"-3 204,89",[counterparty_hash:2a84eb0be0],,Расходы на питание персонала,Выбытие
2024,2,21.02.2024,"-33,96",[counterparty_hash:2a84eb0be0],,Содержание торговых точек,Выбытие
2024,2,22.02.2024,"-13 990,00",[counterparty_hash:856bc7fd96],,Курьерская служба -,Выбытие
2024,2,22.02.2024,"41 018,00",[counterparty_hash:335b2a2e9a],,Поступление денег с торг. точек,Поступление
2024,2,22.02.2024,"25 388,08",[counterparty_hash:335b2a2e9a],,Поступление денег с торг. точек,Поступление
2024,2,22.02.2024,"-57,25",[counterparty_hash:a079b1ede6],,Эквайринг,Выбытие
2024,2,22.02.2024,"-636,56",[counterparty_hash:a079b1ede6],,Эквайринг,Выбытие
2024,2,22.02.2024,"42 429,00",[counterparty_hash:335b2a2e9a],,Поступление денег с торг. точек,Поступление
2024,2,22.02.2024,"-7 500,00",[counterparty_hash:e628158a74],,Оплаты систем автоматизации,Выбытие
2024,2,22.02.2024,"-315,00",[counterparty_hash:2a84eb0be0],,Содержание торговых точек,Выбытие
2024,2,23.02.2024,"-1 300,00",[counterparty_hash:e0e7137bcf],,Транспортные услуги,Выбытие
2024,2,23.02.2024,"-25 140,00",[counterparty_hash:856bc7fd96],,Курьерская служба -,Выбытие
2024,2,23.02.2024,"74 306,00",[counterparty_hash:335b2a2e9a],,Поступление денег с торг. точек,Поступление
2024,2,23.02.2024,"-7 500,00",,,Выбытие — Перевод между счетами,
2024,2,23.02.2024,"-4 000,00",[counterparty_hash:2a84eb0be0],,Оплата поставщикам ,Выбытие
2024,2,23.02.2024,"-9 199,00",[counterparty_hash:2a84eb0be0],,Оплата поставщикам ,Выбытие
2024,2,24.02.2024,"32 000,00",[counterparty_hash:335b2a2e9a],,Поступление денег с торг. точек,Поступление
2024,2,24.02.2024,"-11 680,00",[counterparty_hash:856bc7fd96],,Курьерская служба -,Выбытие
2024,2,25.02.2024,"-567,95",[counterparty_hash:2a84eb0be0],,Оплата поставщикам ,Выбытие
2024,2,25.02.2024,"-9 630,00",[counterparty_hash:2a84eb0be0],,Оплата поставщикам ,Выбытие
2024,2,25.02.2024,"-10 200,00",[counterparty_hash:856bc7fd96],,Курьерская служба -,Выбытие
2024,2,25.02.2024,"12 524,00",[counterparty_hash:335b2a2e9a],,Поступление денег с торг. точек,Поступление
2024,2,25.02.2024,"-0,05",,,Корретировки кассы -,Выбытие
2024,2,23.02.2024,"7 500,00",,,Поступление — Перевод между счетами,
2024,2,23.02.2024,"-5 449,80",[counterparty_hash:24d4f68d8f],,Оплата поставщикам ,Выбытие
2024,2,23.02.2024,"37 630,01",[counterparty_hash:335b2a2e9a],,Поступление денег с торг. точек,Поступление
2024,2,23.02.2024,"-73,24",[counterparty_hash:a079b1ede6],,Эквайринг,Выбытие
2024,2,24.02.2024,"39 371,53",[counterparty_hash:335b2a2e9a],,Поступление денег с торг. точек,Поступление
2024,2,24.02.2024,"-8,54",[counterparty_hash:a079b1ede6],,Эквайринг,Выбытие
2024,2,25.02.2024,"18 534,87",[counterparty_hash:335b2a2e9a],,Поступление денег с торг. точек,Поступление
2024,2,25.02.2024,"-10,33",[counterparty_hash:a079b1ede6],,Эквайринг,Выбытие
2024,2,23.02.2024,"-1 990,00",[counterparty_hash:a079b1ede6],,РКО,Выбытие
2024,2,23.02.2024,"-99,00",[counterparty_hash:a079b1ede6],,РКО,Выбытие
2024,2,23.02.2024,"-990,00",[counterparty_hash:a079b1ede6],,РКО,Выбытие
2024,2,23.02.2024,"-1 845,32",[counterparty_hash:a079b1ede6],,Эквайринг,Выбытие
2024,2,23.02.2024,"-2 798,00",[counterparty_hash:335b2a2e9a],,Возвраты клиентам,Выбытие
2024,2,23.02.2024,"123 003,00",[counterparty_hash:335b2a2e9a],,Поступление денег с торг. точек,Поступление
2024,2,23.02.2024,"1 899,00",[counterparty_hash:335b2a2e9a],,Поступление денег с торг. точек,Поступление
2024,2,23.02.2024,"-7,60",[counterparty_hash:a079b1ede6],,Эквайринг,Выбытие
2024,2,23.02.2024,"-67 685,00",[counterparty_hash:48d0f61ee3],,Аренда торговых точек,Выбытие
2024,2,23.02.2024,"1 114,00",[counterparty_hash:335b2a2e9a],,Поступление денег с торг. точек,Поступление
2024,2,23.02.2024,"-4,46",[counterparty_hash:a079b1ede6],,Эквайринг,Выбытие
2024,2,23.02.2024,"670,00",[counterparty_hash:335b2a2e9a],,Поступление денег с торг. точек,Поступление
2024,2,23.02.2024,"-2,68",[counterparty_hash:a079b1ede6],,Эквайринг,Выбытие
2024,2,23.02.2024,"-2 736,00",[counterparty_hash:2a84eb0be0],,Оплата поставщикам ,Выбытие
2024,2,23.02.2024,"-1 759,12",[counterparty_hash:2a84eb0be0],,Расходы на питание персонала,Выбытие
2024,2,23.02.2024,"-988,91",[counterparty_hash:2a84eb0be0],,Содержание торговых точек,Выбытие
2024,2,24.02.2024,"-3 224,90",[counterparty_hash:a079b1ede6],,Эквайринг,Выбытие
2024,2,24.02.2024,"-1 744,00",[counterparty_hash:335b2a2e9a],,Возвраты клиентам,Выбытие
2024,2,24.02.2024,"214 964,00",[counterparty_hash:335b2a2e9a],,Поступление денег с торг. точек,Поступление
2024,2,24.02.2024,"2 798,00",[counterparty_hash:335b2a2e9a],,Поступление денег с торг. точек,Поступление
2024,2,24.02.2024,"-11,19",[counterparty_hash:a079b1ede6],,Эквайринг,Выбытие
2024,2,24.02.2024,"1 486,00",[counterparty_hash:335b2a2e9a],,Поступление денег с торг. точек,Поступление
2024,2,24.02.2024,"-5,94",[counterparty_hash:a079b1ede6],,Эквайринг,Выбытие
2024,2,24.02.2024,"910,00",[counterparty_hash:335b2a2e9a],,Поступление денег с торг. точек,Поступление
2024,2,24.02.2024,"-3,64",[counterparty_hash:a079b1ede6],,Эквайринг,Выбытие
2024,2,25.02.2024,"-1 411,86",[counterparty_hash:a079b1ede6],,Эквайринг,Выбытие
2024,2,25.02.2024,"94 112,15",[counterparty_hash:335b2a2e9a],,Поступление денег с торг. точек,Поступление
2024,2,25.02.2024,"-1 434,00",[counterparty_hash:b2b25bc0ee],[private_purpose_hash:a4c900dfcb],Поиск и найм персонала,Выбытие
2024,2,25.02.2024,"310,00",[counterparty_hash:335b2a2e9a],,Поступление денег с торг. точек,Поступление
2024,2,25.02.2024,"-1,24",[counterparty_hash:a079b1ede6],,Эквайринг,Выбытие
2024,2,25.02.2024,"1 269,00",[counterparty_hash:335b2a2e9a],,Поступление денег с торг. точек,Поступление
2024,2,25.02.2024,"-5,08",[counterparty_hash:a079b1ede6],,Эквайринг,Выбытие
2024,2,25.02.2024,"250,00",[counterparty_hash:335b2a2e9a],,Поступление денег с торг. точек,Поступление
2024,2,25.02.2024,"-1,00",[counterparty_hash:a079b1ede6],,Эквайринг,Выбытие
2024,2,25.02.2024,"-6 146,55",[counterparty_hash:2a84eb0be0],,Оплата поставщикам ,Выбытие
2024,2,25.02.2024,"-74,97",[counterparty_hash:2a84eb0be0],,Содержание торговых точек,Выбытие
2024,2,25.02.2024,"-1 446,62",[counterparty_hash:2a84eb0be0],,Расходы на питание персонала,Выбытие
2024,2,26.02.2024,"-68 900,00",,,Выбытие — Перевод между счетами,
2024,2,26.02.2024,"-7 740,00",[counterparty_hash:856bc7fd96],,Курьерская служба -,Выбытие
2024,2,26.02.2024,"23 383,00",[counterparty_hash:335b2a2e9a],,Поступление денег с торг. точек,Поступление
2024,2,26.02.2024,"-2 000,00",[counterparty_hash:e0e7137bcf],,Оплата поставщикам ,Выбытие
2024,2,26.02.2024,"68 900,00",,,Поступление — Перевод между счетами,
2024,2,26.02.2024,"-5 814,00",[counterparty_hash:1340ea64e9],,Оплата поставщикам ,Выбытие
2024,2,26.02.2024,"24 178,62",[counterparty_hash:335b2a2e9a],,Поступление денег с торг. точек,Поступление
2024,2,26.02.2024,"-46,79",[counterparty_hash:a079b1ede6],,Эквайринг,Выбытие
2024,2,26.02.2024,"-1 282,79",[counterparty_hash:a079b1ede6],,Эквайринг,Выбытие
2024,2,26.02.2024,"85 505,00",[counterparty_hash:335b2a2e9a],,Поступление денег с торг. точек,Поступление
2024,2,26.02.2024,"-18 900,00",[counterparty_hash:81088c4e1c],,Оплата поставщикам ,Выбытие
2024,2,26.02.2024,"-118 357,01",[counterparty_hash:81088c4e1c],,Оплата поставщикам ,Выбытие
2024,2,26.02.2024,"-114 898,60",[counterparty_hash:01761130fc],,Оплата поставщикам ,Выбытие
2024,2,26.02.2024,"-29 771,05",[counterparty_hash:4b0e39f45b],,Оплата поставщикам ,Выбытие
2024,2,26.02.2024,"-6 068,40",[counterparty_hash:64b5ca4d90],,Оплата поставщикам ,Выбытие
2024,2,26.02.2024,"-29 202,06",[counterparty_hash:c7da8c8c1f],,Оплата поставщикам ,Выбытие
2024,2,26.02.2024,"-1 524,60",[counterparty_hash:81088c4e1c],,Оплата поставщикам ,Выбытие
2024,2,26.02.2024,"-36 783,04",[counterparty_hash:acffbdf399],,Оплата поставщикам ,Выбытие
2024,2,26.02.2024,"-34 390,23",[counterparty_hash:55d2a5f343],,Оплата поставщикам ,Выбытие
2024,2,26.02.2024,"-1 100,00",[counterparty_hash:2a84eb0be0],,Содержание торговых точек,Выбытие
2024,2,20.02.2024,"84 330,00",,,Поступление — Перевод между счетами,
2024,2,20.02.2024,"-84 330,00",,,Выбытие — Перевод между счетами,
2024,2,21.02.2024,"-396,18",[counterparty_hash:a079b1ede6],,РКО,Выбытие
2024,2,27.02.2024,"11 000,00",,,Поступление — Перевод между счетами,
2024,2,27.02.2024,"134 600,00",,,Поступление — Перевод между счетами,
2024,2,27.02.2024,"-201 600,00",[counterparty_hash:856bc7fd96],,Зарплата производственного персонала,Выбытие
2024,2,27.02.2024,"13 020,42",[counterparty_hash:335b2a2e9a],,Поступление денег с торг. точек,Поступление
2024,2,27.02.2024,"-30,21",[counterparty_hash:a079b1ede6],,Эквайринг,Выбытие
2024,2,27.02.2024,"-7 600,00",[counterparty_hash:856bc7fd96],,Курьерская служба -,Выбытие
2024,2,27.02.2024,"13 830,00",[counterparty_hash:335b2a2e9a],,Поступление денег с торг. точек,Поступление
2024,2,27.02.2024,"-11 000,00",,,Выбытие — Перевод между счетами,
2024,2,27.02.2024,"-84,00",[counterparty_hash:2a84eb0be0],,Расходы на питание персонала,Выбытие
2024,2,27.02.2024,"-3 964,00",[counterparty_hash:2a84eb0be0],,Оплата поставщикам ,Выбытие
2024,2,27.02.2024,"-752,08",[counterparty_hash:a079b1ede6],,Эквайринг,Выбытие
2024,2,27.02.2024,"50 133,00",[counterparty_hash:335b2a2e9a],,Поступление денег с торг. точек,Поступление
2024,2,27.02.2024,"-134 600,00",,,Выбытие — Перевод между счетами,
2024,2,27.02.2024,"-3 829,88",[counterparty_hash:2a84eb0be0],,Оплата поставщикам ,Выбытие
2024,2,27.02.2024,"-34,95",[counterparty_hash:2a84eb0be0],,Содержание торговых точек,Выбытие
2024,2,27.02.2024,"-444,98",[counterparty_hash:2a84eb0be0],,Расходы на питание персонала,Выбытие
2024,2,28.02.2024,"12 288,25",[counterparty_hash:335b2a2e9a],,Поступление денег с торг. точек,Поступление
2024,2,28.02.2024,"-6,20",[counterparty_hash:a079b1ede6],,Эквайринг,Выбытие
2024,2,28.02.2024,"-788,16",[counterparty_hash:a079b1ede6],,Эквайринг,Выбытие
2024,2,28.02.2024,"52 537,00",[counterparty_hash:335b2a2e9a],,Поступление денег с торг. точек,Поступление
2024,2,28.02.2024,"-258,41",[counterparty_hash:2a84eb0be0],,Оплата поставщикам ,Выбытие
2024,2,28.02.2024,"-10 000,00",[counterparty_hash:6279bcc436],,SEO-оптимизация,Выбытие
2024,2,28.02.2024,"-75 000,00",[counterparty_hash:168e057bae],,Услуги ФД и НК,Выбытие
2024,2,28.02.2024,"-75 000,00",[counterparty_hash:2d609b655e],,Контекстная реклама,Выбытие
2024,2,28.02.2024,"-100 000,00",[counterparty_hash:48d0f61ee3],,Аренда торговых точек,Выбытие
2024,2,28.02.2024,"-101,85",[counterparty_hash:a079b1ede6],,РКО,Выбытие
2024,2,28.02.2024,"1 460,00",[counterparty_hash:335b2a2e9a],,Поступление денег с торг. точек,Поступление
2024,2,28.02.2024,"-5,84",[counterparty_hash:a079b1ede6],,Эквайринг,Выбытие
2024,2,28.02.2024,"-1 000,00",[counterparty_hash:b2b25bc0ee],,Поиск и найм персонала,Выбытие
2024,2,28.02.2024,"-8 700,00",[counterparty_hash:856bc7fd96],,Курьерская служба -,Выбытие
2024,2,28.02.2024,"18 181,00",[counterparty_hash:335b2a2e9a],,Поступление денег с торг. точек,Поступление
2024,2,29.02.2024,"-113,00",[counterparty_hash:2a84eb0be0],,Содержание торговых точек,Выбытие
2024,2,29.02.2024,"-200,00",[counterparty_hash:a079b1ede6],[private_purpose_hash:61e4562870],РКО,Выбытие
2024,2,29.02.2024,"-1 123,60",[counterparty_hash:a079b1ede6],,Эквайринг,Выбытие
2024,2,29.02.2024,"74 831,15",[counterparty_hash:335b2a2e9a],,Поступление денег с торг. точек,Поступление
2024,2,29.02.2024,"-5 500,00",[counterparty_hash:810942d5fa],,Телекоммуникации,Выбытие
2024,2,29.02.2024,"250,00",[counterparty_hash:335b2a2e9a],,Поступление денег с торг. точек,Поступление
2024,2,29.02.2024,"-3 176,38",[counterparty_hash:2a84eb0be0],,Оплата поставщикам ,Выбытие
2024,2,29.02.2024,"-2 411,65",[counterparty_hash:2a84eb0be0],,Расходы на питание персонала,Выбытие
2024,2,29.02.2024,"-290,96",[counterparty_hash:2a84eb0be0],,Содержание торговых точек,Выбытие
2024,2,29.02.2024,"19 645,00",[counterparty_hash:335b2a2e9a],,Поступление денег с торг. точек,Поступление
2024,2,29.02.2024,"-21,51",[counterparty_hash:a079b1ede6],,Эквайринг,Выбытие
2024,2,29.02.2024,"-6 000,00",[counterparty_hash:856bc7fd96],,Содержание торговых точек,Выбытие
2024,2,29.02.2024,"-7 030,00",[counterparty_hash:856bc7fd96],,Курьерская служба -,Выбытие
2024,2,29.02.2024,"-9 490,00",[counterparty_hash:2a84eb0be0],,Оплата поставщикам ,Выбытие
2024,2,29.02.2024,"13 476,00",[counterparty_hash:335b2a2e9a],,Поступление денег с торг. точек,Поступление
2024,3,03.03.2024,"-1 600,00",[counterparty_hash:7d88c914c2],[private_purpose_hash:2772dde3fc],Аренда торговых точек,Выбытие
2024,3,03.03.2024,"-1 500,00",[counterparty_hash:8128ee60c8],,Прочие маркетинговые услуги,Выбытие
2024,3,01.03.2024,"18 506,50",[counterparty_hash:335b2a2e9a],,Поступление денег с торг. точек,Поступление
2024,3,01.03.2024,"-250 000,00",,,Выбытие — Перевод между счетами,
2024,3,01.03.2024,"-46,84",[counterparty_hash:a079b1ede6],,Эквайринг,Выбытие
2024,3,02.03.2024,"31 425,56",[counterparty_hash:335b2a2e9a],,Поступление денег с торг. точек,Поступление
2024,3,02.03.2024,"-30,53",[counterparty_hash:a079b1ede6],,Эквайринг,Выбытие
2024,3,03.03.2024,"27 048,34",[counterparty_hash:335b2a2e9a],,Поступление денег с торг. точек,Поступление
2024,3,03.03.2024,"-26,41",[counterparty_hash:a079b1ede6],,Эквайринг,Выбытие
2024,3,04.03.2024,"5 000,00",[counterparty_hash:856bc7fd96],[private_purpose_hash:b56ec1d630],Курьерская служба +,Поступление
2024,3,04.03.2024,"5 000,00",[counterparty_hash:856bc7fd96],[private_purpose_hash:48c138912a],Курьерская служба +,Поступление
2024,3,01.03.2024,"-894,26",[counterparty_hash:a079b1ede6],,Эквайринг,Выбытие
2024,3,01.03.2024,"59 610,05",[counterparty_hash:335b2a2e9a],,Поступление денег с торг. точек,Поступление
2024,3,01.03.2024,"250 000,00",,,Поступление — Перевод между счетами,
2024,3,01.03.2024,"-149 350,00",,,Выбытие — Перевод между счетами,
2024,3,01.03.2024,"398,00",[counterparty_hash:335b2a2e9a],,Поступление денег с торг. точек,Поступление
2024,3,01.03.2024,"-1,59",[counterparty_hash:a079b1ede6],,Эквайринг,Выбытие
2024,3,01.03.2024,"969,00",[counterparty_hash:335b2a2e9a],,Поступление денег с торг. точек,Поступление
2024,3,01.03.2024,"-3,88",[counterparty_hash:a079b1ede6],,Эквайринг,Выбытие
2024,3,01.03.2024,"-41 172,55",[counterparty_hash:55d2a5f343],,Оплата поставщикам ,Выбытие
2024,3,01.03.2024,"-187,99",[counterparty_hash:2a84eb0be0],,Содержание торговых точек,Выбытие
2024,3,02.03.2024,"-1 455,85",[counterparty_hash:a079b1ede6],,Эквайринг,Выбытие
2024,3,02.03.2024,"97 044,00",[counterparty_hash:335b2a2e9a],,Поступление денег с торг. точек,Поступление
2024,3,02.03.2024,"799,00",[counterparty_hash:335b2a2e9a],,Поступление денег с торг. точек,Поступление
2024,3,02.03.2024,"-3,20",[counterparty_hash:a079b1ede6],,Эквайринг,Выбытие
2024,3,02.03.2024,"1 128,00",[counterparty_hash:335b2a2e9a],,Поступление денег с торг. точек,Поступление
2024,3,02.03.2024,"-4,51",[counterparty_hash:a079b1ede6],,Эквайринг,Выбытие
2024,3,02.03.2024,"930,00",[counterparty_hash:335b2a2e9a],,Поступление денег с торг. точек,Поступление
2024,3,02.03.2024,"-3,72",[counterparty_hash:a079b1ede6],,Эквайринг,Выбытие
2024,3,02.03.2024,"-4 147,06",[counterparty_hash:2a84eb0be0],,Оплата поставщикам ,Выбытие
2024,3,02.03.2024,"-1 625,93",[counterparty_hash:2a84eb0be0],,Расходы на питание персонала,Выбытие
2024,3,02.03.2024,"-274,96",[counterparty_hash:2a84eb0be0],,Содержание торговых точек,Выбытие
2024,3,03.03.2024,"-1 551,21",[counterparty_hash:a079b1ede6],,Эквайринг,Выбытие
2024,3,03.03.2024,"103 399,00",[counterparty_hash:335b2a2e9a],,Поступление денег с торг. точек,Поступление
2024,3,03.03.2024,"-565,93",[counterparty_hash:2a84eb0be0],,Содержание торговых точек,Выбытие
2024,3,03.03.2024,"-1 437,74",[counterparty_hash:2a84eb0be0],,Оплата поставщикам ,Выбытие
2024,3,01.03.2024,"-1 700,00",[counterparty_hash:e0e7137bcf],,Оплата поставщикам ,Выбытие
2024,3,01.03.2024,"-12 900,00",[counterparty_hash:856bc7fd96],,Курьерская служба -,Выбытие
2024,3,01.03.2024,"25 373,00",[counterparty_hash:335b2a2e9a],,Поступление денег с торг. точек,Поступление
2024,3,01.03.2024,"-720,00",[counterparty_hash:7518be4ba8],[private_purpose_hash:758000e34b],Содержание офиса,Выбытие
2024,3,02.03.2024,"-91,00",[counterparty_hash:2a84eb0be0],,Расходы на питание персонала,Выбытие
2024,3,02.03.2024,"-8 208,00",[counterparty_hash:2a84eb0be0],,Оплата поставщикам ,Выбытие
2024,3,02.03.2024,"-13 720,00",[counterparty_hash:856bc7fd96],,Курьерская служба -,Выбытие
2024,3,02.03.2024,"23 878,00",[counterparty_hash:335b2a2e9a],,Поступление денег с торг. точек,Поступление
2024,3,03.03.2024,"-10 360,00",[counterparty_hash:856bc7fd96],,Курьерская служба -,Выбытие
2024,3,03.03.2024,"30 381,00",[counterparty_hash:335b2a2e9a],,Поступление денег с торг. точек,Поступление
2024,3,01.03.2024,"-1 000,00",[counterparty_hash:e0e7137bcf],,Транспортные услуги,Выбытие
2024,3,03.03.2024,"-6 853,00",[counterparty_hash:48d0f61ee3],[private_purpose_hash:87fe232f97],Аренда торговых точек,Выбытие
2024,3,04.03.2024,"-29 700,00",,,Выбытие — Перевод между счетами,
2024,3,04.03.2024,"-7 535,00",[counterparty_hash:2a84eb0be0],,Оплата поставщикам ,Выбытие
2024,3,04.03.2024,"-6 100,00",[counterparty_hash:856bc7fd96],,Курьерская служба -,Выбытие
2024,3,04.03.2024,"-255,00",[counterparty_hash:e0e7137bcf],,Оплата поставщикам ,Выбытие
2024,3,04.03.2024,"17 757,80",[counterparty_hash:335b2a2e9a],,Поступление денег с торг. точек,Поступление
2024,3,04.03.2024,"29 700,00",,,Поступление — Перевод между счетами,
2024,3,04.03.2024,"-1 000,00",[counterparty_hash:856bc7fd96],,Содержание торговых точек,Выбытие
2024,3,04.03.2024,"20 198,89",[counterparty_hash:335b2a2e9a],,Поступление денег с торг. точек,Поступление
2024,3,04.03.2024,"-8,00",[counterparty_hash:a079b1ede6],,Эквайринг,Выбытие
2024,3,01.03.2024,"149 350,00",,,Поступление — Перевод между счетами,
2024,3,01.03.2024,"-62 000,00",[counterparty_hash:9d002889b3],,Зарплата административного персонала,Выбытие
2024,3,01.03.2024,"-53 000,00",[counterparty_hash:913fe52b19],,Зарплата административного персонала,Выбытие
2024,3,01.03.2024,"-23 950,00",[counterparty_hash:856bc7fd96],,Зарплата административного персонала,Выбытие
2024,3,01.03.2024,"-4 000,00",[counterparty_hash:48d0f61ee3],,Аренда склада,Выбытие
2024,3,01.03.2024,"-4 800,00",[counterparty_hash:768e87a312],[private_purpose_hash:9b87e59c2a],Расходы на персонал,Выбытие
2024,3,01.03.2024,"-1 600,00",[counterparty_hash:768e87a312],[private_purpose_hash:cdcc91a33d],Печатные материалы,Выбытие
2024,3,04.03.2024,"-79,46",[counterparty_hash:a079b1ede6],,Оплаты по кредитам и займам,Выбытие
2024,3,04.03.2024,"-902,32",[counterparty_hash:a079b1ede6],,Эквайринг,Выбытие
2024,3,04.03.2024,"60 144,90",[counterparty_hash:335b2a2e9a],,Поступление денег с торг. точек,Поступление
2024,3,04.03.2024,"-1 000,00",[counterparty_hash:b2d09b6565],,Аренда торговых точек,Выбытие
2024,3,04.03.2024,"-32 800,82",[counterparty_hash:4b0e39f45b],,Оплата поставщикам ,Выбытие
2024,3,04.03.2024,"-4 000,00",[counterparty_hash:b2d09b6565],,Аренда торговых точек,Выбытие
2024,3,04.03.2024,"-3 163,92",[counterparty_hash:64b5ca4d90],,Оплата поставщикам ,Выбытие
2024,3,04.03.2024,"-134 120,00",[counterparty_hash:01761130fc],,Оплата поставщикам ,Выбытие
2024,3,04.03.2024,"-59 200,72",[counterparty_hash:81088c4e1c],,Оплата поставщикам ,Выбытие
2024,3,04.03.2024,"-2 837,45",[counterparty_hash:81088c4e1c],,Оплата поставщикам ,Выбытие
2024,3,04.03.2024,"-28 404,05",[counterparty_hash:c7da8c8c1f],,Оплата поставщикам ,Выбытие
2024,3,04.03.2024,"-2 400,00",[counterparty_hash:2c9dd7c496],,Телекоммуникации,Выбытие
2024,3,04.03.2024,"-13 230,00",[counterparty_hash:81088c4e1c],,Оплата поставщикам ,Выбытие
2024,3,04.03.2024,"-32 067,65",[counterparty_hash:acffbdf399],,Оплата поставщикам ,Выбытие
2024,3,04.03.2024,"-4 588,20",[counterparty_hash:2a84eb0be0],,Оплата поставщикам ,Выбытие
2024,3,04.03.2024,"-2 306,11",[counterparty_hash:2a84eb0be0],,Расходы на питание персонала,Выбытие
2024,3,04.03.2024,"-113,98",[counterparty_hash:2a84eb0be0],,Содержание торговых точек,Выбытие
2024,3,05.03.2024,"6 000,00",,,Поступление — Перевод между счетами,
2024,3,05.03.2024,"108 450,00",,,Поступление — Перевод между счетами,
2024,3,05.03.2024,"-800,00",[counterparty_hash:7d88c914c2],[private_purpose_hash:2772dde3fc],Аренда торговых точек,Выбытие
2024,3,05.03.2024,"-143 850,00",[counterparty_hash:856bc7fd96],,Зарплата производственного персонала,Выбытие
2024,3,05.03.2024,"-2 040,00",[counterparty_hash:7518be4ba8],[private_purpose_hash:48def8927f],Содержание офиса,Выбытие
2024,3,05.03.2024,"-6 000,00",,,Выбытие — Перевод между счетами,
2024,3,05.03.2024,"-7 780,00",[counterparty_hash:856bc7fd96],,Курьерская служба -,Выбытие
2024,3,05.03.2024,"16 359,20",[counterparty_hash:335b2a2e9a],,Поступление денег с торг. точек,Поступление
2024,3,05.03.2024,"25 626,61",[counterparty_hash:335b2a2e9a],,Поступление денег с торг. точек,Поступление
2024,3,05.03.2024,"-67,36",[counterparty_hash:a079b1ede6],,Эквайринг,Выбытие
2024,3,05.03.2024,"-606,96",[counterparty_hash:a079b1ede6],,Эквайринг,Выбытие
2024,3,05.03.2024,"40 457,00",[counterparty_hash:335b2a2e9a],,Поступление денег с торг. точек,Поступление
2024,3,05.03.2024,"-180,00",[counterparty_hash:10ad09b2bf],,Оплата поставщикам ,Выбытие
2024,3,05.03.2024,"-108 450,00",,,Выбытие — Перевод между счетами,
2024,3,05.03.2024,"-17 800,00",,,Выбытие — Перевод между счетами,
2024,3,05.03.2024,"-1 000,00",,,Выбытие — Перевод между счетами,
2024,3,05.03.2024,"899,00",[counterparty_hash:335b2a2e9a],,Поступление денег с торг. точек,Поступление
2024,3,05.03.2024,"-3,60",[counterparty_hash:a079b1ede6],,Эквайринг,Выбытие
2024,3,05.03.2024,"737,00",[counterparty_hash:335b2a2e9a],,Поступление денег с торг. точек,Поступление
2024,3,05.03.2024,"-2,95",[counterparty_hash:a079b1ede6],,Эквайринг,Выбытие
2024,3,05.03.2024,"-119,99",[counterparty_hash:2a84eb0be0],,Содержание торговых точек,Выбытие
2024,3,06.03.2024,"-9 870,00",[counterparty_hash:2a84eb0be0],,Оплата поставщикам ,Выбытие
2024,3,06.03.2024,"-8 040,00",[counterparty_hash:856bc7fd96],,Курьерская служба -,Выбытие
2024,3,06.03.2024,"16 213,00",[counterparty_hash:335b2a2e9a],,Поступление денег с торг. точек,Поступление
2024,3,06.03.2024,"-714,37",[counterparty_hash:a079b1ede6],,Эквайринг,Выбытие
2024,3,06.03.2024,"47 620,00",[counterparty_hash:335b2a2e9a],,Поступление денег с торг. точек,Поступление
2024,3,06.03.2024,"-454,91",[counterparty_hash:2a84eb0be0],,Содержание торговых точек,Выбытие
2024,3,06.03.2024,"-3 679,09",[counterparty_hash:2a84eb0be0],,Расходы на питание персонала,Выбытие
2024,3,06.03.2024,"-12 519,66",[counterparty_hash:2a84eb0be0],,Оплата поставщикам ,Выбытие
2024,3,06.03.2024,"15 317,91",[counterparty_hash:335b2a2e9a],,Поступление денег с торг. точек,Поступление
2024,3,06.03.2024,"-30,12",[counterparty_hash:a079b1ede6],,Эквайринг,Выбытие
2024,3,05.03.2024,"-700,00",,[private_purpose_hash:8eefd16cb9],Корретировки кассы -,Выбытие
2024,3,07.03.2024,"-17 300,00",[counterparty_hash:856bc7fd96],,Курьерская служба -,Выбытие
2024,3,07.03.2024,"42 429,00",[counterparty_hash:335b2a2e9a],,Поступление денег с торг. точек,Поступление
2024,3,07.03.2024,"-903,97",[counterparty_hash:a079b1ede6],,Эквайринг,Выбытие
2024,3,07.03.2024,"60 256,00",[counterparty_hash:335b2a2e9a],,Поступление денег с торг. точек,Поступление
2024,3,07.03.2024,"6 597,00",[counterparty_hash:335b2a2e9a],,Поступление денег с торг. точек,Поступление
2024,3,07.03.2024,"-26,39",[counterparty_hash:a079b1ede6],,Эквайринг,Выбытие
2024,3,07.03.2024,"570,00",[counterparty_hash:335b2a2e9a],,Поступление денег с торг. точек,Поступление
2024,3,07.03.2024,"-2,28",[counterparty_hash:a079b1ede6],,Эквайринг,Выбытие
2024,3,07.03.2024,"42 167,98",[counterparty_hash:335b2a2e9a],,Поступление денег с торг. точек,Поступление
2024,3,07.03.2024,"-86,07",[counterparty_hash:a079b1ede6],,Эквайринг,Выбытие
2024,3,08.03.2024,"45 568,54",[counterparty_hash:335b2a2e9a],,Поступление денег с торг. точек,Поступление
2024,3,08.03.2024,"-32,42",[counterparty_hash:a079b1ede6],,Эквайринг,Выбытие
2024,3,08.03.2024,"-200 000,00",,,Выбытие — Перевод между счетами,
2024,3,09.03.2024,"53 458,82",[counterparty_hash:335b2a2e9a],,Поступление денег с торг. точек,Поступление
2024,3,09.03.2024,"-79,58",[counterparty_hash:a079b1ede6],,Эквайринг,Выбытие
2024,3,10.03.2024,"-299,00",[counterparty_hash:a079b1ede6],,РКО,Выбытие
2024,3,10.03.2024,"28 745,14",[counterparty_hash:335b2a2e9a],,Поступление денег с торг. точек,Поступление
2024,3,10.03.2024,"-14,50",[counterparty_hash:a079b1ede6],,Эквайринг,Выбытие
2024,3,08.03.2024,"-2 514,00",[counterparty_hash:a079b1ede6],,Эквайринг,Выбытие
2024,3,08.03.2024,"167 578,30",[counterparty_hash:335b2a2e9a],,Поступление денег с торг. точек,Поступление
2024,3,08.03.2024,"3 268,00",[counterparty_hash:335b2a2e9a],,Поступление денег с торг. точек,Поступление
2024,3,08.03.2024,"-13,07",[counterparty_hash:a079b1ede6],,Эквайринг,Выбытие
2024,3,08.03.2024,"-5 000,00",[counterparty_hash:810942d5fa],,Телекоммуникации,Выбытие
2024,3,08.03.2024,"-34,95",[counterparty_hash:2a84eb0be0],,Содержание торговых точек,Выбытие
2024,3,08.03.2024,"-959,76",[counterparty_hash:2a84eb0be0],,Расходы на питание персонала,Выбытие
2024,3,08.03.2024,"-9 851,78",[counterparty_hash:2a84eb0be0],,Оплата поставщикам ,Выбытие
2024,3,08.03.2024,"-204,00",,,Выбытие — Перевод между счетами,
2024,3,08.03.2024,"-713,41",[counterparty_hash:2a84eb0be0],,Оплата поставщикам ,Выбытие
2024,3,09.03.2024,"-3 436,33",[counterparty_hash:a079b1ede6],,Эквайринг,Выбытие
2024,3,09.03.2024,"229 059,00",[counterparty_hash:335b2a2e9a],,Поступление денег с торг. точек,Поступление
2024,3,09.03.2024,"800,00",[counterparty_hash:335b2a2e9a],,Поступление денег с торг. точек,Поступление
2024,3,09.03.2024,"-3,20",[counterparty_hash:a079b1ede6],,Эквайринг,Выбытие
2024,3,09.03.2024,"-33 000,00",,,Выбытие — Перевод между счетами,
2024,3,09.03.2024,"7 776,00",[counterparty_hash:335b2a2e9a],,Поступление денег с торг. точек,Поступление
2024,3,09.03.2024,"-31,10",[counterparty_hash:a079b1ede6],,Эквайринг,Выбытие
2024,3,10.03.2024,"-1 615,49",[counterparty_hash:a079b1ede6],,Эквайринг,Выбытие
2024,3,10.03.2024,"107 687,00",[counterparty_hash:335b2a2e9a],,Поступление денег с торг. точек,Поступление
2024,3,10.03.2024,"-6 900,00",,,Выбытие — Перевод между счетами,
2024,3,10.03.2024,"1 640,00",[counterparty_hash:335b2a2e9a],,Поступление денег с торг. точек,Поступление
2024,3,10.03.2024,"-6,56",[counterparty_hash:a079b1ede6],,Эквайринг,Выбытие
2024,3,10.03.2024,"350,00",[counterparty_hash:335b2a2e9a],,Поступление денег с торг. точек,Поступление
2024,3,10.03.2024,"-1,40",[counterparty_hash:a079b1ede6],,Эквайринг,Выбытие
2024,3,08.03.2024,"204,00",,,Поступление — Перевод между счетами,
2024,3,08.03.2024,"-15 302,00",[counterparty_hash:2a84eb0be0],,Оплата поставщикам ,Выбытие
2024,3,08.03.2024,"-24 730,00",[counterparty_hash:856bc7fd96],,Курьерская служба -,Выбытие
2024,3,10.03.2024,"-4 474,33",[counterparty_hash:2a84eb0be0],,Оплата поставщикам ,Выбытие
2024,3,10.03.2024,"-287,95",[counterparty_hash:2a84eb0be0],,Содержание торговых точек,Выбытие
2024,3,10.03.2024,"-753,02",[counterparty_hash:2a84eb0be0],,Расходы на питание персонала,Выбытие
2024,3,08.03.2024,"63 256,00",[counterparty_hash:335b2a2e9a],,Поступление денег с торг. точек,Поступление
2024,3,09.03.2024,"-15 460,00",[counterparty_hash:856bc7fd96],,Курьерская служба -,Выбытие
2024,3,09.03.2024,"39 646,00",[counterparty_hash:335b2a2e9a],,Поступление денег с торг. точек,Поступление
2024,3,10.03.2024,"-7 760,00",[counterparty_hash:856bc7fd96],,Курьерская служба -,Выбытие
2024,3,10.03.2024,"12 189,00",[counterparty_hash:335b2a2e9a],,Поступление денег с торг. точек,Поступление
2024,3,10.03.2024,"-8 943,00",[counterparty_hash:856bc7fd96],,Курьерская служба -,Выбытие
2024,3,11.03.2024,"-845,15",[counterparty_hash:a079b1ede6],,Эквайринг,Выбытие
2024,3,11.03.2024,"56 336,00",[counterparty_hash:335b2a2e9a],,Поступление денег с торг. точек,Поступление
2024,3,11.03.2024,"200 000,00",,,Поступление — Перевод между счетами,
2024,3,11.03.2024,"-6 209,89",[counterparty_hash:81088c4e1c],,Оплата поставщикам ,Выбытие
2024,3,11.03.2024,"-83 348,00",[counterparty_hash:4e9e5a80a9],,Сайт и приложение,Выбытие
2024,3,11.03.2024,"-28 721,20",[counterparty_hash:c7da8c8c1f],,Оплата поставщикам ,Выбытие
2024,3,11.03.2024,"-80 053,74",[counterparty_hash:81088c4e1c],,Оплата поставщикам ,Выбытие
2024,3,11.03.2024,"-7 819,44",[counterparty_hash:64b5ca4d90],,Оплата поставщикам ,Выбытие
2024,3,11.03.2024,"-4 000,00",[counterparty_hash:e467eaefc4],,Оплаты систем автоматизации,Выбытие
2024,3,11.03.2024,"-3 613,00",[counterparty_hash:9a7ac913a7],,Аренда торговых точек,Выбытие
2024,3,11.03.2024,"-31 223,63",[counterparty_hash:acffbdf399],,Оплата поставщикам ,Выбытие
2024,3,11.03.2024,"-3 400,00",[counterparty_hash:81088c4e1c],,Оплата поставщикам ,Выбытие
2024,3,11.03.2024,"-6 000,00",[counterparty_hash:e467eaefc4],,Оплаты систем автоматизации,Выбытие
2024,3,11.03.2024,"-4 626,75",[counterparty_hash:10ad09b2bf],,Оплата поставщикам ,Выбытие
2024,3,11.03.2024,"-31 117,26",[counterparty_hash:4b0e39f45b],,Оплата поставщикам ,Выбытие
2024,3,11.03.2024,"-122 070,70",[counterparty_hash:01761130fc],,Оплата поставщикам ,Выбытие
2024,3,11.03.2024,"-41 172,55",[counterparty_hash:55d2a5f343],,Оплата поставщикам ,Выбытие
2024,3,11.03.2024,"350,00",[counterparty_hash:335b2a2e9a],,Поступление денег с торг. точек,Поступление
2024,3,11.03.2024,"-1,40",[counterparty_hash:a079b1ede6],,Эквайринг,Выбытие
2024,3,11.03.2024,"-120 000,00",,,Выбытие — Перевод между счетами,
2024,3,11.03.2024,"1 230,00",[counterparty_hash:335b2a2e9a],,Поступление денег с торг. точек,Поступление
2024,3,11.03.2024,"-4,92",[counterparty_hash:a079b1ede6],,Эквайринг,Выбытие
2024,3,11.03.2024,"-2 079,00",[counterparty_hash:10ad09b2bf],,Оплата поставщикам ,Выбытие
2024,3,11.03.2024,"14 471,62",[counterparty_hash:335b2a2e9a],,Поступление денег с торг. точек,Поступление
2024,3,11.03.2024,"-23,08",[counterparty_hash:a079b1ede6],,Эквайринг,Выбытие
2024,3,05.03.2024,"-18,38",[counterparty_hash:a079b1ede6],,Оплаты по кредитам и займам,Выбытие
2024,3,05.03.2024,"-18 379,54",[counterparty_hash:a079b1ede6],,Оплаты по кредитам и займам,Выбытие
2024,3,05.03.2024,"-108 450,00",,,Выбытие — Перевод между счетами,
2024,3,05.03.2024,"1 000,00",,,Поступление — Перевод между счетами,
2024,3,05.03.2024,"17 800,00",,,Поступление — Перевод между счетами,
2024,3,05.03.2024,"108 450,00",,,Поступление — Перевод между счетами,
2024,3,09.03.2024,"33 000,00",,,Поступление — Перевод между счетами,
2024,3,10.03.2024,"-6 900,00",[counterparty_hash:856bc7fd96],[private_purpose_hash:7980cb96f8],Расходы на персонал,Выбытие
2024,3,10.03.2024,"-33 000,00",[counterparty_hash:913fe52b19],,Зарплата административного персонала,Выбытие
2024,3,10.03.2024,"6 900,00",,,Поступление — Перевод между счетами,
2024,3,11.03.2024,"120 000,00",,,Поступление — Перевод между счетами,
2024,3,11.03.2024,"-60 000,00",[counterparty_hash:9d002889b3],,Дивиденды,Выбытие
2024,3,11.03.2024,"-60 000,00",[counterparty_hash:913fe52b19],,Дивиденды,Выбытие
2024,3,11.03.2024,"69 300,00",,,Поступление — Перевод между счетами,
2024,3,11.03.2024,"73 905,00",[counterparty_hash:8009e18a18],,Поступление денег с торг. точек,Поступление
2024,3,11.03.2024,"-10 400,00",[counterparty_hash:856bc7fd96],,Зарплата производственного персонала,Выбытие
2024,3,11.03.2024,"-69 300,00",,,Выбытие — Перевод между счетами,
2024,3,11.03.2024,"-8 800,00",[counterparty_hash:856bc7fd96],,Курьерская служба -,Выбытие
2024,3,11.03.2024,"25 225,00",[counterparty_hash:335b2a2e9a],,Поступление денег с торг. точек,Поступление
2024,3,13.03.2024,"-5 000,00",[counterparty_hash:856bc7fd96],[private_purpose_hash:3077b983f9],Курьерская служба -,Выбытие
2024,3,12.03.2024,"20 298,07",[counterparty_hash:335b2a2e9a],,Поступление денег с торг. точек,Поступление
2024,3,12.03.2024,"-42,67",[counterparty_hash:a079b1ede6],,Эквайринг,Выбытие
2024,3,12.03.2024,"-888,03",[counterparty_hash:a079b1ede6],,Эквайринг,Выбытие
2024,3,12.03.2024,"59 194,00",[counterparty_hash:335b2a2e9a],,Поступление денег с торг. точек,Поступление
2024,3,12.03.2024,"-62 580,00",,,Выбытие — Перевод между счетами,
2024,3,12.03.2024,"-591,00",[counterparty_hash:2a84eb0be0],,Содержание торговых точек,Выбытие
2024,3,12.03.2024,"1 060,00",[counterparty_hash:335b2a2e9a],,Поступление денег с торг. точек,Поступление
2024,3,12.03.2024,"-4,24",[counterparty_hash:a079b1ede6],,Эквайринг,Выбытие
2024,3,12.03.2024,"-2 993,47",[counterparty_hash:2a84eb0be0],,Оплата поставщикам ,Выбытие
2024,3,12.03.2024,"-2 473,34",[counterparty_hash:2a84eb0be0],,Расходы на питание персонала,Выбытие
2024,3,12.03.2024,"-642,93",[counterparty_hash:2a84eb0be0],,Содержание торговых точек,Выбытие
2024,3,12.03.2024,"-2 000,00",[counterparty_hash:e0e7137bcf],,Оплата поставщикам ,Выбытие
2024,3,12.03.2024,"-6 460,00",[counterparty_hash:1340ea64e9],,Оплата поставщикам ,Выбытие
2024,3,12.03.2024,"-184 830,00",[counterparty_hash:856bc7fd96],,Зарплата производственного персонала,Выбытие
2024,3,12.03.2024,"62 580,00",,,Поступление — Перевод между счетами,
2024,3,12.03.2024,"-7 151,00",[counterparty_hash:2a84eb0be0],,Оплата поставщикам ,Выбытие
2024,3,12.03.2024,"-91,00",[counterparty_hash:2a84eb0be0],,Расходы на питание персонала,Выбытие
2024,3,12.03.2024,"-4 000,00",[counterparty_hash:856bc7fd96],,Содержание торговых точек,Выбытие
2024,3,12.03.2024,"-7 640,00",[counterparty_hash:856bc7fd96],,Курьерская служба -,Выбытие
2024,3,12.03.2024,"17 157,00",[counterparty_hash:335b2a2e9a],,Поступление денег с торг. точек,Поступление
2024,3,05.03.2024,"-850,00",[counterparty_hash:e0e7137bcf],,Транспортные услуги,Выбытие
2024,3,05.03.2024,"-255,00",[counterparty_hash:e0e7137bcf],,Оплата поставщикам ,Выбытие
2024,3,06.03.2024,"-1 350,00",[counterparty_hash:e0e7137bcf],,Транспортные услуги,Выбытие
2024,3,12.03.2024,"-300,00",[counterparty_hash:2a84eb0be0],[private_purpose_hash:9cad2edddb],Содержание торговых точек,Выбытие
2024,3,12.03.2024,"-1 500,00",[counterparty_hash:7518be4ba8],[private_purpose_hash:c392e1e440],Содержание торговых точек,Выбытие
2024,3,13.03.2024,"14 542,03",[counterparty_hash:335b2a2e9a],,Поступление денег с торг. точек,Поступление
2024,3,13.03.2024,"-11,11",[counterparty_hash:a079b1ede6],,Эквайринг,Выбытие
2024,3,13.03.2024,"-888,57",[counterparty_hash:a079b1ede6],,Эквайринг,Выбытие
2024,3,13.03.2024,"59 230,00",[counterparty_hash:335b2a2e9a],,Поступление денег с торг. точек,Поступление
2024,3,13.03.2024,"2 000,00",,,Поступление — Перевод между счетами,
2024,3,13.03.2024,"-7 160,00",[counterparty_hash:856bc7fd96],,Курьерская служба -,Выбытие
2024,3,13.03.2024,"-2 000,00",,,Выбытие — Перевод между счетами,
2024,3,13.03.2024,"8 103,00",[counterparty_hash:335b2a2e9a],,Поступление денег с торг. точек,Поступление
2024,3,14.03.2024,"-1 009,31",[counterparty_hash:a079b1ede6],,Эквайринг,Выбытие
2024,3,14.03.2024,"67 276,00",[counterparty_hash:335b2a2e9a],,Поступление денег с торг. точек,Поступление
2024,3,14.03.2024,"-13 000,00",[counterparty_hash:3cab83ecee],,Налоги,Выбытие
2024,3,14.03.2024,"570,00",[counterparty_hash:335b2a2e9a],,Поступление денег с торг. точек,Поступление
2024,3,14.03.2024,"-2,28",[counterparty_hash:a079b1ede6],,Эквайринг,Выбытие
2024,3,14.03.2024,"140,00",[counterparty_hash:335b2a2e9a],,Поступление денег с торг. точек,Поступление
2024,3,14.03.2024,"-0,56",[counterparty_hash:a079b1ede6],,Эквайринг,Выбытие
2024,3,14.03.2024,"-5 429,30",[counterparty_hash:2a84eb0be0],,Оплата поставщикам ,Выбытие
2024,3,14.03.2024,"-553,92",[counterparty_hash:2a84eb0be0],,Содержание торговых точек,Выбытие
2024,3,14.03.2024,"-2 112,81",[counterparty_hash:2a84eb0be0],,Расходы на питание персонала,Выбытие
2024,3,14.03.2024,"17 459,40",[counterparty_hash:335b2a2e9a],,Поступление денег с торг. точек,Поступление
2024,3,14.03.2024,"-46,59",[counterparty_hash:a079b1ede6],,Эквайринг,Выбытие
2024,3,14.03.2024,"-8 880,00",[counterparty_hash:856bc7fd96],,Курьерская служба -,Выбытие
2024,3,14.03.2024,"8 032,00",[counterparty_hash:335b2a2e9a],,Поступление денег с торг. точек,Поступление
2024,3,14.03.2024,"-5 814,00",[counterparty_hash:1340ea64e9],,Оплата поставщикам ,Выбытие
2024,3,14.03.2024,"-9 153,00",[counterparty_hash:2a84eb0be0],,Оплата поставщикам ,Выбытие
2024,3,15.03.2024,"-2 000,00",[counterparty_hash:e0e7137bcf],,Оплата поставщикам ,Выбытие
2024,3,15.03.2024,"-886,48",[counterparty_hash:a079b1ede6],,Эквайринг,Выбытие
2024,3,15.03.2024,"59 089,00",[counterparty_hash:335b2a2e9a],,Поступление денег с торг. точек,Поступление
2024,3,15.03.2024,"-57 700,00",,,Выбытие — Перевод между счетами,
2024,3,15.03.2024,"173 900,00",,,Поступление — Перевод между счетами,
2024,3,15.03.2024,"-8 977,69",[counterparty_hash:81088c4e1c],,Оплата поставщикам ,Выбытие
2024,3,15.03.2024,"-35 806,03",[counterparty_hash:acffbdf399],,Оплата поставщикам ,Выбытие
2024,3,15.03.2024,"-88 552,45",[counterparty_hash:81088c4e1c],,Оплата поставщикам ,Выбытие
2024,3,15.03.2024,"-43 607,00",[counterparty_hash:4b0e39f45b],,Оплата поставщикам ,Выбытие
2024,3,15.03.2024,"-89 580,00",[counterparty_hash:01761130fc],,Оплата поставщикам ,Выбытие
2024,3,15.03.2024,"-31 757,58",[counterparty_hash:55d2a5f343],,Оплата поставщикам ,Выбытие
2024,3,15.03.2024,"-84 618,00",[counterparty_hash:48d0f61ee3],[private_purpose_hash:9531b3df75],Аренда торговых точек,Выбытие
2024,3,15.03.2024,"-28 000,00",[counterparty_hash:5825737bc2],,Прочие маркетинговые услуги,Выбытие
2024,3,15.03.2024,"-27 705,79",[counterparty_hash:c7da8c8c1f],,Оплата поставщикам ,Выбытие
2024,3,15.03.2024,"399,00",[counterparty_hash:335b2a2e9a],,Поступление денег с торг. точек,Поступление
2024,3,15.03.2024,"-1,60",[counterparty_hash:a079b1ede6],,Эквайринг,Выбытие
2024,3,16.03.2024,"-1 446,60",[counterparty_hash:a079b1ede6],,Эквайринг,Выбытие
2024,3,16.03.2024,"96 428,00",[counterparty_hash:335b2a2e9a],,Поступление денег с торг. точек,Поступление
2024,3,16.03.2024,"-45 000,00",,,Выбытие — Перевод между счетами,
2024,3,16.03.2024,"-1 767,60",[counterparty_hash:2a84eb0be0],,Расходы на питание персонала,Выбытие
2024,3,16.03.2024,"-23,97",[counterparty_hash:2a84eb0be0],,Содержание торговых точек,Выбытие
2024,3,16.03.2024,"-1 981,89",[counterparty_hash:2a84eb0be0],,Оплата поставщикам ,Выбытие
2024,3,17.03.2024,"-1 258,91",[counterparty_hash:a079b1ede6],,Эквайринг,Выбытие
2024,3,17.03.2024,"83 913,00",[counterparty_hash:335b2a2e9a],,Поступление денег с торг. точек,Поступление
2024,3,17.03.2024,"-5 000,00",[counterparty_hash:810942d5fa],,Телекоммуникации,Выбытие
2024,3,15.03.2024,"13 590,23",[counterparty_hash:335b2a2e9a],,Поступление денег с торг. точек,Поступление
2024,3,15.03.2024,"-173 900,00",,,Выбытие — Перевод между счетами,
2024,3,15.03.2024,"-32,04",[counterparty_hash:a079b1ede6],,Эквайринг,Выбытие
2024,3,16.03.2024,"18 118,42",[counterparty_hash:335b2a2e9a],,Поступление денег с торг. точек,Поступление
2024,3,16.03.2024,"-35,45",[counterparty_hash:a079b1ede6],,Эквайринг,Выбытие
2024,3,17.03.2024,"25 151,86",[counterparty_hash:335b2a2e9a],,Поступление денег с торг. точек,Поступление
2024,3,17.03.2024,"-52,58",[counterparty_hash:a079b1ede6],,Эквайринг,Выбытие
2024,3,18.03.2024,"-5 000,00",[counterparty_hash:856bc7fd96],[private_purpose_hash:71d3ef7d07],Курьерская служба -,Выбытие
2024,3,15.03.2024,"-10 730,00",[counterparty_hash:856bc7fd96],,Курьерская служба -,Выбытие
2024,3,15.03.2024,"-1 000,00",[counterparty_hash:e0e7137bcf],,Транспортные услуги,Выбытие
2024,3,15.03.2024,"22 395,15",[counterparty_hash:335b2a2e9a],,Поступление денег с торг. точек,Поступление
2024,3,16.03.2024,"-8 555,00",[counterparty_hash:2a84eb0be0],,Оплата поставщикам ,Выбытие
2024,3,16.03.2024,"-94,00",[counterparty_hash:2a84eb0be0],,Расходы на питание персонала,Выбытие
2024,3,16.03.2024,"-14 590,00",[counterparty_hash:856bc7fd96],,Курьерская служба -,Выбытие
2024,3,16.03.2024,"45 430,50",[counterparty_hash:335b2a2e9a],,Поступление денег с торг. точек,Поступление
2024,3,17.03.2024,"-12 500,00",[counterparty_hash:856bc7fd96],,Курьерская служба -,Выбытие
2024,3,17.03.2024,"32 716,00",[counterparty_hash:335b2a2e9a],,Поступление денег с торг. точек,Поступление
2024,3,18.03.2024,"24 549,39",[counterparty_hash:335b2a2e9a],,Поступление денег с торг. точек,Поступление
2024,3,18.03.2024,"-12,68",[counterparty_hash:a079b1ede6],,Эквайринг,Выбытие
2024,3,12.03.2024,"62 580,00",,,Поступление — Перевод между счетами,
2024,3,12.03.2024,"-62 580,00",,,Выбытие — Перевод между счетами,
2024,3,15.03.2024,"57 700,00",,,Поступление — Перевод между счетами,
2024,3,15.03.2024,"-57 700,00",,,Выбытие — Перевод между счетами,
2024,3,16.03.2024,"45 000,00",,,Поступление — Перевод между счетами,
2024,3,16.03.2024,"-45 000,00",[counterparty_hash:a079b1ede6],,Оплаты по кредитам и займам,Выбытие
2024,3,18.03.2024,"-1 136,86",[counterparty_hash:a079b1ede6],,Эквайринг,Выбытие
2024,3,18.03.2024,"75 783,00",[counterparty_hash:335b2a2e9a],,Поступление денег с торг. точек,Поступление
2024,3,18.03.2024,"-91 360,00",[counterparty_hash:961b1c31cb],,Оплата поставщикам ,Выбытие
2024,3,18.03.2024,"-364,98",[counterparty_hash:2a84eb0be0],,Содержание торговых точек,Выбытие
2024,3,18.03.2024,"-1 999,84",[counterparty_hash:2a84eb0be0],,Расходы на питание персонала,Выбытие
2024,3,18.03.2024,"-5 618,58",[counterparty_hash:2a84eb0be0],,Оплата поставщикам ,Выбытие
2024,3,18.03.2024,"50 000,00",,,Поступление — Перевод между счетами,
2024,3,18.03.2024,"-50 000,00",,,Выбытие — Перевод между счетами,
2024,3,18.03.2024,"-5 638,00",[counterparty_hash:2a84eb0be0],,Оплата поставщикам ,Выбытие
2024,3,18.03.2024,"-6 480,00",[counterparty_hash:856bc7fd96],,Курьерская служба -,Выбытие
2024,3,18.03.2024,"14 917,00",[counterparty_hash:335b2a2e9a],,Поступление денег с торг. точек,Поступление
2024,3,15.03.2024,"57 700,00",,,Поступление — Перевод между счетами,
2024,3,15.03.2024,"-25 000,00",[counterparty_hash:856bc7fd96],,Зарплата административного персонала,Выбытие
2024,3,15.03.2024,"-17 700,00",[counterparty_hash:856bc7fd96],,Зарплата административного персонала,Выбытие
2024,3,15.03.2024,"-15 000,00",[counterparty_hash:856bc7fd96],,Содержание торговых точек,Выбытие
2024,3,19.03.2024,"90 630,00",,,Поступление — Перевод между счетами,
2024,3,19.03.2024,"-139 630,00",[counterparty_hash:856bc7fd96],,Зарплата производственного персонала,Выбытие
2024,3,19.03.2024,"-157,65",,,Корретировки кассы -,Выбытие
2024,3,19.03.2024,"-8 940,00",[counterparty_hash:856bc7fd96],,Курьерская служба -,Выбытие
2024,3,19.03.2024,"9 739,00",[counterparty_hash:335b2a2e9a],,Поступление денег с торг. точек,Поступление
2024,3,19.03.2024,"-624,21",[counterparty_hash:a079b1ede6],,Эквайринг,Выбытие
2024,3,19.03.2024,"41 607,00",[counterparty_hash:335b2a2e9a],,Поступление денег с торг. точек,Поступление
2024,3,19.03.2024,"-90 630,00",,,Выбытие — Перевод между счетами,
2024,3,20.03.2024,"-1 239,71",[counterparty_hash:a079b1ede6],,Эквайринг,Выбытие
2024,3,20.03.2024,"82 634,00",[counterparty_hash:335b2a2e9a],,Поступление денег с торг. точек,Поступление
2024,3,20.03.2024,"-2 003,94",[counterparty_hash:2a84eb0be0],,Расходы на питание персонала,Выбытие
2024,3,20.03.2024,"-145,96",[counterparty_hash:2a84eb0be0],,Содержание торговых точек,Выбытие
2024,3,20.03.2024,"-5 327,62",[counterparty_hash:2a84eb0be0],,Оплата поставщикам ,Выбытие
2024,3,19.03.2024,"17 880,93",[counterparty_hash:335b2a2e9a],,Поступление денег с торг. точек,Поступление
2024,3,19.03.2024,"-37,79",[counterparty_hash:a079b1ede6],,Эквайринг,Выбытие
2024,3,20.03.2024,"17 480,54",[counterparty_hash:335b2a2e9a],,Поступление денег с торг. точек,Поступление
2024,3,20.03.2024,"-25,15",[counterparty_hash:a079b1ede6],,Эквайринг,Выбытие
2024,3,20.03.2024,"1 000,00",[counterparty_hash:7518be4ba8],,Прочие поступления,Поступление
2024,3,20.03.2024,"-6 878,00",[counterparty_hash:2a84eb0be0],,Оплата поставщикам ,Выбытие
2024,3,20.03.2024,"-8 340,00",[counterparty_hash:856bc7fd96],,Курьерская служба -,Выбытие
2024,3,20.03.2024,"13 832,00",[counterparty_hash:335b2a2e9a],,Поступление денег с торг. точек,Поступление
2024,3,21.03.2024,"-856,85",[counterparty_hash:a079b1ede6],,Эквайринг,Выбытие
2024,3,21.03.2024,"57 113,00",[counterparty_hash:335b2a2e9a],,Поступление денег с торг. точек,Поступление
2024,3,21.03.2024,"-6,99",[counterparty_hash:2a84eb0be0],,Содержание торговых точек,Выбытие
2024,3,21.03.2024,"-344,97",[counterparty_hash:2a84eb0be0],,Оплата поставщикам ,Выбытие
2024,3,21.03.2024,"17 133,02",[counterparty_hash:335b2a2e9a],,Поступление денег с торг. точек,Поступление
2024,3,21.03.2024,"-21,47",[counterparty_hash:a079b1ede6],,Эквайринг,Выбытие
2024,3,21.03.2024,"-6 902,00",[counterparty_hash:1340ea64e9],,Оплата поставщикам ,Выбытие
2024,3,21.03.2024,"-8 400,00",[counterparty_hash:856bc7fd96],,Курьерская служба -,Выбытие
2024,3,21.03.2024,"13 637,00",[counterparty_hash:335b2a2e9a],,Поступление денег с торг. точек,Поступление
2024,3,22.03.2024,"-2 000,00",[counterparty_hash:e0e7137bcf],,Оплата поставщикам ,Выбытие
2024,3,22.03.2024,"-400,00",[counterparty_hash:335b2a2e9a],,Возвраты клиентам,Выбытие
2024,3,22.03.2024,"25 123,85",[counterparty_hash:335b2a2e9a],,Поступление денег с торг. точек,Поступление
2024,3,22.03.2024,"-47,27",[counterparty_hash:a079b1ede6],,Эквайринг,Выбытие
2024,3,23.03.2024,"36 003,89",[counterparty_hash:335b2a2e9a],,Поступление денег с торг. точек,Поступление
2024,3,23.03.2024,"-40,97",[counterparty_hash:a079b1ede6],,Эквайринг,Выбытие
2024,3,24.03.2024,"46 356,24",[counterparty_hash:335b2a2e9a],,Поступление денег с торг. точек,Поступление
2024,3,24.03.2024,"-41,88",[counterparty_hash:a079b1ede6],,Эквайринг,Выбытие
2024,3,22.03.2024,"-958,33",[counterparty_hash:a079b1ede6],,Эквайринг,Выбытие
2024,3,22.03.2024,"63 879,00",[counterparty_hash:335b2a2e9a],,Поступление денег с торг. точек,Поступление
2024,3,22.03.2024,"-3 766,21",[counterparty_hash:81088c4e1c],,Оплата поставщикам ,Выбытие
2024,3,22.03.2024,"-28 355,50",[counterparty_hash:acffbdf399],,Оплата поставщикам ,Выбытие
2024,3,22.03.2024,"-54 448,43",[counterparty_hash:81088c4e1c],,Оплата поставщикам ,Выбытие
2024,3,22.03.2024,"-127 138,20",[counterparty_hash:01761130fc],,Оплата поставщикам ,Выбытие
2024,3,22.03.2024,"-27 758,87",[counterparty_hash:c7da8c8c1f],,Оплата поставщикам ,Выбытие
2024,3,22.03.2024,"-33 650,16",[counterparty_hash:4b0e39f45b],,Оплата поставщикам ,Выбытие
2024,3,22.03.2024,"-4 371,78",[counterparty_hash:10ad09b2bf],,Оплата поставщикам ,Выбытие
2024,3,22.03.2024,"-23 587,64",[counterparty_hash:55d2a5f343],,Оплата поставщикам ,Выбытие
2024,3,22.03.2024,"-4 473,95",[counterparty_hash:2a84eb0be0],,Оплата поставщикам ,Выбытие
2024,3,22.03.2024,"-8,99",[counterparty_hash:2a84eb0be0],,Содержание торговых точек,Выбытие
2024,3,22.03.2024,"-1 312,59",[counterparty_hash:2a84eb0be0],,Расходы на питание персонала,Выбытие
2024,3,23.03.2024,"-1 990,00",[counterparty_hash:a079b1ede6],,РКО,Выбытие
2024,3,23.03.2024,"-99,00",[counterparty_hash:a079b1ede6],,РКО,Выбытие
2024,3,23.03.2024,"-990,00",[counterparty_hash:a079b1ede6],,РКО,Выбытие
2024,3,23.03.2024,"-1 503,68",[counterparty_hash:a079b1ede6],,Эквайринг,Выбытие
2024,3,23.03.2024,"100 229,00",[counterparty_hash:335b2a2e9a],,Поступление денег с торг. точек,Поступление
2024,3,23.03.2024,"-72 346,00",,,Выбытие — Перевод между счетами,
2024,3,23.03.2024,"-3 000,00",,,Выбытие — Перевод между счетами,
2024,3,24.03.2024,"-1 688,16",[counterparty_hash:a079b1ede6],,Эквайринг,Выбытие
2024,3,24.03.2024,"112 527,00",[counterparty_hash:335b2a2e9a],,Поступление денег с торг. точек,Поступление
2024,3,24.03.2024,"-1 690,12",[counterparty_hash:2a84eb0be0],,Расходы на питание персонала,Выбытие
2024,3,24.03.2024,"-149,94",[counterparty_hash:2a84eb0be0],,Содержание торговых точек,Выбытие
2024,3,24.03.2024,"-3 735,80",[counterparty_hash:2a84eb0be0],,Оплата поставщикам ,Выбытие
2024,3,22.03.2024,"-8 292,00",[counterparty_hash:2a84eb0be0],,Оплата поставщикам ,Выбытие
2024,3,22.03.2024,"-121,00",[counterparty_hash:2a84eb0be0],,Расходы на питание персонала,Выбытие
2024,3,22.03.2024,"-14 250,00",[counterparty_hash:856bc7fd96],,Курьерская служба -,Выбытие
2024,3,22.03.2024,"-1 000,00",[counterparty_hash:e0e7137bcf],,Транспортные услуги,Выбытие
2024,3,22.03.2024,"18 222,00",[counterparty_hash:335b2a2e9a],,Поступление денег с торг. точек,Поступление
2024,3,23.03.2024,"-16 050,00",[counterparty_hash:856bc7fd96],,Курьерская служба -,Выбытие
2024,3,23.03.2024,"24 900,00",[counterparty_hash:335b2a2e9a],,Поступление денег с торг. точек,Поступление
2024,3,24.03.2024,"-7 937,00",[counterparty_hash:2a84eb0be0],,Оплата поставщикам ,Выбытие
2024,3,24.03.2024,"-10 940,00",[counterparty_hash:856bc7fd96],,Курьерская служба -,Выбытие
2024,3,24.03.2024,"20 285,00",[counterparty_hash:335b2a2e9a],,Поступление денег с торг. точек,Поступление
2024,3,19.03.2024,"90 630,00",,,Поступление — Перевод между счетами,
2024,3,19.03.2024,"-90 630,00",,,Выбытие — Перевод между счетами,
2024,3,21.03.2024,"-402,08",[counterparty_hash:a079b1ede6],,РКО,Выбытие
2024,3,23.03.2024,"-725,65",[counterparty_hash:a079b1ede6],,РКО,Выбытие
2024,3,23.03.2024,"-72 346,00",[counterparty_hash:48d0f61ee3],,Аренда торговых точек,Выбытие
2024,3,23.03.2024,"72 346,00",,,Поступление — Перевод между счетами,
2024,3,23.03.2024,"3 000,00",,,Поступление — Перевод между счетами,
2024,3,25.03.2024,"24 534,28",[counterparty_hash:335b2a2e9a],,Поступление денег с торг. точек,Поступление
2024,3,25.03.2024,"-43,32",[counterparty_hash:a079b1ede6],,Эквайринг,Выбытие
2024,3,25.03.2024,"-1 161,32",[counterparty_hash:a079b1ede6],,Эквайринг,Выбытие
2024,3,25.03.2024,"77 411,00",[counterparty_hash:335b2a2e9a],,Поступление денег с торг. точек,Поступление
2024,3,25.03.2024,"-649,00",[counterparty_hash:2a84eb0be0],,Содержание торговых точек,Выбытие
2024,3,25.03.2024,"-2 480,57",[counterparty_hash:10ad09b2bf],,Оплата поставщикам ,Выбытие
2024,3,25.03.2024,"-24 000,00",[counterparty_hash:7518be4ba8],,Листовки,Выбытие
2024,3,25.03.2024,"-8 420,00",[counterparty_hash:856bc7fd96],,Курьерская служба -,Выбытие
2024,3,25.03.2024,"18 975,00",[counterparty_hash:335b2a2e9a],,Поступление денег с торг. точек,Поступление
2024,3,26.03.2024,"-809,92",[counterparty_hash:a079b1ede6],,Эквайринг,Выбытие
2024,3,26.03.2024,"53 985,00",[counterparty_hash:335b2a2e9a],,Поступление денег с торг. точек,Поступление
2024,3,26.03.2024,"-116 000,00",,,Выбытие — Перевод между счетами,
2024,3,26.03.2024,"-3 168,42",[counterparty_hash:10ad09b2bf],,Оплата поставщикам ,Выбытие
2024,3,26.03.2024,"-197,00",[counterparty_hash:2a84eb0be0],,Содержание торговых точек,Выбытие
2024,3,26.03.2024,"660,00",[counterparty_hash:335b2a2e9a],,Поступление денег с торг. точек,Поступление
2024,3,26.03.2024,"-2,64",[counterparty_hash:a079b1ede6],,Эквайринг,Выбытие
2024,3,26.03.2024,"-5 000,00",[counterparty_hash:810942d5fa],,Телекоммуникации,Выбытие
2024,3,26.03.2024,"-10 000,00",[counterparty_hash:6279bcc436],,SEO-оптимизация,Выбытие
2024,3,26.03.2024,"-6 000,00",[counterparty_hash:3b5286b1f7],,Комиссия партнерам,Выбытие
2024,3,26.03.2024,"-75 000,00",[counterparty_hash:2d609b655e],,Контекстная реклама,Выбытие
2024,3,26.03.2024,"-34,95",[counterparty_hash:2a84eb0be0],,Содержание торговых точек,Выбытие
2024,3,26.03.2024,"-2 982,30",[counterparty_hash:2a84eb0be0],,Расходы на питание персонала,Выбытие
2024,3,26.03.2024,"-2 305,78",[counterparty_hash:2a84eb0be0],,Оплата поставщикам ,Выбытие
2024,3,26.03.2024,"17 283,77",[counterparty_hash:335b2a2e9a],,Поступление денег с торг. точек,Поступление
2024,3,26.03.2024,"-29,90",[counterparty_hash:a079b1ede6],,Эквайринг,Выбытие
2024,3,26.03.2024,"15 300,00",,,Поступление — Перевод между счетами,
2024,3,26.03.2024,"116 000,00",,,Поступление — Перевод между счетами,
2024,3,26.03.2024,"-132 300,00",[counterparty_hash:856bc7fd96],,Зарплата производственного персонала,Выбытие
2024,3,26.03.2024,"-15 300,00",,,Выбытие — Перевод между счетами,
2024,3,26.03.2024,"-6 375,00",[counterparty_hash:2a84eb0be0],,Оплата поставщикам ,Выбытие
2024,3,26.03.2024,"-8 020,00",[counterparty_hash:856bc7fd96],,Курьерская служба -,Выбытие
2024,3,26.03.2024,"16 609,00",[counterparty_hash:335b2a2e9a],,Поступление денег с торг. точек,Поступление
2024,3,27.03.2024,"-3 000,00",[counterparty_hash:913fe52b19],,Зарплата административного персонала,Выбытие
2024,3,27.03.2024,"-11 500,00",[counterparty_hash:856bc7fd96],,Курьерская служба -,Выбытие
2024,3,27.03.2024,"21 906,00",[counterparty_hash:335b2a2e9a],,Поступление денег с торг. точек,Поступление
2024,3,27.03.2024,"24 102,30",[counterparty_hash:335b2a2e9a],,Поступление денег с торг. точек,Поступление
2024,3,27.03.2024,"-40,63",[counterparty_hash:a079b1ede6],,Эквайринг,Выбытие
2024,3,27.03.2024,"-850,35",[counterparty_hash:a079b1ede6],,Эквайринг,Выбытие
2024,3,27.03.2024,"56 681,00",[counterparty_hash:335b2a2e9a],,Поступление денег с торг. точек,Поступление
2024,3,27.03.2024,"-5 000,00",[counterparty_hash:810942d5fa],,Телекоммуникации,Выбытие
2024,3,27.03.2024,"-2 644,00",[counterparty_hash:2a84eb0be0],,Содержание торговых точек,Выбытие
2024,3,27.03.2024,"-520,00",[counterparty_hash:2a84eb0be0],,Содержание торговых точек,Выбытие
2024,3,27.03.2024,"3 477,00",[counterparty_hash:335b2a2e9a],,Поступление денег с торг. точек,Поступление
2024,3,27.03.2024,"-13,91",[counterparty_hash:a079b1ede6],,Эквайринг,Выбытие
2024,3,28.03.2024,"-1 217,45",[counterparty_hash:a079b1ede6],,Эквайринг,Выбытие
2024,3,28.03.2024,"81 150,00",[counterparty_hash:335b2a2e9a],,Поступление денег с торг. точек,Поступление
2024,3,28.03.2024,"-100 000,00",[counterparty_hash:48d0f61ee3],,Аренда торговых точек,Выбытие
2024,3,28.03.2024,"820,00",[counterparty_hash:335b2a2e9a],,Поступление денег с торг. точек,Поступление
2024,3,28.03.2024,"-3,28",[counterparty_hash:a079b1ede6],,Эквайринг,Выбытие
2024,3,28.03.2024,"-10 000,00",[counterparty_hash:913fe52b19],,Зарплата административного персонала,Выбытие
2024,3,28.03.2024,"570,00",[counterparty_hash:335b2a2e9a],,Поступление денег с торг. точек,Поступление
2024,3,28.03.2024,"-2,28",[counterparty_hash:a079b1ede6],,Эквайринг,Выбытие
2024,3,28.03.2024,"-7 643,21",[counterparty_hash:2a84eb0be0],,Оплата поставщикам ,Выбытие
2024,3,28.03.2024,"-37,96",[counterparty_hash:2a84eb0be0],,Содержание торговых точек,Выбытие
2024,3,28.03.2024,"-3 142,99",[counterparty_hash:2a84eb0be0],,Расходы на питание персонала,Выбытие
2024,3,28.03.2024,"24 481,43",[counterparty_hash:335b2a2e9a],,Поступление денег с торг. точек,Поступление
2024,3,28.03.2024,"-27,05",[counterparty_hash:a079b1ede6],,Эквайринг,Выбытие
2024,3,28.03.2024,"-93,00",[counterparty_hash:2a84eb0be0],,Содержание торговых точек,Выбытие
2024,3,28.03.2024,"-8 561,00",[counterparty_hash:2a84eb0be0],,Оплата поставщикам ,Выбытие
2024,3,28.03.2024,"-7 520,00",[counterparty_hash:856bc7fd96],,Курьерская служба -,Выбытие
2024,3,28.03.2024,"12 708,00",[counterparty_hash:335b2a2e9a],,Поступление денег с торг. точек,Поступление
2024,3,29.03.2024,"-217,04",[counterparty_hash:a079b1ede6],,РКО,Выбытие
2024,3,29.03.2024,"-1 300,00",[counterparty_hash:e0e7137bcf],,Курьерская служба -,Выбытие
2024,3,29.03.2024,"-16 370,00",[counterparty_hash:856bc7fd96],,Курьерская служба -,Выбытие
2024,3,29.03.2024,"-6 000,00",[counterparty_hash:f76017a261],,Транспортные услуги,Выбытие
2024,3,29.03.2024,"35 013,00",[counterparty_hash:335b2a2e9a],,Поступление денег с торг. точек,Поступление
2024,3,30.03.2024,"-14 410,00",[counterparty_hash:856bc7fd96],,Курьерская служба -,Выбытие
2024,3,30.03.2024,"15 637,00",[counterparty_hash:335b2a2e9a],,Поступление денег с торг. точек,Поступление
2024,3,30.03.2024,"-11 870,00",[counterparty_hash:2a84eb0be0],,Оплата поставщикам ,Выбытие
2024,3,31.03.2024,"24 727,00",[counterparty_hash:335b2a2e9a],,Поступление денег с торг. точек,Поступление
2024,3,31.03.2024,"-10 820,00",[counterparty_hash:856bc7fd96],,Курьерская служба -,Выбытие
2024,3,31.03.2024,"-1 500,00",[counterparty_hash:7518be4ba8],[private_purpose_hash:49cf86d5a8],Содержание торговых точек,Выбытие
2024,3,29.03.2024,"-2 000,00",[counterparty_hash:e0e7137bcf],,Оплата поставщикам ,Выбытие
2024,3,31.03.2024,"81 251,00",[counterparty_hash:8009e18a18],,Поступление денег с торг. точек,Поступление
2024,3,29.03.2024,"-788,14",[counterparty_hash:a079b1ede6],,Эквайринг,Выбытие
2024,3,29.03.2024,"52 534,00",[counterparty_hash:335b2a2e9a],,Поступление денег с торг. точек,Поступление
2024,3,29.03.2024,"-5 000,00",[counterparty_hash:913fe52b19],,Зарплата административного персонала,Выбытие
2024,3,29.03.2024,"339 000,00",,,Поступление — Перевод между счетами,
2024,3,29.03.2024,"-3 300,87",[counterparty_hash:81088c4e1c],,Оплата поставщикам ,Выбытие
2024,3,29.03.2024,"-90 453,50",[counterparty_hash:01761130fc],,Оплата поставщикам ,Выбытие
2024,3,29.03.2024,"-30 927,29",[counterparty_hash:acffbdf399],,Оплата поставщикам ,Выбытие
2024,3,29.03.2024,"-56 167,14",[counterparty_hash:81088c4e1c],,Оплата поставщикам ,Выбытие
2024,3,29.03.2024,"-39 341,80",[counterparty_hash:4b0e39f45b],,Оплата поставщикам ,Выбытие
2024,3,29.03.2024,"-5 269,84",[counterparty_hash:64b5ca4d90],,Оплата поставщикам ,Выбытие
2024,3,29.03.2024,"-26 740,75",[counterparty_hash:55d2a5f343],,Оплата поставщикам ,Выбытие
2024,3,29.03.2024,"-75 000,00",[counterparty_hash:168e057bae],,Услуги ФД и НК,Выбытие
2024,3,29.03.2024,"390,00",[counterparty_hash:335b2a2e9a],,Поступление денег с торг. точек,Поступление
2024,3,29.03.2024,"-1,56",[counterparty_hash:a079b1ede6],,Эквайринг,Выбытие
2024,3,29.03.2024,"-5 000,00",[counterparty_hash:9d002889b3],,Зарплата административного персонала,Выбытие
2024,3,29.03.2024,"-12 885,00",[counterparty_hash:e1cb4e2da2],,Оплаты систем автоматизации,Выбытие
2024,3,29.03.2024,"599,00",[counterparty_hash:335b2a2e9a],,Поступление денег с торг. точек,Поступление
2024,3,29.03.2024,"-2,40",[counterparty_hash:a079b1ede6],,Эквайринг,Выбытие
2024,3,29.03.2024,"1 070,00",[counterparty_hash:335b2a2e9a],,Поступление денег с торг. точек,Поступление
2024,3,29.03.2024,"-4,28",[counterparty_hash:a079b1ede6],,Эквайринг,Выбытие
2024,3,29.03.2024,"1 330,00",[counterparty_hash:335b2a2e9a],,Поступление денег с торг. точек,Поступление
2024,3,29.03.2024,"-5,32",[counterparty_hash:a079b1ede6],,Эквайринг,Выбытие
2024,3,30.03.2024,"-1 844,19",[counterparty_hash:a079b1ede6],,Эквайринг,Выбытие
2024,3,30.03.2024,"122 928,00",[counterparty_hash:335b2a2e9a],,Поступление денег с торг. точек,Поступление
2024,3,30.03.2024,"937,00",[counterparty_hash:335b2a2e9a],,Поступление денег с торг. точек,Поступление
2024,3,30.03.2024,"-3,75",[counterparty_hash:a079b1ede6],,Эквайринг,Выбытие
2024,3,30.03.2024,"750,00",[counterparty_hash:335b2a2e9a],,Поступление денег с торг. точек,Поступление
2024,3,30.03.2024,"-3,00",[counterparty_hash:a079b1ede6],,Эквайринг,Выбытие
2024,3,30.03.2024,"238,00",[counterparty_hash:335b2a2e9a],,Поступление денег с торг. точек,Поступление
2024,3,30.03.2024,"-0,95",[counterparty_hash:a079b1ede6],,Эквайринг,Выбытие
2024,3,30.03.2024,"1 099,00",[counterparty_hash:335b2a2e9a],,Поступление денег с торг. точек,Поступление
2024,3,30.03.2024,"-4,40",[counterparty_hash:a079b1ede6],,Эквайринг,Выбытие
2024,3,30.03.2024,"-588,91",[counterparty_hash:2a84eb0be0],,Содержание торговых точек,Выбытие
2024,3,30.03.2024,"-1 649,93",[counterparty_hash:2a84eb0be0],,Расходы на питание персонала,Выбытие
2024,3,30.03.2024,"-3 451,64",[counterparty_hash:2a84eb0be0],,Оплата поставщикам ,Выбытие
2024,3,31.03.2024,"-1 929,44",[counterparty_hash:a079b1ede6],,Эквайринг,Выбытие
2024,3,31.03.2024,"128 610,00",[counterparty_hash:335b2a2e9a],,Поступление денег с торг. точек,Поступление
2024,3,31.03.2024,"-5 000,00",[counterparty_hash:913fe52b19],,Зарплата административного персонала,Выбытие
2024,3,31.03.2024,"-129,00",[counterparty_hash:a079b1ede6],,РКО,Выбытие
2024,3,29.03.2024,"26 720,75",[counterparty_hash:335b2a2e9a],,Поступление денег с торг. точек,Поступление
2024,3,29.03.2024,"-339 000,00",,,Выбытие — Перевод между счетами,
2024,3,29.03.2024,"-99,00",[counterparty_hash:a079b1ede6],,РКО,Выбытие
2024,3,29.03.2024,"-57,44",[counterparty_hash:a079b1ede6],,Эквайринг,Выбытие
2024,3,30.03.2024,"37 190,13",[counterparty_hash:335b2a2e9a],,Поступление денег с торг. точек,Поступление
2024,3,30.03.2024,"-42,22",[counterparty_hash:a079b1ede6],,Эквайринг,Выбытие
2024,3,31.03.2024,"49 813,88",[counterparty_hash:335b2a2e9a],,Поступление денег с торг. точек,Поступление
2024,3,31.03.2024,"-50,44",[counterparty_hash:a079b1ede6],,Эквайринг,Выбытие
2024,4,01.04.2024,"19 858,76",[counterparty_hash:335b2a2e9a],,Поступление денег с торг. точек,Поступление
2024,4,01.04.2024,"-12,57",[counterparty_hash:a079b1ede6],,Эквайринг,Выбытие
2024,4,01.04.2024,"-1 172,42",[counterparty_hash:a079b1ede6],,Эквайринг,Выбытие
2024,4,01.04.2024,"78 152,00",[counterparty_hash:335b2a2e9a],,Поступление денег с торг. точек,Поступление
2024,4,01.04.2024,"-39 000,00",,,Выбытие — Перевод между счетами,
2024,4,01.04.2024,"-4 000,00",[counterparty_hash:48d0f61ee3],,Аренда склада,Выбытие
2024,4,01.04.2024,"1 099,00",[counterparty_hash:335b2a2e9a],,Поступление денег с торг. точек,Поступление
2024,4,01.04.2024,"-4,40",[counterparty_hash:a079b1ede6],,Эквайринг,Выбытие
2024,4,01.04.2024,"890,00",[counterparty_hash:335b2a2e9a],,Поступление денег с торг. точек,Поступление
2024,4,01.04.2024,"-3,56",[counterparty_hash:a079b1ede6],,Эквайринг,Выбытие
2024,4,01.04.2024,"-429,96",[counterparty_hash:2a84eb0be0],,Расходы на питание персонала,Выбытие
2024,4,01.04.2024,"-2 620,37",[counterparty_hash:2a84eb0be0],,Оплата поставщикам ,Выбытие
2024,4,01.04.2024,"-34,95",[counterparty_hash:2a84eb0be0],,Содержание торговых точек,Выбытие
2024,4,01.04.2024,"10 000,00",,,Поступление — Перевод между счетами,
2024,4,01.04.2024,"-200,00",[counterparty_hash:a079b1ede6],[private_purpose_hash:61e4562870],РКО,Выбытие
2024,4,01.04.2024,"-5 728,00",[counterparty_hash:2a84eb0be0],,Оплата поставщикам ,Выбытие
2024,4,01.04.2024,"-10 000,00",,,Выбытие — Перевод между счетами,
2024,4,01.04.2024,"-7 000,00",[counterparty_hash:856bc7fd96],,Содержание торговых точек,Выбытие
2024,4,01.04.2024,"-7 840,00",[counterparty_hash:856bc7fd96],,Курьерская служба -,Выбытие
2024,4,01.04.2024,"14 994,00",[counterparty_hash:335b2a2e9a],,Поступление денег с торг. точек,Поступление
2024,4,02.04.2024,"30 187,37",[counterparty_hash:335b2a2e9a],,Поступление денег с торг. точек,Поступление
2024,4,02.04.2024,"-50,83",[counterparty_hash:a079b1ede6],,Эквайринг,Выбытие
2024,4,02.04.2024,"-801,83",[counterparty_hash:a079b1ede6],,Эквайринг,Выбытие
2024,4,02.04.2024,"53 447,00",[counterparty_hash:335b2a2e9a],,Поступление денег с торг. точек,Поступление
2024,4,02.04.2024,"-62 170,00",,,Выбытие — Перевод между счетами,
2024,4,02.04.2024,"-20 000,00",,,Выбытие — Перевод между счетами,
2024,4,02.04.2024,"-299,98",[counterparty_hash:2a84eb0be0],,Оплата поставщикам ,Выбытие
2024,4,02.04.2024,"5 000,00",,,Поступление — Перевод между счетами,
2024,4,02.04.2024,"-154 670,00",[counterparty_hash:856bc7fd96],,Зарплата производственного персонала,Выбытие
2024,4,02.04.2024,"62 170,00",,,Поступление — Перевод между счетами,
2024,4,02.04.2024,"-5 000,00",,,Выбытие — Перевод между счетами,
2024,4,02.04.2024,"-8 720,00",[counterparty_hash:856bc7fd96],,Курьерская служба -,Выбытие
2024,4,02.04.2024,"12 008,00",[counterparty_hash:335b2a2e9a],,Поступление денег с торг. точек,Поступление
2024,4,03.04.2024,"-8 189,00",[counterparty_hash:2a84eb0be0],,Оплата поставщикам ,Выбытие
2024,4,03.04.2024,"-9 360,00",[counterparty_hash:856bc7fd96],,Курьерская служба -,Выбытие
2024,4,03.04.2024,"12 937,00",[counterparty_hash:335b2a2e9a],,Поступление денег с торг. точек,Поступление
2024,4,03.04.2024,"-916,25",[counterparty_hash:a079b1ede6],,Эквайринг,Выбытие
2024,4,03.04.2024,"61 076,00",[counterparty_hash:335b2a2e9a],,Поступление денег с торг. точек,Поступление
2024,4,03.04.2024,"-87 000,00",,,Выбытие — Перевод между счетами,
2024,4,03.04.2024,"1 623,00",[counterparty_hash:335b2a2e9a],,Поступление денег с торг. точек,Поступление
2024,4,03.04.2024,"-6,49",[counterparty_hash:a079b1ede6],,Эквайринг,Выбытие
2024,4,03.04.2024,"-7 796,03",[counterparty_hash:2a84eb0be0],,Оплата поставщикам ,Выбытие
2024,4,03.04.2024,"-36,96",[counterparty_hash:2a84eb0be0],,Содержание торговых точек,Выбытие
2024,4,03.04.2024,"-982,96",[counterparty_hash:2a84eb0be0],,Расходы на питание персонала,Выбытие
2024,4,03.04.2024,"22 722,88",[counterparty_hash:335b2a2e9a],,Поступление денег с торг. точек,Поступление
2024,4,03.04.2024,"-47,04",[counterparty_hash:a079b1ede6],,Эквайринг,Выбытие
2024,4,04.04.2024,"-1 014,29",[counterparty_hash:a079b1ede6],,Эквайринг,Выбытие
2024,4,04.04.2024,"67 609,00",[counterparty_hash:335b2a2e9a],,Поступление денег с торг. точек,Поступление
2024,4,04.04.2024,"-5 000,00",[counterparty_hash:810942d5fa],,Телекоммуникации,Выбытие
2024,4,04.04.2024,"-426,92",[counterparty_hash:2a84eb0be0],,Оплата поставщикам ,Выбытие
2024,4,04.04.2024,"15 021,27",[counterparty_hash:335b2a2e9a],,Поступление денег с торг. точек,Поступление
2024,4,04.04.2024,"-19,18",[counterparty_hash:a079b1ede6],,Эквайринг,Выбытие
2024,4,04.04.2024,"-400,00",[counterparty_hash:7518be4ba8],[private_purpose_hash:b63f611d07],Прочие маркетинговые услуги,Выбытие
2024,4,04.04.2024,"-1 813,00",[counterparty_hash:b2b25bc0ee],,Поиск и найм персонала,Выбытие
2024,4,04.04.2024,"-1 000,00",[counterparty_hash:7518be4ba8],[private_purpose_hash:3b52cf84b2],Прочие маркетинговые услуги,Выбытие
2024,4,04.04.2024,"-9 860,00",[counterparty_hash:856bc7fd96],,Курьерская служба -,Выбытие
2024,4,04.04.2024,"22 575,00",[counterparty_hash:335b2a2e9a],,Поступление денег с торг. точек,Поступление
2024,4,05.04.2024,"35 587,21",[counterparty_hash:335b2a2e9a],,Поступление денег с торг. точек,Поступление
2024,4,05.04.2024,"-49,71",[counterparty_hash:a079b1ede6],,Эквайринг,Выбытие
2024,4,06.04.2024,"37 404,89",[counterparty_hash:335b2a2e9a],,Поступление денег с торг. точек,Поступление
2024,4,06.04.2024,"-43,31",[counterparty_hash:a079b1ede6],,Эквайринг,Выбытие
2024,4,07.04.2024,"23 415,36",[counterparty_hash:335b2a2e9a],,Поступление денег с торг. точек,Поступление
2024,4,07.04.2024,"-27,12",[counterparty_hash:a079b1ede6],,Эквайринг,Выбытие
2024,4,05.04.2024,"-1 003,78",[counterparty_hash:a079b1ede6],,Эквайринг,Выбытие
2024,4,05.04.2024,"66 908,00",[counterparty_hash:335b2a2e9a],,Поступление денег с торг. точек,Поступление
2024,4,05.04.2024,"-734,92",[counterparty_hash:2a84eb0be0],,Содержание торговых точек,Выбытие
2024,4,05.04.2024,"-1 668,24",[counterparty_hash:2a84eb0be0],,Расходы на питание персонала,Выбытие
2024,4,05.04.2024,"-4 919,85",[counterparty_hash:2a84eb0be0],,Оплата поставщикам ,Выбытие
2024,4,05.04.2024,"-1 000,00",[counterparty_hash:b2d09b6565],,Аренда торговых точек,Выбытие
2024,4,05.04.2024,"-2 400,00",[counterparty_hash:2c9dd7c496],,Телекоммуникации,Выбытие
2024,4,05.04.2024,"-27 856,00",[counterparty_hash:c7da8c8c1f],,Оплата поставщикам ,Выбытие
2024,4,05.04.2024,"-30 871,73",[counterparty_hash:acffbdf399],,Оплата поставщикам ,Выбытие
2024,4,05.04.2024,"-43 305,64",[counterparty_hash:4b0e39f45b],,Оплата поставщикам ,Выбытие
2024,4,05.04.2024,"-4 000,00",[counterparty_hash:e467eaefc4],,Оплаты систем автоматизации,Выбытие
2024,4,05.04.2024,"-58 029,26",[counterparty_hash:81088c4e1c],,Оплата поставщикам ,Выбытие
2024,4,05.04.2024,"-96 637,00",[counterparty_hash:01761130fc],,Оплата поставщикам ,Выбытие
2024,4,05.04.2024,"-4 000,00",[counterparty_hash:b2d09b6565],,Аренда торговых точек,Выбытие
2024,4,05.04.2024,"-95 254,00",[counterparty_hash:4e9e5a80a9],,Сайт и приложение,Выбытие
2024,4,05.04.2024,"-675,98",[counterparty_hash:9a7ac913a7],,Аренда торговых точек,Выбытие
2024,4,05.04.2024,"-2 930,36",[counterparty_hash:9a7ac913a7],,Аренда торговых точек,Выбытие
2024,4,05.04.2024,"-4 366,78",[counterparty_hash:64b5ca4d90],,Оплата поставщикам ,Выбытие
2024,4,05.04.2024,"-6 000,00",[counterparty_hash:e467eaefc4],,Оплаты систем автоматизации,Выбытие
2024,4,05.04.2024,"-23 903,65",[counterparty_hash:55d2a5f343],,Оплата поставщикам ,Выбытие
2024,4,05.04.2024,"-3 549,20",[counterparty_hash:81088c4e1c],,Оплата поставщикам ,Выбытие
2024,4,06.04.2024,"-1 232,50",[counterparty_hash:a079b1ede6],,Эквайринг,Выбытие
2024,4,06.04.2024,"82 152,00",[counterparty_hash:335b2a2e9a],,Поступление денег с торг. точек,Поступление
2024,4,06.04.2024,"1 299,00",[counterparty_hash:335b2a2e9a],,Поступление денег с торг. точек,Поступление
2024,4,06.04.2024,"-5,20",[counterparty_hash:a079b1ede6],,Эквайринг,Выбытие
2024,4,07.04.2024,"-1 230,09",[counterparty_hash:a079b1ede6],,Эквайринг,Выбытие
2024,4,07.04.2024,"81 996,00",[counterparty_hash:335b2a2e9a],,Поступление денег с торг. точек,Поступление
2024,4,07.04.2024,"1 799,00",[counterparty_hash:335b2a2e9a],,Поступление денег с торг. точек,Поступление
2024,4,07.04.2024,"-7,20",[counterparty_hash:a079b1ede6],,Эквайринг,Выбытие
2024,4,07.04.2024,"-1 201,27",[counterparty_hash:2a84eb0be0],,Расходы на питание персонала,Выбытие
2024,4,07.04.2024,"-137,97",[counterparty_hash:2a84eb0be0],,Содержание торговых точек,Выбытие
2024,4,07.04.2024,"-2 064,95",[counterparty_hash:2a84eb0be0],,Оплата поставщикам ,Выбытие
2024,4,05.04.2024,"-11 605,00",[counterparty_hash:2a84eb0be0],,Оплата поставщикам ,Выбытие
2024,4,05.04.2024,"-97,00",[counterparty_hash:2a84eb0be0],,Расходы на питание персонала,Выбытие
2024,4,05.04.2024,"-12 240,00",[counterparty_hash:856bc7fd96],,Курьерская служба -,Выбытие
2024,4,05.04.2024,"35 251,00",[counterparty_hash:335b2a2e9a],,Поступление денег с торг. точек,Поступление
2024,4,06.04.2024,"-10 520,00",[counterparty_hash:856bc7fd96],,Курьерская служба -,Выбытие
2024,4,06.04.2024,"24 831,00",[counterparty_hash:335b2a2e9a],,Поступление денег с торг. точек,Поступление
2024,4,07.04.2024,"-10 680,00",[counterparty_hash:856bc7fd96],,Курьерская служба -,Выбытие
2024,4,07.04.2024,"-65,00",[counterparty_hash:2a84eb0be0],,Расходы на питание персонала,Выбытие
2024,4,07.04.2024,"-4 329,00",[counterparty_hash:2a84eb0be0],,Оплата поставщикам ,Выбытие
2024,4,07.04.2024,"19 653,00",[counterparty_hash:335b2a2e9a],,Поступление денег с торг. точек,Поступление
2024,4,08.04.2024,"25 017,03",[counterparty_hash:335b2a2e9a],,Поступление денег с торг. точек,Поступление
2024,4,08.04.2024,"-24,02",[counterparty_hash:a079b1ede6],,Эквайринг,Выбытие
2024,4,09.04.2024,"17 086,74",[counterparty_hash:335b2a2e9a],,Поступление денег с торг. точек,Поступление
2024,4,09.04.2024,"-11,91",[counterparty_hash:a079b1ede6],,Эквайринг,Выбытие
2024,4,01.04.2024,"39 000,00",,,Поступление — Перевод между счетами,
2024,4,01.04.2024,"-39 000,00",,,Выбытие — Перевод между счетами,
2024,4,02.04.2024,"-2 057,31",[counterparty_hash:a079b1ede6],,Оплаты по кредитам и займам,Выбытие
2024,4,02.04.2024,"-16 401,69",[counterparty_hash:a079b1ede6],,Оплаты по кредитам и займам,Выбытие
2024,4,02.04.2024,"-62 170,00",,,Выбытие — Перевод между счетами,
2024,4,02.04.2024,"20 000,00",,,Поступление — Перевод между счетами,
2024,4,02.04.2024,"62 170,00",,,Поступление — Перевод между счетами,
2024,4,03.04.2024,"87 000,00",,,Поступление — Перевод между счетами,
2024,4,03.04.2024,"-30 000,00",[counterparty_hash:913fe52b19],,Зарплата административного персонала,Выбытие
2024,4,03.04.2024,"-57 000,00",[counterparty_hash:9d002889b3],,Зарплата административного персонала,Выбытие
2024,4,08.04.2024,"3 300,00",,,Поступление — Перевод между счетами,
2024,4,09.04.2024,"90 000,00",,,Поступление — Перевод между счетами,
2024,4,09.04.2024,"-94 965,00",,,Выбытие — Перевод между счетами,
2024,4,08.04.2024,"-1 078,97",[counterparty_hash:a079b1ede6],,Эквайринг,Выбытие
2024,4,08.04.2024,"71 920,00",[counterparty_hash:335b2a2e9a],,Поступление денег с торг. точек,Поступление
2024,4,08.04.2024,"-3 300,00",,,Выбытие — Перевод между счетами,
2024,4,08.04.2024,"1 030,00",[counterparty_hash:335b2a2e9a],,Поступление денег с торг. точек,Поступление
2024,4,08.04.2024,"-4,12",[counterparty_hash:a079b1ede6],,Эквайринг,Выбытие
2024,4,08.04.2024,"-3 300,00",[counterparty_hash:856bc7fd96],,Расходы на персонал,Выбытие
2024,4,09.04.2024,"-531,13",[counterparty_hash:a079b1ede6],,Эквайринг,Выбытие
2024,4,09.04.2024,"35 402,45",[counterparty_hash:335b2a2e9a],,Поступление денег с торг. точек,Поступление
2024,4,09.04.2024,"-90 000,00",,,Выбытие — Перевод между счетами,
2024,4,09.04.2024,"426,00",[counterparty_hash:335b2a2e9a],,Поступление денег с торг. точек,Поступление
2024,4,09.04.2024,"-1,70",[counterparty_hash:a079b1ede6],,Эквайринг,Выбытие
2024,4,09.04.2024,"-6 034,44",[counterparty_hash:2a84eb0be0],,Оплата поставщикам ,Выбытие
2024,4,09.04.2024,"-418,91",[counterparty_hash:2a84eb0be0],,Содержание торговых точек,Выбытие
2024,4,09.04.2024,"-550,69",[counterparty_hash:2a84eb0be0],,Расходы на питание персонала,Выбытие
2024,4,08.04.2024,"3 200,00",[counterparty_hash:7518be4ba8],[private_purpose_hash:3f689c75a6],Прочие поступления,Поступление
2024,4,08.04.2024,"-636,00",[counterparty_hash:2a84eb0be0],[private_purpose_hash:e0e710087f],Содержание торговых точек,Выбытие
2024,4,08.04.2024,"40 000,00",,,Поступление — Перевод между счетами,
2024,4,08.04.2024,"-11 221,00",[counterparty_hash:24d4f68d8f],,Оплата поставщикам ,Выбытие
2024,4,08.04.2024,"-2 000,00",[counterparty_hash:e0e7137bcf],,Оплата поставщикам ,Выбытие
2024,4,09.04.2024,"12 800,00",,,Поступление — Перевод между счетами,
2024,4,09.04.2024,"-6 095,00",[counterparty_hash:1340ea64e9],,Оплата поставщикам ,Выбытие
2024,4,09.04.2024,"-131 165,00",[counterparty_hash:856bc7fd96],,Зарплата производственного персонала,Выбытие
2024,4,09.04.2024,"94 965,00",,,Поступление — Перевод между счетами,
2024,4,10.04.2024,"4 000,00",,,Поступление — Перевод между счетами,
2024,4,10.04.2024,"27 590,00",,,Поступление — Перевод между счетами,
2024,4,10.04.2024,"-11 000,00",[counterparty_hash:913fe52b19],,Зарплата административного персонала,Выбытие
2024,4,10.04.2024,"-2 000,00",[counterparty_hash:7d88c914c2],,Аренда торговых точек,Выбытие
2024,4,10.04.2024,"-6 404,00",[counterparty_hash:48d0f61ee3],[private_purpose_hash:87fe232f97],Аренда торговых точек,Выбытие
2024,4,10.04.2024,"-8 550,00",[counterparty_hash:2a84eb0be0],[private_purpose_hash:e945f5669c],Оплата поставщикам ,Выбытие
2024,4,08.04.2024,"-8 060,00",[counterparty_hash:856bc7fd96],,Курьерская служба -,Выбытие
2024,4,08.04.2024,"18 482,00",[counterparty_hash:335b2a2e9a],,Поступление денег с торг. точек,Поступление
2024,4,08.04.2024,"-40 000,00",,,Выбытие — Перевод между счетами,
2024,4,09.04.2024,"-12 800,00",,,Выбытие — Перевод между счетами,
2024,4,09.04.2024,"-4 372,00",[counterparty_hash:2a84eb0be0],,Оплата поставщикам ,Выбытие
2024,4,09.04.2024,"-8 360,00",[counterparty_hash:856bc7fd96],,Курьерская служба -,Выбытие
2024,4,09.04.2024,"21 751,00",[counterparty_hash:335b2a2e9a],,Поступление денег с торг. точек,Поступление
2024,4,10.04.2024,"-312,00",[counterparty_hash:10ad09b2bf],,Оплата поставщикам ,Выбытие
2024,4,10.04.2024,"-4 000,00",,,Выбытие — Перевод между счетами,
2024,4,10.04.2024,"-7 650,00",[counterparty_hash:1340ea64e9],,Оплата поставщикам ,Выбытие
2024,4,10.04.2024,"-8 600,00",[counterparty_hash:856bc7fd96],,Курьерская служба -,Выбытие
2024,4,10.04.2024,"14 011,00",[counterparty_hash:335b2a2e9a],,Поступление денег с торг. точек,Поступление
2024,4,10.04.2024,"18 396,58",[counterparty_hash:335b2a2e9a],,Поступление денег с торг. точек,Поступление
2024,4,10.04.2024,"-299,00",[counterparty_hash:a079b1ede6],,РКО,Выбытие
2024,4,10.04.2024,"-15,76",[counterparty_hash:a079b1ede6],,Эквайринг,Выбытие
2024,4,10.04.2024,"-851,20",[counterparty_hash:a079b1ede6],,Эквайринг,Выбытие
2024,4,10.04.2024,"56 737,00",[counterparty_hash:335b2a2e9a],,Поступление денег с торг. точек,Поступление
2024,4,10.04.2024,"-27 590,00",,,Выбытие — Перевод между счетами,
2024,4,10.04.2024,"-4 392,00",[counterparty_hash:768e87a312],[private_purpose_hash:ed90e8dad1],Расходы на персонал,Выбытие
2024,4,10.04.2024,"-9 640,00",[counterparty_hash:768e87a312],[private_purpose_hash:ed90e8dad1],Расходы на персонал,Выбытие
2024,4,01.04.2024,"39 000,00",,,Поступление — Перевод между счетами,
2024,4,01.04.2024,"-15 000,00",[counterparty_hash:856bc7fd96],,Зарплата административного персонала,Выбытие
2024,4,01.04.2024,"-24 000,00",[counterparty_hash:856bc7fd96],,Зарплата административного персонала,Выбытие
2024,4,11.04.2024,"27 645,18",[counterparty_hash:335b2a2e9a],,Поступление денег с торг. точек,Поступление
2024,4,11.04.2024,"-45,67",[counterparty_hash:a079b1ede6],,Эквайринг,Выбытие
2024,4,12.04.2024,"23 035,11",[counterparty_hash:335b2a2e9a],,Поступление денег с торг. точек,Поступление
2024,4,12.04.2024,"-385 000,00",,,Выбытие — Перевод между счетами,
2024,4,12.04.2024,"-32,84",[counterparty_hash:a079b1ede6],,Эквайринг,Выбытие
2024,4,13.04.2024,"35 307,99",[counterparty_hash:335b2a2e9a],,Поступление денег с торг. точек,Поступление
2024,4,13.04.2024,"-35,53",[counterparty_hash:a079b1ede6],,Эквайринг,Выбытие
2024,4,14.04.2024,"34 225,87",[counterparty_hash:335b2a2e9a],,Поступление денег с торг. точек,Поступление
2024,4,14.04.2024,"-25,12",[counterparty_hash:a079b1ede6],,Эквайринг,Выбытие
2024,4,11.04.2024,"-715,55",[counterparty_hash:a079b1ede6],,Эквайринг,Выбытие
2024,4,11.04.2024,"47 696,00",[counterparty_hash:335b2a2e9a],,Поступление денег с торг. точек,Поступление
2024,4,11.04.2024,"-166,96",[counterparty_hash:2a84eb0be0],,Содержание торговых точек,Выбытие
2024,4,11.04.2024,"-2 690,24",[counterparty_hash:2a84eb0be0],,Расходы на питание персонала,Выбытие
2024,4,11.04.2024,"-4 171,16",[counterparty_hash:2a84eb0be0],,Оплата поставщикам ,Выбытие
2024,4,12.04.2024,"-1 034,34",[counterparty_hash:a079b1ede6],,Эквайринг,Выбытие
2024,4,12.04.2024,"68 946,15",[counterparty_hash:335b2a2e9a],,Поступление денег с торг. точек,Поступление
2024,4,12.04.2024,"385 000,00",,,Поступление — Перевод между счетами,
2024,4,12.04.2024,"-37 087,62",[counterparty_hash:acffbdf399],,Оплата поставщикам ,Выбытие
2024,4,12.04.2024,"-5 005,32",[counterparty_hash:64b5ca4d90],,Оплата поставщикам ,Выбытие
2024,4,12.04.2024,"-13 617,69",[counterparty_hash:81088c4e1c],,Оплата поставщикам ,Выбытие
2024,4,12.04.2024,"-52 933,40",[counterparty_hash:4b0e39f45b],,Оплата поставщикам ,Выбытие
2024,4,12.04.2024,"-21 929,93",[counterparty_hash:55d2a5f343],,Оплата поставщикам ,Выбытие
2024,4,12.04.2024,"-105 651,70",[counterparty_hash:01761130fc],,Оплата поставщикам ,Выбытие
2024,4,12.04.2024,"-85 432,48",[counterparty_hash:81088c4e1c],,Оплата поставщикам ,Выбытие
2024,4,12.04.2024,"-2 234,50",[counterparty_hash:10ad09b2bf],,Оплата поставщикам ,Выбытие
2024,4,12.04.2024,"-180 000,00",,,Выбытие — Перевод между счетами,
2024,4,12.04.2024,"2 198,00",[counterparty_hash:335b2a2e9a],,Поступление денег с торг. точек,Поступление
2024,4,12.04.2024,"-8,79",[counterparty_hash:a079b1ede6],,Эквайринг,Выбытие
2024,4,13.04.2024,"-1 371,57",[counterparty_hash:a079b1ede6],,Эквайринг,Выбытие
2024,4,13.04.2024,"91 423,00",[counterparty_hash:335b2a2e9a],,Поступление денег с торг. точек,Поступление
2024,4,13.04.2024,"-5 000,00",[counterparty_hash:810942d5fa],,Телекоммуникации,Выбытие
2024,4,13.04.2024,"-1 129,96",[counterparty_hash:2a84eb0be0],,Расходы на питание персонала,Выбытие
2024,4,13.04.2024,"-14,38",[counterparty_hash:2a84eb0be0],,Содержание торговых точек,Выбытие
2024,4,13.04.2024,"-2 842,85",[counterparty_hash:2a84eb0be0],,Оплата поставщикам ,Выбытие
2024,4,13.04.2024,"1 104,00",[counterparty_hash:335b2a2e9a],,Поступление денег с торг. точек,Поступление
2024,4,13.04.2024,"-5,42",[counterparty_hash:a079b1ede6],,Эквайринг,Выбытие
2024,4,13.04.2024,"1 250,00",[counterparty_hash:335b2a2e9a],,Поступление денег с торг. точек,Поступление
2024,4,13.04.2024,"-5,00",[counterparty_hash:a079b1ede6],,Эквайринг,Выбытие
2024,4,14.04.2024,"-1 562,24",[counterparty_hash:a079b1ede6],,Эквайринг,Выбытие
2024,4,14.04.2024,"104 135,00",[counterparty_hash:335b2a2e9a],,Поступление денег с торг. точек,Поступление
2024,4,14.04.2024,"535,00",[counterparty_hash:335b2a2e9a],,Поступление денег с торг. точек,Поступление
2024,4,14.04.2024,"-2,14",[counterparty_hash:a079b1ede6],,Эквайринг,Выбытие
2024,4,14.04.2024,"-866,90",[counterparty_hash:2a84eb0be0],,Оплата поставщикам ,Выбытие
2024,4,11.04.2024,"-6 452,00",[counterparty_hash:2a84eb0be0],,Оплата поставщикам ,Выбытие
2024,4,11.04.2024,"-121,00",[counterparty_hash:2a84eb0be0],,Расходы на питание персонала,Выбытие
2024,4,11.04.2024,"-9 810,00",[counterparty_hash:856bc7fd96],,Курьерская служба -,Выбытие
2024,4,11.04.2024,"19 581,00",[counterparty_hash:335b2a2e9a],,Поступление денег с торг. точек,Поступление
2024,4,12.04.2024,"-13 779,00",[counterparty_hash:856bc7fd96],,Курьерская служба -,Выбытие
2024,4,12.04.2024,"31 566,00",[counterparty_hash:335b2a2e9a],,Поступление денег с торг. точек,Поступление
2024,4,13.04.2024,"-5 348,52",[counterparty_hash:2a84eb0be0],,Оплата поставщикам ,Выбытие
2024,4,13.04.2024,"-8,00",[counterparty_hash:2a84eb0be0],,Содержание торговых точек,Выбытие
2024,4,13.04.2024,"-96,00",[counterparty_hash:2a84eb0be0],,Расходы на питание персонала,Выбытие
2024,4,13.04.2024,"-9 879,00",[counterparty_hash:2a84eb0be0],,Оплата поставщикам ,Выбытие
2024,4,13.04.2024,"-239,96",[counterparty_hash:2a84eb0be0],,Оплата поставщикам ,Выбытие
2024,4,13.04.2024,"-14 490,00",[counterparty_hash:856bc7fd96],,Курьерская служба -,Выбытие
2024,4,13.04.2024,"-1 000,00",[counterparty_hash:e0e7137bcf],,Транспортные услуги,Выбытие
2024,4,13.04.2024,"18 114,00",[counterparty_hash:335b2a2e9a],,Поступление денег с торг. точек,Поступление
2024,4,14.04.2024,"-11 240,00",[counterparty_hash:856bc7fd96],,Курьерская служба -,Выбытие
2024,4,14.04.2024,"30 869,00",[counterparty_hash:335b2a2e9a],,Поступление денег с торг. точек,Поступление
2024,4,15.04.2024,"-8 900,00",[counterparty_hash:856bc7fd96],,Курьерская служба -,Выбытие
2024,4,15.04.2024,"16 741,00",[counterparty_hash:335b2a2e9a],,Поступление денег с торг. точек,Поступление
2024,4,15.04.2024,"-4 468,00",[counterparty_hash:2a84eb0be0],,Оплата поставщикам ,Выбытие
2024,4,15.04.2024,"-5 000,00",[counterparty_hash:856bc7fd96],,Содержание торговых точек,Выбытие
2024,4,16.04.2024,"-25 000,00",,,Выбытие — Перевод между счетами,
2024,4,16.04.2024,"-8 100,00",[counterparty_hash:856bc7fd96],,Курьерская служба -,Выбытие
2024,4,16.04.2024,"10 940,00",[counterparty_hash:335b2a2e9a],,Поступление денег с торг. точек,Поступление
2024,4,17.04.2024,"-7 960,00",[counterparty_hash:856bc7fd96],,Курьерская служба -,Выбытие
2024,4,17.04.2024,"-156,00",[counterparty_hash:2a84eb0be0],,Расходы на питание персонала,Выбытие
2024,4,17.04.2024,"-9 360,00",[counterparty_hash:2a84eb0be0],,Оплата поставщикам ,Выбытие
2024,4,17.04.2024,"4 789,00",[counterparty_hash:335b2a2e9a],,Поступление денег с торг. точек,Поступление
2024,4,11.04.2024,"-261,00",[counterparty_hash:a079b1ede6],,РКО,Выбытие
2024,4,12.04.2024,"180 000,00",,,Поступление — Перевод между счетами,
2024,4,12.04.2024,"-90 000,00",[counterparty_hash:913fe52b19],,Дивиденды,Выбытие
2024,4,12.04.2024,"-90 000,00",[counterparty_hash:9d002889b3],,Дивиденды,Выбытие
2024,4,15.04.2024,"55 000,00",,,Поступление — Перевод между счетами,
2024,4,15.04.2024,"-25 000,00",[counterparty_hash:856bc7fd96],,Зарплата административного персонала,Выбытие
2024,4,15.04.2024,"-15 000,00",[counterparty_hash:856bc7fd96],,Зарплата административного персонала,Выбытие
2024,4,15.04.2024,"-15 000,00",[counterparty_hash:856bc7fd96],,Содержание торговых точек,Выбытие
2024,4,16.04.2024,"145 000,00",,,Поступление — Перевод между счетами,
2024,4,16.04.2024,"101 100,00",,,Поступление — Перевод между счетами,
2024,4,16.04.2024,"-45 000,00",[counterparty_hash:a079b1ede6],,Оплаты по кредитам и займам,Выбытие
2024,4,16.04.2024,"-101 100,00",,,Выбытие — Перевод между счетами,
2024,4,16.04.2024,"-100 000,00",[counterparty_hash:a079b1ede6],[private_purpose_hash:9c5d83e280],Оплаты по кредитам и займам,Выбытие
2024,4,16.04.2024,"25 000,00",,,Поступление — Перевод между счетами,
2024,4,16.04.2024,"101 100,00",,,Поступление — Перевод между счетами,
2024,4,16.04.2024,"-126 100,00",[counterparty_hash:856bc7fd96],,Зарплата производственного персонала,Выбытие
2024,4,18.04.2024,"-1 000,00",[counterparty_hash:b2b25bc0ee],,Поиск и найм персонала,Выбытие
2024,4,18.04.2024,"-2 000,00",[counterparty_hash:e0e7137bcf],,Оплата поставщикам ,Выбытие
2024,4,15.04.2024,"24 898,80",[counterparty_hash:335b2a2e9a],,Поступление денег с торг. точек,Поступление
2024,4,15.04.2024,"-38,42",[counterparty_hash:a079b1ede6],,Эквайринг,Выбытие
2024,4,16.04.2024,"17 410,74",[counterparty_hash:335b2a2e9a],,Поступление денег с торг. точек,Поступление
2024,4,16.04.2024,"-20,99",[counterparty_hash:a079b1ede6],,Эквайринг,Выбытие
2024,4,17.04.2024,"22 608,51",[counterparty_hash:335b2a2e9a],,Поступление денег с торг. точек,Поступление
2024,4,17.04.2024,"-52,94",[counterparty_hash:a079b1ede6],,Эквайринг,Выбытие
2024,4,15.04.2024,"-1 213,28",[counterparty_hash:a079b1ede6],,Эквайринг,Выбытие
2024,4,15.04.2024,"80 873,00",[counterparty_hash:335b2a2e9a],,Поступление денег с торг. точек,Поступление
2024,4,15.04.2024,"-55 000,00",,,Выбытие — Перевод между счетами,
2024,4,15.04.2024,"560,00",[counterparty_hash:335b2a2e9a],,Поступление денег с торг. точек,Поступление
2024,4,15.04.2024,"-2,24",[counterparty_hash:a079b1ede6],,Эквайринг,Выбытие
2024,4,15.04.2024,"2 867,00",[counterparty_hash:335b2a2e9a],,Поступление денег с торг. точек,Поступление
2024,4,15.04.2024,"-11,47",[counterparty_hash:a079b1ede6],,Эквайринг,Выбытие
2024,4,15.04.2024,"1 015,00",[counterparty_hash:335b2a2e9a],,Поступление денег с торг. точек,Поступление
2024,4,15.04.2024,"-4,06",[counterparty_hash:a079b1ede6],,Эквайринг,Выбытие
2024,4,15.04.2024,"-1 144,33",[counterparty_hash:2a84eb0be0],,Содержание торговых точек,Выбытие
2024,4,15.04.2024,"-2 251,32",[counterparty_hash:2a84eb0be0],,Расходы на питание персонала,Выбытие
2024,4,15.04.2024,"-7 899,18",[counterparty_hash:2a84eb0be0],,Оплата поставщикам ,Выбытие
2024,4,16.04.2024,"-799,85",[counterparty_hash:a079b1ede6],,Эквайринг,Выбытие
2024,4,16.04.2024,"53 317,00",[counterparty_hash:335b2a2e9a],,Поступление денег с торг. точек,Поступление
2024,4,16.04.2024,"-145 000,00",,,Выбытие — Перевод между счетами,
2024,4,16.04.2024,"-1 180,00",[counterparty_hash:2a84eb0be0],,Содержание торговых точек,Выбытие
2024,4,16.04.2024,"-550,00",[counterparty_hash:2a84eb0be0],,Содержание торговых точек,Выбытие
2024,4,16.04.2024,"-101 100,00",,,Выбытие — Перевод между счетами,
2024,4,16.04.2024,"150,00",[counterparty_hash:335b2a2e9a],,Поступление денег с торг. точек,Поступление
2024,4,16.04.2024,"-0,60",[counterparty_hash:a079b1ede6],,Эквайринг,Выбытие
2024,4,16.04.2024,"799,00",[counterparty_hash:335b2a2e9a],,Поступление денег с торг. точек,Поступление
2024,4,16.04.2024,"-3,20",[counterparty_hash:a079b1ede6],,Эквайринг,Выбытие
2024,4,17.04.2024,"-1 128,03",[counterparty_hash:a079b1ede6],,Эквайринг,Выбытие
2024,4,17.04.2024,"75 192,15",[counterparty_hash:335b2a2e9a],,Поступление денег с торг. точек,Поступление
2024,4,17.04.2024,"1 099,00",[counterparty_hash:335b2a2e9a],,Поступление денег с торг. точек,Поступление
2024,4,17.04.2024,"-4,40",[counterparty_hash:a079b1ede6],,Эквайринг,Выбытие
2024,4,17.04.2024,"332,00",[counterparty_hash:335b2a2e9a],,Поступление денег с торг. точек,Поступление
2024,4,17.04.2024,"-1,33",[counterparty_hash:a079b1ede6],,Эквайринг,Выбытие
2024,4,17.04.2024,"-1 416,57",[counterparty_hash:2a84eb0be0],,Содержание торговых точек,Выбытие
2024,4,17.04.2024,"-3 731,25",[counterparty_hash:2a84eb0be0],,Оплата поставщикам ,Выбытие
2024,4,17.04.2024,"-2 069,19",[counterparty_hash:2a84eb0be0],,Расходы на питание персонала,Выбытие
2024,4,18.04.2024,"21 421,14",[counterparty_hash:335b2a2e9a],,Поступление денег с торг. точек,Поступление
2024,4,18.04.2024,"-18,70",[counterparty_hash:a079b1ede6],,Эквайринг,Выбытие
2024,4,19.04.2024,"27 567,45",[counterparty_hash:335b2a2e9a],,Поступление денег с торг. точек,Поступление
2024,4,19.04.2024,"-64,39",[counterparty_hash:a079b1ede6],,Эквайринг,Выбытие
2024,4,20.04.2024,"34 342,40",[counterparty_hash:335b2a2e9a],,Поступление денег с торг. точек,Поступление
2024,4,20.04.2024,"-21,63",[counterparty_hash:a079b1ede6],,Эквайринг,Выбытие
2024,4,21.04.2024,"29 760,62",[counterparty_hash:335b2a2e9a],,Поступление денег с торг. точек,Поступление
2024,4,21.04.2024,"-33,92",[counterparty_hash:a079b1ede6],,Эквайринг,Выбытие
2024,4,18.04.2024,"-732,05",[counterparty_hash:a079b1ede6],,Эквайринг,Выбытие
2024,4,18.04.2024,"48 793,65",[counterparty_hash:335b2a2e9a],,Поступление денег с торг. точек,Поступление
2024,4,18.04.2024,"-868,00",[counterparty_hash:10ad09b2bf],,Оплата поставщикам ,Выбытие
2024,4,18.04.2024,"-28,54",[counterparty_hash:10ad09b2bf],,Оплата поставщикам ,Выбытие
2024,4,18.04.2024,"-430,08",[counterparty_hash:2a84eb0be0],,Оплата поставщикам ,Выбытие
2024,4,18.04.2024,"-72,00",[counterparty_hash:2a84eb0be0],,Содержание торговых точек,Выбытие
2024,4,18.04.2024,"889,00",[counterparty_hash:335b2a2e9a],,Поступление денег с торг. точек,Поступление
2024,4,18.04.2024,"-3,56",[counterparty_hash:a079b1ede6],,Эквайринг,Выбытие
2024,4,18.04.2024,"-6 400,00",,[private_purpose_hash:86376d7500],Выбытие — Перевод между счетами,
2024,4,18.04.2024,"555,00",[counterparty_hash:335b2a2e9a],,Поступление денег с торг. точек,Поступление
2024,4,18.04.2024,"-2,22",[counterparty_hash:a079b1ede6],,Эквайринг,Выбытие
2024,4,19.04.2024,"-826,13",[counterparty_hash:a079b1ede6],,Эквайринг,Выбытие
2024,4,19.04.2024,"55 068,00",[counterparty_hash:335b2a2e9a],,Поступление денег с торг. точек,Поступление
2024,4,19.04.2024,"-33 199,58",[counterparty_hash:55d2a5f343],,Оплата поставщикам ,Выбытие
2024,4,19.04.2024,"-10 000,00",[counterparty_hash:6279bcc436],,SEO-оптимизация,Выбытие
2024,4,19.04.2024,"-4 343,12",[counterparty_hash:64b5ca4d90],,Оплата поставщикам ,Выбытие
2024,4,19.04.2024,"-59 936,92",[counterparty_hash:81088c4e1c],,Оплата поставщикам ,Выбытие
2024,4,19.04.2024,"-12 885,00",[counterparty_hash:e1cb4e2da2],,Оплаты систем автоматизации,Выбытие
2024,4,19.04.2024,"-31 505,90",[counterparty_hash:c7da8c8c1f],,Оплата поставщикам ,Выбытие
2024,4,19.04.2024,"-41 927,40",[counterparty_hash:4b0e39f45b],,Оплата поставщикам ,Выбытие
2024,4,19.04.2024,"-118 770,10",[counterparty_hash:01761130fc],,Оплата поставщикам ,Выбытие
2024,4,19.04.2024,"-38 186,63",[counterparty_hash:acffbdf399],,Оплата поставщикам ,Выбытие
2024,4,19.04.2024,"-13 500,00",,,Выбытие — Перевод между счетами,
2024,4,19.04.2024,"-3 993,74",[counterparty_hash:2a84eb0be0],,Оплата поставщикам ,Выбытие
2024,4,19.04.2024,"-564,06",[counterparty_hash:2a84eb0be0],,Расходы на питание персонала,Выбытие
2024,4,20.04.2024,"-1 668,82",[counterparty_hash:a079b1ede6],,Эквайринг,Выбытие
2024,4,20.04.2024,"111 240,00",[counterparty_hash:335b2a2e9a],,Поступление денег с торг. точек,Поступление
2024,4,20.04.2024,"1 921,00",[counterparty_hash:335b2a2e9a],,Поступление денег с торг. точек,Поступление
2024,4,20.04.2024,"-7,68",[counterparty_hash:a079b1ede6],,Эквайринг,Выбытие
2024,4,21.04.2024,"-1 755,12",[counterparty_hash:a079b1ede6],,Эквайринг,Выбытие
2024,4,21.04.2024,"116 993,00",[counterparty_hash:335b2a2e9a],,Поступление денег с торг. точек,Поступление
2024,4,21.04.2024,"-5 000,00",[counterparty_hash:810942d5fa],,Телекоммуникации,Выбытие
2024,4,21.04.2024,"2 301,00",[counterparty_hash:335b2a2e9a],,Поступление денег с торг. точек,Поступление
2024,4,21.04.2024,"-9,20",[counterparty_hash:a079b1ede6],,Эквайринг,Выбытие
2024,4,21.04.2024,"-15,49",[counterparty_hash:2a84eb0be0],,Содержание торговых точек,Выбытие
2024,4,21.04.2024,"-4 551,22",[counterparty_hash:2a84eb0be0],,Оплата поставщикам ,Выбытие
2024,4,21.04.2024,"-1 351,46",[counterparty_hash:2a84eb0be0],,Расходы на питание персонала,Выбытие
2024,4,19.04.2024,"13 500,00",,,Поступление — Перевод между счетами,
2024,4,19.04.2024,"-3 500,00",[counterparty_hash:856bc7fd96],,Зарплата производственного персонала,Выбытие
2024,4,18.04.2024,"-7 980,00",[counterparty_hash:856bc7fd96],,Курьерская служба -,Выбытие
2024,4,18.04.2024,"15 454,15",[counterparty_hash:335b2a2e9a],,Поступление денег с торг. точек,Поступление
2024,4,19.04.2024,"-10 082,00",[counterparty_hash:2a84eb0be0],,Оплата поставщикам ,Выбытие
2024,4,19.04.2024,"-13 060,00",[counterparty_hash:856bc7fd96],,Курьерская служба -,Выбытие
2024,4,19.04.2024,"21 764,00",[counterparty_hash:335b2a2e9a],,Поступление денег с торг. точек,Поступление
2024,4,20.04.2024,"-14 780,00",[counterparty_hash:856bc7fd96],,Курьерская служба -,Выбытие
2024,4,20.04.2024,"36 940,90",[counterparty_hash:335b2a2e9a],,Поступление денег с торг. точек,Поступление
2024,4,21.04.2024,"-7 174,00",[counterparty_hash:2a84eb0be0],,Оплата поставщикам ,Выбытие
2024,4,21.04.2024,"-513,00",[counterparty_hash:10ad09b2bf],,Оплата поставщикам ,Выбытие
2024,4,21.04.2024,"-97,00",[counterparty_hash:2a84eb0be0],,Расходы на питание персонала,Выбытие
2024,4,21.04.2024,"-12 540,00",[counterparty_hash:856bc7fd96],,Курьерская служба -,Выбытие
2024,4,21.04.2024,"32 101,80",[counterparty_hash:335b2a2e9a],,Поступление денег с торг. точек,Поступление
2024,4,22.04.2024,"19 171,83",[counterparty_hash:335b2a2e9a],,Поступление денег с торг. точек,Поступление
2024,4,22.04.2024,"-17,42",[counterparty_hash:a079b1ede6],,Эквайринг,Выбытие
2024,4,22.04.2024,"-273 000,00",,,Выбытие — Перевод между счетами,
2024,4,23.04.2024,"7 823,45",[counterparty_hash:335b2a2e9a],,Поступление денег с торг. точек,Поступление
2024,4,23.04.2024,"-10,17",[counterparty_hash:a079b1ede6],,Эквайринг,Выбытие
2024,4,24.04.2024,"11 743,08",[counterparty_hash:335b2a2e9a],,Поступление денег с торг. точек,Поступление
2024,4,24.04.2024,"-22,41",[counterparty_hash:a079b1ede6],,Эквайринг,Выбытие
2024,4,25.04.2024,"31 524,18",[counterparty_hash:335b2a2e9a],,Поступление денег с торг. точек,Поступление
2024,4,25.04.2024,"-60,27",[counterparty_hash:a079b1ede6],,Эквайринг,Выбытие
2024,4,26.04.2024,"25 005,49",[counterparty_hash:335b2a2e9a],,Поступление денег с торг. точек,Поступление
2024,4,26.04.2024,"-30,47",[counterparty_hash:a079b1ede6],,Эквайринг,Выбытие
2024,4,26.04.2024,"-71 000,00",,,Выбытие — Перевод между счетами,
2024,4,27.04.2024,"26 328,92",[counterparty_hash:335b2a2e9a],,Поступление денег с торг. точек,Поступление
2024,4,27.04.2024,"-56,83",[counterparty_hash:a079b1ede6],,Эквайринг,Выбытие
2024,4,28.04.2024,"38 126,85",[counterparty_hash:335b2a2e9a],,Поступление денег с торг. точек,Поступление
2024,4,28.04.2024,"-32,79",[counterparty_hash:a079b1ede6],,Эквайринг,Выбытие
2024,4,22.04.2024,"-1 244,20",[counterparty_hash:a079b1ede6],,Эквайринг,Выбытие
2024,4,22.04.2024,"-1 000,00",[counterparty_hash:a079b1ede6],,Возвраты клиентам,Выбытие
2024,4,22.04.2024,"82 934,00",[counterparty_hash:335b2a2e9a],,Поступление денег с торг. точек,Поступление
2024,4,22.04.2024,"430,00",[counterparty_hash:335b2a2e9a],,Поступление денег с торг. точек,Поступление
2024,4,22.04.2024,"-1,72",[counterparty_hash:a079b1ede6],,Эквайринг,Выбытие
2024,4,22.04.2024,"-85,00",[counterparty_hash:a079b1ede6],,Эквайринг,Выбытие
2024,4,22.04.2024,"273 000,00",,,Поступление — Перевод между счетами,
2024,4,22.04.2024,"710,00",[counterparty_hash:335b2a2e9a],,Поступление денег с торг. точек,Поступление
2024,4,22.04.2024,"-2,84",[counterparty_hash:a079b1ede6],,Эквайринг,Выбытие
2024,4,22.04.2024,"-1 990,00",[counterparty_hash:a079b1ede6],,РКО,Выбытие
2024,4,22.04.2024,"-99,00",[counterparty_hash:a079b1ede6],,РКО,Выбытие
2024,4,22.04.2024,"-990,00",[counterparty_hash:a079b1ede6],,РКО,Выбытие
2024,4,23.04.2024,"-837,97",[counterparty_hash:a079b1ede6],,Эквайринг,Выбытие
2024,4,22.04.2024,"-86,00",[counterparty_hash:2a84eb0be0],,Расходы на питание персонала,Выбытие
2024,4,22.04.2024,"-3 502,00",[counterparty_hash:2a84eb0be0],,Содержание торговых точек,Выбытие
2024,4,23.04.2024,"55 855,00",[counterparty_hash:335b2a2e9a],,Поступление денег с торг. точек,Поступление
2024,4,23.04.2024,"-15 000,00",,[private_purpose_hash:b02a24bf66],Расходы на персонал,Выбытие
2024,4,23.04.2024,"-101 300,00",,,Выбытие — Перевод между счетами,
2024,4,23.04.2024,"-500,00",,,Выбытие — Перевод между счетами,
2024,4,23.04.2024,"-965,96",[counterparty_hash:2a84eb0be0],,Оплата поставщикам ,Выбытие
2024,4,23.04.2024,"-705,41",[counterparty_hash:2a84eb0be0],,Содержание торговых точек,Выбытие
2024,4,23.04.2024,"-2 246,71",[counterparty_hash:2a84eb0be0],,Расходы на питание персонала,Выбытие
2024,4,24.04.2024,"-824,80",[counterparty_hash:a079b1ede6],,Эквайринг,Выбытие
2024,4,24.04.2024,"54 979,00",[counterparty_hash:335b2a2e9a],,Поступление денег с торг. точек,Поступление
2024,4,24.04.2024,"-86 000,00",,,Выбытие — Перевод между счетами,
2024,4,25.04.2024,"-755,64",[counterparty_hash:a079b1ede6],,Эквайринг,Выбытие
2024,4,25.04.2024,"50 366,00",[counterparty_hash:335b2a2e9a],,Поступление денег с торг. точек,Поступление
2024,4,25.04.2024,"-1 499,72",,[private_purpose_hash:b02a24bf66],Расходы на персонал,Выбытие
2024,4,25.04.2024,"-288,00",,[private_purpose_hash:b02a24bf66],Расходы на персонал,Выбытие
2024,4,24.04.2024,"-368,13",[counterparty_hash:10ad09b2bf],,Оплата поставщикам ,Выбытие
2024,4,25.04.2024,"-150,00",,[private_purpose_hash:b02a24bf66],Расходы на персонал,Выбытие
2024,4,25.04.2024,"-270,00",,[private_purpose_hash:b02a24bf66],Расходы на персонал,Выбытие
2024,4,25.04.2024,"-120,00",,[private_purpose_hash:b02a24bf66],Расходы на персонал,Выбытие
2024,4,25.04.2024,"-200,00",,[private_purpose_hash:b02a24bf66],Расходы на персонал,Выбытие
2024,4,25.04.2024,"-221,19",[counterparty_hash:10ad09b2bf],,Оплата поставщикам ,Выбытие
2024,4,25.04.2024,"-310,00",,[private_purpose_hash:b02a24bf66],Расходы на персонал,Выбытие
2024,4,25.04.2024,"-220,00",,[private_purpose_hash:b02a24bf66],Расходы на персонал,Выбытие
2024,4,25.04.2024,"-220,00",,[private_purpose_hash:b02a24bf66],Расходы на персонал,Выбытие
2024,4,25.04.2024,"-350,00",,[private_purpose_hash:b02a24bf66],Расходы на персонал,Выбытие
2024,4,25.04.2024,"-34 800,00",[counterparty_hash:81088c4e1c],,Оплата поставщикам ,Выбытие
2024,4,25.04.2024,"-49 450,81",[counterparty_hash:4b0e39f45b],,Оплата поставщикам ,Выбытие
2024,4,25.04.2024,"-85 000,00",[counterparty_hash:2d609b655e],,Контекстная реклама,Выбытие
2024,4,25.04.2024,"-60 705,68",[counterparty_hash:81088c4e1c],,Оплата поставщикам ,Выбытие
2024,4,25.04.2024,"-29 334,62",[counterparty_hash:acffbdf399],,Оплата поставщикам ,Выбытие
2024,4,25.04.2024,"-105 278,10",[counterparty_hash:01761130fc],,Оплата поставщикам ,Выбытие
2024,4,25.04.2024,"-6 000,00",[counterparty_hash:3b5286b1f7],,Комиссия агрегатору,Выбытие
2024,4,25.04.2024,"-75 000,00",[counterparty_hash:168e057bae],,Услуги ФД и НК,Выбытие
2024,4,25.04.2024,"-29 523,71",[counterparty_hash:55d2a5f343],,Оплата поставщикам ,Выбытие
2024,4,25.04.2024,"-250,00",,[private_purpose_hash:b02a24bf66],Расходы на персонал,Выбытие
2024,4,25.04.2024,"-1 579,95",[counterparty_hash:2a84eb0be0],,Расходы на питание персонала,Выбытие
2024,4,25.04.2024,"-6 736,06",[counterparty_hash:2a84eb0be0],,Оплата поставщикам ,Выбытие
2024,4,25.04.2024,"-461,66",[counterparty_hash:2a84eb0be0],,Содержание торговых точек,Выбытие
2024,4,26.04.2024,"-854,08",[counterparty_hash:a079b1ede6],,Эквайринг,Выбытие
2024,4,26.04.2024,"56 930,00",[counterparty_hash:335b2a2e9a],,Поступление денег с торг. точек,Поступление
2024,4,26.04.2024,"-19 000,00",,,Выбытие — Перевод между счетами,
2024,4,26.04.2024,"-890,00",,[private_purpose_hash:b02a24bf66],Расходы на персонал,Выбытие
2024,4,26.04.2024,"71 000,00",,,Поступление — Перевод между счетами,
2024,4,26.04.2024,"829,00",[counterparty_hash:335b2a2e9a],,Поступление денег с торг. точек,Поступление
2024,4,26.04.2024,"-3,32",[counterparty_hash:a079b1ede6],,Эквайринг,Выбытие
2024,4,26.04.2024,"-730,00",,[private_purpose_hash:b02a24bf66],Расходы на персонал,Выбытие
2024,4,26.04.2024,"999,00",[counterparty_hash:335b2a2e9a],,Поступление денег с торг. точек,Поступление
2024,4,26.04.2024,"-4,00",[counterparty_hash:a079b1ede6],,Эквайринг,Выбытие
2024,4,26.04.2024,"1 232,00",[counterparty_hash:335b2a2e9a],,Поступление денег с торг. точек,Поступление
2024,4,26.04.2024,"-4,93",[counterparty_hash:a079b1ede6],,Эквайринг,Выбытие
2024,4,26.04.2024,"-1 034,00",,[private_purpose_hash:b02a24bf66],Расходы на персонал,Выбытие
2024,4,26.04.2024,"-1 999,00",,[private_purpose_hash:b02a24bf66],Расходы на персонал,Выбытие
2024,4,26.04.2024,"-674,00",,[private_purpose_hash:b02a24bf66],Расходы на персонал,Выбытие
2024,4,26.04.2024,"-634,00",,[private_purpose_hash:b02a24bf66],Расходы на персонал,Выбытие
2024,4,27.04.2024,"-1 193,95",[counterparty_hash:a079b1ede6],,Эквайринг,Выбытие
2024,4,27.04.2024,"79 586,00",[counterparty_hash:335b2a2e9a],,Поступление денег с торг. точек,Поступление
2024,4,27.04.2024,"-960,00",[counterparty_hash:a079b1ede6],,Эквайринг,Выбытие
2024,4,27.04.2024,"-780,00",,[private_purpose_hash:b02a24bf66],Расходы на персонал,Выбытие
2024,4,27.04.2024,"-15 703,00",,[private_purpose_hash:b02a24bf66],Расходы на персонал,Выбытие
2024,4,27.04.2024,"-3 008,00",,[private_purpose_hash:b02a24bf66],Расходы на персонал,Выбытие
2024,4,27.04.2024,"-1,00",,[private_purpose_hash:b02a24bf66],Расходы на персонал,Выбытие
2024,4,27.04.2024,"-2 460,00",,[private_purpose_hash:b02a24bf66],Расходы на персонал,Выбытие
2024,4,27.04.2024,"811,00",[counterparty_hash:335b2a2e9a],,Поступление денег с торг. точек,Поступление
2024,4,27.04.2024,"-3,24",[counterparty_hash:a079b1ede6],,Эквайринг,Выбытие
2024,4,27.04.2024,"25,00",[counterparty_hash:335b2a2e9a],,Поступление денег с торг. точек,Поступление
2024,4,27.04.2024,"-0,10",[counterparty_hash:a079b1ede6],,Эквайринг,Выбытие
2024,4,27.04.2024,"-341,93",[counterparty_hash:2a84eb0be0],,Содержание торговых точек,Выбытие
2024,4,27.04.2024,"-4 571,94",[counterparty_hash:2a84eb0be0],,Оплата поставщикам ,Выбытие
2024,4,27.04.2024,"-692,69",[counterparty_hash:2a84eb0be0],,Расходы на питание персонала,Выбытие
2024,4,28.04.2024,"-2 124,10",[counterparty_hash:a079b1ede6],,Эквайринг,Выбытие
2024,4,28.04.2024,"-1 226,00",[counterparty_hash:a079b1ede6],,Возвраты клиентам,Выбытие
2024,4,28.04.2024,"141 587,00",[counterparty_hash:335b2a2e9a],,Поступление денег с торг. точек,Поступление
2024,4,28.04.2024,"-118,80",,[private_purpose_hash:b02a24bf66],Расходы на персонал,Выбытие
2024,4,28.04.2024,"-1 094,00",,[private_purpose_hash:b02a24bf66],Расходы на персонал,Выбытие
2024,4,28.04.2024,"-440,00",,[private_purpose_hash:b02a24bf66],Расходы на персонал,Выбытие
2024,4,28.04.2024,"-444,00",,[private_purpose_hash:b02a24bf66],Расходы на персонал,Выбытие
2024,4,28.04.2024,"-270,00",,[private_purpose_hash:b02a24bf66],Расходы на персонал,Выбытие
2024,4,28.04.2024,"625,00",[counterparty_hash:335b2a2e9a],,Поступление денег с торг. точек,Поступление
2024,4,28.04.2024,"-2,50",[counterparty_hash:a079b1ede6],,Эквайринг,Выбытие
2024,4,28.04.2024,"-243,00",,[private_purpose_hash:b02a24bf66],Расходы на персонал,Выбытие
2024,4,28.04.2024,"-270,00",,[private_purpose_hash:b02a24bf66],Расходы на персонал,Выбытие
2024,4,28.04.2024,"-350,00",,[private_purpose_hash:b02a24bf66],Расходы на персонал,Выбытие
2024,4,28.04.2024,"-300,00",,[private_purpose_hash:b02a24bf66],Расходы на персонал,Выбытие
2024,4,28.04.2024,"-130,00",,[private_purpose_hash:b02a24bf66],Расходы на персонал,Выбытие
2024,4,28.04.2024,"-1 293,00",,[private_purpose_hash:b02a24bf66],Расходы на персонал,Выбытие
2024,4,28.04.2024,"-1 999,71",,[private_purpose_hash:b02a24bf66],Расходы на персонал,Выбытие
2024,4,28.04.2024,"-738,00",,[private_purpose_hash:b02a24bf66],Расходы на персонал,Выбытие
2024,4,28.04.2024,"-200,00",,[private_purpose_hash:b02a24bf66],Расходы на персонал,Выбытие
2024,4,28.04.2024,"-200,00",,[private_purpose_hash:b02a24bf66],Расходы на персонал,Выбытие
2024,4,28.04.2024,"-550,00",,[private_purpose_hash:b02a24bf66],Расходы на персонал,Выбытие
2024,4,28.04.2024,"-250,00",,[private_purpose_hash:b02a24bf66],Расходы на персонал,Выбытие
2024,4,28.04.2024,"-236,61",,[private_purpose_hash:b02a24bf66],Расходы на персонал,Выбытие
2024,4,28.04.2024,"-219,98",,[private_purpose_hash:b02a24bf66],Расходы на персонал,Выбытие
2024,4,28.04.2024,"-898,27",[counterparty_hash:2a84eb0be0],,Оплата поставщикам ,Выбытие
2024,4,18.04.2024,"6 400,00",,,Поступление — Перевод между счетами,
2024,4,18.04.2024,"-6 400,00",[counterparty_hash:7518be4ba8],,Содержание торговых точек,Выбытие
2024,4,19.04.2024,"13 500,00",,,Поступление — Перевод между счетами,
2024,4,19.04.2024,"-13 500,00",,,Выбытие — Перевод между счетами,
2024,4,22.04.2024,"-1 278,30",[counterparty_hash:a079b1ede6],,РКО,Выбытие
2024,4,23.04.2024,"-101 500,00",,,Выбытие — Перевод между счетами,
2024,4,23.04.2024,"500,00",,,Поступление — Перевод между счетами,
2024,4,23.04.2024,"101 300,00",,,Поступление — Перевод между счетами,
2024,4,24.04.2024,"86 000,00",,,Поступление — Перевод между счетами,
2024,4,24.04.2024,"-85 990,00",[counterparty_hash:48d0f61ee3],,Аренда торговых точек,Выбытие
2024,4,26.04.2024,"19 000,00",,,Поступление — Перевод между счетами,
2024,4,26.04.2024,"-19 000,00",[counterparty_hash:913fe52b19],,Зарплата административного персонала,Выбытие
2024,4,27.04.2024,"-619,47",[counterparty_hash:a079b1ede6],,Эквайринг,Выбытие
2024,4,23.04.2024,"101 500,00",,,Поступление — Перевод между счетами,
2024,4,24.04.2024,"-2 000,00",[counterparty_hash:e0e7137bcf],,Оплата поставщикам ,Выбытие
2024,4,24.04.2024,"-136 300,00",[counterparty_hash:856bc7fd96],,Зарплата производственного персонала,Выбытие
2024,4,28.04.2024,"7 150,00",,[private_purpose_hash:dbef0750b9],Прочие поступления,Поступление
2024,4,20.04.2024,"-900,00",[counterparty_hash:e0e7137bcf],,Транспортные услуги,Выбытие
2024,4,20.04.2024,"-1 000,00",[counterparty_hash:856bc7fd96],,Содержание торговых точек,Выбытие
2024,4,13.04.2024,"-900,00",[counterparty_hash:e0e7137bcf],,Транспортные услуги,Выбытие
2024,4,21.04.2024,"-198,52",,,Корретировки кассы -,Выбытие
2024,4,22.04.2024,"-1 000,00",[counterparty_hash:e0e7137bcf],,Транспортные услуги,Выбытие
2024,4,22.04.2024,"-9 370,00",[counterparty_hash:856bc7fd96],,Курьерская служба -,Выбытие
2024,4,22.04.2024,"21 732,15",[counterparty_hash:335b2a2e9a],,Поступление денег с торг. точек,Поступление
2024,4,23.04.2024,"-5 655,00",[counterparty_hash:856bc7fd96],,Курьерская служба -,Выбытие
2024,4,23.04.2024,"14 665,00",[counterparty_hash:335b2a2e9a],,Поступление денег с торг. точек,Поступление
2024,4,23.04.2024,"-8 420,00",[counterparty_hash:856bc7fd96],,Курьерская служба -,Выбытие
2024,4,23.04.2024,"-1 500,00",[counterparty_hash:7518be4ba8],,Содержание торговых точек,Выбытие
2024,4,23.04.2024,"-34 800,00",,,Выбытие — Перевод между счетами,
2024,4,23.04.2024,"34 800,00",,,Поступление — Перевод между счетами,
2024,4,24.04.2024,"-8 440,00",[counterparty_hash:856bc7fd96],,Курьерская служба -,Выбытие
2024,4,24.04.2024,"11 579,00",[counterparty_hash:335b2a2e9a],,Поступление денег с торг. точек,Поступление
2024,4,25.04.2024,"-10 500,00",[counterparty_hash:856bc7fd96],,Курьерская служба -,Выбытие
2024,4,25.04.2024,"-10 004,00",[counterparty_hash:2a84eb0be0],,Оплата поставщикам ,Выбытие
2024,4,25.04.2024,"19 937,00",[counterparty_hash:335b2a2e9a],,Поступление денег с торг. точек,Поступление
2024,4,26.04.2024,"-10 960,00",[counterparty_hash:856bc7fd96],,Курьерская служба -,Выбытие
2024,4,26.04.2024,"26 093,00",[counterparty_hash:335b2a2e9a],,Поступление денег с торг. точек,Поступление
2024,4,27.04.2024,"-6 038,00",[counterparty_hash:2a84eb0be0],,Оплата поставщикам ,Выбытие
2024,4,27.04.2024,"-95,00",[counterparty_hash:2a84eb0be0],,Расходы на питание персонала,Выбытие
2024,4,27.04.2024,"-15 110,00",[counterparty_hash:856bc7fd96],,Курьерская служба -,Выбытие
2024,4,27.04.2024,"28 861,00",[counterparty_hash:335b2a2e9a],,Поступление денег с торг. точек,Поступление
2024,4,28.04.2024,"-13 500,00",[counterparty_hash:856bc7fd96],,Курьерская служба -,Выбытие
2024,4,28.04.2024,"19 148,00",[counterparty_hash:335b2a2e9a],,Поступление денег с торг. точек,Поступление
2024,4,29.04.2024,"28 232,41",[counterparty_hash:335b2a2e9a],,Поступление денег с торг. точек,Поступление
2024,4,29.04.2024,"-24,54",[counterparty_hash:a079b1ede6],,Эквайринг,Выбытие
2024,4,29.04.2024,"-1 743,07",[counterparty_hash:a079b1ede6],,Эквайринг,Выбытие
2024,4,29.04.2024,"116 187,75",[counterparty_hash:335b2a2e9a],,Поступление денег с торг. точек,Поступление
2024,4,29.04.2024,"-999,81",,[private_purpose_hash:b02a24bf66],Расходы на персонал,Выбытие
2024,4,29.04.2024,"-145,00",,[private_purpose_hash:b02a24bf66],Расходы на персонал,Выбытие
2024,4,29.04.2024,"-1 706,63",[counterparty_hash:10ad09b2bf],,Оплата поставщикам ,Выбытие
2024,4,29.04.2024,"-16 377,62",[counterparty_hash:2a84eb0be0],,Оплата поставщикам ,Выбытие
2024,4,29.04.2024,"-27,99",[counterparty_hash:2a84eb0be0],,Содержание торговых точек,Выбытие
2024,4,29.04.2024,"-954,92",[counterparty_hash:2a84eb0be0],,Расходы на питание персонала,Выбытие
2024,4,29.04.2024,"27 950,00",,,Поступление — Перевод между счетами,
2024,4,29.04.2024,"-5 896,80",[counterparty_hash:24d4f68d8f],,Оплата поставщикам ,Выбытие
2024,4,29.04.2024,"-6 764,00",[counterparty_hash:1340ea64e9],,Оплата поставщикам ,Выбытие
2024,4,29.04.2024,"-6 096,50",[counterparty_hash:1340ea64e9],,Оплата поставщикам ,Выбытие
2024,4,29.04.2024,"-11 500,00",[counterparty_hash:856bc7fd96],,Курьерская служба -,Выбытие
2024,4,29.04.2024,"-4,00",,,Корретировки кассы -,Выбытие
2024,4,29.04.2024,"26 504,00",[counterparty_hash:335b2a2e9a],,Поступление денег с торг. точек,Поступление
2024,4,29.04.2024,"-127,00",[counterparty_hash:2a84eb0be0],,Расходы на питание персонала,Выбытие
2024,4,29.04.2024,"-12 735,00",[counterparty_hash:2a84eb0be0],,Оплата поставщикам ,Выбытие
2024,4,29.04.2024,"-27 950,00",,,Выбытие — Перевод между счетами,
2024,4,30.04.2024,"-2 000,00",[counterparty_hash:7518be4ba8],[private_purpose_hash:5508649179],Содержание торговых точек,Выбытие
2024,4,30.04.2024,"-900,00",[counterparty_hash:e0e7137bcf],,Оплата поставщикам ,Выбытие
2024,4,30.04.2024,"-12 640,00",[counterparty_hash:856bc7fd96],,Курьерская служба -,Выбытие
2024,4,30.04.2024,"23 475,00",[counterparty_hash:335b2a2e9a],,Поступление денег с торг. точек,Поступление
2024,4,30.04.2024,"19 570,00",,,Поступление — Перевод между счетами,
2024,4,29.04.2024,"131 205,00",[counterparty_hash:8009e18a18],,Поступление денег с торг. точек,Поступление
2024,4,30.04.2024,"-149 575,00",[counterparty_hash:856bc7fd96],,Зарплата производственного персонала,Выбытие
2024,4,30.04.2024,"-10 400,00",[counterparty_hash:768e87a312],[private_purpose_hash:ed90e8dad1],Расходы на персонал,Выбытие
2024,4,30.04.2024,"-1 000,00",[counterparty_hash:b2b25bc0ee],,Поиск и найм персонала,Выбытие
2024,4,20.04.2024,"-99,00",[counterparty_hash:a079b1ede6],,РКО,Выбытие
2024,4,20.04.2024,"-100,00",[counterparty_hash:a079b1ede6],,РКО,Выбытие
2024,4,30.04.2024,"100 000,00",,,Поступление — Перевод между счетами,
2024,4,30.04.2024,"19 570,00",,,Поступление — Перевод между счетами,
2024,4,30.04.2024,"-100 000,00",[counterparty_hash:48d0f61ee3],,Аренда торговых точек,Выбытие
2024,4,30.04.2024,"-19 570,00",,,Выбытие — Перевод между счетами,
2024,4,30.04.2024,"600,00",,,Прочие поступления,Поступление
2024,4,30.04.2024,"38 348,43",[counterparty_hash:335b2a2e9a],,Поступление денег с торг. точек,Поступление
2024,4,30.04.2024,"-91,61",[counterparty_hash:a079b1ede6],,Эквайринг,Выбытие
2024,4,30.04.2024,"-865,12",[counterparty_hash:a079b1ede6],,Эквайринг,Выбытие
2024,4,30.04.2024,"80 996,00",[counterparty_hash:335b2a2e9a],,Поступление денег с торг. точек,Поступление
2024,4,30.04.2024,"-5 000,00",[counterparty_hash:810942d5fa],,Телекоммуникации,Выбытие
2024,4,30.04.2024,"-100 000,00",,,Выбытие — Перевод между счетами,
2024,4,30.04.2024,"-19 570,00",,,Выбытие — Перевод между счетами,
2024,4,30.04.2024,"-60,00",[counterparty_hash:856bc7fd96],[private_purpose_hash:b02a24bf66],Расходы на персонал,Выбытие
2024,4,30.04.2024,"-1 520,52",[counterparty_hash:2a84eb0be0],,Оплата поставщикам ,Выбытие
2024,5,01.05.2024,"-6 000,00",[counterparty_hash:856bc7fd96],,Содержание торговых точек,Выбытие
2024,5,01.05.2024,"-11 935,00",[counterparty_hash:2a84eb0be0],,Оплата поставщикам ,Выбытие
2024,5,01.05.2024,"-900,00",[counterparty_hash:e0e7137bcf],,Оплата поставщикам ,Выбытие
2024,5,01.05.2024,"-12 150,00",[counterparty_hash:856bc7fd96],,Курьерская служба -,Выбытие
2024,5,01.05.2024,"-1 000,00",[counterparty_hash:e0e7137bcf],,Транспортные услуги,Выбытие
2024,5,01.05.2024,"28 221,00",[counterparty_hash:335b2a2e9a],,Поступление денег с торг. точек,Поступление
2024,5,01.05.2024,"-4 000,00",[counterparty_hash:48d0f61ee3],,Аренда склада,Выбытие
2024,5,01.05.2024,"43 000,00",,,Поступление — Перевод между счетами,
2024,5,01.05.2024,"-24 000,00",[counterparty_hash:856bc7fd96],,Зарплата административного персонала,Выбытие
2024,5,01.05.2024,"-15 000,00",[counterparty_hash:856bc7fd96],,Зарплата административного персонала,Выбытие
2024,5,01.05.2024,"27 151,77",[counterparty_hash:335b2a2e9a],,Поступление денег с торг. точек,Поступление
2024,5,02.05.2024,"22 066,22",[counterparty_hash:335b2a2e9a],,Поступление денег с торг. точек,Поступление
2024,5,01.05.2024,"-8,77",[counterparty_hash:a079b1ede6],,Эквайринг,Выбытие
2024,5,02.05.2024,"-9,72",[counterparty_hash:a079b1ede6],,Эквайринг,Выбытие
2024,5,01.05.2024,"-1 277,37",[counterparty_hash:a079b1ede6],,Эквайринг,Выбытие
2024,5,01.05.2024,"85 144,15",[counterparty_hash:335b2a2e9a],,Поступление денег с торг. точек,Поступление
2024,5,01.05.2024,"-43 000,00",,,Выбытие — Перевод между счетами,
2024,5,01.05.2024,"150,00",[counterparty_hash:335b2a2e9a],,Поступление денег с торг. точек,Поступление
2024,5,01.05.2024,"-0,60",[counterparty_hash:a079b1ede6],,Эквайринг,Выбытие
2024,5,01.05.2024,"-15 725,20",[counterparty_hash:2a84eb0be0],,Оплата поставщикам ,Выбытие
2024,5,01.05.2024,"-35,97",[counterparty_hash:2a84eb0be0],,Содержание торговых точек,Выбытие
2024,5,01.05.2024,"-825,63",[counterparty_hash:2a84eb0be0],,Расходы на питание персонала,Выбытие
2024,5,02.05.2024,"-1 499,48",[counterparty_hash:a079b1ede6],,Эквайринг,Выбытие
2024,5,02.05.2024,"99 951,00",[counterparty_hash:335b2a2e9a],,Поступление денег с торг. точек,Поступление
2024,5,02.05.2024,"-2 187,00",[counterparty_hash:2a84eb0be0],,Оплата поставщикам ,Выбытие
2024,5,03.05.2024,"18 003,80",[counterparty_hash:335b2a2e9a],,Поступление денег с торг. точек,Поступление
2024,5,03.05.2024,"-38,87",[counterparty_hash:a079b1ede6],,Эквайринг,Выбытие
2024,5,04.05.2024,"24 656,18",[counterparty_hash:335b2a2e9a],,Поступление денег с торг. точек,Поступление
2024,5,04.05.2024,"-33,90",[counterparty_hash:a079b1ede6],,Эквайринг,Выбытие
2024,5,05.05.2024,"26 676,73",[counterparty_hash:335b2a2e9a],,Поступление денег с торг. точек,Поступление
2024,5,05.05.2024,"-34,37",[counterparty_hash:a079b1ede6],,Эквайринг,Выбытие
2024,5,03.05.2024,"-881,49",[counterparty_hash:a079b1ede6],,Эквайринг,Выбытие
2024,5,03.05.2024,"58 759,00",[counterparty_hash:335b2a2e9a],,Поступление денег с торг. точек,Поступление
2024,5,03.05.2024,"-8 331,34",[counterparty_hash:10ad09b2bf],,Оплата поставщикам ,Выбытие
2024,5,03.05.2024,"-1 000,00",[counterparty_hash:b2d09b6565],,Аренда торговых точек,Выбытие
2024,5,03.05.2024,"-105 230,00",[counterparty_hash:01761130fc],,Оплата поставщикам ,Выбытие
2024,5,03.05.2024,"-57 303,64",[counterparty_hash:acffbdf399],,Оплата поставщикам ,Выбытие
2024,5,03.05.2024,"-7 092,00",[counterparty_hash:81088c4e1c],,Оплата поставщикам ,Выбытие
2024,5,03.05.2024,"-2 365,92",[counterparty_hash:64b5ca4d90],,Оплата поставщикам ,Выбытие
2024,5,03.05.2024,"-675,98",[counterparty_hash:9a7ac913a7],,Аренда торговых точек,Выбытие
2024,5,03.05.2024,"-48 610,24",[counterparty_hash:81088c4e1c],,Оплата поставщикам ,Выбытие
2024,5,03.05.2024,"-2 400,00",[counterparty_hash:2c9dd7c496],,Телекоммуникации,Выбытие
2024,5,03.05.2024,"-21 947,18",[counterparty_hash:55d2a5f343],,Оплата поставщикам ,Выбытие
2024,5,03.05.2024,"-28 124,65",[counterparty_hash:c7da8c8c1f],,Оплата поставщикам ,Выбытие
2024,5,03.05.2024,"-3 662,95",[counterparty_hash:9a7ac913a7],,Аренда торговых точек,Выбытие
2024,5,03.05.2024,"-44 439,80",[counterparty_hash:4b0e39f45b],,Оплата поставщикам ,Выбытие
2024,5,03.05.2024,"-4 000,00",[counterparty_hash:b2d09b6565],,Аренда торговых точек,Выбытие
2024,5,03.05.2024,"-30 000,00",[counterparty_hash:913fe52b19],,Зарплата административного персонала,Выбытие
2024,5,03.05.2024,"-62 000,00",[counterparty_hash:9d002889b3],,Зарплата административного персонала,Выбытие
2024,5,03.05.2024,"-60 522,00",[counterparty_hash:48d0f61ee3],,Аренда торговых точек,Выбытие
2024,5,03.05.2024,"-17 800,00",,,Выбытие — Перевод между счетами,
2024,5,03.05.2024,"-152,00",[counterparty_hash:10ad09b2bf],,Оплата поставщикам ,Выбытие
2024,5,03.05.2024,"1 079,00",[counterparty_hash:335b2a2e9a],,Поступление денег с торг. точек,Поступление
2024,5,03.05.2024,"-4,32",[counterparty_hash:a079b1ede6],,Эквайринг,Выбытие
2024,5,03.05.2024,"-4 554,01",[counterparty_hash:2a84eb0be0],,Оплата поставщикам ,Выбытие
2024,5,03.05.2024,"-620,88",[counterparty_hash:2a84eb0be0],,Содержание торговых точек,Выбытие
2024,5,03.05.2024,"-2 211,05",[counterparty_hash:2a84eb0be0],,Расходы на питание персонала,Выбытие
2024,5,04.05.2024,"-1 403,15",[counterparty_hash:a079b1ede6],,Эквайринг,Выбытие
2024,5,04.05.2024,"93 530,00",[counterparty_hash:335b2a2e9a],,Поступление денег с торг. точек,Поступление
2024,5,04.05.2024,"670,00",[counterparty_hash:335b2a2e9a],,Поступление денег с торг. точек,Поступление
2024,5,04.05.2024,"-2,68",[counterparty_hash:a079b1ede6],,Эквайринг,Выбытие
2024,5,04.05.2024,"2 623,00",[counterparty_hash:335b2a2e9a],,Поступление денег с торг. точек,Поступление
2024,5,04.05.2024,"-10,49",[counterparty_hash:a079b1ede6],,Эквайринг,Выбытие
2024,5,04.05.2024,"199,00",[counterparty_hash:335b2a2e9a],,Поступление денег с торг. точек,Поступление
2024,5,04.05.2024,"-0,80",[counterparty_hash:a079b1ede6],,Эквайринг,Выбытие
2024,5,05.05.2024,"88 671,00",[counterparty_hash:335b2a2e9a],,Поступление денег с торг. точек,Поступление
2024,5,05.05.2024,"-1 330,26",[counterparty_hash:a079b1ede6],,Эквайринг,Выбытие
2024,5,05.05.2024,"250,00",[counterparty_hash:335b2a2e9a],,Поступление денег с торг. точек,Поступление
2024,5,05.05.2024,"-1,00",[counterparty_hash:a079b1ede6],,Эквайринг,Выбытие
2024,5,05.05.2024,"-4 644,48",[counterparty_hash:2a84eb0be0],,Оплата поставщикам ,Выбытие
2024,5,05.05.2024,"-30,97",[counterparty_hash:2a84eb0be0],,Содержание торговых точек,Выбытие
2024,5,05.05.2024,"-2 250,05",[counterparty_hash:2a84eb0be0],,Расходы на питание персонала,Выбытие
2024,5,03.05.2024,"-2 000,00",[counterparty_hash:e0e7137bcf],,Оплата поставщикам ,Выбытие
2024,5,02.05.2024,"-6 696,00",[counterparty_hash:1340ea64e9],,Оплата поставщикам ,Выбытие
2024,5,02.05.2024,"-6 980,00",[counterparty_hash:856bc7fd96],,Курьерская служба -,Выбытие
2024,5,02.05.2024,"11 046,00",[counterparty_hash:335b2a2e9a],,Поступление денег с торг. точек,Поступление
2024,5,03.05.2024,"-8 124,00",[counterparty_hash:2a84eb0be0],,Оплата поставщикам ,Выбытие
2024,5,03.05.2024,"-11 200,00",[counterparty_hash:856bc7fd96],,Курьерская служба -,Выбытие
2024,5,03.05.2024,"16 427,15",[counterparty_hash:335b2a2e9a],,Поступление денег с торг. точек,Поступление
2024,5,04.05.2024,"-11 740,00",[counterparty_hash:856bc7fd96],,Курьерская служба -,Выбытие
2024,5,04.05.2024,"20 435,85",[counterparty_hash:335b2a2e9a],,Поступление денег с торг. точек,Поступление
2024,5,05.05.2024,"-6 576,00",[counterparty_hash:2a84eb0be0],,Оплата поставщикам ,Выбытие
2024,5,05.05.2024,"-124,00",[counterparty_hash:2a84eb0be0],,Расходы на питание персонала,Выбытие
2024,5,05.05.2024,"-10 400,00",[counterparty_hash:856bc7fd96],,Курьерская служба -,Выбытие
2024,5,05.05.2024,"30 095,15",[counterparty_hash:335b2a2e9a],,Поступление денег с торг. точек,Поступление
2024,5,07.05.2024,"5 000,00",[counterparty_hash:856bc7fd96],[private_purpose_hash:f3074eda47],Курьерская служба +,Поступление
2024,5,06.05.2024,"20 253,91",[counterparty_hash:335b2a2e9a],,Поступление денег с торг. точек,Поступление
2024,5,06.05.2024,"-14,19",[counterparty_hash:a079b1ede6],,Эквайринг,Выбытие
2024,5,07.05.2024,"15 222,56",[counterparty_hash:335b2a2e9a],,Поступление денег с торг. точек,Поступление
2024,5,07.05.2024,"-22,20",[counterparty_hash:a079b1ede6],,Эквайринг,Выбытие
2024,5,07.05.2024,"-287 000,00",,,Выбытие — Перевод между счетами,
2024,5,06.05.2024,"-1 235,74",[counterparty_hash:a079b1ede6],,Эквайринг,Выбытие
2024,5,06.05.2024,"82 370,00",[counterparty_hash:335b2a2e9a],,Поступление денег с торг. точек,Поступление
2024,5,06.05.2024,"-399,00",[counterparty_hash:2a84eb0be0],,Содержание торговых точек,Выбытие
2024,5,06.05.2024,"646,00",[counterparty_hash:335b2a2e9a],,Поступление денег с торг. точек,Поступление
2024,5,06.05.2024,"-2,58",[counterparty_hash:a079b1ede6],,Эквайринг,Выбытие
2024,5,06.05.2024,"-103,98",[counterparty_hash:2a84eb0be0],,Расходы на питание персонала,Выбытие
2024,5,07.05.2024,"-897,85",[counterparty_hash:a079b1ede6],,Эквайринг,Выбытие
2024,5,07.05.2024,"59 847,00",[counterparty_hash:335b2a2e9a],,Поступление денег с торг. точек,Поступление
2024,5,07.05.2024,"-28 000,00",[counterparty_hash:5825737bc2],,Прочие маркетинговые услуги,Выбытие
2024,5,07.05.2024,"-565,00",[counterparty_hash:b2d09b6565],,Аренда торговых точек,Выбытие
2024,5,07.05.2024,"287 000,00",,,Поступление — Перевод между счетами,
2024,5,07.05.2024,"-88 884,00",[counterparty_hash:4e9e5a80a9],,Сайт и приложение,Выбытие
2024,5,07.05.2024,"-153 490,00",,,Выбытие — Перевод между счетами,
2024,5,07.05.2024,"-1 134,25",[counterparty_hash:2a84eb0be0],,Расходы на питание персонала,Выбытие
2024,5,07.05.2024,"-117,95",[counterparty_hash:2a84eb0be0],,Содержание торговых точек,Выбытие
2024,5,07.05.2024,"-3 967,02",[counterparty_hash:2a84eb0be0],,Оплата поставщикам ,Выбытие
2024,5,06.05.2024,"30 000,00",,,Поступление — Перевод между счетами,
2024,5,06.05.2024,"-1 000,00",[counterparty_hash:f76017a261],,Транспортные услуги,Выбытие
2024,5,07.05.2024,"-1 500,00",,,Выбытие — Перевод между счетами,
2024,5,07.05.2024,"153 490,00",,,Поступление — Перевод между счетами,
2024,5,07.05.2024,"-2 000,00",[counterparty_hash:e0e7137bcf],,Оплата поставщикам ,Выбытие
2024,5,07.05.2024,"-9 346,68",[counterparty_hash:24d4f68d8f],,Оплата поставщикам ,Выбытие
2024,5,07.05.2024,"-1 000,00",[counterparty_hash:856bc7fd96],,Содержание торговых точек,Выбытие
2024,5,07.05.2024,"-134 990,00",[counterparty_hash:856bc7fd96],,Зарплата производственного персонала,Выбытие
2024,5,06.05.2024,"-30 000,00",,,Выбытие — Перевод между счетами,
2024,5,06.05.2024,"-8 720,00",[counterparty_hash:856bc7fd96],,Курьерская служба -,Выбытие
2024,5,06.05.2024,"-1 350,00",[counterparty_hash:e0e7137bcf],,Транспортные услуги,Выбытие
2024,5,06.05.2024,"13 785,00",[counterparty_hash:335b2a2e9a],,Поступление денег с торг. точек,Поступление
2024,5,07.05.2024,"1 500,00",,,Поступление — Перевод между счетами,
2024,5,07.05.2024,"-5 904,90",[counterparty_hash:1340ea64e9],,Оплата поставщикам ,Выбытие
2024,5,07.05.2024,"-5 208,00",[counterparty_hash:2a84eb0be0],,Оплата поставщикам ,Выбытие
2024,5,07.05.2024,"-7 620,00",[counterparty_hash:856bc7fd96],,Курьерская служба -,Выбытие
2024,5,07.05.2024,"5 534,00",[counterparty_hash:335b2a2e9a],,Поступление денег с торг. точек,Поступление
2024,5,02.05.2024,"-684,54",[counterparty_hash:a079b1ede6],,Оплаты по кредитам и займам,Выбытие
2024,5,03.05.2024,"-17,77",[counterparty_hash:a079b1ede6],,Оплаты по кредитам и займам,Выбытие
2024,5,03.05.2024,"-17 774,46",[counterparty_hash:a079b1ede6],,Оплаты по кредитам и займам,Выбытие
2024,5,03.05.2024,"17 800,00",,,Поступление — Перевод между счетами,
2024,5,08.05.2024,"-888,28",[counterparty_hash:a079b1ede6],,Эквайринг,Выбытие
2024,5,08.05.2024,"59 210,00",[counterparty_hash:335b2a2e9a],,Поступление денег с торг. точек,Поступление
2024,5,08.05.2024,"-5 000,00",[counterparty_hash:810942d5fa],,Телекоммуникации,Выбытие
2024,5,08.05.2024,"1 079,00",[counterparty_hash:335b2a2e9a],,Поступление денег с торг. точек,Поступление
2024,5,08.05.2024,"-4,32",[counterparty_hash:a079b1ede6],,Эквайринг,Выбытие
2024,5,08.05.2024,"31 989,99",[counterparty_hash:335b2a2e9a],,Поступление денег с торг. точек,Поступление
2024,5,08.05.2024,"-93,35",[counterparty_hash:a079b1ede6],,Эквайринг,Выбытие
2024,5,08.05.2024,"-15 530,00",[counterparty_hash:856bc7fd96],,Курьерская служба -,Выбытие
2024,5,08.05.2024,"22 947,00",[counterparty_hash:335b2a2e9a],,Поступление денег с торг. точек,Поступление
2024,5,09.05.2024,"-600,00",[counterparty_hash:10ad09b2bf],,Оплата поставщикам ,Выбытие
2024,5,09.05.2024,"-229,98",[counterparty_hash:2a84eb0be0],,Оплата поставщикам ,Выбытие
2024,5,09.05.2024,"-1 500,00",[counterparty_hash:8128ee60c8],,Прочие маркетинговые услуги,Выбытие
2024,5,09.05.2024,"-34 900,00",[counterparty_hash:856bc7fd96],,Зарплата производственного персонала,Выбытие
2024,5,09.05.2024,"-12 368,00",[counterparty_hash:2a84eb0be0],,Оплата поставщикам ,Выбытие
2024,5,09.05.2024,"-124,00",[counterparty_hash:2a84eb0be0],,Расходы на питание персонала,Выбытие
2024,5,09.05.2024,"-94,15",,,Корретировки кассы -,Выбытие
2024,5,09.05.2024,"-16 720,00",[counterparty_hash:856bc7fd96],,Курьерская служба -,Выбытие
2024,5,09.05.2024,"28 267,00",[counterparty_hash:335b2a2e9a],,Поступление денег с торг. точек,Поступление
2024,5,09.05.2024,"31 967,32",[counterparty_hash:335b2a2e9a],,Поступление денег с торг. точек,Поступление
2024,5,09.05.2024,"-53,70",[counterparty_hash:a079b1ede6],,Эквайринг,Выбытие
2024,5,09.05.2024,"-2 057,86",[counterparty_hash:a079b1ede6],,Эквайринг,Выбытие
2024,5,09.05.2024,"137 174,00",[counterparty_hash:335b2a2e9a],,Поступление денег с торг. точек,Поступление
2024,5,09.05.2024,"-329,99",[counterparty_hash:2a84eb0be0],,Оплата поставщикам ,Выбытие
2024,5,09.05.2024,"-560,50",[counterparty_hash:2a84eb0be0],,Оплата поставщикам ,Выбытие
2024,5,09.05.2024,"-352,96",[counterparty_hash:2a84eb0be0],,Оплата поставщикам ,Выбытие
2024,5,09.05.2024,"370,00",[counterparty_hash:335b2a2e9a],,Поступление денег с торг. точек,Поступление
2024,5,09.05.2024,"-1,48",[counterparty_hash:a079b1ede6],,Эквайринг,Выбытие
2024,5,09.05.2024,"1 199,00",[counterparty_hash:335b2a2e9a],,Поступление денег с торг. точек,Поступление
2024,5,09.05.2024,"-4,80",[counterparty_hash:a079b1ede6],,Эквайринг,Выбытие
2024,5,09.05.2024,"-193,94",[counterparty_hash:2a84eb0be0],,Содержание торговых точек,Выбытие
2024,5,09.05.2024,"-1 760,91",[counterparty_hash:2a84eb0be0],,Расходы на питание персонала,Выбытие
2024,5,09.05.2024,"-6 897,65",[counterparty_hash:2a84eb0be0],,Оплата поставщикам ,Выбытие
2024,5,10.05.2024,"-2 565,12",[counterparty_hash:a079b1ede6],,Эквайринг,Выбытие
2024,5,10.05.2024,"-4 000,00",[counterparty_hash:e467eaefc4],,Оплаты систем автоматизации,Выбытие
2024,5,10.05.2024,"-6 000,00",[counterparty_hash:e467eaefc4],,Оплаты систем автоматизации,Выбытие
2024,5,10.05.2024,"-30 800,00",[counterparty_hash:0d03ab834a],,Листовки,Выбытие
2024,5,10.05.2024,"170 980,00",[counterparty_hash:335b2a2e9a],,Поступление денег с торг. точек,Поступление
2024,5,10.05.2024,"-113 452,50",[counterparty_hash:01761130fc],,Оплата поставщикам ,Выбытие
2024,5,10.05.2024,"-5 664,00",[counterparty_hash:81088c4e1c],,Оплата поставщикам ,Выбытие
2024,5,10.05.2024,"-24 730,64",[counterparty_hash:55d2a5f343],,Оплата поставщикам ,Выбытие
2024,5,10.05.2024,"-56 771,38",[counterparty_hash:4b0e39f45b],,Оплата поставщикам ,Выбытие
2024,5,10.05.2024,"-75 275,23",[counterparty_hash:81088c4e1c],,Оплата поставщикам ,Выбытие
2024,5,10.05.2024,"-14 529,19",[counterparty_hash:10ad09b2bf],,Оплата поставщикам ,Выбытие
2024,5,10.05.2024,"-54 969,00",[counterparty_hash:48d0f61ee3],,Аренда торговых точек,Выбытие
2024,5,10.05.2024,"-30 000,00",,,Выбытие — Перевод между счетами,
2024,5,10.05.2024,"1 898,00",[counterparty_hash:335b2a2e9a],,Поступление денег с торг. точек,Поступление
2024,5,10.05.2024,"-7,59",[counterparty_hash:a079b1ede6],,Эквайринг,Выбытие
2024,5,10.05.2024,"999,00",[counterparty_hash:335b2a2e9a],,Поступление денег с торг. точек,Поступление
2024,5,10.05.2024,"-4,00",[counterparty_hash:a079b1ede6],,Эквайринг,Выбытие
2024,5,11.05.2024,"-1 140,99",[counterparty_hash:a079b1ede6],,Эквайринг,Выбытие
2024,5,11.05.2024,"76 053,00",[counterparty_hash:335b2a2e9a],,Поступление денег с торг. точек,Поступление
2024,5,11.05.2024,"894,00",[counterparty_hash:335b2a2e9a],,Поступление денег с торг. точек,Поступление
2024,5,11.05.2024,"-3,58",[counterparty_hash:a079b1ede6],,Эквайринг,Выбытие
2024,5,11.05.2024,"525,00",[counterparty_hash:335b2a2e9a],,Поступление денег с торг. точек,Поступление
2024,5,11.05.2024,"-2,10",[counterparty_hash:a079b1ede6],,Эквайринг,Выбытие
2024,5,11.05.2024,"-290,66",[counterparty_hash:2a84eb0be0],,Содержание торговых точек,Выбытие
2024,5,11.05.2024,"-1 702,72",[counterparty_hash:2a84eb0be0],,Расходы на питание персонала,Выбытие
2024,5,11.05.2024,"-8 141,31",[counterparty_hash:2a84eb0be0],,Оплата поставщикам ,Выбытие
2024,5,12.05.2024,"-1 397,14",[counterparty_hash:a079b1ede6],,Эквайринг,Выбытие
2024,5,12.05.2024,"93 130,00",[counterparty_hash:335b2a2e9a],,Поступление денег с торг. точек,Поступление
2024,5,12.05.2024,"1 690,00",[counterparty_hash:335b2a2e9a],,Поступление денег с торг. точек,Поступление
2024,5,12.05.2024,"-6,76",[counterparty_hash:a079b1ede6],,Эквайринг,Выбытие
2024,5,12.05.2024,"720,00",[counterparty_hash:335b2a2e9a],,Поступление денег с торг. точек,Поступление
2024,5,12.05.2024,"-2,88",[counterparty_hash:a079b1ede6],,Эквайринг,Выбытие
2024,5,12.05.2024,"560,00",[counterparty_hash:335b2a2e9a],,Поступление денег с торг. точек,Поступление
2024,5,12.05.2024,"-2,24",[counterparty_hash:a079b1ede6],,Эквайринг,Выбытие
2024,5,12.05.2024,"-2 267,92",[counterparty_hash:2a84eb0be0],,Оплата поставщикам ,Выбытие
2024,5,10.05.2024,"28 133,93",[counterparty_hash:335b2a2e9a],,Поступление денег с торг. точек,Поступление
2024,5,10.05.2024,"-35,73",[counterparty_hash:a079b1ede6],,Эквайринг,Выбытие
2024,5,10.05.2024,"-299,00",[counterparty_hash:a079b1ede6],,РКО,Выбытие
2024,5,11.05.2024,"33 869,63",[counterparty_hash:335b2a2e9a],,Поступление денег с торг. точек,Поступление
2024,5,11.05.2024,"-48,53",[counterparty_hash:a079b1ede6],,Эквайринг,Выбытие
2024,5,12.05.2024,"17 051,78",[counterparty_hash:335b2a2e9a],,Поступление денег с торг. точек,Поступление
2024,5,12.05.2024,"-24,12",[counterparty_hash:a079b1ede6],,Эквайринг,Выбытие
2024,5,10.05.2024,"-11 500,00",[counterparty_hash:856bc7fd96],,Курьерская служба -,Выбытие
2024,5,10.05.2024,"30 542,00",[counterparty_hash:335b2a2e9a],,Поступление денег с торг. точек,Поступление
2024,5,10.05.2024,"-0,10",,,Корретировки кассы -,Выбытие
2024,5,11.05.2024,"-5 731,00",[counterparty_hash:2a84eb0be0],,Оплата поставщикам ,Выбытие
2024,5,11.05.2024,"-110,00",[counterparty_hash:2a84eb0be0],,Расходы на питание персонала,Выбытие
2024,5,11.05.2024,"-11 520,00",[counterparty_hash:856bc7fd96],,Курьерская служба -,Выбытие
2024,5,11.05.2024,"27 607,25",[counterparty_hash:335b2a2e9a],,Поступление денег с торг. точек,Поступление
2024,5,12.05.2024,"-1 350,00",[counterparty_hash:e0e7137bcf],,Транспортные услуги,Выбытие
2024,5,12.05.2024,"-12 620,00",[counterparty_hash:856bc7fd96],,Курьерская служба -,Выбытие
2024,5,12.05.2024,"14 685,00",[counterparty_hash:335b2a2e9a],,Поступление денег с торг. точек,Поступление
2024,5,13.05.2024,"-49,00",[counterparty_hash:2a84eb0be0],,Содержание торговых точек,Выбытие
2024,5,13.05.2024,"-25 600,00",,,Выбытие — Перевод между счетами,
2024,5,13.05.2024,"-5 108,00",[counterparty_hash:2a84eb0be0],,Оплата поставщикам ,Выбытие
2024,5,13.05.2024,"-9 600,00",[counterparty_hash:856bc7fd96],,Курьерская служба -,Выбытие
2024,5,13.05.2024,"19 220,75",[counterparty_hash:335b2a2e9a],,Поступление денег с торг. точек,Поступление
2024,5,14.05.2024,"-5 000,00",,,Выбытие — Перевод между счетами,
2024,5,14.05.2024,"-8 640,00",[counterparty_hash:856bc7fd96],,Курьерская служба -,Выбытие
2024,5,14.05.2024,"15 642,00",[counterparty_hash:335b2a2e9a],,Поступление денег с торг. точек,Поступление
2024,5,13.05.2024,"25 600,00",,,Поступление — Перевод между счетами,
2024,5,13.05.2024,"-10 400,00",[counterparty_hash:856bc7fd96],,Зарплата производственного персонала,Выбытие
2024,5,14.05.2024,"5 000,00",,,Поступление — Перевод между счетами,
2024,5,14.05.2024,"135 850,00",,,Поступление — Перевод между счетами,
2024,5,14.05.2024,"-1 600,00",[counterparty_hash:7d88c914c2],[private_purpose_hash:2772dde3fc],Аренда торговых точек,Выбытие
2024,5,14.05.2024,"-8 000,00",[counterparty_hash:768e87a312],[private_purpose_hash:6496fb8d17],Печатные материалы,Выбытие
2024,5,14.05.2024,"-2 000,00",[counterparty_hash:e0e7137bcf],,Оплата поставщикам ,Выбытие
2024,5,14.05.2024,"-145 650,00",[counterparty_hash:856bc7fd96],,Зарплата производственного персонала,Выбытие
2024,5,13.05.2024,"19 715,67",[counterparty_hash:335b2a2e9a],,Поступление денег с торг. точек,Поступление
2024,5,14.05.2024,"15 309,61",[counterparty_hash:335b2a2e9a],,Поступление денег с торг. точек,Поступление
2024,5,13.05.2024,"-29,58",[counterparty_hash:a079b1ede6],,Эквайринг,Выбытие
2024,5,14.05.2024,"-9,49",[counterparty_hash:a079b1ede6],,Эквайринг,Выбытие
2024,5,10.05.2024,"30 000,00",,,Поступление — Перевод между счетами,
2024,5,10.05.2024,"-30 000,00",[counterparty_hash:913fe52b19],,Зарплата административного персонала,Выбытие
2024,5,14.05.2024,"-7,77",[counterparty_hash:a079b1ede6],,РКО,Выбытие
2024,5,14.05.2024,"-968,64",[counterparty_hash:a079b1ede6],,РКО,Выбытие
2024,5,14.05.2024,"-135 850,00",,,Выбытие — Перевод между счетами,
2024,5,14.05.2024,"143 950,00",,,Поступление — Перевод между счетами,
2024,5,13.05.2024,"108 250,00",[counterparty_hash:335b2a2e9a],,Поступление денег с торг. точек,Поступление
2024,5,13.05.2024,"-1 623,99",[counterparty_hash:a079b1ede6],,Эквайринг,Выбытие
2024,5,13.05.2024,"-2 888,10",[counterparty_hash:2a84eb0be0],,Расходы на питание персонала,Выбытие
2024,5,13.05.2024,"-10 301,42",[counterparty_hash:2a84eb0be0],,Оплата поставщикам ,Выбытие
2024,5,13.05.2024,"-935,87",[counterparty_hash:2a84eb0be0],,Содержание торговых точек,Выбытие
2024,5,13.05.2024,"-2 352,00",[counterparty_hash:10ad09b2bf],,Оплата поставщикам ,Выбытие
2024,5,14.05.2024,"-1 038,67",[counterparty_hash:a079b1ede6],,Эквайринг,Выбытие
2024,5,14.05.2024,"69 235,00",[counterparty_hash:335b2a2e9a],,Поступление денег с торг. точек,Поступление
2024,5,14.05.2024,"-1 027,54",[counterparty_hash:10ad09b2bf],,Оплата поставщикам ,Выбытие
2024,5,14.05.2024,"-95,00",[counterparty_hash:2a84eb0be0],,Содержание офиса,Выбытие
2024,5,14.05.2024,"-143 950,00",,,Выбытие — Перевод между счетами,
2024,5,14.05.2024,"-96 600,00",[counterparty_hash:961b1c31cb],,Оплата поставщикам ,Выбытие
2024,5,14.05.2024,"-129,95",[counterparty_hash:2a84eb0be0],,Оплата поставщикам ,Выбытие
2024,5,14.05.2024,"-1 049,97",[counterparty_hash:2a84eb0be0],,Расходы на питание персонала,Выбытие
2024,5,14.05.2024,"-13,98",[counterparty_hash:2a84eb0be0],,Содержание торговых точек,Выбытие
2024,5,15.05.2024,"12 447,05",[counterparty_hash:335b2a2e9a],,Поступление денег с торг. точек,Поступление
2024,5,15.05.2024,"-18,96",[counterparty_hash:a079b1ede6],,Эквайринг,Выбытие
2024,5,15.05.2024,"70 567,00",[counterparty_hash:335b2a2e9a],,Поступление денег с торг. точек,Поступление
2024,5,15.05.2024,"-1 058,63",[counterparty_hash:a079b1ede6],,Эквайринг,Выбытие
2024,5,15.05.2024,"-60 000,00",,,Выбытие — Перевод между счетами,
2024,5,15.05.2024,"940,00",[counterparty_hash:335b2a2e9a],,Поступление денег с торг. точек,Поступление
2024,5,15.05.2024,"-3,76",[counterparty_hash:a079b1ede6],,Эквайринг,Выбытие
2024,5,15.05.2024,"1 499,00",[counterparty_hash:335b2a2e9a],,Поступление денег с торг. точек,Поступление
2024,5,15.05.2024,"-6,00",[counterparty_hash:a079b1ede6],,Эквайринг,Выбытие
2024,5,15.05.2024,"-124,20",[counterparty_hash:10ad09b2bf],,Оплата поставщикам ,Выбытие
2024,5,15.05.2024,"-10 993,95",[counterparty_hash:2a84eb0be0],,Оплата поставщикам ,Выбытие
2024,5,15.05.2024,"-1 944,50",[counterparty_hash:2a84eb0be0],,Расходы на питание персонала,Выбытие
2024,5,15.05.2024,"-1 208,00",[counterparty_hash:4e9e5a80a9],,Сайт и приложение,Выбытие
2024,5,15.05.2024,"-142,97",[counterparty_hash:2a84eb0be0],,Содержание торговых точек,Выбытие
2024,5,15.05.2024,"60 000,00",,,Поступление — Перевод между счетами,
2024,5,15.05.2024,"-5 000,00",[counterparty_hash:856bc7fd96],,Зарплата производственного персонала,Выбытие
2024,5,15.05.2024,"-15 000,00",[counterparty_hash:856bc7fd96],[private_purpose_hash:190d1d8594],Зарплата административного персонала,Выбытие
2024,5,15.05.2024,"-25 000,00",[counterparty_hash:856bc7fd96],[private_purpose_hash:45cd59f265],Зарплата административного персонала,Выбытие
2024,5,15.05.2024,"-15 000,00",[counterparty_hash:856bc7fd96],,Содержание торговых точек,Выбытие
2024,5,15.05.2024,"-4 000,00",[counterparty_hash:856bc7fd96],,Содержание торговых точек,Выбытие
2024,5,15.05.2024,"-112,00",[counterparty_hash:2a84eb0be0],,Расходы на питание персонала,Выбытие
2024,5,15.05.2024,"-8 471,00",[counterparty_hash:2a84eb0be0],,Оплата поставщикам ,Выбытие
2024,5,15.05.2024,"-10 040,00",[counterparty_hash:856bc7fd96],,Курьерская служба -,Выбытие
2024,5,15.05.2024,"19 980,00",[counterparty_hash:335b2a2e9a],,Поступление денег с торг. точек,Поступление
2024,5,16.05.2024,"-10 320,00",[counterparty_hash:856bc7fd96],,Курьерская служба -,Выбытие
2024,5,16.05.2024,"19 635,00",[counterparty_hash:335b2a2e9a],,Поступление денег с торг. точек,Поступление
2024,5,16.05.2024,"-5 736,00",[counterparty_hash:1340ea64e9],,Оплата поставщикам ,Выбытие
2024,5,16.05.2024,"31 778,79",[counterparty_hash:335b2a2e9a],,Поступление денег с торг. точек,Поступление
2024,5,16.05.2024,"-222 000,00",,,Выбытие — Перевод между счетами,
2024,5,16.05.2024,"-17,43",[counterparty_hash:a079b1ede6],,Эквайринг,Выбытие
2024,5,16.05.2024,"59 754,00",[counterparty_hash:335b2a2e9a],,Поступление денег с торг. точек,Поступление
2024,5,16.05.2024,"-896,44",[counterparty_hash:a079b1ede6],,Эквайринг,Выбытие
2024,5,16.05.2024,"-216 000,00",[counterparty_hash:a079b1ede6],,Выбытие — Перевод между счетами,
2024,5,16.05.2024,"222 000,00",,,Поступление — Перевод между счетами,
2024,5,16.05.2024,"2 069,00",[counterparty_hash:335b2a2e9a],,Поступление денег с торг. точек,Поступление
2024,5,16.05.2024,"-8,28",[counterparty_hash:a079b1ede6],,Эквайринг,Выбытие
2024,5,16.05.2024,"870,00",[counterparty_hash:335b2a2e9a],,Поступление денег с торг. точек,Поступление
2024,5,16.05.2024,"-3,48",[counterparty_hash:a079b1ede6],,Эквайринг,Выбытие
2024,5,16.05.2024,"2 328,00",[counterparty_hash:335b2a2e9a],,Поступление денег с торг. точек,Поступление
2024,5,16.05.2024,"-9,31",[counterparty_hash:a079b1ede6],,Эквайринг,Выбытие
2024,5,17.05.2024,"18 377,51",[counterparty_hash:335b2a2e9a],,Поступление денег с торг. точек,Поступление
2024,5,17.05.2024,"-25,08",[counterparty_hash:a079b1ede6],,Эквайринг,Выбытие
2024,5,18.05.2024,"30 643,73",[counterparty_hash:335b2a2e9a],,Поступление денег с торг. точек,Поступление
2024,5,18.05.2024,"-39,32",[counterparty_hash:a079b1ede6],,Эквайринг,Выбытие
2024,5,19.05.2024,"37 683,60",[counterparty_hash:335b2a2e9a],,Поступление денег с торг. точек,Поступление
2024,5,19.05.2024,"-17,00",[counterparty_hash:a079b1ede6],,Эквайринг,Выбытие
2024,5,16.05.2024,"-2 000,00",[counterparty_hash:f76017a261],,Транспортные услуги,Выбытие
2024,5,17.05.2024,"25 382,00",[counterparty_hash:335b2a2e9a],,Поступление денег с торг. точек,Поступление
2024,5,17.05.2024,"-13 660,00",[counterparty_hash:856bc7fd96],,Курьерская служба -,Выбытие
2024,5,17.05.2024,"-9 605,00",[counterparty_hash:2a84eb0be0],,Оплата поставщикам ,Выбытие
2024,5,17.05.2024,"-160,00",[counterparty_hash:2a84eb0be0],,Расходы на питание персонала,Выбытие
2024,5,17.05.2024,"-80,00",[counterparty_hash:2a84eb0be0],,Расходы на питание персонала,Выбытие
2024,5,18.05.2024,"-13 000,00",[counterparty_hash:856bc7fd96],,Курьерская служба -,Выбытие
2024,5,18.05.2024,"24 405,00",[counterparty_hash:335b2a2e9a],,Поступление денег с торг. точек,Поступление
2024,5,19.05.2024,"-5 129,00",[counterparty_hash:2a84eb0be0],,Оплата поставщикам ,Выбытие
2024,5,19.05.2024,"-1 350,00",[counterparty_hash:e0e7137bcf],,Транспортные услуги,Выбытие
2024,5,19.05.2024,"24 758,00",[counterparty_hash:335b2a2e9a],,Поступление денег с торг. точек,Поступление
2024,5,19.05.2024,"-13 470,00",[counterparty_hash:856bc7fd96],,Курьерская служба -,Выбытие
2024,5,17.05.2024,"70 844,00",[counterparty_hash:335b2a2e9a],,Поступление денег с торг. точек,Поступление
2024,5,17.05.2024,"-1 062,83",[counterparty_hash:a079b1ede6],,Эквайринг,Выбытие
2024,5,17.05.2024,"-5 000,00",[counterparty_hash:810942d5fa],,Телекоммуникации,Выбытие
2024,5,17.05.2024,"1 069,00",[counterparty_hash:335b2a2e9a],,Поступление денег с торг. точек,Поступление
2024,5,17.05.2024,"-4,28",[counterparty_hash:a079b1ede6],,Эквайринг,Выбытие
2024,5,17.05.2024,"300,00",[counterparty_hash:335b2a2e9a],,Поступление денег с торг. точек,Поступление
2024,5,17.05.2024,"-1,20",[counterparty_hash:a079b1ede6],,Эквайринг,Выбытие
2024,5,17.05.2024,"-4 245,82",[counterparty_hash:2a84eb0be0],,Оплата поставщикам ,Выбытие
2024,5,17.05.2024,"-1 909,94",[counterparty_hash:2a84eb0be0],,Расходы на питание персонала,Выбытие
2024,5,17.05.2024,"-42,95",[counterparty_hash:2a84eb0be0],,Содержание торговых точек,Выбытие
2024,5,18.05.2024,"-7 518,00",[counterparty_hash:81088c4e1c],,Оплата поставщикам ,Выбытие
2024,5,18.05.2024,"132 408,95",[counterparty_hash:335b2a2e9a],,Поступление денег с торг. точек,Поступление
2024,5,18.05.2024,"-1 986,39",[counterparty_hash:a079b1ede6],,Эквайринг,Выбытие
2024,5,18.05.2024,"-24 894,11",[counterparty_hash:acffbdf399],,Оплата поставщикам ,Выбытие
2024,5,18.05.2024,"-149 014,30",[counterparty_hash:01761130fc],,Оплата поставщикам ,Выбытие
2024,5,18.05.2024,"-3 757,80",[counterparty_hash:10ad09b2bf],,Оплата поставщикам ,Выбытие
2024,5,18.05.2024,"310,00",[counterparty_hash:335b2a2e9a],,Поступление денег с торг. точек,Поступление
2024,5,18.05.2024,"-1,24",[counterparty_hash:a079b1ede6],,Эквайринг,Выбытие
2024,5,18.05.2024,"1 289,00",[counterparty_hash:335b2a2e9a],,Поступление денег с торг. точек,Поступление
2024,5,18.05.2024,"-5,16",[counterparty_hash:a079b1ede6],,Эквайринг,Выбытие
2024,5,18.05.2024,"719,00",[counterparty_hash:335b2a2e9a],,Поступление денег с торг. точек,Поступление
2024,5,18.05.2024,"-2,88",[counterparty_hash:a079b1ede6],,Эквайринг,Выбытие
2024,5,18.05.2024,"-54 178,80",[counterparty_hash:4b0e39f45b],,Оплата поставщикам ,Выбытие
2024,5,18.05.2024,"-31 934,85",[counterparty_hash:55d2a5f343],,Оплата поставщикам ,Выбытие
2024,5,18.05.2024,"-23 062,00",[counterparty_hash:c7da8c8c1f],,Оплата поставщикам ,Выбытие
2024,5,18.05.2024,"-58 670,43",[counterparty_hash:81088c4e1c],,Оплата поставщикам ,Выбытие
2024,5,18.05.2024,"-4 807,68",[counterparty_hash:64b5ca4d90],,Оплата поставщикам ,Выбытие
2024,5,19.05.2024,"90 859,00",[counterparty_hash:335b2a2e9a],,Поступление денег с торг. точек,Поступление
2024,5,19.05.2024,"-1 363,09",[counterparty_hash:a079b1ede6],,Эквайринг,Выбытие
2024,5,19.05.2024,"1 185,00",[counterparty_hash:335b2a2e9a],,Поступление денег с торг. точек,Поступление
2024,5,19.05.2024,"-4,74",[counterparty_hash:a079b1ede6],,Эквайринг,Выбытие
2024,5,19.05.2024,"-717,84",[counterparty_hash:2a84eb0be0],,Содержание торговых точек,Выбытие
2024,5,19.05.2024,"-1 651,49",[counterparty_hash:2a84eb0be0],,Расходы на питание персонала,Выбытие
2024,5,19.05.2024,"-2 494,94",[counterparty_hash:10ad09b2bf],,Оплата поставщикам ,Выбытие
2024,5,19.05.2024,"-3 578,69",[counterparty_hash:2a84eb0be0],,Оплата поставщикам ,Выбытие
2024,5,19.05.2024,"-480,00",[counterparty_hash:2a84eb0be0],,Содержание торговых точек,Выбытие
2024,5,20.05.2024,"3 000,00",[counterparty_hash:856bc7fd96],[private_purpose_hash:b8fbb6262c],Курьерская служба +,Поступление
2024,5,20.05.2024,"-2 500,00",[counterparty_hash:856bc7fd96],[private_purpose_hash:b8fbb6262c],Курьерская служба -,Выбытие
2024,5,20.05.2024,"-500,00",,,Выбытие — Перевод между счетами,
2024,5,20.05.2024,"500,00",,,Поступление — Перевод между счетами,
2024,5,21.05.2024,"128 170,00",,,Поступление — Перевод между счетами,
2024,5,21.05.2024,"20 000,00",,,Поступление — Перевод между счетами,
2024,5,21.05.2024,"-2 000,00",[counterparty_hash:e0e7137bcf],,Оплата поставщикам ,Выбытие
2024,5,21.05.2024,"-146 170,00",[counterparty_hash:856bc7fd96],,Зарплата производственного персонала,Выбытие
2024,5,20.05.2024,"-8 120,00",[counterparty_hash:856bc7fd96],,Курьерская служба -,Выбытие
2024,5,20.05.2024,"7 318,00",[counterparty_hash:335b2a2e9a],,Поступление денег с торг. точек,Поступление
2024,5,21.05.2024,"-8 360,00",[counterparty_hash:856bc7fd96],,Курьерская служба -,Выбытие
2024,5,21.05.2024,"19 105,00",[counterparty_hash:335b2a2e9a],,Поступление денег с торг. точек,Поступление
2024,5,21.05.2024,"-5 011,00",[counterparty_hash:2a84eb0be0],,Оплата поставщикам ,Выбытие
2024,5,21.05.2024,"-86,00",[counterparty_hash:2a84eb0be0],,Расходы на питание персонала,Выбытие
2024,5,21.05.2024,"-20 000,00",,,Выбытие — Перевод между счетами,
2024,5,16.05.2024,"-108,00",,,Корретировки кассы -,Выбытие
2024,5,17.05.2024,"-3 816,00",[counterparty_hash:64b5ca4d90],,Оплата поставщикам ,Выбытие
2024,5,19.05.2024,"-1 500,00",[counterparty_hash:7518be4ba8],[private_purpose_hash:a5ac1e72e3],Содержание торговых точек,Выбытие
2024,5,20.05.2024,"20 273,13",[counterparty_hash:335b2a2e9a],,Поступление денег с торг. точек,Поступление
2024,5,20.05.2024,"-33,41",[counterparty_hash:a079b1ede6],,Эквайринг,Выбытие
2024,5,21.05.2024,"15 851,51",[counterparty_hash:335b2a2e9a],,Поступление денег с торг. точек,Поступление
2024,5,21.05.2024,"-14,37",[counterparty_hash:a079b1ede6],,Эквайринг,Выбытие
2024,5,16.05.2024,"216 000,00",,,Поступление — Перевод между счетами,
2024,5,16.05.2024,"-145 000,00",[counterparty_hash:a079b1ede6],,Оплаты по кредитам и займам,Выбытие
2024,5,16.05.2024,"-35 500,00",[counterparty_hash:913fe52b19],,Дивиденды,Выбытие
2024,5,16.05.2024,"-35 500,00",[counterparty_hash:9d002889b3],,Дивиденды,Выбытие
2024,5,21.05.2024,"-648,00",[counterparty_hash:a079b1ede6],,РКО,Выбытие
2024,5,21.05.2024,"128 170,00",,,Поступление — Перевод между счетами,
2024,5,21.05.2024,"-128 170,00",,,Выбытие — Перевод между счетами,
2024,5,20.05.2024,"100 056,15",[counterparty_hash:335b2a2e9a],,Поступление денег с торг. точек,Поступление
2024,5,20.05.2024,"-1 501,06",[counterparty_hash:a079b1ede6],,Эквайринг,Выбытие
2024,5,21.05.2024,"63 361,00",[counterparty_hash:335b2a2e9a],,Поступление денег с торг. точек,Поступление
2024,5,21.05.2024,"-950,53",[counterparty_hash:a079b1ede6],,Эквайринг,Выбытие
2024,5,21.05.2024,"-128 170,00",,,Выбытие — Перевод между счетами,
2024,5,21.05.2024,"-3 497,00",[counterparty_hash:2a84eb0be0],[private_purpose_hash:4f7bb9717f],Содержание офиса,Выбытие
2024,5,21.05.2024,"1 370,00",[counterparty_hash:335b2a2e9a],,Поступление денег с торг. точек,Поступление
2024,5,21.05.2024,"-5,48",[counterparty_hash:a079b1ede6],,Эквайринг,Выбытие
2024,5,21.05.2024,"1 618,00",[counterparty_hash:335b2a2e9a],,Поступление денег с торг. точек,Поступление
2024,5,21.05.2024,"-6,47",[counterparty_hash:a079b1ede6],,Эквайринг,Выбытие
2024,5,21.05.2024,"-940,60",[counterparty_hash:10ad09b2bf],,Оплата поставщикам ,Выбытие
2024,5,21.05.2024,"-34,97",[counterparty_hash:2a84eb0be0],,Содержание торговых точек,Выбытие
2024,5,21.05.2024,"-10 262,70",[counterparty_hash:2a84eb0be0],,Оплата поставщикам ,Выбытие
2024,5,21.05.2024,"-1 413,24",[counterparty_hash:2a84eb0be0],,Расходы на питание персонала,Выбытие
2024,5,13.05.2024,"-99,00",[counterparty_hash:a079b1ede6],,РКО,Выбытие
2024,5,13.05.2024,"-99,00",[counterparty_hash:a079b1ede6],,РКО,Выбытие
2024,5,22.05.2024,"24 638,60",[counterparty_hash:335b2a2e9a],,Поступление денег с торг. точек,Поступление
2024,5,22.05.2024,"-50,15",[counterparty_hash:a079b1ede6],,Эквайринг,Выбытие
2024,5,22.05.2024,"57 652,20",[counterparty_hash:335b2a2e9a],,Поступление денег с торг. точек,Поступление
2024,5,22.05.2024,"-864,91",[counterparty_hash:a079b1ede6],,Эквайринг,Выбытие
2024,5,22.05.2024,"-1 328,00",[counterparty_hash:2a84eb0be0],,Содержание торговых точек,Выбытие
2024,5,22.05.2024,"-280,00",[counterparty_hash:10ad09b2bf],,Оплата поставщикам ,Выбытие
2024,5,22.05.2024,"-9 160,00",[counterparty_hash:856bc7fd96],,Курьерская служба -,Выбытие
2024,5,22.05.2024,"24 337,00",[counterparty_hash:335b2a2e9a],,Поступление денег с торг. точек,Поступление
2024,5,22.05.2024,"-6 400,00",[counterparty_hash:1340ea64e9],,Оплата поставщикам ,Выбытие
2024,5,24.05.2024,"-5 000,00",[counterparty_hash:856bc7fd96],,Курьерская служба -,Выбытие
2024,5,23.05.2024,"-400,00",[counterparty_hash:7518be4ba8],[private_purpose_hash:01ce497ad0],Прочие маркетинговые услуги,Выбытие
2024,5,23.05.2024,"-91,00",[counterparty_hash:2a84eb0be0],,Расходы на питание персонала,Выбытие
2024,5,23.05.2024,"-8 224,00",[counterparty_hash:2a84eb0be0],,Оплата поставщикам ,Выбытие
2024,5,23.05.2024,"-9 580,00",[counterparty_hash:856bc7fd96],,Курьерская служба -,Выбытие
2024,5,23.05.2024,"13 631,00",[counterparty_hash:335b2a2e9a],,Поступление денег с торг. точек,Поступление
2024,5,23.05.2024,"19 298,72",[counterparty_hash:335b2a2e9a],,Поступление денег с торг. точек,Поступление
2024,5,23.05.2024,"-44,08",[counterparty_hash:a079b1ede6],,Эквайринг,Выбытие
2024,5,23.05.2024,"-1 990,00",[counterparty_hash:a079b1ede6],,РКО,Выбытие
2024,5,23.05.2024,"-99,00",[counterparty_hash:a079b1ede6],,РКО,Выбытие
2024,5,23.05.2024,"-990,00",[counterparty_hash:a079b1ede6],,РКО,Выбытие
2024,5,23.05.2024,"-783,92",[counterparty_hash:a079b1ede6],,Эквайринг,Выбытие
2024,5,23.05.2024,"52 252,00",[counterparty_hash:335b2a2e9a],,Поступление денег с торг. точек,Поступление
2024,5,23.05.2024,"-356,93",[counterparty_hash:2a84eb0be0],,Содержание торговых точек,Выбытие
2024,5,23.05.2024,"-3 215,06",[counterparty_hash:2a84eb0be0],,Оплата поставщикам ,Выбытие
2024,5,23.05.2024,"-1 825,83",[counterparty_hash:2a84eb0be0],,Расходы на питание персонала,Выбытие
2024,5,24.05.2024,"25 552,15",[counterparty_hash:335b2a2e9a],,Поступление денег с торг. точек,Поступление
2024,5,24.05.2024,"-26,65",[counterparty_hash:a079b1ede6],,Эквайринг,Выбытие
2024,5,25.05.2024,"41 387,05",[counterparty_hash:335b2a2e9a],,Поступление денег с торг. точек,Поступление
2024,5,25.05.2024,"-40,15",[counterparty_hash:a079b1ede6],,Эквайринг,Выбытие
2024,5,26.05.2024,"45 158,14",[counterparty_hash:335b2a2e9a],,Поступление денег с торг. точек,Поступление
2024,5,26.05.2024,"-79,27",[counterparty_hash:a079b1ede6],,Эквайринг,Выбытие
2024,5,24.05.2024,"66 025,00",[counterparty_hash:335b2a2e9a],,Поступление денег с торг. точек,Поступление
2024,5,24.05.2024,"-990,50",[counterparty_hash:a079b1ede6],,Эквайринг,Выбытие
2024,5,24.05.2024,"-67 178,00",[counterparty_hash:48d0f61ee3],,Аренда торговых точек,Выбытие
2024,5,24.05.2024,"-30 000,00",[counterparty_hash:856bc7fd96],,Зарплата производственного персонала,Выбытие
2024,5,24.05.2024,"-1 012,00",[counterparty_hash:2a84eb0be0],,Содержание торговых точек,Выбытие
2024,5,24.05.2024,"1 988,00",[counterparty_hash:335b2a2e9a],,Поступление денег с торг. точек,Поступление
2024,5,24.05.2024,"-7,95",[counterparty_hash:a079b1ede6],,Эквайринг,Выбытие
2024,5,24.05.2024,"-7 863,75",[counterparty_hash:81088c4e1c],,Оплата поставщикам ,Выбытие
2024,5,25.05.2024,"174 321,00",[counterparty_hash:335b2a2e9a],,Поступление денег с торг. точек,Поступление
2024,5,25.05.2024,"-2 615,12",[counterparty_hash:a079b1ede6],,Эквайринг,Выбытие
2024,5,25.05.2024,"-124 228,00",[counterparty_hash:01761130fc],,Оплата поставщикам ,Выбытие
2024,5,25.05.2024,"-14 838,87",[counterparty_hash:10ad09b2bf],,Оплата поставщикам ,Выбытие
2024,5,25.05.2024,"-40 255,33",[counterparty_hash:acffbdf399],,Оплата поставщикам ,Выбытие
2024,5,25.05.2024,"-5 000,00",[counterparty_hash:810942d5fa],,Телекоммуникации,Выбытие
2024,5,25.05.2024,"-2 291,44",[counterparty_hash:10ad09b2bf],,Оплата поставщикам ,Выбытие
2024,5,25.05.2024,"-18 000,00",[counterparty_hash:913fe52b19],,Зарплата административного персонала,Выбытие
2024,5,25.05.2024,"1 299,00",[counterparty_hash:335b2a2e9a],,Поступление денег с торг. точек,Поступление
2024,5,25.05.2024,"-5,20",[counterparty_hash:a079b1ede6],,Эквайринг,Выбытие
2024,5,25.05.2024,"-6 940,44",[counterparty_hash:2a84eb0be0],,Оплата поставщикам ,Выбытие
2024,5,25.05.2024,"-1 268,93",[counterparty_hash:2a84eb0be0],,Расходы на питание персонала,Выбытие
2024,5,25.05.2024,"-704,89",[counterparty_hash:2a84eb0be0],,Содержание торговых точек,Выбытие
2024,5,26.05.2024,"-26 399,96",[counterparty_hash:55d2a5f343],,Оплата поставщикам ,Выбытие
2024,5,26.05.2024,"-10 000,00",[counterparty_hash:6279bcc436],,SEO-оптимизация,Выбытие
2024,5,26.05.2024,"-30 657,59",[counterparty_hash:c7da8c8c1f],,Оплата поставщикам ,Выбытие
2024,5,26.05.2024,"-846,00",[counterparty_hash:64b5ca4d90],,Оплата поставщикам ,Выбытие
2024,5,26.05.2024,"-68 609,30",[counterparty_hash:4b0e39f45b],,Оплата поставщикам ,Выбытие
2024,5,26.05.2024,"-55 752,00",[counterparty_hash:81088c4e1c],,Оплата поставщикам ,Выбытие
2024,5,26.05.2024,"140 056,00",[counterparty_hash:335b2a2e9a],,Поступление денег с торг. точек,Поступление
2024,5,26.05.2024,"-2 101,13",[counterparty_hash:a079b1ede6],,Эквайринг,Выбытие
2024,5,24.05.2024,"-1 350,00",[counterparty_hash:e0e7137bcf],,Транспортные услуги,Выбытие
2024,5,24.05.2024,"-17 780,00",[counterparty_hash:856bc7fd96],,Курьерская служба -,Выбытие
2024,5,24.05.2024,"42 156,00",[counterparty_hash:335b2a2e9a],,Поступление денег с торг. точек,Поступление
2024,5,25.05.2024,"-9 590,00",[counterparty_hash:2a84eb0be0],,Оплата поставщикам ,Выбытие
2024,5,25.05.2024,"-82,00",[counterparty_hash:2a84eb0be0],,Расходы на питание персонала,Выбытие
2024,5,25.05.2024,"-16 180,00",[counterparty_hash:856bc7fd96],,Курьерская служба -,Выбытие
2024,5,25.05.2024,"20 019,00",[counterparty_hash:335b2a2e9a],,Поступление денег с торг. точек,Поступление
2024,5,26.05.2024,"-14 220,00",[counterparty_hash:856bc7fd96],,Курьерская служба -,Выбытие
2024,5,26.05.2024,"20 206,00",[counterparty_hash:335b2a2e9a],,Поступление денег с торг. точек,Поступление
2024,5,27.05.2024,"23 196,18",[counterparty_hash:335b2a2e9a],,Поступление денег с торг. точек,Поступление
2024,5,27.05.2024,"-9,10",[counterparty_hash:a079b1ede6],,Эквайринг,Выбытие
2024,5,27.05.2024,"-306 200,00",,,Выбытие — Перевод между счетами,
2024,5,28.05.2024,"12 174,95",[counterparty_hash:335b2a2e9a],,Поступление денег с торг. точек,Поступление
2024,5,28.05.2024,"-19,84",[counterparty_hash:a079b1ede6],,Эквайринг,Выбытие
2024,5,27.05.2024,"103 810,00",[counterparty_hash:335b2a2e9a],,Поступление денег с торг. точек,Поступление
2024,5,27.05.2024,"-1 557,38",[counterparty_hash:a079b1ede6],,Эквайринг,Выбытие
2024,5,27.05.2024,"670,00",[counterparty_hash:335b2a2e9a],,Поступление денег с торг. точек,Поступление
2024,5,27.05.2024,"-2,68",[counterparty_hash:a079b1ede6],,Эквайринг,Выбытие
2024,5,27.05.2024,"1 199,00",[counterparty_hash:335b2a2e9a],,Поступление денег с торг. точек,Поступление
2024,5,27.05.2024,"-4,80",[counterparty_hash:a079b1ede6],,Эквайринг,Выбытие
2024,5,27.05.2024,"-2 610,40",[counterparty_hash:2a84eb0be0],,Расходы на питание персонала,Выбытие
2024,5,27.05.2024,"-7 275,61",[counterparty_hash:2a84eb0be0],,Оплата поставщикам ,Выбытие
2024,5,27.05.2024,"-1 024,16",[counterparty_hash:2a84eb0be0],,Содержание торговых точек,Выбытие
2024,5,27.05.2024,"-3 388,00",[counterparty_hash:10ad09b2bf],,Оплата поставщикам ,Выбытие
2024,5,27.05.2024,"32 250,00",,,Поступление — Перевод между счетами,
2024,5,27.05.2024,"-799,00",[counterparty_hash:335b2a2e9a],,Возвраты клиентам,Выбытие
2024,5,28.05.2024,"10 000,00",,,Поступление — Перевод между счетами,
2024,5,28.05.2024,"95 251,00",,,Поступление — Перевод между счетами,
2024,5,28.05.2024,"-135 801,00",[counterparty_hash:856bc7fd96],,Зарплата производственного персонала,Выбытие
2024,5,28.05.2024,"-2 000,00",[counterparty_hash:e0e7137bcf],,Оплата поставщикам ,Выбытие
2024,5,28.05.2024,"195 251,00",,,Поступление — Перевод между счетами,
2024,5,28.05.2024,"-100 000,00",[counterparty_hash:48d0f61ee3],,Аренда торговых точек,Выбытие
2024,5,28.05.2024,"-95 251,00",,,Выбытие — Перевод между счетами,
2024,5,28.05.2024,"89 020,00",[counterparty_hash:335b2a2e9a],,Поступление денег с торг. точек,Поступление
2024,5,28.05.2024,"306 200,00",,,Поступление — Перевод между счетами,
2024,5,28.05.2024,"-1 335,47",[counterparty_hash:a079b1ede6],,Эквайринг,Выбытие
2024,5,28.05.2024,"2 348,00",[counterparty_hash:335b2a2e9a],,Поступление денег с торг. точек,Поступление
2024,5,28.05.2024,"-9,39",[counterparty_hash:a079b1ede6],,Эквайринг,Выбытие
2024,5,28.05.2024,"-195 251,00",,,Выбытие — Перевод между счетами,
2024,5,28.05.2024,"-75 000,00",[counterparty_hash:2d609b655e],,Контекстная реклама,Выбытие
2024,5,28.05.2024,"-1 940,00",[counterparty_hash:2a84eb0be0],,Содержание торговых точек,Выбытие
2024,5,28.05.2024,"-259,98",[counterparty_hash:2a84eb0be0],,Содержание торговых точек,Выбытие
2024,5,27.05.2024,"-32 250,00",,,Выбытие — Перевод между счетами,
2024,5,27.05.2024,"-3 871,00",[counterparty_hash:2a84eb0be0],,Оплата поставщикам ,Выбытие
2024,5,27.05.2024,"-9 440,00",[counterparty_hash:856bc7fd96],,Курьерская служба -,Выбытие
2024,5,27.05.2024,"18 607,00",[counterparty_hash:335b2a2e9a],,Поступление денег с торг. точек,Поступление
2024,5,28.05.2024,"-10 000,00",,,Выбытие — Перевод между счетами,
2024,5,28.05.2024,"-820,00",,,Корретировки кассы -,Выбытие
2024,5,28.05.2024,"-9 640,00",[counterparty_hash:856bc7fd96],,Курьерская служба -,Выбытие
2024,5,28.05.2024,"10 490,00",[counterparty_hash:335b2a2e9a],,Поступление денег с торг. точек,Поступление
2024,5,29.05.2024,"-9 040,00",[counterparty_hash:856bc7fd96],,Курьерская служба -,Выбытие
2024,5,29.05.2024,"19 765,00",[counterparty_hash:335b2a2e9a],,Поступление денег с торг. точек,Поступление
2024,5,29.05.2024,"-5 675,00",[counterparty_hash:2a84eb0be0],,Оплата поставщикам ,Выбытие
2024,5,29.05.2024,"-82,00",[counterparty_hash:2a84eb0be0],,Расходы на питание персонала,Выбытие
2024,5,29.05.2024,"-1 000,00",[counterparty_hash:b2b25bc0ee],,Поиск и найм персонала,Выбытие
2024,5,29.05.2024,"32 055,90",[counterparty_hash:335b2a2e9a],,Поступление денег с торг. точек,Поступление
2024,5,29.05.2024,"-16,76",[counterparty_hash:a079b1ede6],,Эквайринг,Выбытие
2024,5,29.05.2024,"70 164,55",[counterparty_hash:335b2a2e9a],,Поступление денег с торг. точек,Поступление
2024,5,29.05.2024,"-1 052,65",[counterparty_hash:a079b1ede6],,Эквайринг,Выбытие
2024,5,29.05.2024,"1 289,00",[counterparty_hash:335b2a2e9a],,Поступление денег с торг. точек,Поступление
2024,5,29.05.2024,"-5,16",[counterparty_hash:a079b1ede6],,Эквайринг,Выбытие
2024,5,29.05.2024,"2 036,00",[counterparty_hash:335b2a2e9a],,Поступление денег с торг. точек,Поступление
2024,5,29.05.2024,"-8,14",[counterparty_hash:a079b1ede6],,Эквайринг,Выбытие
2024,5,29.05.2024,"-39,96",[counterparty_hash:2a84eb0be0],,Содержание торговых точек,Выбытие
2024,5,29.05.2024,"-1 220,43",[counterparty_hash:2a84eb0be0],,Расходы на питание персонала,Выбытие
2024,5,29.05.2024,"-13 203,22",[counterparty_hash:2a84eb0be0],,Оплата поставщикам ,Выбытие
2024,5,30.05.2024,"15 073,60",[counterparty_hash:335b2a2e9a],,Поступление денег с торг. точек,Поступление
2024,5,30.05.2024,"-30,18",[counterparty_hash:a079b1ede6],,Эквайринг,Выбытие
2024,5,30.05.2024,"-199,00",[counterparty_hash:a079b1ede6],,РКО,Выбытие
2024,5,30.05.2024,"-6 668,00",[counterparty_hash:1340ea64e9],,Оплата поставщикам ,Выбытие
2024,5,30.05.2024,"-1 000,00",[counterparty_hash:e0e7137bcf],,Транспортные услуги,Выбытие
2024,5,30.05.2024,"-8 450,00",[counterparty_hash:856bc7fd96],,Курьерская служба -,Выбытие
2024,5,30.05.2024,"13 168,15",[counterparty_hash:335b2a2e9a],,Поступление денег с торг. точек,Поступление
2024,5,30.05.2024,"-1 219,70",[counterparty_hash:a079b1ede6],,Эквайринг,Выбытие
2024,5,30.05.2024,"81 303,00",[counterparty_hash:335b2a2e9a],,Поступление денег с торг. точек,Поступление
2024,5,30.05.2024,"940,00",[counterparty_hash:335b2a2e9a],,Поступление денег с торг. точек,Поступление
2024,5,30.05.2024,"-3,76",[counterparty_hash:a079b1ede6],,Эквайринг,Выбытие
2024,5,31.05.2024,"84 317,00",[counterparty_hash:335b2a2e9a],,Поступление денег с торг. точек,Поступление
2024,5,31.05.2024,"-1 264,91",[counterparty_hash:a079b1ede6],,Эквайринг,Выбытие
2024,5,31.05.2024,"2 198,00",[counterparty_hash:335b2a2e9a],,Поступление денег с торг. точек,Поступление
2024,5,31.05.2024,"-8,79",[counterparty_hash:a079b1ede6],,Эквайринг,Выбытие
2024,5,31.05.2024,"635,00",[counterparty_hash:335b2a2e9a],,Поступление денег с торг. точек,Поступление
2024,5,31.05.2024,"-2,54",[counterparty_hash:a079b1ede6],,Эквайринг,Выбытие
2024,5,31.05.2024,"1 466,00",[counterparty_hash:335b2a2e9a],,Поступление денег с торг. точек,Поступление
2024,5,31.05.2024,"-5,86",[counterparty_hash:a079b1ede6],,Эквайринг,Выбытие
2024,5,31.05.2024,"-5 845,50",[counterparty_hash:81088c4e1c],,Оплата поставщикам ,Выбытие
2024,5,31.05.2024,"-21 131,33",[counterparty_hash:acffbdf399],,Оплата поставщикам ,Выбытие
2024,5,31.05.2024,"-106 845,00",[counterparty_hash:01761130fc],,Оплата поставщикам ,Выбытие
2024,5,31.05.2024,"-30 698,00",[counterparty_hash:55d2a5f343],,Оплата поставщикам ,Выбытие
2024,5,31.05.2024,"-67 027,35",[counterparty_hash:81088c4e1c],,Оплата поставщикам ,Выбытие
2024,5,31.05.2024,"-83 911,80",[counterparty_hash:4b0e39f45b],,Оплата поставщикам ,Выбытие
2024,5,31.05.2024,"-5 422,70",[counterparty_hash:64b5ca4d90],,Оплата поставщикам ,Выбытие
2024,5,31.05.2024,"-50 244,12",[counterparty_hash:c7da8c8c1f],,Оплата поставщикам ,Выбытие
2024,5,31.05.2024,"-52 974,00",,,Выбытие — Перевод между счетами,
2024,5,31.05.2024,"1 124,00",[counterparty_hash:335b2a2e9a],,Поступление денег с торг. точек,Поступление
2024,5,31.05.2024,"-4,50",[counterparty_hash:a079b1ede6],,Эквайринг,Выбытие
2024,5,31.05.2024,"-279,00",,,Выбытие — Перевод между счетами,
2024,5,31.05.2024,"-526,00",[counterparty_hash:10ad09b2bf],,Оплата поставщикам ,Выбытие
2024,5,31.05.2024,"-3 243,27",[counterparty_hash:2a84eb0be0],,Оплата поставщикам ,Выбытие
2024,5,31.05.2024,"-565,39",[counterparty_hash:2a84eb0be0],,Содержание торговых точек,Выбытие
2024,5,31.05.2024,"-2 562,48",[counterparty_hash:2a84eb0be0],,Расходы на питание персонала,Выбытие
2024,6,01.06.2024,"96 527,00",[counterparty_hash:335b2a2e9a],,Поступление денег с торг. точек,Поступление
2024,6,01.06.2024,"-1 448,08",[counterparty_hash:a079b1ede6],,Эквайринг,Выбытие
2024,6,01.06.2024,"-4 000,00",,,Выбытие — Перевод между счетами,
2024,6,01.06.2024,"-62 000,00",[counterparty_hash:9d002889b3],,Зарплата административного персонала,Выбытие
2024,6,01.06.2024,"-40 000,00",[counterparty_hash:913fe52b19],,Зарплата административного персонала,Выбытие
2024,6,01.06.2024,"2 024,00",[counterparty_hash:335b2a2e9a],,Поступление денег с торг. точек,Поступление
2024,6,01.06.2024,"-8,10",[counterparty_hash:a079b1ede6],,Эквайринг,Выбытие
2024,6,01.06.2024,"-5 000,00",[counterparty_hash:810942d5fa],,Телекоммуникации,Выбытие
2024,6,01.06.2024,"250,00",[counterparty_hash:335b2a2e9a],,Поступление денег с торг. точек,Поступление
2024,6,01.06.2024,"-1,00",[counterparty_hash:a079b1ede6],,Эквайринг,Выбытие
2024,6,02.06.2024,"150,00",[counterparty_hash:335b2a2e9a],,Поступление денег с торг. точек,Поступление
2024,6,02.06.2024,"-0,60",[counterparty_hash:a079b1ede6],,Эквайринг,Выбытие
2024,6,02.06.2024,"154 699,05",[counterparty_hash:335b2a2e9a],,Поступление денег с торг. точек,Поступление
2024,6,02.06.2024,"-2 320,82",[counterparty_hash:a079b1ede6],,Эквайринг,Выбытие
2024,6,02.06.2024,"-768,96",[counterparty_hash:2a84eb0be0],,Расходы на питание персонала,Выбытие
2024,6,02.06.2024,"-499,91",[counterparty_hash:2a84eb0be0],,Содержание торговых точек,Выбытие
2024,6,02.06.2024,"-5 267,63",[counterparty_hash:2a84eb0be0],,Оплата поставщикам ,Выбытие
2024,5,31.05.2024,"27 594,11",[counterparty_hash:335b2a2e9a],,Поступление денег с торг. точек,Поступление
2024,5,31.05.2024,"-89,47",[counterparty_hash:a079b1ede6],,Эквайринг,Выбытие
2024,6,01.06.2024,"47 334,94",[counterparty_hash:335b2a2e9a],,Поступление денег с торг. точек,Поступление
2024,6,01.06.2024,"-70,54",[counterparty_hash:a079b1ede6],,Эквайринг,Выбытие
2024,6,02.06.2024,"60 418,66",[counterparty_hash:335b2a2e9a],,Поступление денег с торг. точек,Поступление
2024,6,02.06.2024,"-60,00",[counterparty_hash:a079b1ede6],,Эквайринг,Выбытие
2024,5,31.05.2024,"-970,26",[counterparty_hash:a079b1ede6],,РКО,Выбытие
2024,5,31.05.2024,"52 974,00",,,Поступление — Перевод между счетами,
2024,5,31.05.2024,"-2 000,00",[counterparty_hash:e0e7137bcf],,Оплата поставщикам ,Выбытие
2024,5,31.05.2024,"-6 223,44",[counterparty_hash:24d4f68d8f],,Оплата поставщикам ,Выбытие
2024,5,31.05.2024,"-4 000,00",[counterparty_hash:f76017a261],,Транспортные услуги,Выбытие
2024,6,01.06.2024,"4 000,00",,,Поступление — Перевод между счетами,
2024,6,01.06.2024,"-7 000,00",[counterparty_hash:856bc7fd96],,Содержание торговых точек,Выбытие
2024,6,01.06.2024,"-14 750,00",[counterparty_hash:856bc7fd96],,Зарплата административного персонала,Выбытие
2024,6,01.06.2024,"-23 000,00",[counterparty_hash:856bc7fd96],,Зарплата административного персонала,Выбытие
2024,6,01.06.2024,"-4 000,00",[counterparty_hash:48d0f61ee3],,Аренда склада,Выбытие
2024,5,31.05.2024,"-285,00",[counterparty_hash:2a84eb0be0],,Содержание торговых точек,Выбытие
2024,5,31.05.2024,"279,00",,,Поступление — Перевод между счетами,
2024,5,31.05.2024,"-14 260,00",[counterparty_hash:856bc7fd96],,Курьерская служба -,Выбытие
2024,5,31.05.2024,"26 935,85",[counterparty_hash:335b2a2e9a],,Поступление денег с торг. точек,Поступление
2024,5,31.05.2024,"-1 000,00",[counterparty_hash:7518be4ba8],[private_purpose_hash:5508649179],Транспортные услуги,Выбытие
2024,5,30.05.2024,"-1 000,00",[counterparty_hash:7518be4ba8],[private_purpose_hash:097e843333],Содержание торговых точек,Выбытие
2024,6,01.06.2024,"-19 680,00",[counterparty_hash:856bc7fd96],,Курьерская служба -,Выбытие
2024,6,01.06.2024,"49 745,00",[counterparty_hash:335b2a2e9a],,Поступление денег с торг. точек,Поступление
2024,6,02.06.2024,"-300,00",[counterparty_hash:7518be4ba8],[private_purpose_hash:48209c9dca],Содержание торговых точек,Выбытие
2024,6,02.06.2024,"-7 163,00",[counterparty_hash:2a84eb0be0],,Оплата поставщикам ,Выбытие
2024,6,02.06.2024,"-1 800,00",[counterparty_hash:2a84eb0be0],,Оплата поставщикам ,Выбытие
2024,6,02.06.2024,"-6 657,00",[counterparty_hash:2a84eb0be0],,Оплата поставщикам ,Выбытие
2024,6,02.06.2024,"-12 140,00",[counterparty_hash:856bc7fd96],,Курьерская служба -,Выбытие
2024,6,02.06.2024,"31 943,00",[counterparty_hash:335b2a2e9a],,Поступление денег с торг. точек,Поступление
2024,6,03.06.2024,"40 000,00",,,Поступление — Перевод между счетами,
2024,6,04.06.2024,"-54 200,00",[counterparty_hash:856bc7fd96],,Зарплата производственного персонала,Выбытие
2024,6,04.06.2024,"226 240,00",,,Поступление денег с торг. точек,Поступление
2024,6,04.06.2024,"-107 000,00",[counterparty_hash:856bc7fd96],,Зарплата производственного персонала,Выбытие
2024,6,06.06.2024,"2 000,00",,[private_purpose_hash:ac6bc0caf2],Прочие поступления,Поступление
2024,6,06.06.2024,"-500,00",[counterparty_hash:2a84eb0be0],,Содержание торговых точек,Выбытие
2024,6,03.06.2024,"-40 000,00",,,Выбытие — Перевод между счетами,
2024,6,03.06.2024,"-9 680,00",[counterparty_hash:856bc7fd96],,Курьерская служба -,Выбытие
2024,6,03.06.2024,"16 777,00",[counterparty_hash:335b2a2e9a],,Поступление денег с торг. точек,Поступление
2024,6,04.06.2024,"-4 874,00",[counterparty_hash:2a84eb0be0],,Оплата поставщикам ,Выбытие
2024,6,04.06.2024,"-7 000,00",[counterparty_hash:1340ea64e9],,Оплата поставщикам ,Выбытие
2024,6,04.06.2024,"-8 780,00",[counterparty_hash:856bc7fd96],,Курьерская служба -,Выбытие
2024,6,04.06.2024,"21 790,15",[counterparty_hash:335b2a2e9a],,Поступление денег с торг. точек,Поступление
2024,6,05.06.2024,"-6 520,00",[counterparty_hash:856bc7fd96],,Курьерская служба -,Выбытие
2024,6,05.06.2024,"13 684,00",[counterparty_hash:335b2a2e9a],,Поступление денег с торг. точек,Поступление
2024,6,03.06.2024,"25 321,62",[counterparty_hash:335b2a2e9a],,Поступление денег с торг. точек,Поступление
2024,6,03.06.2024,"-10,35",[counterparty_hash:a079b1ede6],,Эквайринг,Выбытие
2024,6,04.06.2024,"20 031,03",[counterparty_hash:335b2a2e9a],,Поступление денег с торг. точек,Поступление
2024,6,04.06.2024,"-16,98",[counterparty_hash:a079b1ede6],,Эквайринг,Выбытие
2024,6,05.06.2024,"20 009,39",[counterparty_hash:335b2a2e9a],,Поступление денег с торг. точек,Поступление
2024,6,05.06.2024,"-37,88",[counterparty_hash:a079b1ede6],,Эквайринг,Выбытие
2024,6,06.06.2024,"12 211,71",[counterparty_hash:335b2a2e9a],,Поступление денег с торг. точек,Поступление
2024,6,06.06.2024,"-21,44",[counterparty_hash:a079b1ede6],,Эквайринг,Выбытие
2024,6,06.06.2024,"-5 765,00",[counterparty_hash:2a84eb0be0],,Оплата поставщикам ,Выбытие
2024,6,06.06.2024,"-9 740,00",[counterparty_hash:856bc7fd96],,Курьерская служба -,Выбытие
2024,6,06.06.2024,"28 930,65",[counterparty_hash:335b2a2e9a],,Поступление денег с торг. точек,Поступление
2024,6,04.06.2024,"-300,00",[counterparty_hash:7518be4ba8],[private_purpose_hash:94aafa7223],Содержание торговых точек,Выбытие
2024,6,04.06.2024,"-1 200,00",[counterparty_hash:7518be4ba8],[private_purpose_hash:f74e27644f],Содержание торговых точек,Выбытие
2024,6,03.06.2024,"82 682,00",[counterparty_hash:335b2a2e9a],,Поступление денег с торг. точек,Поступление
2024,6,03.06.2024,"-1 240,39",[counterparty_hash:a079b1ede6],,Эквайринг,Выбытие
2024,6,03.06.2024,"-7 000,00",[counterparty_hash:3b5286b1f7],,Комиссия агрегатору,Выбытие
2024,6,03.06.2024,"-18 000,00",,,Выбытие — Перевод между счетами,
2024,6,04.06.2024,"76 430,00",[counterparty_hash:335b2a2e9a],,Поступление денег с торг. точек,Поступление
2024,6,04.06.2024,"-1 146,59",[counterparty_hash:a079b1ede6],,Эквайринг,Выбытие
2024,6,04.06.2024,"-75 000,00",[counterparty_hash:168e057bae],,Услуги ФД и НК,Выбытие
2024,6,04.06.2024,"-12 885,00",[counterparty_hash:e1cb4e2da2],,Оплаты систем автоматизации,Выбытие
2024,6,04.06.2024,"1 007,00",[counterparty_hash:335b2a2e9a],,Поступление денег с торг. точек,Поступление
2024,6,04.06.2024,"-4,03",[counterparty_hash:a079b1ede6],,Эквайринг,Выбытие
2024,6,04.06.2024,"1 030,00",[counterparty_hash:335b2a2e9a],,Поступление денег с торг. точек,Поступление
2024,6,04.06.2024,"-4,12",[counterparty_hash:a079b1ede6],,Эквайринг,Выбытие
2024,6,04.06.2024,"-5 937,69",[counterparty_hash:2a84eb0be0],,Оплата поставщикам ,Выбытие
2024,6,04.06.2024,"-44,94",[counterparty_hash:2a84eb0be0],,Содержание торговых точек,Выбытие
2024,6,04.06.2024,"-1 141,55",[counterparty_hash:2a84eb0be0],,Расходы на питание персонала,Выбытие
2024,6,05.06.2024,"66 549,00",[counterparty_hash:335b2a2e9a],,Поступление денег с торг. точек,Поступление
2024,6,05.06.2024,"-998,37",[counterparty_hash:a079b1ede6],,Эквайринг,Выбытие
2024,6,05.06.2024,"-4 781,00",[counterparty_hash:2a84eb0be0],,Оплата поставщикам ,Выбытие
2024,6,05.06.2024,"-20 000,00",[counterparty_hash:913fe52b19],,Зарплата административного персонала,Выбытие
2024,6,05.06.2024,"1 958,00",[counterparty_hash:335b2a2e9a],,Поступление денег с торг. точек,Поступление
2024,6,05.06.2024,"-7,83",[counterparty_hash:a079b1ede6],,Эквайринг,Выбытие
2024,6,05.06.2024,"-128,99",[counterparty_hash:2a84eb0be0],,Оплата поставщикам ,Выбытие
2024,6,06.06.2024,"45 893,80",[counterparty_hash:335b2a2e9a],,Поступление денег с торг. точек,Поступление
2024,6,06.06.2024,"-688,52",[counterparty_hash:a079b1ede6],,Эквайринг,Выбытие
2024,6,06.06.2024,"-4 000,00",[counterparty_hash:b2d09b6565],,Аренда торговых точек,Выбытие
2024,6,06.06.2024,"-1 000,00",[counterparty_hash:b2d09b6565],,Аренда торговых точек,Выбытие
2024,6,06.06.2024,"-2 930,36",[counterparty_hash:9a7ac913a7],,Аренда торговых точек,Выбытие
2024,6,06.06.2024,"-2 400,00",[counterparty_hash:2c9dd7c496],,Телекоммуникации,Выбытие
2024,6,06.06.2024,"-675,98",[counterparty_hash:9a7ac913a7],,Аренда торговых точек,Выбытие
2024,6,06.06.2024,"-6 000,00",[counterparty_hash:e467eaefc4],,Оплаты систем автоматизации,Выбытие
2024,6,06.06.2024,"-4 000,00",[counterparty_hash:e467eaefc4],,Оплаты систем автоматизации,Выбытие
2024,6,06.06.2024,"-101 927,00",[counterparty_hash:4e9e5a80a9],,Сайт и приложение,Выбытие
2024,6,06.06.2024,"-176,40",[counterparty_hash:10ad09b2bf],,Оплата поставщикам ,Выбытие
2024,6,06.06.2024,"-6 624,00",[counterparty_hash:7518be4ba8],[private_purpose_hash:ed90e8dad1],Расходы на персонал,Выбытие
2024,6,06.06.2024,"1 636,00",[counterparty_hash:335b2a2e9a],,Поступление денег с торг. точек,Поступление
2024,6,06.06.2024,"-6,54",[counterparty_hash:a079b1ede6],,Эквайринг,Выбытие
2024,6,06.06.2024,"-360,95",[counterparty_hash:2a84eb0be0],,Содержание торговых точек,Выбытие
2024,6,06.06.2024,"-3 533,09",[counterparty_hash:2a84eb0be0],,Оплата поставщикам ,Выбытие
2024,6,06.06.2024,"-965,96",[counterparty_hash:2a84eb0be0],,Расходы на питание персонала,Выбытие
2024,6,07.06.2024,"28 150,00",,,Поступление — Перевод между счетами,
2024,6,08.06.2024,"-12 000,00",[counterparty_hash:7518be4ba8],[private_purpose_hash:b8e2273296],Содержание торговых точек,Выбытие
2024,6,07.06.2024,"-12 750,00",[counterparty_hash:856bc7fd96],,Курьерская служба -,Выбытие
2024,6,07.06.2024,"29 259,00",[counterparty_hash:335b2a2e9a],,Поступление денег с торг. точек,Поступление
2024,6,07.06.2024,"-28 150,00",,,Выбытие — Перевод между счетами,
2024,6,07.06.2024,"-4 716,00",[counterparty_hash:1340ea64e9],,Оплата поставщикам ,Выбытие
2024,6,08.06.2024,"-5 052,00",[counterparty_hash:2a84eb0be0],,Оплата поставщикам ,Выбытие
2024,6,08.06.2024,"-12 482,00",[counterparty_hash:856bc7fd96],,Курьерская служба -,Выбытие
2024,6,08.06.2024,"26 048,00",[counterparty_hash:335b2a2e9a],,Поступление денег с торг. точек,Поступление
2024,6,09.06.2024,"-900,00",[counterparty_hash:e0e7137bcf],,Оплата поставщикам ,Выбытие
2024,6,09.06.2024,"-700,00",[counterparty_hash:856bc7fd96],,Курьерская служба -,Выбытие
2024,6,09.06.2024,"-10 860,00",[counterparty_hash:856bc7fd96],,Курьерская служба -,Выбытие
2024,6,09.06.2024,"23 747,00",[counterparty_hash:335b2a2e9a],,Поступление денег с торг. точек,Поступление
2024,6,07.06.2024,"28 406,35",[counterparty_hash:335b2a2e9a],,Поступление денег с торг. точек,Поступление
2024,6,07.06.2024,"-30,84",[counterparty_hash:a079b1ede6],,Эквайринг,Выбытие
2024,6,08.06.2024,"29 024,18",[counterparty_hash:335b2a2e9a],,Поступление денег с торг. точек,Поступление
2024,6,08.06.2024,"-56,50",[counterparty_hash:a079b1ede6],,Эквайринг,Выбытие
2024,6,09.06.2024,"21 606,94",[counterparty_hash:335b2a2e9a],,Поступление денег с торг. точек,Поступление
2024,6,07.06.2024,"69 595,45",[counterparty_hash:335b2a2e9a],,Поступление денег с торг. точек,Поступление
2024,6,07.06.2024,"-1 044,07",[counterparty_hash:a079b1ede6],,Эквайринг,Выбытие
2024,6,07.06.2024,"-35 343,81",[counterparty_hash:acffbdf399],,Оплата поставщикам ,Выбытие
2024,6,07.06.2024,"-5 339,25",[counterparty_hash:81088c4e1c],,Оплата поставщикам ,Выбытие
2024,6,07.06.2024,"-6 142,00",[counterparty_hash:10ad09b2bf],,Оплата поставщикам ,Выбытие
2024,6,07.06.2024,"-114 006,50",[counterparty_hash:01761130fc],,Оплата поставщикам ,Выбытие
2024,6,07.06.2024,"260,00",[counterparty_hash:335b2a2e9a],,Поступление денег с торг. точек,Поступление
2024,6,07.06.2024,"-1,04",[counterparty_hash:a079b1ede6],,Эквайринг,Выбытие
2024,6,08.06.2024,"94 157,00",[counterparty_hash:335b2a2e9a],,Поступление денег с торг. точек,Поступление
2024,6,08.06.2024,"-1 412,58",[counterparty_hash:a079b1ede6],,Эквайринг,Выбытие
2024,6,08.06.2024,"-2 591,18",[counterparty_hash:2a84eb0be0],,Оплата поставщикам ,Выбытие
2024,6,08.06.2024,"-313,97",[counterparty_hash:2a84eb0be0],,Содержание торговых точек,Выбытие
2024,6,08.06.2024,"-1 394,72",[counterparty_hash:2a84eb0be0],,Расходы на питание персонала,Выбытие
2024,6,09.06.2024,"94 391,00",[counterparty_hash:335b2a2e9a],,Поступление денег с торг. точек,Поступление
2024,6,09.06.2024,"-1 416,13",[counterparty_hash:a079b1ede6],,Эквайринг,Выбытие
2024,6,09.06.2024,"-7 500,00",[counterparty_hash:e628158a74],,Оплаты систем автоматизации,Выбытие
2024,6,09.06.2024,"-61 891,76",[counterparty_hash:81088c4e1c],,Оплата поставщикам ,Выбытие
2024,6,09.06.2024,"-21 978,00",[counterparty_hash:c7da8c8c1f],,Оплата поставщикам ,Выбытие
2024,6,09.06.2024,"-31 850,44",[counterparty_hash:55d2a5f343],,Оплата поставщикам ,Выбытие
2024,6,09.06.2024,"-55 202,60",[counterparty_hash:4b0e39f45b],,Оплата поставщикам ,Выбытие
2024,6,09.06.2024,"-12 885,00",[counterparty_hash:e1cb4e2da2],,Оплаты систем автоматизации,Выбытие
2024,6,09.06.2024,"1 299,00",[counterparty_hash:335b2a2e9a],,Поступление денег с торг. точек,Поступление
2024,6,09.06.2024,"-5,20",[counterparty_hash:a079b1ede6],,Эквайринг,Выбытие
2024,6,09.06.2024,"1 213,00",[counterparty_hash:335b2a2e9a],,Поступление денег с торг. точек,Поступление
2024,6,09.06.2024,"-4,85",[counterparty_hash:a079b1ede6],,Эквайринг,Выбытие
2024,6,09.06.2024,"-987,90",[counterparty_hash:2a84eb0be0],,Оплата поставщикам ,Выбытие
2024,6,09.06.2024,"-8,99",[counterparty_hash:2a84eb0be0],,Содержание торговых точек,Выбытие
2024,6,03.06.2024,"18 000,00",,,Поступление — Перевод между счетами,
2024,6,03.06.2024,"-18 000,00",[counterparty_hash:a079b1ede6],,Оплаты по кредитам и займам,Выбытие
2024,6,04.06.2024,"-459,00",[counterparty_hash:a079b1ede6],,Оплаты по кредитам и займам,Выбытие
2024,6,10.06.2024,"21 675,02",[counterparty_hash:335b2a2e9a],,Поступление денег с торг. точек,Поступление
2024,6,10.06.2024,"-299,00",[counterparty_hash:a079b1ede6],,РКО,Выбытие
2024,6,10.06.2024,"-365 000,00",,,Выбытие — Перевод между счетами,
2024,6,10.06.2024,"-30,45",[counterparty_hash:a079b1ede6],,Эквайринг,Выбытие
2024,6,11.06.2024,"27 530,53",[counterparty_hash:335b2a2e9a],,Поступление денег с торг. точек,Поступление
2024,6,11.06.2024,"-35,60",[counterparty_hash:a079b1ede6],,Эквайринг,Выбытие
2024,6,10.06.2024,"80 457,00",[counterparty_hash:335b2a2e9a],,Поступление денег с торг. точек,Поступление
2024,6,10.06.2024,"-1 207,05",[counterparty_hash:a079b1ede6],,Эквайринг,Выбытие
2024,6,10.06.2024,"-5 000,00",[counterparty_hash:810942d5fa],,Телекоммуникации,Выбытие
2024,6,10.06.2024,"365 000,00",,,Поступление — Перевод между счетами,
2024,6,10.06.2024,"-65 618,00",[counterparty_hash:48d0f61ee3],,Аренда торговых точек,Выбытие
2024,6,10.06.2024,"1 089,00",[counterparty_hash:335b2a2e9a],,Поступление денег с торг. точек,Поступление
2024,6,10.06.2024,"-4,36",[counterparty_hash:a079b1ede6],,Эквайринг,Выбытие
2024,6,10.06.2024,"465,00",[counterparty_hash:335b2a2e9a],,Поступление денег с торг. точек,Поступление
2024,6,10.06.2024,"-1,86",[counterparty_hash:a079b1ede6],,Эквайринг,Выбытие
2024,6,10.06.2024,"370,00",[counterparty_hash:335b2a2e9a],,Поступление денег с торг. точек,Поступление
2024,6,10.06.2024,"-1,48",[counterparty_hash:a079b1ede6],,Эквайринг,Выбытие
2024,6,10.06.2024,"-556,60",[counterparty_hash:10ad09b2bf],,Оплата поставщикам ,Выбытие
2024,6,10.06.2024,"-6 123,13",[counterparty_hash:2a84eb0be0],,Оплата поставщикам ,Выбытие
2024,6,10.06.2024,"-1 697,10",[counterparty_hash:2a84eb0be0],,Расходы на питание персонала,Выбытие
2024,6,10.06.2024,"-471,95",[counterparty_hash:2a84eb0be0],,Содержание торговых точек,Выбытие
2024,6,11.06.2024,"68 020,60",[counterparty_hash:335b2a2e9a],,Поступление денег с торг. точек,Поступление
2024,6,11.06.2024,"-1 020,43",[counterparty_hash:a079b1ede6],,Эквайринг,Выбытие
2024,6,11.06.2024,"-22 242,00",[counterparty_hash:b34e6f2344],[private_purpose_hash:a5ac1e72e3],Покупка ОС,Выбытие
2024,6,11.06.2024,"-540,00",[counterparty_hash:2a84eb0be0],,Оплата поставщикам ,Выбытие
2024,6,11.06.2024,"-1 767,00",[counterparty_hash:7518be4ba8],[private_purpose_hash:ed90e8dad1],Расходы на персонал,Выбытие
2024,6,11.06.2024,"-2 245,25",[counterparty_hash:2a84eb0be0],,Оплата поставщикам ,Выбытие
2024,6,10.06.2024,"30 150,00",,,Поступление — Перевод между счетами,
2024,6,11.06.2024,"-1 883,00",[counterparty_hash:b2b25bc0ee],,Поиск и найм персонала,Выбытие
2024,6,11.06.2024,"2 200,00",[counterparty_hash:7518be4ba8],[private_purpose_hash:3f689c75a6],Прочие поступления,Поступление
2024,6,11.06.2024,"500,00",[counterparty_hash:856bc7fd96],,Курьерская служба +,Поступление
2024,6,11.06.2024,"-2 000,00",[counterparty_hash:7d88c914c2],,Аренда торговых точек,Выбытие
2024,6,11.06.2024,"-113 720,00",[counterparty_hash:856bc7fd96],,Зарплата производственного персонала,Выбытие
2024,6,10.06.2024,"-9 660,00",[counterparty_hash:856bc7fd96],,Курьерская служба -,Выбытие
2024,6,10.06.2024,"26 046,20",[counterparty_hash:335b2a2e9a],,Поступление денег с торг. точек,Поступление
2024,6,10.06.2024,"-30 150,00",,,Выбытие — Перевод между счетами,
2024,6,10.06.2024,"-5 238,00",[counterparty_hash:2a84eb0be0],,Оплата поставщикам ,Выбытие
2024,6,10.06.2024,"-186,00",[counterparty_hash:2a84eb0be0],,Расходы на питание персонала,Выбытие
2024,6,11.06.2024,"-10 560,00",[counterparty_hash:856bc7fd96],,Курьерская служба -,Выбытие
2024,6,11.06.2024,"20 714,00",[counterparty_hash:335b2a2e9a],,Поступление денег с торг. точек,Поступление
2024,6,12.06.2024,"27 399,03",[counterparty_hash:335b2a2e9a],,Поступление денег с торг. точек,Поступление
2024,6,12.06.2024,"-44,34",[counterparty_hash:a079b1ede6],,Эквайринг,Выбытие
2024,6,12.06.2024,"-7 731,00",[counterparty_hash:2a84eb0be0],,Оплата поставщикам ,Выбытие
2024,6,12.06.2024,"-12 480,00",[counterparty_hash:856bc7fd96],,Курьерская служба -,Выбытие
2024,6,12.06.2024,"26 188,15",[counterparty_hash:335b2a2e9a],,Поступление денег с торг. точек,Поступление
2024,6,12.06.2024,"79 702,00",[counterparty_hash:335b2a2e9a],,Поступление денег с торг. точек,Поступление
2024,6,12.06.2024,"-1 195,67",[counterparty_hash:a079b1ede6],,Эквайринг,Выбытие
2024,6,12.06.2024,"320,00",[counterparty_hash:335b2a2e9a],,Поступление денег с торг. точек,Поступление
2024,6,12.06.2024,"-1,28",[counterparty_hash:a079b1ede6],,Эквайринг,Выбытие
2024,6,12.06.2024,"-7 412,00",[counterparty_hash:2a84eb0be0],[private_purpose_hash:28ebc18666],Содержание торговых точек,Выбытие
2024,6,12.06.2024,"-37,96",[counterparty_hash:2a84eb0be0],,Содержание торговых точек,Выбытие
2024,6,12.06.2024,"-4 882,87",[counterparty_hash:2a84eb0be0],,Оплата поставщикам ,Выбытие
2024,6,12.06.2024,"-2 719,63",[counterparty_hash:2a84eb0be0],,Расходы на питание персонала,Выбытие
2024,6,13.06.2024,"103 652,80",[counterparty_hash:335b2a2e9a],,Поступление денег с торг. точек,Поступление
2024,6,13.06.2024,"-1 555,00",[counterparty_hash:a079b1ede6],,Эквайринг,Выбытие
2024,6,13.06.2024,"-5 000,00",[counterparty_hash:810942d5fa],,Оплата поставщикам ,Выбытие
2024,6,13.06.2024,"-2 426,63",[counterparty_hash:2a84eb0be0],,Оплата поставщикам ,Выбытие
2024,6,13.06.2024,"-279,00",[counterparty_hash:2a84eb0be0],,Оплата поставщикам ,Выбытие
2024,6,13.06.2024,"-7 740,00",[counterparty_hash:856bc7fd96],,Курьерская служба -,Выбытие
2024,6,13.06.2024,"-900,00",[counterparty_hash:e0e7137bcf],,Оплата поставщикам ,Выбытие
2024,6,13.06.2024,"17 225,00",[counterparty_hash:335b2a2e9a],,Поступление денег с торг. точек,Поступление
2024,6,13.06.2024,"31 638,43",[counterparty_hash:335b2a2e9a],,Поступление денег с торг. точек,Поступление
2024,6,13.06.2024,"-36,17",[counterparty_hash:a079b1ede6],,Эквайринг,Выбытие
2024,6,14.06.2024,"25 367,51",[counterparty_hash:335b2a2e9a],,Поступление денег с торг. точек,Поступление
2024,6,14.06.2024,"-30,87",[counterparty_hash:a079b1ede6],,Эквайринг,Выбытие
2024,6,15.06.2024,"23 417,33",[counterparty_hash:335b2a2e9a],,Поступление денег с торг. точек,Поступление
2024,6,15.06.2024,"-13,13",[counterparty_hash:a079b1ede6],,Эквайринг,Выбытие
2024,6,16.06.2024,"30 311,64",[counterparty_hash:335b2a2e9a],,Поступление денег с торг. точек,Поступление
2024,6,16.06.2024,"-36,36",[counterparty_hash:a079b1ede6],,Эквайринг,Выбытие
2024,6,14.06.2024,"-8 412,00",[counterparty_hash:2a84eb0be0],,Оплата поставщикам ,Выбытие
2024,6,14.06.2024,"-185,00",[counterparty_hash:2a84eb0be0],,Расходы на питание персонала,Выбытие
2024,6,14.06.2024,"-13 460,00",[counterparty_hash:856bc7fd96],,Курьерская служба -,Выбытие
2024,6,14.06.2024,"-1 350,00",[counterparty_hash:e0e7137bcf],,Транспортные услуги,Выбытие
2024,6,14.06.2024,"27 118,70",[counterparty_hash:335b2a2e9a],,Поступление денег с торг. точек,Поступление
2024,6,15.06.2024,"-12 880,00",[counterparty_hash:856bc7fd96],,Курьерская служба -,Выбытие
2024,6,15.06.2024,"13 444,00",[counterparty_hash:335b2a2e9a],,Поступление денег с торг. точек,Поступление
2024,6,16.06.2024,"-4 272,00",[counterparty_hash:2a84eb0be0],,Оплата поставщикам ,Выбытие
2024,6,16.06.2024,"-11 700,00",[counterparty_hash:856bc7fd96],,Курьерская служба -,Выбытие
2024,6,16.06.2024,"20 931,00",[counterparty_hash:335b2a2e9a],,Поступление денег с торг. точек,Поступление
2024,6,14.06.2024,"47 555,95",[counterparty_hash:335b2a2e9a],,Поступление денег с торг. точек,Поступление
2024,6,14.06.2024,"-713,44",[counterparty_hash:a079b1ede6],,Эквайринг,Выбытие
2024,6,14.06.2024,"-65 000,00",,,Выбытие — Перевод между счетами,
2024,6,14.06.2024,"2 207,00",[counterparty_hash:335b2a2e9a],,Поступление денег с торг. точек,Поступление
2024,6,14.06.2024,"-8,83",[counterparty_hash:a079b1ede6],,Эквайринг,Выбытие
2024,6,14.06.2024,"-229,98",[counterparty_hash:2a84eb0be0],,Содержание торговых точек,Выбытие
2024,6,14.06.2024,"-164,97",[counterparty_hash:2a84eb0be0],,Расходы на питание персонала,Выбытие
2024,6,14.06.2024,"-4 737,84",[counterparty_hash:2a84eb0be0],,Оплата поставщикам ,Выбытие
2024,6,14.06.2024,"-93,15",[counterparty_hash:10ad09b2bf],,Оплата поставщикам ,Выбытие
2024,6,15.06.2024,"125 097,00",[counterparty_hash:335b2a2e9a],,Поступление денег с торг. точек,Поступление
2024,6,15.06.2024,"-1 876,67",[counterparty_hash:a079b1ede6],,Эквайринг,Выбытие
2024,6,15.06.2024,"-3 665,25",[counterparty_hash:81088c4e1c],,Оплата поставщикам ,Выбытие
2024,6,15.06.2024,"-21 794,60",[counterparty_hash:acffbdf399],,Оплата поставщикам ,Выбытие
2024,6,15.06.2024,"-9 085,14",[counterparty_hash:10ad09b2bf],,Оплата поставщикам ,Выбытие
2024,6,15.06.2024,"-7 200,00",[counterparty_hash:10ad09b2bf],,Оплата поставщикам ,Выбытие
2024,6,15.06.2024,"-95 878,50",[counterparty_hash:01761130fc],,Оплата поставщикам ,Выбытие
2024,6,15.06.2024,"3 961,00",[counterparty_hash:335b2a2e9a],,Поступление денег с торг. точек,Поступление
2024,6,15.06.2024,"-15,84",[counterparty_hash:a079b1ede6],,Эквайринг,Выбытие
2024,6,15.06.2024,"2 289,00",[counterparty_hash:335b2a2e9a],,Поступление денег с торг. точек,Поступление
2024,6,15.06.2024,"-9,16",[counterparty_hash:a079b1ede6],,Эквайринг,Выбытие
2024,6,15.06.2024,"1 567,00",[counterparty_hash:335b2a2e9a],,Поступление денег с торг. точек,Поступление
2024,6,15.06.2024,"-6,27",[counterparty_hash:a079b1ede6],,Эквайринг,Выбытие
2024,6,16.06.2024,"-33 829,81",[counterparty_hash:c7da8c8c1f],,Оплата поставщикам ,Выбытие
2024,6,16.06.2024,"-31 631,96",[counterparty_hash:55d2a5f343],,Оплата поставщикам ,Выбытие
2024,6,16.06.2024,"-75 441,52",[counterparty_hash:81088c4e1c],,Оплата поставщикам ,Выбытие
2024,6,16.06.2024,"-1 364,00",[counterparty_hash:64b5ca4d90],,Оплата поставщикам ,Выбытие
2024,6,16.06.2024,"-41 388,00",[counterparty_hash:4b0e39f45b],,Оплата поставщикам ,Выбытие
2024,6,16.06.2024,"111 098,00",[counterparty_hash:335b2a2e9a],,Поступление денег с торг. точек,Поступление
2024,6,16.06.2024,"-72,00",[counterparty_hash:3cab83ecee],,Налоги с з/п,Выбытие
2024,6,16.06.2024,"-1 666,73",[counterparty_hash:a079b1ede6],,Эквайринг,Выбытие
2024,6,16.06.2024,"-145 000,00",,,Выбытие — Перевод между счетами,
2024,6,16.06.2024,"816,00",[counterparty_hash:335b2a2e9a],,Поступление денег с торг. точек,Поступление
2024,6,16.06.2024,"-3,26",[counterparty_hash:a079b1ede6],,Эквайринг,Выбытие
2024,6,16.06.2024,"22,00",[counterparty_hash:335b2a2e9a],,Поступление денег с торг. точек,Поступление
2024,6,16.06.2024,"-0,09",[counterparty_hash:a079b1ede6],,Эквайринг,Выбытие
2024,6,16.06.2024,"-2 306,38",[counterparty_hash:2a84eb0be0],,Расходы на питание персонала,Выбытие
2024,6,16.06.2024,"-135,99",[counterparty_hash:2a84eb0be0],,Содержание торговых точек,Выбытие
2024,6,16.06.2024,"-3 702,34",[counterparty_hash:2a84eb0be0],,Оплата поставщикам ,Выбытие
2024,6,13.06.2024,"-3 000,00",[counterparty_hash:7518be4ba8],[private_purpose_hash:679ee21132],Содержание торговых точек,Выбытие
2024,6,15.06.2024,"-5 000,00",[counterparty_hash:856bc7fd96],,Содержание торговых точек,Выбытие
2024,6,13.06.2024,"-28 350,00",,,Выбытие — Перевод между счетами,
2024,6,10.06.2024,"-900,00",[counterparty_hash:e0e7137bcf],,Оплата поставщикам ,Выбытие
2024,6,13.06.2024,"28 350,00",,,Поступление — Перевод между счетами,
2024,6,17.06.2024,"-2 000,00",[counterparty_hash:e0e7137bcf],,Оплата поставщикам ,Выбытие
2024,6,18.06.2024,"15 090,00",,,Поступление — Перевод между счетами,
2024,6,18.06.2024,"-200,00",[counterparty_hash:a079b1ede6],,РКО,Выбытие
2024,6,15.06.2024,"-100,00",[counterparty_hash:7518be4ba8],,Телекоммуникации,Выбытие
2024,6,17.06.2024,"-6 876,00",[counterparty_hash:1340ea64e9],,Оплата поставщикам ,Выбытие
2024,6,17.06.2024,"-900,00",[counterparty_hash:7518be4ba8],[private_purpose_hash:55a8afe323],Содержание торговых точек,Выбытие
2024,6,17.06.2024,"-8 320,00",[counterparty_hash:856bc7fd96],,Курьерская служба -,Выбытие
2024,6,17.06.2024,"22 033,95",[counterparty_hash:335b2a2e9a],,Поступление денег с торг. точек,Поступление
2024,6,17.06.2024,"18 158,54",[counterparty_hash:335b2a2e9a],,Поступление денег с торг. точек,Поступление
2024,6,17.06.2024,"-16,32",[counterparty_hash:a079b1ede6],,Эквайринг,Выбытие
2024,6,17.06.2024,"94 793,00",[counterparty_hash:335b2a2e9a],,Поступление денег с торг. точек,Поступление
2024,6,17.06.2024,"-1 422,13",[counterparty_hash:a079b1ede6],,Эквайринг,Выбытие
2024,6,17.06.2024,"465,00",[counterparty_hash:335b2a2e9a],,Поступление денег с торг. точек,Поступление
2024,6,17.06.2024,"-1,86",[counterparty_hash:a079b1ede6],,Эквайринг,Выбытие
2024,6,17.06.2024,"310,00",[counterparty_hash:335b2a2e9a],,Поступление денег с торг. точек,Поступление
2024,6,17.06.2024,"-1,24",[counterparty_hash:a079b1ede6],,Эквайринг,Выбытие
2024,6,17.06.2024,"500,00",[counterparty_hash:335b2a2e9a],,Поступление денег с торг. точек,Поступление
2024,6,17.06.2024,"-2,00",[counterparty_hash:a079b1ede6],,Эквайринг,Выбытие
2024,6,17.06.2024,"-18,98",[counterparty_hash:2a84eb0be0],,Содержание торговых точек,Выбытие
2024,6,17.06.2024,"-1 071,75",[counterparty_hash:2a84eb0be0],,Оплата поставщикам ,Выбытие
2024,6,18.06.2024,"74 600,00",,,Поступление — Перевод между счетами,
2024,6,18.06.2024,"-154 650,00",[counterparty_hash:856bc7fd96],,Зарплата производственного персонала,Выбытие
2024,6,14.06.2024,"65 000,00",,,Поступление — Перевод между счетами,
2024,6,14.06.2024,"-10 000,00",,,Выбытие — Перевод между счетами,
2024,6,14.06.2024,"-15 000,00",[counterparty_hash:856bc7fd96],,Зарплата административного персонала,Выбытие
2024,6,14.06.2024,"-15 000,00",[counterparty_hash:856bc7fd96],,Содержание торговых точек,Выбытие
2024,6,14.06.2024,"10 000,00",,,Поступление — Перевод между счетами,
2024,6,14.06.2024,"-25 000,00",[counterparty_hash:856bc7fd96],,Зарплата административного персонала,Выбытие
2024,6,16.06.2024,"145 000,00",,,Поступление — Перевод между счетами,
2024,6,16.06.2024,"-145 000,00",[counterparty_hash:a079b1ede6],,Оплаты по кредитам и займам,Выбытие
2024,6,18.06.2024,"74 600,00",,,Поступление — Перевод между счетами,
2024,6,18.06.2024,"-74 600,00",,,Выбытие — Перевод между счетами,
2024,6,18.06.2024,"-4 167,00",[counterparty_hash:2a84eb0be0],,Оплата поставщикам ,Выбытие
2024,6,18.06.2024,"-15 090,00",,,Выбытие — Перевод между счетами,
2024,6,18.06.2024,"-9 940,00",[counterparty_hash:856bc7fd96],,Курьерская служба -,Выбытие
2024,6,18.06.2024,"20 016,00",[counterparty_hash:335b2a2e9a],,Поступление денег с торг. точек,Поступление
2024,6,18.06.2024,"16 272,53",[counterparty_hash:335b2a2e9a],,Поступление денег с торг. точек,Поступление
2024,6,18.06.2024,"-10,58",[counterparty_hash:a079b1ede6],,Эквайринг,Выбытие
2024,6,18.06.2024,"-200 000,00",,,Выбытие — Перевод между счетами,
2024,6,18.06.2024,"60 939,00",[counterparty_hash:335b2a2e9a],,Поступление денег с торг. точек,Поступление
2024,6,18.06.2024,"-914,20",[counterparty_hash:a079b1ede6],,Эквайринг,Выбытие
2024,6,18.06.2024,"-5 000,00",[counterparty_hash:810942d5fa],,Телекоммуникации,Выбытие
2024,6,18.06.2024,"-74 600,00",,,Выбытие — Перевод между счетами,
2024,6,18.06.2024,"805,00",[counterparty_hash:335b2a2e9a],,Поступление денег с торг. точек,Поступление
2024,6,18.06.2024,"-3,22",[counterparty_hash:a079b1ede6],,Эквайринг,Выбытие
2024,6,18.06.2024,"250,00",[counterparty_hash:335b2a2e9a],,Поступление денег с торг. точек,Поступление
2024,6,18.06.2024,"-1,00",[counterparty_hash:a079b1ede6],,Эквайринг,Выбытие
2024,6,18.06.2024,"-5 992,02",[counterparty_hash:2a84eb0be0],,Оплата поставщикам ,Выбытие
2024,6,18.06.2024,"-1 537,17",[counterparty_hash:2a84eb0be0],,Расходы на питание персонала,Выбытие
2024,6,18.06.2024,"-429,92",[counterparty_hash:2a84eb0be0],,Содержание торговых точек,Выбытие
2024,6,10.06.2024,"-105 000,00",[counterparty_hash:9d002889b3],,Дивиденды,Выбытие
2024,6,10.06.2024,"-105 000,00",[counterparty_hash:913fe52b19],,Дивиденды,Выбытие
2024,6,19.06.2024,"-9 640,00",[counterparty_hash:856bc7fd96],,Курьерская служба -,Выбытие
2024,6,19.06.2024,"24 978,00",[counterparty_hash:335b2a2e9a],,Поступление денег с торг. точек,Поступление
2024,6,19.06.2024,"20 109,29",[counterparty_hash:335b2a2e9a],,Поступление денег с торг. точек,Поступление
2024,6,19.06.2024,"-30,41",[counterparty_hash:a079b1ede6],,Эквайринг,Выбытие
2024,6,19.06.2024,"80 332,65",[counterparty_hash:335b2a2e9a],,Поступление денег с торг. точек,Поступление
2024,6,19.06.2024,"200 000,00",,,Поступление — Перевод между счетами,
2024,6,19.06.2024,"-1 205,16",[counterparty_hash:a079b1ede6],,Эквайринг,Выбытие
2024,6,19.06.2024,"1 299,00",[counterparty_hash:335b2a2e9a],,Поступление денег с торг. точек,Поступление
2024,6,19.06.2024,"10,00",[counterparty_hash:335b2a2e9a],,Поступление денег с торг. точек,Поступление
2024,6,19.06.2024,"-5,24",[counterparty_hash:a079b1ede6],,Эквайринг,Выбытие
2024,6,19.06.2024,"1 579,00",[counterparty_hash:335b2a2e9a],,Поступление денег с торг. точек,Поступление
2024,6,19.06.2024,"-6,32",[counterparty_hash:a079b1ede6],,Эквайринг,Выбытие
2024,6,19.06.2024,"2 099,00",[counterparty_hash:335b2a2e9a],,Поступление денег с торг. точек,Поступление
2024,6,19.06.2024,"-8,40",[counterparty_hash:a079b1ede6],,Эквайринг,Выбытие
2024,6,20.06.2024,"-1 000,00",[counterparty_hash:b2b25bc0ee],,Поиск и найм персонала,Выбытие
2024,6,20.06.2024,"81 202,00",[counterparty_hash:335b2a2e9a],,Поступление денег с торг. точек,Поступление
2024,6,20.06.2024,"-1 218,16",[counterparty_hash:a079b1ede6],,Эквайринг,Выбытие
2024,6,20.06.2024,"2 465,00",[counterparty_hash:335b2a2e9a],,Поступление денег с торг. точек,Поступление
2024,6,20.06.2024,"955,00",[counterparty_hash:335b2a2e9a],,Поступление денег с торг. точек,Поступление
2024,6,20.06.2024,"-9,86",[counterparty_hash:a079b1ede6],,Эквайринг,Выбытие
2024,6,20.06.2024,"-3,82",[counterparty_hash:a079b1ede6],,Эквайринг,Выбытие
2024,6,20.06.2024,"-3 776,52",[counterparty_hash:2a84eb0be0],,Оплата поставщикам ,Выбытие
2024,6,20.06.2024,"-35,96",[counterparty_hash:2a84eb0be0],,Содержание торговых точек,Выбытие
2024,6,20.06.2024,"-990,13",[counterparty_hash:2a84eb0be0],,Расходы на питание персонала,Выбытие
2024,6,20.06.2024,"8 817,95",[counterparty_hash:335b2a2e9a],,Поступление денег с торг. точек,Поступление
2024,6,20.06.2024,"-22,53",[counterparty_hash:a079b1ede6],,Эквайринг,Выбытие
2024,6,20.06.2024,"-10 520,00",[counterparty_hash:856bc7fd96],,Курьерская служба -,Выбытие
2024,6,20.06.2024,"15 845,00",[counterparty_hash:335b2a2e9a],,Поступление денег с торг. точек,Поступление
2024,6,20.06.2024,"-6 013,00",[counterparty_hash:2a84eb0be0],,Оплата поставщикам ,Выбытие
2024,6,21.06.2024,"-13 740,00",[counterparty_hash:856bc7fd96],,Курьерская служба -,Выбытие
2024,6,21.06.2024,"-1 350,00",[counterparty_hash:e0e7137bcf],,Транспортные услуги,Выбытие
2024,6,21.06.2024,"17 295,00",[counterparty_hash:335b2a2e9a],,Поступление денег с торг. точек,Поступление
2024,6,21.06.2024,"-18 550,00",,,Выбытие — Перевод между счетами,
2024,6,21.06.2024,"18 550,00",,,Поступление — Перевод между счетами,
2024,6,22.06.2024,"-6 260,00",[counterparty_hash:2a84eb0be0],,Оплата поставщикам ,Выбытие
2024,6,22.06.2024,"-244,00",[counterparty_hash:2a84eb0be0],,Расходы на питание персонала,Выбытие
2024,6,22.06.2024,"-12 900,00",[counterparty_hash:856bc7fd96],,Курьерская служба -,Выбытие
2024,6,22.06.2024,"29 704,35",[counterparty_hash:335b2a2e9a],,Поступление денег с торг. точек,Поступление
2024,6,23.06.2024,"-10 880,00",[counterparty_hash:856bc7fd96],,Курьерская служба -,Выбытие
2024,6,23.06.2024,"21 262,70",[counterparty_hash:335b2a2e9a],,Поступление денег с торг. точек,Поступление
2024,6,21.06.2024,"11 412,55",[counterparty_hash:335b2a2e9a],,Поступление денег с торг. точек,Поступление
2024,6,21.06.2024,"-14,91",[counterparty_hash:a079b1ede6],,Эквайринг,Выбытие
2024,6,22.06.2024,"30 379,32",[counterparty_hash:335b2a2e9a],,Поступление денег с торг. точек,Поступление
2024,6,22.06.2024,"-42,77",[counterparty_hash:a079b1ede6],,Эквайринг,Выбытие
2024,6,23.06.2024,"24 306,77",[counterparty_hash:335b2a2e9a],,Поступление денег с торг. точек,Поступление
2024,6,23.06.2024,"-15,67",[counterparty_hash:a079b1ede6],,Эквайринг,Выбытие
2024,6,21.06.2024,"80 292,00",[counterparty_hash:335b2a2e9a],,Поступление денег с торг. точек,Поступление
2024,6,21.06.2024,"-1 204,55",[counterparty_hash:a079b1ede6],,Эквайринг,Выбытие
2024,6,21.06.2024,"250,00",[counterparty_hash:335b2a2e9a],,Поступление денег с торг. точек,Поступление
2024,6,21.06.2024,"-1,00",[counterparty_hash:a079b1ede6],,Эквайринг,Выбытие
2024,6,21.06.2024,"70,00",[counterparty_hash:335b2a2e9a],,Поступление денег с торг. точек,Поступление
2024,6,21.06.2024,"-0,28",[counterparty_hash:a079b1ede6],,Эквайринг,Выбытие
2024,6,21.06.2024,"1 352,00",[counterparty_hash:335b2a2e9a],,Поступление денег с торг. точек,Поступление
2024,6,21.06.2024,"-5,41",[counterparty_hash:a079b1ede6],,Эквайринг,Выбытие
2024,6,21.06.2024,"2 029,00",[counterparty_hash:335b2a2e9a],,Поступление денег с торг. точек,Поступление
2024,6,21.06.2024,"-8,12",[counterparty_hash:a079b1ede6],,Эквайринг,Выбытие
2024,6,21.06.2024,"1 552,00",[counterparty_hash:335b2a2e9a],,Поступление денег с торг. точек,Поступление
2024,6,21.06.2024,"-6,21",[counterparty_hash:a079b1ede6],,Эквайринг,Выбытие
2024,6,22.06.2024,"114 673,00",[counterparty_hash:335b2a2e9a],,Поступление денег с торг. точек,Поступление
2024,6,22.06.2024,"-1 720,35",[counterparty_hash:a079b1ede6],,Эквайринг,Выбытие
2024,6,22.06.2024,"260,00",[counterparty_hash:335b2a2e9a],,Поступление денег с торг. точек,Поступление
2024,6,22.06.2024,"-1,04",[counterparty_hash:a079b1ede6],,Эквайринг,Выбытие
2024,6,22.06.2024,"-9 897,11",[counterparty_hash:10ad09b2bf],,Оплата поставщикам ,Выбытие
2024,6,22.06.2024,"-103 348,50",[counterparty_hash:01761130fc],,Оплата поставщикам ,Выбытие
2024,6,22.06.2024,"-25 972,17",[counterparty_hash:acffbdf399],,Оплата поставщикам ,Выбытие
2024,6,22.06.2024,"-2 639,25",[counterparty_hash:81088c4e1c],,Оплата поставщикам ,Выбытие
2024,6,22.06.2024,"1 187,00",[counterparty_hash:335b2a2e9a],,Поступление денег с торг. точек,Поступление
2024,6,22.06.2024,"-4,75",[counterparty_hash:a079b1ede6],,Эквайринг,Выбытие
2024,6,23.06.2024,"-1 990,00",[counterparty_hash:a079b1ede6],,РКО,Выбытие
2024,6,23.06.2024,"-99,00",[counterparty_hash:a079b1ede6],,РКО,Выбытие
2024,6,23.06.2024,"-990,00",[counterparty_hash:a079b1ede6],,РКО,Выбытие
2024,6,23.06.2024,"-30 422,00",[counterparty_hash:c7da8c8c1f],,Оплата поставщикам ,Выбытие
2024,6,23.06.2024,"-28 550,89",[counterparty_hash:55d2a5f343],,Оплата поставщикам ,Выбытие
2024,6,23.06.2024,"-48 446,00",[counterparty_hash:4b0e39f45b],,Оплата поставщикам ,Выбытие
2024,6,23.06.2024,"-96 510,11",[counterparty_hash:81088c4e1c],,Оплата поставщикам ,Выбытие
2024,6,23.06.2024,"104 434,00",[counterparty_hash:335b2a2e9a],,Поступление денег с торг. точек,Поступление
2024,6,23.06.2024,"-1 566,68",[counterparty_hash:a079b1ede6],,Эквайринг,Выбытие
2024,6,23.06.2024,"480,00",[counterparty_hash:335b2a2e9a],,Поступление денег с торг. точек,Поступление
2024,6,23.06.2024,"-1,92",[counterparty_hash:a079b1ede6],,Эквайринг,Выбытие
2024,6,22.06.2024,"-543,94",[counterparty_hash:2a84eb0be0],,Содержание торговых точек,Выбытие
2024,6,22.06.2024,"-1 015,41",[counterparty_hash:2a84eb0be0],,Расходы на питание персонала,Выбытие
2024,6,22.06.2024,"-5 905,57",[counterparty_hash:2a84eb0be0],,Оплата поставщикам ,Выбытие
2024,6,24.06.2024,"87 559,00",[counterparty_hash:335b2a2e9a],,Поступление денег с торг. точек,Поступление
2024,6,24.06.2024,"-1 313,54",[counterparty_hash:a079b1ede6],,Эквайринг,Выбытие
2024,6,24.06.2024,"-84 111,00",[counterparty_hash:48d0f61ee3],,Аренда торговых точек,Выбытие
2024,6,24.06.2024,"-25 200,00",[counterparty_hash:913fe52b19],,Зарплата административного персонала,Выбытие
2024,6,24.06.2024,"-51,06",[counterparty_hash:10ad09b2bf],,Оплата поставщикам ,Выбытие
2024,6,24.06.2024,"2 271,00",[counterparty_hash:335b2a2e9a],,Поступление денег с торг. точек,Поступление
2024,6,24.06.2024,"-9,08",[counterparty_hash:a079b1ede6],,Эквайринг,Выбытие
2024,6,24.06.2024,"-4 361,09",[counterparty_hash:2a84eb0be0],,Оплата поставщикам ,Выбытие
2024,6,24.06.2024,"-2 022,88",[counterparty_hash:2a84eb0be0],,Расходы на питание персонала,Выбытие
2024,6,24.06.2024,"-19,98",[counterparty_hash:2a84eb0be0],,Содержание торговых точек,Выбытие
2024,6,25.06.2024,"72 393,70",[counterparty_hash:335b2a2e9a],,Поступление денег с торг. точек,Поступление
2024,6,25.06.2024,"-1 086,02",[counterparty_hash:a079b1ede6],,Эквайринг,Выбытие
2024,6,25.06.2024,"-500,00",[counterparty_hash:10ad09b2bf],,Оплата поставщикам ,Выбытие
2024,6,25.06.2024,"280,00",[counterparty_hash:335b2a2e9a],,Поступление денег с торг. точек,Поступление
2024,6,25.06.2024,"-1,12",[counterparty_hash:a079b1ede6],,Эквайринг,Выбытие
2024,6,25.06.2024,"1 149,00",[counterparty_hash:335b2a2e9a],,Поступление денег с торг. точек,Поступление
2024,6,25.06.2024,"-4,60",[counterparty_hash:a079b1ede6],,Эквайринг,Выбытие
2024,6,25.06.2024,"-75 000,00",[counterparty_hash:168e057bae],,Услуги ФД и НК,Выбытие
2024,6,25.06.2024,"-91 650,00",,,Выбытие — Перевод между счетами,
2024,6,25.06.2024,"1 322,00",[counterparty_hash:335b2a2e9a],,Поступление денег с торг. точек,Поступление
2024,6,25.06.2024,"-5,29",[counterparty_hash:a079b1ede6],,Эквайринг,Выбытие
2024,6,24.06.2024,"21 736,87",[counterparty_hash:335b2a2e9a],,Поступление денег с торг. точек,Поступление
2024,6,24.06.2024,"-23,09",[counterparty_hash:a079b1ede6],,Эквайринг,Выбытие
2024,6,25.06.2024,"27 656,53",[counterparty_hash:335b2a2e9a],,Поступление денег с торг. точек,Поступление
2024,6,25.06.2024,"-31,93",[counterparty_hash:a079b1ede6],,Эквайринг,Выбытие
2024,6,21.06.2024,"-658,80",[counterparty_hash:a079b1ede6],,РКО,Выбытие
2024,6,24.06.2024,"19 800,00",,,Поступление — Перевод между счетами,
2024,6,25.06.2024,"91 650,00",,,Поступление — Перевод между счетами,
2024,6,25.06.2024,"-2 000,00",[counterparty_hash:e0e7137bcf],,Оплата поставщикам ,Выбытие
2024,6,25.06.2024,"10 000,00",,,Поступление — Перевод между счетами,
2024,6,25.06.2024,"-140 050,00",[counterparty_hash:856bc7fd96],,Зарплата производственного персонала,Выбытие
2024,6,24.06.2024,"-3 239,00",[counterparty_hash:2a84eb0be0],,Оплата поставщикам ,Выбытие
2024,6,24.06.2024,"-349,00",[counterparty_hash:2a84eb0be0],,Расходы на питание персонала,Выбытие
2024,6,24.06.2024,"-19 800,00",,,Выбытие — Перевод между счетами,
2024,6,24.06.2024,"-10 220,00",[counterparty_hash:856bc7fd96],,Курьерская служба -,Выбытие
2024,6,24.06.2024,"21 503,15",[counterparty_hash:335b2a2e9a],,Поступление денег с торг. точек,Поступление
2024,6,25.06.2024,"-10 000,00",,,Выбытие — Перевод между счетами,
2024,6,25.06.2024,"-9 480,00",[counterparty_hash:856bc7fd96],,Курьерская служба -,Выбытие
2024,6,25.06.2024,"24 356,00",[counterparty_hash:335b2a2e9a],,Поступление денег с торг. точек,Поступление
2024,6,25.06.2024,"-900,00",[counterparty_hash:e0e7137bcf],,Оплата поставщикам ,Выбытие
2024,6,26.06.2024,"18 093,46",[counterparty_hash:335b2a2e9a],,Поступление денег с торг. точек,Поступление
2024,6,26.06.2024,"-28,49",[counterparty_hash:a079b1ede6],,Эквайринг,Выбытие
2024,6,27.06.2024,"21 401,94",[counterparty_hash:335b2a2e9a],,Поступление денег с торг. точек,Поступление
2024,6,27.06.2024,"-31,71",[counterparty_hash:a079b1ede6],,Эквайринг,Выбытие
2024,6,27.06.2024,"-189 084,00",,,Выбытие — Перевод между счетами,
2024,6,26.06.2024,"63 898,15",[counterparty_hash:335b2a2e9a],,Поступление денег с торг. точек,Поступление
2024,6,26.06.2024,"-958,60",[counterparty_hash:a079b1ede6],,Эквайринг,Выбытие
2024,6,26.06.2024,"-5 000,00",[counterparty_hash:810942d5fa],,Телекоммуникации,Выбытие
2024,6,26.06.2024,"1 116,00",[counterparty_hash:335b2a2e9a],,Поступление денег с торг. точек,Поступление
2024,6,26.06.2024,"-4,46",[counterparty_hash:a079b1ede6],,Эквайринг,Выбытие
2024,6,26.06.2024,"740,00",[counterparty_hash:335b2a2e9a],,Поступление денег с торг. точек,Поступление
2024,6,26.06.2024,"70,00",[counterparty_hash:335b2a2e9a],,Поступление денег с торг. точек,Поступление
2024,6,26.06.2024,"-2,96",[counterparty_hash:a079b1ede6],,Эквайринг,Выбытие
2024,6,26.06.2024,"-0,28",[counterparty_hash:a079b1ede6],,Эквайринг,Выбытие
2024,6,26.06.2024,"-411,98",[counterparty_hash:2a84eb0be0],,Содержание торговых точек,Выбытие
2024,6,26.06.2024,"-9 829,30",[counterparty_hash:2a84eb0be0],,Оплата поставщикам ,Выбытие
2024,6,26.06.2024,"-2 419,65",[counterparty_hash:2a84eb0be0],,Расходы на питание персонала,Выбытие
2024,6,27.06.2024,"-1 079,00",[counterparty_hash:335b2a2e9a],,Возвраты клиентам,Выбытие
2024,6,27.06.2024,"71 022,25",[counterparty_hash:335b2a2e9a],,Поступление денег с торг. точек,Поступление
2024,6,27.06.2024,"-1 065,49",[counterparty_hash:a079b1ede6],,Эквайринг,Выбытие
2024,6,27.06.2024,"370,00",[counterparty_hash:335b2a2e9a],,Поступление денег с торг. точек,Поступление
2024,6,27.06.2024,"-1,48",[counterparty_hash:a079b1ede6],,Эквайринг,Выбытие
2024,6,27.06.2024,"189 084,00",,,Поступление — Перевод между счетами,
2024,6,27.06.2024,"-19 175,00",[counterparty_hash:3cab83ecee],,Налоги с з/п,Выбытие
2024,6,27.06.2024,"-10 000,00",[counterparty_hash:6279bcc436],,SEO-оптимизация,Выбытие
2024,6,27.06.2024,"1 099,00",[counterparty_hash:335b2a2e9a],,Поступление денег с торг. точек,Поступление
2024,6,27.06.2024,"-4,40",[counterparty_hash:a079b1ede6],,Эквайринг,Выбытие
2024,6,26.06.2024,"-10 030,00",[counterparty_hash:856bc7fd96],,Курьерская служба -,Выбытие
2024,6,26.06.2024,"18 496,90",[counterparty_hash:335b2a2e9a],,Поступление денег с торг. точек,Поступление
2024,6,26.06.2024,"-6 580,70",[counterparty_hash:1340ea64e9],,Оплата поставщикам ,Выбытие
2024,6,26.06.2024,"-225,00",[counterparty_hash:2a84eb0be0],,Расходы на питание персонала,Выбытие
2024,6,26.06.2024,"-5 915,00",[counterparty_hash:2a84eb0be0],,Оплата поставщикам ,Выбытие
2024,6,27.06.2024,"-10 360,00",[counterparty_hash:856bc7fd96],,Курьерская служба -,Выбытие
2024,6,27.06.2024,"23 066,10",[counterparty_hash:335b2a2e9a],,Поступление денег с торг. точек,Поступление
2024,6,27.06.2024,"-0,30",,,Корретировки кассы -,Выбытие
2024,6,28.06.2024,"26 116,98",[counterparty_hash:335b2a2e9a],,Поступление денег с торг. точек,Поступление
2024,6,28.06.2024,"-32,99",[counterparty_hash:a079b1ede6],,Эквайринг,Выбытие
2024,6,29.06.2024,"51 071,79",[counterparty_hash:335b2a2e9a],,Поступление денег с торг. точек,Поступление
2024,6,29.06.2024,"-69,25",[counterparty_hash:a079b1ede6],,Эквайринг,Выбытие
2024,6,30.06.2024,"26 605,01",[counterparty_hash:335b2a2e9a],,Поступление денег с торг. точек,Поступление
2024,6,30.06.2024,"-34,76",[counterparty_hash:a079b1ede6],,Эквайринг,Выбытие
2024,6,28.06.2024,"-100,00",[counterparty_hash:335b2a2e9a],,Возвраты клиентам,Выбытие
2024,6,28.06.2024,"70 510,00",[counterparty_hash:335b2a2e9a],,Поступление денег с торг. точек,Поступление
2024,6,28.06.2024,"-1 057,77",[counterparty_hash:a079b1ede6],,Эквайринг,Выбытие
2024,6,28.06.2024,"-861,40",[counterparty_hash:10ad09b2bf],,Оплата поставщикам ,Выбытие
2024,6,28.06.2024,"-1 440,00",[counterparty_hash:2c9dd7c496],,Телекоммуникации,Выбытие
2024,6,28.06.2024,"-32 620,29",[counterparty_hash:55d2a5f343],,Оплата поставщикам ,Выбытие
2024,6,28.06.2024,"-5 447,25",[counterparty_hash:81088c4e1c],,Оплата поставщикам ,Выбытие
2024,6,28.06.2024,"-69 859,09",[counterparty_hash:81088c4e1c],,Оплата поставщикам ,Выбытие
2024,6,28.06.2024,"-40 979,57",[counterparty_hash:c7da8c8c1f],,Оплата поставщикам ,Выбытие
2024,6,28.06.2024,"-7 852,80",[counterparty_hash:10ad09b2bf],,Оплата поставщикам ,Выбытие
2024,6,28.06.2024,"-111 500,00",[counterparty_hash:01761130fc],,Оплата поставщикам ,Выбытие
2024,6,28.06.2024,"-65 000,00",[counterparty_hash:2d609b655e],,Контекстная реклама,Выбытие
2024,6,28.06.2024,"-47 609,20",[counterparty_hash:4b0e39f45b],,Оплата поставщикам ,Выбытие
2024,6,28.06.2024,"-100 000,00",[counterparty_hash:48d0f61ee3],,Аренда торговых точек,Выбытие
2024,6,28.06.2024,"-88,61",[counterparty_hash:a079b1ede6],,РКО,Выбытие
2024,6,28.06.2024,"-25 967,97",[counterparty_hash:acffbdf399],,Оплата поставщикам ,Выбытие
2024,6,28.06.2024,"999,00",[counterparty_hash:335b2a2e9a],,Поступление денег с торг. точек,Поступление
2024,6,28.06.2024,"-4,00",[counterparty_hash:a079b1ede6],,Эквайринг,Выбытие
2024,6,28.06.2024,"839,00",[counterparty_hash:335b2a2e9a],,Поступление денег с торг. точек,Поступление
2024,6,28.06.2024,"-3,36",[counterparty_hash:a079b1ede6],,Эквайринг,Выбытие
2024,6,28.06.2024,"-7 234,93",[counterparty_hash:2a84eb0be0],,Оплата поставщикам ,Выбытие
2024,6,28.06.2024,"-19,98",[counterparty_hash:2a84eb0be0],,Содержание торговых точек,Выбытие
2024,6,28.06.2024,"-1 493,43",[counterparty_hash:2a84eb0be0],,Расходы на питание персонала,Выбытие
2024,6,29.06.2024,"160 415,35",[counterparty_hash:335b2a2e9a],,Поступление денег с торг. точек,Поступление
2024,6,29.06.2024,"-2 406,51",[counterparty_hash:a079b1ede6],,Эквайринг,Выбытие
2024,6,29.06.2024,"580,00",[counterparty_hash:335b2a2e9a],,Поступление денег с торг. точек,Поступление
2024,6,29.06.2024,"-2,32",[counterparty_hash:a079b1ede6],,Эквайринг,Выбытие
2024,6,29.06.2024,"250,00",[counterparty_hash:335b2a2e9a],,Поступление денег с торг. точек,Поступление
2024,6,29.06.2024,"-1,00",[counterparty_hash:a079b1ede6],,Эквайринг,Выбытие
2024,6,29.06.2024,"1 065,00",[counterparty_hash:335b2a2e9a],,Поступление денег с торг. точек,Поступление
2024,6,29.06.2024,"-4,26",[counterparty_hash:a079b1ede6],,Эквайринг,Выбытие
2024,6,29.06.2024,"260,00",[counterparty_hash:335b2a2e9a],,Поступление денег с торг. точек,Поступление
2024,6,29.06.2024,"-1,04",[counterparty_hash:a079b1ede6],,Эквайринг,Выбытие
2024,6,29.06.2024,"107,00",[counterparty_hash:335b2a2e9a],,Поступление денег с торг. точек,Поступление
2024,6,29.06.2024,"-0,43",[counterparty_hash:a079b1ede6],,Эквайринг,Выбытие
2024,6,29.06.2024,"770,00",[counterparty_hash:335b2a2e9a],,Поступление денег с торг. точек,Поступление
2024,6,29.06.2024,"-3,08",[counterparty_hash:a079b1ede6],,Эквайринг,Выбытие
2024,6,30.06.2024,"109 596,50",[counterparty_hash:335b2a2e9a],,Поступление денег с торг. точек,Поступление
2024,6,30.06.2024,"-1 644,17",[counterparty_hash:a079b1ede6],,Эквайринг,Выбытие
2024,6,30.06.2024,"680,00",[counterparty_hash:335b2a2e9a],,Поступление денег с торг. точек,Поступление
2024,6,30.06.2024,"-2,72",[counterparty_hash:a079b1ede6],,Эквайринг,Выбытие
2024,6,30.06.2024,"585,00",[counterparty_hash:335b2a2e9a],,Поступление денег с торг. точек,Поступление
2024,6,30.06.2024,"-2,34",[counterparty_hash:a079b1ede6],,Эквайринг,Выбытие
2024,6,30.06.2024,"-4 581,60",[counterparty_hash:2a84eb0be0],,Оплата поставщикам ,Выбытие
2024,6,30.06.2024,"-450,94",[counterparty_hash:2a84eb0be0],,Содержание торговых точек,Выбытие
2024,6,30.06.2024,"-2 234,41",[counterparty_hash:2a84eb0be0],,Расходы на питание персонала,Выбытие
2024,6,28.06.2024,"-14 980,00",[counterparty_hash:856bc7fd96],,Курьерская служба -,Выбытие
2024,6,28.06.2024,"-1 350,00",[counterparty_hash:e0e7137bcf],,Транспортные услуги,Выбытие
2024,6,28.06.2024,"25 702,00",[counterparty_hash:335b2a2e9a],,Поступление денег с торг. точек,Поступление
2024,6,28.06.2024,"-357,00",[counterparty_hash:2a84eb0be0],,Расходы на питание персонала,Выбытие
2024,6,28.06.2024,"-5 287,00",[counterparty_hash:2a84eb0be0],,Оплата поставщикам ,Выбытие
2024,6,29.06.2024,"-13 320,00",[counterparty_hash:856bc7fd96],,Курьерская служба -,Выбытие
2024,6,29.06.2024,"34 753,00",[counterparty_hash:335b2a2e9a],,Поступление денег с торг. точек,Поступление
2024,6,30.06.2024,"-4 653,00",[counterparty_hash:2a84eb0be0],,Оплата поставщикам ,Выбытие
2024,6,30.06.2024,"-292,00",[counterparty_hash:2a84eb0be0],,Расходы на питание персонала,Выбытие
2024,6,30.06.2024,"-10 840,00",[counterparty_hash:856bc7fd96],,Курьерская служба -,Выбытие
2024,6,30.06.2024,"16 656,00",[counterparty_hash:335b2a2e9a],,Поступление денег с торг. точек,Поступление
2024,6,28.06.2024,"-300,00",[counterparty_hash:856bc7fd96],,Содержание торговых точек,Выбытие
2024,7,01.07.2024,"-8 660,00",[counterparty_hash:856bc7fd96],,Курьерская служба -,Выбытие
2024,7,01.07.2024,"14 942,00",[counterparty_hash:335b2a2e9a],,Поступление денег с торг. точек,Поступление
2024,7,01.07.2024,"-6 700,00",[counterparty_hash:856bc7fd96],,Содержание торговых точек,Выбытие
2024,7,01.07.2024,"-44 200,00",,,Выбытие — Перевод между счетами,
2024,7,02.07.2024,"18 950,00",[counterparty_hash:335b2a2e9a],,Поступление денег с торг. точек,Поступление
2024,7,02.07.2024,"-9 860,00",[counterparty_hash:856bc7fd96],,Курьерская служба -,Выбытие
2024,7,02.07.2024,"-5 011,00",[counterparty_hash:2a84eb0be0],,Оплата поставщикам ,Выбытие
2024,7,02.07.2024,"-223,00",[counterparty_hash:2a84eb0be0],,Расходы на питание персонала,Выбытие
2024,7,02.07.2024,"-6 876,00",[counterparty_hash:1340ea64e9],,Оплата поставщикам ,Выбытие
2024,7,01.07.2024,"44 200,00",,,Поступление — Перевод между счетами,
2024,7,02.07.2024,"120 000,00",,,Поступление — Перевод между счетами,
2024,7,02.07.2024,"-165 489,00",[counterparty_hash:856bc7fd96],,Зарплата производственного персонала,Выбытие
2024,7,01.07.2024,"19 266,59",[counterparty_hash:335b2a2e9a],,Поступление денег с торг. точек,Поступление
2024,7,01.07.2024,"-25,62",[counterparty_hash:a079b1ede6],,Эквайринг,Выбытие
2024,7,02.07.2024,"21 157,37",[counterparty_hash:335b2a2e9a],,Поступление денег с торг. точек,Поступление
2024,7,02.07.2024,"-39,61",[counterparty_hash:a079b1ede6],,Эквайринг,Выбытие
2024,7,01.07.2024,"96 093,00",[counterparty_hash:335b2a2e9a],,Поступление денег с торг. точек,Поступление
2024,7,01.07.2024,"-1 441,59",[counterparty_hash:a079b1ede6],,Эквайринг,Выбытие
2024,7,01.07.2024,"-145 000,00",,,Выбытие — Перевод между счетами,
2024,7,01.07.2024,"876,00",[counterparty_hash:335b2a2e9a],,Поступление денег с торг. точек,Поступление
2024,7,01.07.2024,"-3,50",[counterparty_hash:a079b1ede6],,Эквайринг,Выбытие
2024,7,01.07.2024,"-42,99",[counterparty_hash:2a84eb0be0],,Расходы на питание персонала,Выбытие
2024,7,02.07.2024,"95 043,00",[counterparty_hash:335b2a2e9a],,Поступление денег с торг. точек,Поступление
2024,7,02.07.2024,"-1 425,79",[counterparty_hash:a079b1ede6],,Эквайринг,Выбытие
2024,7,02.07.2024,"-93,15",[counterparty_hash:10ad09b2bf],,Оплата поставщикам ,Выбытие
2024,7,02.07.2024,"580,00",[counterparty_hash:335b2a2e9a],,Поступление денег с торг. точек,Поступление
2024,7,02.07.2024,"420,00",[counterparty_hash:335b2a2e9a],,Поступление денег с торг. точек,Поступление
2024,7,02.07.2024,"-2,32",[counterparty_hash:a079b1ede6],,Эквайринг,Выбытие
2024,7,02.07.2024,"740,00",[counterparty_hash:335b2a2e9a],,Поступление денег с торг. точек,Поступление
2024,7,02.07.2024,"-1,68",[counterparty_hash:a079b1ede6],,Эквайринг,Выбытие
2024,7,02.07.2024,"-2,96",[counterparty_hash:a079b1ede6],,Эквайринг,Выбытие
2024,7,02.07.2024,"-120 000,00",,,Выбытие — Перевод между счетами,
2024,7,02.07.2024,"-20 000,00",,,Выбытие — Перевод между счетами,
2024,7,02.07.2024,"-467,98",[counterparty_hash:2a84eb0be0],,Содержание торговых точек,Выбытие
2024,7,02.07.2024,"-180,97",[counterparty_hash:2a84eb0be0],,Расходы на питание персонала,Выбытие
2024,7,02.07.2024,"-5 267,51",[counterparty_hash:2a84eb0be0],,Оплата поставщикам ,Выбытие
2024,6,30.06.2024,"-5 000,00",[counterparty_hash:856bc7fd96],[private_purpose_hash:0a440cf350],Курьерская служба -,Выбытие
2024,7,03.07.2024,"25 551,82",[counterparty_hash:335b2a2e9a],,Поступление денег с торг. точек,Поступление
2024,7,03.07.2024,"-42,50",[counterparty_hash:a079b1ede6],,Эквайринг,Выбытие
2024,7,03.07.2024,"84 625,10",[counterparty_hash:335b2a2e9a],,Поступление денег с торг. точек,Поступление
2024,7,03.07.2024,"-1 269,54",[counterparty_hash:a079b1ede6],,Эквайринг,Выбытие
2024,7,03.07.2024,"-60 000,00",,,Выбытие — Перевод между счетами,
2024,7,03.07.2024,"-28 000,00",[counterparty_hash:5825737bc2],,Прочие маркетинговые услуги,Выбытие
2024,7,03.07.2024,"-100 202,00",[counterparty_hash:4e9e5a80a9],,Сайт и приложение,Выбытие
2024,7,03.07.2024,"-1 000,00",[counterparty_hash:b2d09b6565],,Аренда торговых точек,Выбытие
2024,7,03.07.2024,"-4 000,00",[counterparty_hash:b2d09b6565],,Аренда торговых точек,Выбытие
2024,7,03.07.2024,"-10 000,00",[counterparty_hash:7518be4ba8],,Услуги ФД и НК,Выбытие
2024,7,03.07.2024,"-2 640,00",[counterparty_hash:2c9dd7c496],,Телекоммуникации,Выбытие
2024,7,03.07.2024,"1 351,00",[counterparty_hash:335b2a2e9a],,Поступление денег с торг. точек,Поступление
2024,7,03.07.2024,"-5,40",[counterparty_hash:a079b1ede6],,Эквайринг,Выбытие
2024,7,03.07.2024,"106,00",[counterparty_hash:335b2a2e9a],,Поступление денег с торг. точек,Поступление
2024,7,03.07.2024,"-0,42",[counterparty_hash:a079b1ede6],,Эквайринг,Выбытие
2024,7,03.07.2024,"-6,99",[counterparty_hash:2a84eb0be0],,Содержание торговых точек,Выбытие
2024,7,03.07.2024,"-5 988,94",[counterparty_hash:2a84eb0be0],,Оплата поставщикам ,Выбытие
2024,7,03.07.2024,"-2 000,00",[counterparty_hash:e0e7137bcf],,Оплата поставщикам ,Выбытие
2024,7,03.07.2024,"-1 000,00",[counterparty_hash:b2b25bc0ee],,Поиск и найм персонала,Выбытие
2024,7,03.07.2024,"10 000,00",,,Поступление — Перевод между счетами,
2024,7,03.07.2024,"-10 000,00",,,Выбытие — Перевод между счетами,
2024,7,03.07.2024,"-10 540,00",[counterparty_hash:856bc7fd96],,Курьерская служба -,Выбытие
2024,7,03.07.2024,"15 627,00",[counterparty_hash:335b2a2e9a],,Поступление денег с торг. точек,Поступление
2024,7,04.07.2024,"74 602,85",[counterparty_hash:335b2a2e9a],,Поступление денег с торг. точек,Поступление
2024,7,04.07.2024,"-1 119,19",[counterparty_hash:a079b1ede6],,Эквайринг,Выбытие
2024,7,04.07.2024,"-5 000,00",[counterparty_hash:810942d5fa],,Телекоммуникации,Выбытие
2024,7,04.07.2024,"-5 963,32",[counterparty_hash:2a84eb0be0],,Оплата поставщикам ,Выбытие
2024,7,04.07.2024,"-35,96",[counterparty_hash:2a84eb0be0],,Содержание торговых точек,Выбытие
2024,7,04.07.2024,"-1 152,34",[counterparty_hash:2a84eb0be0],,Расходы на питание персонала,Выбытие
2024,7,04.07.2024,"19 928,29",[counterparty_hash:335b2a2e9a],,Поступление денег с торг. точек,Поступление
2024,7,04.07.2024,"-22,72",[counterparty_hash:a079b1ede6],,Эквайринг,Выбытие
2024,7,04.07.2024,"-5 684,00",[counterparty_hash:2a84eb0be0],,Оплата поставщикам ,Выбытие
2024,7,04.07.2024,"-7 420,00",[counterparty_hash:856bc7fd96],,Курьерская служба -,Выбытие
2024,7,04.07.2024,"8 353,00",[counterparty_hash:335b2a2e9a],,Поступление денег с торг. точек,Поступление
2024,7,01.07.2024,"93 460,00",[counterparty_hash:8009e18a18],,Поступление денег с торг. точек,Поступление
2024,7,05.07.2024,"19 978,41",[counterparty_hash:335b2a2e9a],,Поступление денег с торг. точек,Поступление
2024,7,05.07.2024,"-27,66",[counterparty_hash:a079b1ede6],,Эквайринг,Выбытие
2024,7,06.07.2024,"21 020,96",[counterparty_hash:335b2a2e9a],,Поступление денег с торг. точек,Поступление
2024,7,06.07.2024,"-35,55",[counterparty_hash:a079b1ede6],,Эквайринг,Выбытие
2024,7,07.07.2024,"26 227,73",[counterparty_hash:335b2a2e9a],,Поступление денег с торг. точек,Поступление
2024,7,07.07.2024,"-33,83",[counterparty_hash:a079b1ede6],,Эквайринг,Выбытие
2024,7,05.07.2024,"-11 540,00",[counterparty_hash:856bc7fd96],,Курьерская служба -,Выбытие
2024,7,05.07.2024,"-1 350,00",[counterparty_hash:e0e7137bcf],,Транспортные услуги,Выбытие
2024,7,05.07.2024,"24 303,00",[counterparty_hash:335b2a2e9a],,Поступление денег с торг. точек,Поступление
2024,7,06.07.2024,"-5 321,00",[counterparty_hash:2a84eb0be0],,Оплата поставщикам ,Выбытие
2024,7,06.07.2024,"-14 500,00",[counterparty_hash:856bc7fd96],,Курьерская служба -,Выбытие
2024,7,06.07.2024,"22 817,65",[counterparty_hash:335b2a2e9a],,Поступление денег с торг. точек,Поступление
2024,7,07.07.2024,"-10 880,00",[counterparty_hash:856bc7fd96],,Курьерская служба -,Выбытие
2024,7,07.07.2024,"14 456,00",[counterparty_hash:335b2a2e9a],,Поступление денег с торг. точек,Поступление
2024,7,07.07.2024,"-0,65",,,Корретировки кассы -,Выбытие
2024,7,05.07.2024,"74 086,00",[counterparty_hash:335b2a2e9a],,Поступление денег с торг. точек,Поступление
2024,7,05.07.2024,"-1 111,42",[counterparty_hash:a079b1ede6],,Эквайринг,Выбытие
2024,7,05.07.2024,"1 193,00",[counterparty_hash:335b2a2e9a],,Поступление денег с торг. точек,Поступление
2024,7,05.07.2024,"-4,77",[counterparty_hash:a079b1ede6],,Эквайринг,Выбытие
2024,7,05.07.2024,"1 067,00",[counterparty_hash:335b2a2e9a],,Поступление денег с торг. точек,Поступление
2024,7,05.07.2024,"-4,27",[counterparty_hash:a079b1ede6],,Эквайринг,Выбытие
2024,7,05.07.2024,"1 224,00",[counterparty_hash:335b2a2e9a],,Поступление денег с торг. точек,Поступление
2024,7,05.07.2024,"-4,90",[counterparty_hash:a079b1ede6],,Эквайринг,Выбытие
2024,7,05.07.2024,"1 448,00",[counterparty_hash:335b2a2e9a],,Поступление денег с торг. точек,Поступление
2024,7,05.07.2024,"-5,79",[counterparty_hash:a079b1ede6],,Эквайринг,Выбытие
2024,7,05.07.2024,"-8,99",[counterparty_hash:2a84eb0be0],,Содержание торговых точек,Выбытие
2024,7,05.07.2024,"-839,97",[counterparty_hash:2a84eb0be0],,Оплата поставщикам ,Выбытие
2024,7,06.07.2024,"106 810,00",[counterparty_hash:335b2a2e9a],,Поступление денег с торг. точек,Поступление
2024,7,06.07.2024,"-1 602,33",[counterparty_hash:a079b1ede6],,Эквайринг,Выбытие
2024,7,06.07.2024,"-4 043,25",[counterparty_hash:81088c4e1c],,Оплата поставщикам ,Выбытие
2024,7,06.07.2024,"-123 786,80",[counterparty_hash:01761130fc],,Оплата поставщикам ,Выбытие
2024,7,06.07.2024,"-22 198,23",[counterparty_hash:acffbdf399],,Оплата поставщикам ,Выбытие
2024,7,06.07.2024,"-15 393,55",[counterparty_hash:10ad09b2bf],,Оплата поставщикам ,Выбытие
2024,7,06.07.2024,"-471,30",[counterparty_hash:10ad09b2bf],,Оплата поставщикам ,Выбытие
2024,7,06.07.2024,"-2 107,91",[counterparty_hash:2a84eb0be0],,Расходы на питание персонала,Выбытие
2024,7,06.07.2024,"-35,47",[counterparty_hash:2a84eb0be0],,Содержание торговых точек,Выбытие
2024,7,06.07.2024,"-2 798,81",[counterparty_hash:2a84eb0be0],,Оплата поставщикам ,Выбытие
2024,7,07.07.2024,"-49 360,95",[counterparty_hash:c7da8c8c1f],,Оплата поставщикам ,Выбытие
2024,7,07.07.2024,"-6 000,00",[counterparty_hash:e467eaefc4],,Оплаты систем автоматизации,Выбытие
2024,7,07.07.2024,"-29 494,68",[counterparty_hash:55d2a5f343],,Оплата поставщикам ,Выбытие
2024,7,07.07.2024,"-675,98",[counterparty_hash:9a7ac913a7],,Аренда торговых точек,Выбытие
2024,7,07.07.2024,"-2 820,00",[counterparty_hash:e1cb4e2da2],[private_purpose_hash:016c7f7ffd],Оплаты систем автоматизации,Выбытие
2024,7,07.07.2024,"-4 000,00",[counterparty_hash:e467eaefc4],,Оплаты систем автоматизации,Выбытие
2024,7,07.07.2024,"-38 969,08",[counterparty_hash:4b0e39f45b],,Оплата поставщикам ,Выбытие
2024,7,07.07.2024,"-2 930,36",[counterparty_hash:9a7ac913a7],,Аренда торговых точек,Выбытие
2024,7,07.07.2024,"-64 101,46",[counterparty_hash:81088c4e1c],,Оплата поставщикам ,Выбытие
2024,7,07.07.2024,"118 543,25",[counterparty_hash:335b2a2e9a],,Поступление денег с торг. точек,Поступление
2024,7,07.07.2024,"-1 778,41",[counterparty_hash:a079b1ede6],,Эквайринг,Выбытие
2024,7,07.07.2024,"434,00",[counterparty_hash:335b2a2e9a],,Поступление денег с торг. точек,Поступление
2024,7,07.07.2024,"-1,74",[counterparty_hash:a079b1ede6],,Эквайринг,Выбытие
2024,7,08.07.2024,"20 514,67",[counterparty_hash:335b2a2e9a],,Поступление денег с торг. точек,Поступление
2024,7,08.07.2024,"-8,05",[counterparty_hash:a079b1ede6],,Эквайринг,Выбытие
2024,7,08.07.2024,"-276 000,00",,,Выбытие — Перевод между счетами,
2024,7,08.07.2024,"-1 000,00",[counterparty_hash:7518be4ba8],[private_purpose_hash:4165edf2a8],Расходы на персонал,Выбытие
2024,7,08.07.2024,"-2 000,00",[counterparty_hash:e0e7137bcf],,Оплата поставщикам ,Выбытие
2024,7,08.07.2024,"-7 392,48",[counterparty_hash:24d4f68d8f],,Оплата поставщикам ,Выбытие
2024,7,08.07.2024,"-3 325,20",[counterparty_hash:24d4f68d8f],,Оплата поставщикам ,Выбытие
2024,7,08.07.2024,"-6 000,00",[counterparty_hash:768e87a312],[private_purpose_hash:2eaec1d89b],Расходы на персонал,Выбытие
2024,7,09.07.2024,"35 465,00",,,Поступление — Перевод между счетами,
2024,7,09.07.2024,"-7,00",[counterparty_hash:2a84eb0be0],,Расходы на питание персонала,Выбытие
2024,7,09.07.2024,"38 801,00",,,Поступление — Перевод между счетами,
2024,7,09.07.2024,"-150 312,00",[counterparty_hash:856bc7fd96],,Зарплата производственного персонала,Выбытие
2024,7,09.07.2024,"-2 000,00",[counterparty_hash:7518be4ba8],[private_purpose_hash:eb912e6acd],Содержание торговых точек,Выбытие
2024,7,09.07.2024,"19 586,90",[counterparty_hash:335b2a2e9a],,Поступление денег с торг. точек,Поступление
2024,7,09.07.2024,"-33,45",[counterparty_hash:a079b1ede6],,Эквайринг,Выбытие
2024,7,08.07.2024,"96 605,00",[counterparty_hash:335b2a2e9a],,Поступление денег с торг. точек,Поступление
2024,7,08.07.2024,"-1 449,23",[counterparty_hash:a079b1ede6],,Эквайринг,Выбытие
2024,7,08.07.2024,"276 000,00",,,Поступление — Перевод между счетами,
2024,7,08.07.2024,"250,00",[counterparty_hash:335b2a2e9a],,Поступление денег с торг. точек,Поступление
2024,7,08.07.2024,"-1,00",[counterparty_hash:a079b1ede6],,Эквайринг,Выбытие
2024,7,08.07.2024,"-200 000,00",,,Выбытие — Перевод между счетами,
2024,7,08.07.2024,"1 429,00",[counterparty_hash:335b2a2e9a],,Поступление денег с торг. точек,Поступление
2024,7,08.07.2024,"-5,72",[counterparty_hash:a079b1ede6],,Эквайринг,Выбытие
2024,7,08.07.2024,"-2 522,89",[counterparty_hash:2a84eb0be0],,Содержание торговых точек,Выбытие
2024,7,08.07.2024,"-2 513,43",[counterparty_hash:2a84eb0be0],,Расходы на питание персонала,Выбытие
2024,7,08.07.2024,"-7 581,50",[counterparty_hash:2a84eb0be0],,Оплата поставщикам ,Выбытие
2024,7,08.07.2024,"-72,00",[counterparty_hash:10ad09b2bf],,Оплата поставщикам ,Выбытие
2024,7,09.07.2024,"94 336,00",[counterparty_hash:335b2a2e9a],,Поступление денег с торг. точек,Поступление
2024,7,09.07.2024,"-1 415,22",[counterparty_hash:a079b1ede6],,Эквайринг,Выбытие
2024,7,09.07.2024,"1 899,00",[counterparty_hash:335b2a2e9a],,Поступление денег с торг. точек,Поступление
2024,7,09.07.2024,"-7,60",[counterparty_hash:a079b1ede6],,Эквайринг,Выбытие
2024,7,09.07.2024,"-80 850,00",[counterparty_hash:961b1c31cb],,Оплата поставщикам ,Выбытие
2024,7,09.07.2024,"-38 801,00",,,Выбытие — Перевод между счетами,
2024,7,09.07.2024,"-600,00",[counterparty_hash:2a84eb0be0],[private_purpose_hash:167c25ef6a],Содержание торговых точек,Выбытие
2024,7,01.07.2024,"145 000,00",,,Поступление — Перевод между счетами,
2024,7,01.07.2024,"-15 000,00",[counterparty_hash:856bc7fd96],,Зарплата административного персонала,Выбытие
2024,7,01.07.2024,"-24 000,00",[counterparty_hash:856bc7fd96],,Зарплата административного персонала,Выбытие
2024,7,01.07.2024,"-40 000,00",[counterparty_hash:913fe52b19],,Зарплата административного персонала,Выбытие
2024,7,01.07.2024,"-62 000,00",[counterparty_hash:9d002889b3],,Зарплата административного персонала,Выбытие
2024,7,01.07.2024,"-4 000,00",[counterparty_hash:48d0f61ee3],,Аренда склада,Выбытие
2024,7,02.07.2024,"-4 395,30",[counterparty_hash:a079b1ede6],,Оплаты по кредитам и займам,Выбытие
2024,7,02.07.2024,"-14 063,70",[counterparty_hash:a079b1ede6],,Оплаты по кредитам и займам,Выбытие
2024,7,02.07.2024,"-120 000,00",,,Выбытие — Перевод между счетами,
2024,7,02.07.2024,"120 000,00",,,Поступление — Перевод между счетами,
2024,7,02.07.2024,"20 000,00",,,Поступление — Перевод между счетами,
2024,7,03.07.2024,"60 000,00",,,Поступление — Перевод между счетами,
2024,7,03.07.2024,"-60 000,00",,[private_purpose_hash:c4b3f3dc2f],Выдача кредитов и займов,Выбытие
2024,7,08.07.2024,"200 000,00",,,Поступление — Перевод между счетами,
2024,7,08.07.2024,"-100 000,00",[counterparty_hash:9d002889b3],,Дивиденды,Выбытие
2024,7,08.07.2024,"-100 000,00",[counterparty_hash:913fe52b19],,Дивиденды,Выбытие
2024,7,09.07.2024,"38 801,00",,,Поступление — Перевод между счетами,
2024,7,09.07.2024,"-38 801,00",,,Выбытие — Перевод между счетами,
2024,7,08.07.2024,"-10 700,00",[counterparty_hash:856bc7fd96],,Курьерская служба -,Выбытие
2024,7,08.07.2024,"36 512,90",[counterparty_hash:335b2a2e9a],,Поступление денег с торг. точек,Поступление
2024,7,09.07.2024,"-8 200,00",[counterparty_hash:856bc7fd96],,Курьерская служба -,Выбытие
2024,7,09.07.2024,"20 099,75",[counterparty_hash:335b2a2e9a],,Поступление денег с торг. точек,Поступление
2024,7,09.07.2024,"-5 000,00",[counterparty_hash:856bc7fd96],,Содержание торговых точек,Выбытие
2024,7,09.07.2024,"-35 465,00",,,Выбытие — Перевод между счетами,
2024,7,09.07.2024,"-23,65",,,Корретировки кассы -,Выбытие
2024,7,10.07.2024,"75 991,00",[counterparty_hash:335b2a2e9a],,Поступление денег с торг. точек,Поступление
2024,7,10.07.2024,"-1 139,97",[counterparty_hash:a079b1ede6],,Эквайринг,Выбытие
2024,7,10.07.2024,"-280,00",[counterparty_hash:2a84eb0be0],,Содержание торговых точек,Выбытие
2024,7,10.07.2024,"718,00",[counterparty_hash:335b2a2e9a],,Поступление денег с торг. точек,Поступление
2024,7,10.07.2024,"-2,87",[counterparty_hash:a079b1ede6],,Эквайринг,Выбытие
2024,7,10.07.2024,"-93,15",[counterparty_hash:10ad09b2bf],,Оплата поставщикам ,Выбытие
2024,7,10.07.2024,"-1 846,85",[counterparty_hash:2a84eb0be0],,Оплата поставщикам ,Выбытие
2024,7,10.07.2024,"-23,97",[counterparty_hash:2a84eb0be0],,Содержание торговых точек,Выбытие
2024,7,10.07.2024,"-1 640,51",[counterparty_hash:2a84eb0be0],,Расходы на питание персонала,Выбытие
2024,7,10.07.2024,"-4 726,00",[counterparty_hash:2a84eb0be0],,Оплата поставщикам ,Выбытие
2024,7,10.07.2024,"-7 346,00",[counterparty_hash:1340ea64e9],,Оплата поставщикам ,Выбытие
2024,7,10.07.2024,"-3 842,00",[counterparty_hash:2a84eb0be0],,Оплата поставщикам ,Выбытие
2024,7,10.07.2024,"-10 340,00",[counterparty_hash:856bc7fd96],,Курьерская служба -,Выбытие
2024,7,10.07.2024,"21 140,00",[counterparty_hash:335b2a2e9a],,Поступление денег с торг. точек,Поступление
2024,7,10.07.2024,"15 627,75",[counterparty_hash:335b2a2e9a],,Поступление денег с торг. точек,Поступление
2024,7,10.07.2024,"-299,00",[counterparty_hash:a079b1ede6],,РКО,Выбытие
2024,7,10.07.2024,"-29,00",[counterparty_hash:a079b1ede6],,Эквайринг,Выбытие
2024,7,12.07.2024,"-5 000,00",[counterparty_hash:856bc7fd96],[private_purpose_hash:b56ec1d630],Курьерская служба -,Выбытие
2024,7,11.07.2024,"-8 630,00",[counterparty_hash:856bc7fd96],,Курьерская служба -,Выбытие
2024,7,11.07.2024,"14 258,00",[counterparty_hash:335b2a2e9a],,Поступление денег с торг. точек,Поступление
2024,7,11.07.2024,"89 604,00",[counterparty_hash:335b2a2e9a],,Поступление денег с торг. точек,Поступление
2024,7,11.07.2024,"-1 344,21",[counterparty_hash:a079b1ede6],,Эквайринг,Выбытие
2024,7,11.07.2024,"-53 302,00",[counterparty_hash:48d0f61ee3],,Аренда торговых точек,Выбытие
2024,7,11.07.2024,"1 045,00",[counterparty_hash:335b2a2e9a],,Поступление денег с торг. точек,Поступление
2024,7,11.07.2024,"-4,18",[counterparty_hash:a079b1ede6],,Эквайринг,Выбытие
2024,7,11.07.2024,"1 899,00",[counterparty_hash:335b2a2e9a],,Поступление денег с торг. точек,Поступление
2024,7,11.07.2024,"-7,60",[counterparty_hash:a079b1ede6],,Эквайринг,Выбытие
2024,7,11.07.2024,"785,00",[counterparty_hash:335b2a2e9a],,Поступление денег с торг. точек,Поступление
2024,7,11.07.2024,"-3,14",[counterparty_hash:a079b1ede6],,Эквайринг,Выбытие
2024,7,11.07.2024,"2 343,00",[counterparty_hash:335b2a2e9a],,Поступление денег с торг. точек,Поступление
2024,7,08.07.2024,"250,00",[counterparty_hash:335b2a2e9a],,Поступление денег с торг. точек,Поступление
2024,7,08.07.2024,"-1,00",[counterparty_hash:a079b1ede6],,Эквайринг,Выбытие
2024,7,11.07.2024,"11 706,44",[counterparty_hash:335b2a2e9a],,Поступление денег с торг. точек,Поступление
2024,7,11.07.2024,"-20,54",[counterparty_hash:a079b1ede6],,Эквайринг,Выбытие
2024,7,12.07.2024,"33 096,28",[counterparty_hash:335b2a2e9a],,Поступление денег с торг. точек,Поступление
2024,7,12.07.2024,"-88,47",[counterparty_hash:a079b1ede6],,Эквайринг,Выбытие
2024,7,13.07.2024,"31 024,13",[counterparty_hash:335b2a2e9a],,Поступление денег с торг. точек,Поступление
2024,7,13.07.2024,"-61,17",[counterparty_hash:a079b1ede6],,Эквайринг,Выбытие
2024,7,14.07.2024,"20 014,45",[counterparty_hash:335b2a2e9a],,Поступление денег с торг. точек,Поступление
2024,7,14.07.2024,"-20,57",[counterparty_hash:a079b1ede6],,Эквайринг,Выбытие
2024,7,12.07.2024,"-5 771,00",[counterparty_hash:2a84eb0be0],,Оплата поставщикам ,Выбытие
2024,7,12.07.2024,"-188,00",[counterparty_hash:2a84eb0be0],,Расходы на питание персонала,Выбытие
2024,7,12.07.2024,"-1 350,00",[counterparty_hash:e0e7137bcf],,Транспортные услуги,Выбытие
2024,7,12.07.2024,"-13 140,00",[counterparty_hash:856bc7fd96],,Курьерская служба -,Выбытие
2024,7,12.07.2024,"38 783,90",[counterparty_hash:335b2a2e9a],,Поступление денег с торг. точек,Поступление
2024,7,13.07.2024,"-11 420,00",[counterparty_hash:856bc7fd96],,Курьерская служба -,Выбытие
2024,7,13.07.2024,"27 408,10",[counterparty_hash:335b2a2e9a],,Поступление денег с торг. точек,Поступление
2024,7,14.07.2024,"-3 261,00",[counterparty_hash:2a84eb0be0],,Оплата поставщикам ,Выбытие
2024,7,14.07.2024,"-316,00",[counterparty_hash:2a84eb0be0],,Расходы на питание персонала,Выбытие
2024,7,14.07.2024,"-11 460,00",[counterparty_hash:856bc7fd96],,Курьерская служба -,Выбытие
2024,7,14.07.2024,"19 909,00",[counterparty_hash:335b2a2e9a],,Поступление денег с торг. точек,Поступление
2024,7,12.07.2024,"63 612,00",[counterparty_hash:335b2a2e9a],,Поступление денег с торг. точек,Поступление
2024,7,12.07.2024,"-954,29",[counterparty_hash:a079b1ede6],,Эквайринг,Выбытие
2024,7,12.07.2024,"-9,37",[counterparty_hash:a079b1ede6],,Эквайринг,Выбытие
2024,7,12.07.2024,"1 057,00",[counterparty_hash:335b2a2e9a],,Поступление денег с торг. точек,Поступление
2024,7,12.07.2024,"-4,23",[counterparty_hash:a079b1ede6],,Эквайринг,Выбытие
2024,7,12.07.2024,"-5 000,00",[counterparty_hash:810942d5fa],,Телекоммуникации,Выбытие
2024,7,12.07.2024,"740,00",[counterparty_hash:335b2a2e9a],,Поступление денег с торг. точек,Поступление
2024,7,12.07.2024,"-2,96",[counterparty_hash:a079b1ede6],,Эквайринг,Выбытие
2024,7,12.07.2024,"239,00",[counterparty_hash:335b2a2e9a],,Поступление денег с торг. точек,Поступление
2024,7,12.07.2024,"-21 459,03",[counterparty_hash:acffbdf399],,Оплата поставщикам ,Выбытие
2024,7,12.07.2024,"-7 577,52",[counterparty_hash:10ad09b2bf],,Оплата поставщикам ,Выбытие
2024,7,12.07.2024,"-101 270,60",[counterparty_hash:01761130fc],,Оплата поставщикам ,Выбытие
2024,7,12.07.2024,"-4 191,75",[counterparty_hash:81088c4e1c],,Оплата поставщикам ,Выбытие
2024,7,12.07.2024,"1 154,00",[counterparty_hash:335b2a2e9a],,Поступление денег с торг. точек,Поступление
2024,7,12.07.2024,"-4,62",[counterparty_hash:a079b1ede6],,Эквайринг,Выбытие
2024,7,13.07.2024,"111 813,00",[counterparty_hash:335b2a2e9a],,Поступление денег с торг. точек,Поступление
2024,7,13.07.2024,"-1 677,46",[counterparty_hash:a079b1ede6],,Эквайринг,Выбытие
2024,7,13.07.2024,"-0,96",[counterparty_hash:a079b1ede6],,Эквайринг,Выбытие
2024,7,14.07.2024,"93 843,25",[counterparty_hash:335b2a2e9a],,Поступление денег с торг. точек,Поступление
2024,7,14.07.2024,"-1 407,81",[counterparty_hash:a079b1ede6],,Эквайринг,Выбытие
2024,7,12.07.2024,"-5 853,63",[counterparty_hash:2a84eb0be0],,Оплата поставщикам ,Выбытие
2024,7,12.07.2024,"-209,97",[counterparty_hash:2a84eb0be0],,Расходы на питание персонала,Выбытие
2024,7,12.07.2024,"-8,99",[counterparty_hash:2a84eb0be0],,Содержание торговых точек,Выбытие
2024,7,12.07.2024,"-364,34",[counterparty_hash:10ad09b2bf],,Оплата поставщикам ,Выбытие
2024,7,14.07.2024,"-54 072,76",[counterparty_hash:c7da8c8c1f],,Оплата поставщикам ,Выбытие
2024,7,14.07.2024,"-5 036,47",[counterparty_hash:c7da8c8c1f],,Расходы на персонал,Выбытие
2024,7,14.07.2024,"-81 226,73",[counterparty_hash:81088c4e1c],,Оплата поставщикам ,Выбытие
2024,7,14.07.2024,"-7 137,10",[counterparty_hash:64b5ca4d90],,Оплата поставщикам ,Выбытие
2024,7,14.07.2024,"-38 671,50",[counterparty_hash:4b0e39f45b],,Оплата поставщикам ,Выбытие
2024,7,14.07.2024,"-33 045,69",[counterparty_hash:55d2a5f343],,Оплата поставщикам ,Выбытие
2024,7,14.07.2024,"250,00",[counterparty_hash:335b2a2e9a],,Поступление денег с торг. точек,Поступление
2024,7,14.07.2024,"-1,00",[counterparty_hash:a079b1ede6],,Эквайринг,Выбытие
2024,7,14.07.2024,"-4 363,64",[counterparty_hash:2a84eb0be0],,Оплата поставщикам ,Выбытие
2024,7,14.07.2024,"-2 386,14",[counterparty_hash:2a84eb0be0],,Расходы на питание персонала,Выбытие
2024,7,14.07.2024,"-322,96",[counterparty_hash:2a84eb0be0],,Содержание торговых точек,Выбытие
2024,7,13.07.2024,"-99,00",[counterparty_hash:a079b1ede6],,РКО,Выбытие
2024,7,13.07.2024,"-99,00",[counterparty_hash:a079b1ede6],,РКО,Выбытие
2024,7,02.07.2024,"-1 600,00",[counterparty_hash:7d88c914c2],,Аренда торговых точек,Выбытие
2024,7,15.07.2024,"19 560,47",[counterparty_hash:335b2a2e9a],,Поступление денег с торг. точек,Поступление
2024,7,15.07.2024,"-26,10",[counterparty_hash:a079b1ede6],,Эквайринг,Выбытие
2024,7,16.07.2024,"32 671,19",[counterparty_hash:335b2a2e9a],,Поступление денег с торг. точек,Поступление
2024,7,16.07.2024,"-56,36",[counterparty_hash:a079b1ede6],,Эквайринг,Выбытие
2024,7,17.07.2024,"7 826,48",[counterparty_hash:335b2a2e9a],,Поступление денег с торг. точек,Поступление
2024,7,15.07.2024,"51 265,00",,,Поступление — Перевод между счетами,
2024,7,16.07.2024,"116 218,00",,,Поступление — Перевод между счетами,
2024,7,16.07.2024,"-156 505,00",[counterparty_hash:856bc7fd96],,Зарплата производственного персонала,Выбытие
2024,7,16.07.2024,"-9 000,00",[counterparty_hash:856bc7fd96],,Расходы на персонал,Выбытие
2024,7,16.07.2024,"-2 000,00",[counterparty_hash:e0e7137bcf],,Оплата поставщикам ,Выбытие
2024,7,16.07.2024,"-2 500,00",[counterparty_hash:856bc7fd96],,Расходы на персонал,Выбытие
2024,7,15.07.2024,"-51 265,00",,,Выбытие — Перевод между счетами,
2024,7,15.07.2024,"-10 780,00",[counterparty_hash:856bc7fd96],,Курьерская служба -,Выбытие
2024,7,15.07.2024,"21 570,15",[counterparty_hash:335b2a2e9a],,Поступление денег с торг. точек,Поступление
2024,7,16.07.2024,"-5 251,00",[counterparty_hash:2a84eb0be0],,Оплата поставщикам ,Выбытие
2024,7,16.07.2024,"-276,00",[counterparty_hash:2a84eb0be0],,Расходы на питание персонала,Выбытие
2024,7,16.07.2024,"-10 903,50",[counterparty_hash:1340ea64e9],,Оплата поставщикам ,Выбытие
2024,7,16.07.2024,"-264,00",[counterparty_hash:1340ea64e9],,Расходы на питание персонала,Выбытие
2024,7,16.07.2024,"-10 280,00",[counterparty_hash:856bc7fd96],,Курьерская служба -,Выбытие
2024,7,16.07.2024,"-1 350,00",[counterparty_hash:e0e7137bcf],,Транспортные услуги,Выбытие
2024,7,16.07.2024,"23 649,85",[counterparty_hash:335b2a2e9a],,Поступление денег с торг. точек,Поступление
2024,7,11.07.2024,"-896,40",[counterparty_hash:a079b1ede6],,РКО,Выбытие
2024,7,15.07.2024,"55 000,00",,,Поступление — Перевод между счетами,
2024,7,15.07.2024,"-25 000,00",[counterparty_hash:856bc7fd96],,Зарплата административного персонала,Выбытие
2024,7,16.07.2024,"261 218,00",,,Поступление — Перевод между счетами,
2024,7,16.07.2024,"-116 218,00",,,Выбытие — Перевод между счетами,
2024,7,16.07.2024,"-145 000,00",[counterparty_hash:a079b1ede6],,Оплаты по кредитам и займам,Выбытие
2024,7,15.07.2024,"103 884,00",[counterparty_hash:335b2a2e9a],,Поступление денег с торг. точек,Поступление
2024,7,15.07.2024,"-1 558,48",[counterparty_hash:a079b1ede6],,Эквайринг,Выбытие
2024,7,15.07.2024,"-120,00",[counterparty_hash:3cab83ecee],,Налоги с з/п,Выбытие
2024,7,15.07.2024,"-55 000,00",,,Выбытие — Перевод между счетами,
2024,7,15.07.2024,"750,00",[counterparty_hash:335b2a2e9a],,Поступление денег с торг. точек,Поступление
2024,7,15.07.2024,"-3,00",[counterparty_hash:a079b1ede6],,Эквайринг,Выбытие
2024,7,15.07.2024,"-2 116,00",[counterparty_hash:2a84eb0be0],,Содержание торговых точек,Выбытие
2024,7,16.07.2024,"87 903,00",[counterparty_hash:335b2a2e9a],,Поступление денег с торг. точек,Поступление
2024,7,16.07.2024,"-1 318,77",[counterparty_hash:a079b1ede6],,Эквайринг,Выбытие
2024,7,16.07.2024,"1 241,00",[counterparty_hash:335b2a2e9a],,Поступление денег с торг. точек,Поступление
2024,7,16.07.2024,"-4,96",[counterparty_hash:a079b1ede6],,Эквайринг,Выбытие
2024,7,16.07.2024,"110,00",[counterparty_hash:335b2a2e9a],,Поступление денег с торг. точек,Поступление
2024,7,16.07.2024,"-261 218,00",,,Выбытие — Перевод между счетами,
2024,7,16.07.2024,"-11,00",[counterparty_hash:2a84eb0be0],,Содержание торговых точек,Выбытие
2024,7,16.07.2024,"-5 756,64",[counterparty_hash:2a84eb0be0],,Оплата поставщикам ,Выбытие
2024,7,16.07.2024,"-4 407,69",[counterparty_hash:2a84eb0be0],,Оплата поставщикам ,Выбытие
2024,7,17.07.2024,"84 826,75",[counterparty_hash:335b2a2e9a],,Поступление денег с торг. точек,Поступление
2024,7,17.07.2024,"-1 272,58",[counterparty_hash:a079b1ede6],,Эквайринг,Выбытие
2024,7,17.07.2024,"-0,44",[counterparty_hash:a079b1ede6],,Эквайринг,Выбытие
2024,7,17.07.2024,"-6 000,00",[counterparty_hash:3b5286b1f7],,Комиссия агрегатору,Выбытие
2024,7,17.07.2024,"-12 885,00",[counterparty_hash:e1cb4e2da2],,Оплаты систем автоматизации,Выбытие
2024,7,17.07.2024,"-10 326,64",[counterparty_hash:856bc7fd96],,Расходы на персонал,Выбытие
2024,7,17.07.2024,"-634,41",[counterparty_hash:856bc7fd96],,Расходы на персонал,Выбытие
2024,7,17.07.2024,"-2 694,66",[counterparty_hash:856bc7fd96],,Расходы на персонал,Выбытие
2024,7,17.07.2024,"-884,90",[counterparty_hash:856bc7fd96],,Расходы на персонал,Выбытие
2024,7,17.07.2024,"-1 718,70",[counterparty_hash:856bc7fd96],,Расходы на персонал,Выбытие
2024,7,18.07.2024,"-1 600,00",[counterparty_hash:7518be4ba8],[private_purpose_hash:7b5b32aeeb],Содержание торговых точек,Выбытие
2024,7,18.07.2024,"-4 316,00",[counterparty_hash:2a84eb0be0],,Оплата поставщикам ,Выбытие
2024,7,18.07.2024,"-10 490,00",[counterparty_hash:856bc7fd96],,Курьерская служба -,Выбытие
2024,7,18.07.2024,"18 233,00",[counterparty_hash:335b2a2e9a],,Поступление денег с торг. точек,Поступление
2024,7,18.07.2024,"2 887,00",[counterparty_hash:335b2a2e9a],,Поступление денег с торг. точек,Поступление
2024,7,18.07.2024,"-11,55",[counterparty_hash:a079b1ede6],,Эквайринг,Выбытие
2024,7,18.07.2024,"500,00",[counterparty_hash:335b2a2e9a],,Поступление денег с торг. точек,Поступление
2024,7,18.07.2024,"-2,00",[counterparty_hash:a079b1ede6],,Эквайринг,Выбытие
2024,7,18.07.2024,"466,00",[counterparty_hash:335b2a2e9a],,Поступление денег с торг. точек,Поступление
2024,7,18.07.2024,"-1,86",[counterparty_hash:a079b1ede6],,Эквайринг,Выбытие
2024,7,18.07.2024,"3 000,00",[counterparty_hash:335b2a2e9a],,Поступление денег с торг. точек,Поступление
2024,7,18.07.2024,"-12,00",[counterparty_hash:a079b1ede6],,Эквайринг,Выбытие
2024,7,18.07.2024,"-120,96",[counterparty_hash:2a84eb0be0],,Содержание торговых точек,Выбытие
2024,7,18.07.2024,"-1 616,75",[counterparty_hash:2a84eb0be0],,Расходы на питание персонала,Выбытие
2024,7,18.07.2024,"-3 626,78",[counterparty_hash:2a84eb0be0],,Оплата поставщикам ,Выбытие
2024,7,15.07.2024,"-15 000,00",[counterparty_hash:856bc7fd96],,Зарплата административного персонала,Выбытие
2024,7,15.07.2024,"-15 000,00",[counterparty_hash:856bc7fd96],,Содержание торговых точек,Выбытие
2024,7,19.07.2024,"14 486,11",[counterparty_hash:335b2a2e9a],,Поступление денег с торг. точек,Поступление
2024,7,19.07.2024,"-9,58",[counterparty_hash:a079b1ede6],,Эквайринг,Выбытие
2024,7,20.07.2024,"29 833,23",[counterparty_hash:335b2a2e9a],,Поступление денег с торг. точек,Поступление
2024,7,20.07.2024,"-40,16",[counterparty_hash:a079b1ede6],,Эквайринг,Выбытие
2024,7,21.07.2024,"28 690,90",[counterparty_hash:335b2a2e9a],,Поступление денег с торг. точек,Поступление
2024,7,21.07.2024,"-66,46",[counterparty_hash:a079b1ede6],,Эквайринг,Выбытие
2024,7,19.07.2024,"78 071,05",[counterparty_hash:335b2a2e9a],,Поступление денег с торг. точек,Поступление
2024,7,19.07.2024,"-1 171,23",[counterparty_hash:a079b1ede6],,Эквайринг,Выбытие
2024,7,19.07.2024,"-300,00",[counterparty_hash:856bc7fd96],,Расходы на персонал,Выбытие
2024,7,19.07.2024,"-1 200,00",[counterparty_hash:856bc7fd96],,Расходы на персонал,Выбытие
2024,7,19.07.2024,"-3 894,75",[counterparty_hash:81088c4e1c],,Оплата поставщикам ,Выбытие
2024,7,19.07.2024,"-105 460,80",[counterparty_hash:01761130fc],,Оплата поставщикам ,Выбытие
2024,7,19.07.2024,"-22 060,97",[counterparty_hash:acffbdf399],,Оплата поставщикам ,Выбытие
2024,7,19.07.2024,"-32 150,15",[counterparty_hash:55d2a5f343],,Оплата поставщикам ,Выбытие
2024,7,19.07.2024,"-60 443,24",[counterparty_hash:81088c4e1c],,Оплата поставщикам ,Выбытие
2024,7,19.07.2024,"-5 122,40",[counterparty_hash:64b5ca4d90],,Оплата поставщикам ,Выбытие
2024,7,19.07.2024,"-28 086,52",[counterparty_hash:4b0e39f45b],,Оплата поставщикам ,Выбытие
2024,7,19.07.2024,"-7 090,54",[counterparty_hash:10ad09b2bf],,Оплата поставщикам ,Выбытие
2024,7,19.07.2024,"-56 103,71",[counterparty_hash:c7da8c8c1f],,Оплата поставщикам ,Выбытие
2024,7,19.07.2024,"795,00",[counterparty_hash:335b2a2e9a],,Поступление денег с торг. точек,Поступление
2024,7,19.07.2024,"-3,18",[counterparty_hash:a079b1ede6],,Эквайринг,Выбытие
2024,7,19.07.2024,"-498,93",[counterparty_hash:2a84eb0be0],[private_purpose_hash:989588b60e],Оплата поставщикам ,Выбытие
2024,7,19.07.2024,"-8,99",[counterparty_hash:2a84eb0be0],,Содержание торговых точек,Выбытие
2024,7,19.07.2024,"-470,69",[counterparty_hash:2a84eb0be0],,Оплата поставщикам ,Выбытие
2024,7,20.07.2024,"-3 267,00",[counterparty_hash:335b2a2e9a],,Возвраты клиентам,Выбытие
2024,7,20.07.2024,"152 774,00",[counterparty_hash:335b2a2e9a],,Поступление денег с торг. точек,Поступление
2024,7,20.07.2024,"-2 291,85",[counterparty_hash:a079b1ede6],,Эквайринг,Выбытие
2024,7,20.07.2024,"828,00",[counterparty_hash:335b2a2e9a],,Поступление денег с торг. точек,Поступление
2024,7,20.07.2024,"-3,31",[counterparty_hash:a079b1ede6],,Эквайринг,Выбытие
2024,7,20.07.2024,"642,00",[counterparty_hash:335b2a2e9a],,Поступление денег с торг. точек,Поступление
2024,7,20.07.2024,"-2,57",[counterparty_hash:a079b1ede6],,Эквайринг,Выбытие
2024,7,20.07.2024,"-471,90",[counterparty_hash:2a84eb0be0],,Расходы на питание персонала,Выбытие
2024,7,20.07.2024,"-1 562,27",[counterparty_hash:2a84eb0be0],,Оплата поставщикам ,Выбытие
2024,7,21.07.2024,"106 114,10",[counterparty_hash:335b2a2e9a],,Поступление денег с торг. точек,Поступление
2024,7,21.07.2024,"-1 591,92",[counterparty_hash:a079b1ede6],,Эквайринг,Выбытие
2024,7,21.07.2024,"-5 000,00",[counterparty_hash:810942d5fa],,Телекоммуникации,Выбытие
2024,7,21.07.2024,"-1 179,00",[counterparty_hash:10ad09b2bf],,Оплата поставщикам ,Выбытие
2024,7,21.07.2024,"5 060,00",[counterparty_hash:335b2a2e9a],,Поступление денег с торг. точек,Поступление
2024,7,21.07.2024,"-20,24",[counterparty_hash:a079b1ede6],,Эквайринг,Выбытие
2024,7,21.07.2024,"695,00",[counterparty_hash:335b2a2e9a],,Поступление денег с торг. точек,Поступление
2024,7,21.07.2024,"-2,78",[counterparty_hash:a079b1ede6],,Эквайринг,Выбытие
2024,7,21.07.2024,"1 136,00",[counterparty_hash:335b2a2e9a],,Поступление денег с торг. точек,Поступление
2024,7,21.07.2024,"-4,54",[counterparty_hash:a079b1ede6],,Эквайринг,Выбытие
2024,7,21.07.2024,"1 282,00",[counterparty_hash:335b2a2e9a],,Поступление денег с торг. точек,Поступление
2024,7,21.07.2024,"-5,13",[counterparty_hash:a079b1ede6],,Эквайринг,Выбытие
2024,7,19.07.2024,"-14 160,00",[counterparty_hash:856bc7fd96],,Курьерская служба -,Выбытие
2024,7,19.07.2024,"16 186,00",[counterparty_hash:335b2a2e9a],,Поступление денег с торг. точек,Поступление
2024,7,20.07.2024,"-11 320,00",[counterparty_hash:856bc7fd96],,Курьерская служба -,Выбытие
2024,7,20.07.2024,"19 964,00",[counterparty_hash:335b2a2e9a],,Поступление денег с торг. точек,Поступление
2024,7,20.07.2024,"-4 298,00",[counterparty_hash:2a84eb0be0],,Оплата поставщикам ,Выбытие
2024,7,20.07.2024,"-197,00",[counterparty_hash:2a84eb0be0],,Расходы на питание персонала,Выбытие
2024,7,21.07.2024,"-11 100,00",[counterparty_hash:856bc7fd96],,Курьерская служба -,Выбытие
2024,7,21.07.2024,"17 301,00",[counterparty_hash:335b2a2e9a],,Поступление денег с торг. точек,Поступление
2024,7,23.07.2024,"-104 258,00",,,Выбытие — Перевод между счетами,
2024,7,23.07.2024,"104 258,00",,,Поступление — Перевод между счетами,
2024,7,23.07.2024,"-104 258,00",[counterparty_hash:48d0f61ee3],,Аренда торговых точек,Выбытие
2024,7,23.07.2024,"-15 000,00",,[private_purpose_hash:72d7c3e2b2],Прочие расходы,Выбытие
2024,7,22.07.2024,"78 293,00",[counterparty_hash:335b2a2e9a],,Поступление денег с торг. точек,Поступление
2024,7,22.07.2024,"-1 174,57",[counterparty_hash:a079b1ede6],,Эквайринг,Выбытие
2024,7,22.07.2024,"284 000,00",,,Поступление — Перевод между счетами,
2024,7,22.07.2024,"-80 100,00",[counterparty_hash:b34e6f2344],[private_purpose_hash:0e13905d1d],Покупка ОС,Выбытие
2024,7,22.07.2024,"1 256,00",[counterparty_hash:335b2a2e9a],,Поступление денег с торг. точек,Поступление
2024,7,22.07.2024,"-5,02",[counterparty_hash:a079b1ede6],,Эквайринг,Выбытие
2024,7,22.07.2024,"-12,99",[counterparty_hash:2a84eb0be0],,Содержание торговых точек,Выбытие
2024,7,22.07.2024,"-1 428,28",[counterparty_hash:2a84eb0be0],,Расходы на питание персонала,Выбытие
2024,7,22.07.2024,"-2 414,87",[counterparty_hash:2a84eb0be0],,Оплата поставщикам ,Выбытие
2024,7,23.07.2024,"-1 990,00",[counterparty_hash:a079b1ede6],,РКО,Выбытие
2024,7,23.07.2024,"-99,00",[counterparty_hash:a079b1ede6],,РКО,Выбытие
2024,7,23.07.2024,"-990,00",[counterparty_hash:a079b1ede6],,РКО,Выбытие
2024,7,23.07.2024,"75 412,00",[counterparty_hash:335b2a2e9a],,Поступление денег с торг. точек,Поступление
2024,7,23.07.2024,"-1 131,28",[counterparty_hash:a079b1ede6],,Эквайринг,Выбытие
2024,7,23.07.2024,"2 207,00",[counterparty_hash:335b2a2e9a],,Поступление денег с торг. точек,Поступление
2024,7,23.07.2024,"-8,83",[counterparty_hash:a079b1ede6],,Эквайринг,Выбытие
2024,7,23.07.2024,"-3 652,80",[counterparty_hash:10ad09b2bf],,Оплата поставщикам ,Выбытие
2024,7,23.07.2024,"-124 255,00",,,Выбытие — Перевод между счетами,
2024,7,23.07.2024,"2 409,00",[counterparty_hash:335b2a2e9a],,Поступление денег с торг. точек,Поступление
2024,7,23.07.2024,"-9,64",[counterparty_hash:a079b1ede6],,Эквайринг,Выбытие
2024,7,23.07.2024,"539,00",[counterparty_hash:335b2a2e9a],,Поступление денег с торг. точек,Поступление
2024,7,23.07.2024,"-2,16",[counterparty_hash:a079b1ede6],,Эквайринг,Выбытие
2024,7,22.07.2024,"18 369,14",[counterparty_hash:335b2a2e9a],,Поступление денег с торг. точек,Поступление
2024,7,22.07.2024,"-11,17",[counterparty_hash:a079b1ede6],,Эквайринг,Выбытие
2024,7,22.07.2024,"-284 000,00",,,Выбытие — Перевод между счетами,
2024,7,23.07.2024,"28 202,12",[counterparty_hash:335b2a2e9a],,Поступление денег с торг. точек,Поступление
2024,7,23.07.2024,"-39,68",[counterparty_hash:a079b1ede6],,Эквайринг,Выбытие
2024,7,22.07.2024,"-4 052,00",[counterparty_hash:2a84eb0be0],,Оплата поставщикам ,Выбытие
2024,7,22.07.2024,"-10 360,00",[counterparty_hash:856bc7fd96],,Курьерская служба -,Выбытие
2024,7,22.07.2024,"14 244,00",[counterparty_hash:335b2a2e9a],,Поступление денег с торг. точек,Поступление
2024,7,23.07.2024,"-12 090,00",[counterparty_hash:856bc7fd96],,Курьерская служба -,Выбытие
2024,7,23.07.2024,"-22 150,00",,,Выбытие — Перевод между счетами,
2024,7,23.07.2024,"28 957,40",[counterparty_hash:335b2a2e9a],,Поступление денег с торг. точек,Поступление
2024,7,22.07.2024,"-1 000,00",[counterparty_hash:b2b25bc0ee],,Поиск и найм персонала,Выбытие
2024,7,22.07.2024,"-100,00",[counterparty_hash:7518be4ba8],,Телекоммуникации,Выбытие
2024,7,23.07.2024,"22 150,00",,,Поступление — Перевод между счетами,
2024,7,23.07.2024,"124 255,00",,,Поступление — Перевод между счетами,
2024,7,23.07.2024,"-121 135,00",[counterparty_hash:856bc7fd96],,Зарплата производственного персонала,Выбытие
2024,7,23.07.2024,"-2 000,00",[counterparty_hash:e0e7137bcf],,Оплата поставщикам ,Выбытие
2024,7,23.07.2024,"-10 717,68",[counterparty_hash:24d4f68d8f],,Оплата поставщикам ,Выбытие
2024,7,22.07.2024,"-948,65",[counterparty_hash:a079b1ede6],,РКО,Выбытие
2024,7,24.07.2024,"26 128,23",[counterparty_hash:335b2a2e9a],,Поступление денег с торг. точек,Поступление
2024,7,24.07.2024,"-21,36",[counterparty_hash:a079b1ede6],,Эквайринг,Выбытие
2024,7,24.07.2024,"98 108,00",[counterparty_hash:335b2a2e9a],,Поступление денег с торг. точек,Поступление
2024,7,24.07.2024,"-1 471,82",[counterparty_hash:a079b1ede6],,Эквайринг,Выбытие
2024,7,24.07.2024,"-127,19",[counterparty_hash:10ad09b2bf],,Оплата поставщикам ,Выбытие
2024,7,24.07.2024,"1 620,00",[counterparty_hash:335b2a2e9a],,Поступление денег с торг. точек,Поступление
2024,7,24.07.2024,"-6,48",[counterparty_hash:a079b1ede6],,Эквайринг,Выбытие
2024,7,24.07.2024,"1 290,00",[counterparty_hash:335b2a2e9a],,Поступление денег с торг. точек,Поступление
2024,7,24.07.2024,"-5,16",[counterparty_hash:a079b1ede6],,Эквайринг,Выбытие
2024,7,24.07.2024,"576,00",[counterparty_hash:335b2a2e9a],,Поступление денег с торг. точек,Поступление
2024,7,24.07.2024,"-2,30",[counterparty_hash:a079b1ede6],,Эквайринг,Выбытие
2024,7,24.07.2024,"1 056,00",[counterparty_hash:335b2a2e9a],,Поступление денег с торг. точек,Поступление
2024,7,24.07.2024,"-4,22",[counterparty_hash:a079b1ede6],,Эквайринг,Выбытие
2024,7,24.07.2024,"-30,97",[counterparty_hash:2a84eb0be0],,Содержание торговых точек,Выбытие
2024,7,24.07.2024,"-8 133,27",[counterparty_hash:2a84eb0be0],,Оплата поставщикам ,Выбытие
2024,7,24.07.2024,"-1 865,54",[counterparty_hash:2a84eb0be0],,Расходы на питание персонала,Выбытие
2024,7,24.07.2024,"-9 680,00",[counterparty_hash:856bc7fd96],,Курьерская служба -,Выбытие
2024,7,24.07.2024,"23 005,95",[counterparty_hash:335b2a2e9a],,Поступление денег с торг. точек,Поступление
2024,7,24.07.2024,"-4 733,00",[counterparty_hash:2a84eb0be0],,Оплата поставщикам ,Выбытие
2024,7,24.07.2024,"-316,00",[counterparty_hash:2a84eb0be0],,Расходы на питание персонала,Выбытие
2024,7,24.07.2024,"-5 000,00",[counterparty_hash:7518be4ba8],,Транспортные услуги,Выбытие
2024,7,25.07.2024,"5 000,00",[counterparty_hash:856bc7fd96],[private_purpose_hash:fb3d451704],Курьерская служба +,Поступление
2024,7,25.07.2024,"-10 040,00",[counterparty_hash:856bc7fd96],,Курьерская служба -,Выбытие
2024,7,25.07.2024,"20 673,00",[counterparty_hash:335b2a2e9a],,Поступление денег с торг. точек,Поступление
2024,7,25.07.2024,"-299,95",[counterparty_hash:2a84eb0be0],,Оплата поставщикам ,Выбытие
2024,7,25.07.2024,"-577,35",,[private_purpose_hash:5668b1a2f0],Корретировки кассы -,Выбытие
2024,7,25.07.2024,"-1 085,00",[counterparty_hash:b2b25bc0ee],,Поиск и найм персонала,Выбытие
2024,7,25.07.2024,"25 185,09",[counterparty_hash:335b2a2e9a],,Поступление денег с торг. точек,Поступление
2024,7,25.07.2024,"-39,06",[counterparty_hash:a079b1ede6],,Эквайринг,Выбытие
2024,7,25.07.2024,"68 088,55",[counterparty_hash:335b2a2e9a],,Поступление денег с торг. точек,Поступление
2024,7,25.07.2024,"-1 021,44",[counterparty_hash:a079b1ede6],,Эквайринг,Выбытие
2024,7,25.07.2024,"-75 000,00",[counterparty_hash:168e057bae],,Услуги ФД и НК,Выбытие
2024,7,25.07.2024,"-26 781,60",[counterparty_hash:3cab83ecee],,Налоги с з/п,Выбытие
2024,7,25.07.2024,"-144,00",[counterparty_hash:3cab83ecee],,Налоги с з/п,Выбытие
2024,7,25.07.2024,"-47 000,00",,,Выбытие — Перевод между счетами,
2024,7,25.07.2024,"-712,00",[counterparty_hash:2a84eb0be0],,Содержание торговых точек,Выбытие
2024,7,25.07.2024,"882,00",[counterparty_hash:335b2a2e9a],,Поступление денег с торг. точек,Поступление
2024,7,25.07.2024,"-3,53",[counterparty_hash:a079b1ede6],,Эквайринг,Выбытие
2024,7,26.07.2024,"23 400,00",,,Поступление — Перевод между счетами,
2024,7,30.07.2024,"32 559,00",,,Поступление — Перевод между счетами,
2024,7,26.07.2024,"16 827,22",[counterparty_hash:335b2a2e9a],,Поступление денег с торг. точек,Поступление
2024,7,26.07.2024,"-19,95",[counterparty_hash:a079b1ede6],,Эквайринг,Выбытие
2024,7,27.07.2024,"12 220,03",[counterparty_hash:335b2a2e9a],,Поступление денег с торг. точек,Поступление
2024,7,28.07.2024,"13 931,51",[counterparty_hash:335b2a2e9a],,Поступление денег с торг. точек,Поступление
2024,7,28.07.2024,"-9,28",[counterparty_hash:a079b1ede6],,Эквайринг,Выбытие
2024,7,29.07.2024,"21 585,96",[counterparty_hash:335b2a2e9a],,Поступление денег с торг. точек,Поступление
2024,7,29.07.2024,"-18,85",[counterparty_hash:a079b1ede6],,Эквайринг,Выбытие
2024,7,23.07.2024,"-700,00",[counterparty_hash:7518be4ba8],,Содержание торговых точек,Выбытие
2024,7,25.07.2024,"-900,00",[counterparty_hash:e0e7137bcf],,Оплата поставщикам ,Выбытие
2024,7,26.07.2024,"-23 400,00",,,Выбытие — Перевод между счетами,
2024,7,26.07.2024,"-195,00",[counterparty_hash:2a84eb0be0],,Расходы на питание персонала,Выбытие
2024,7,26.07.2024,"-4 691,00",[counterparty_hash:2a84eb0be0],,Оплата поставщикам ,Выбытие
2024,7,26.07.2024,"-11 330,00",[counterparty_hash:856bc7fd96],,Курьерская служба -,Выбытие
2024,7,26.07.2024,"19 332,00",[counterparty_hash:335b2a2e9a],,Поступление денег с торг. точек,Поступление
2024,7,27.07.2024,"-900,00",[counterparty_hash:e0e7137bcf],,Оплата поставщикам ,Выбытие
2024,7,27.07.2024,"-11 760,00",[counterparty_hash:856bc7fd96],,Курьерская служба -,Выбытие
2024,7,27.07.2024,"28 889,00",[counterparty_hash:335b2a2e9a],,Поступление денег с торг. точек,Поступление
2024,7,28.07.2024,"-5 815,00",[counterparty_hash:2a84eb0be0],,Оплата поставщикам ,Выбытие
2024,7,28.07.2024,"-250,00",[counterparty_hash:2a84eb0be0],,Расходы на питание персонала,Выбытие
2024,7,28.07.2024,"-900,00",[counterparty_hash:e0e7137bcf],,Оплата поставщикам ,Выбытие
2024,7,28.07.2024,"-10 700,00",[counterparty_hash:856bc7fd96],,Курьерская служба -,Выбытие
2024,7,28.07.2024,"23 631,65",[counterparty_hash:335b2a2e9a],,Поступление денег с торг. точек,Поступление
2024,7,29.07.2024,"-7 000,00",[counterparty_hash:1340ea64e9],,Оплата поставщикам ,Выбытие
2024,7,29.07.2024,"-100,00",[counterparty_hash:9d002889b3],,Выдача кредитов и займов,Выбытие
2024,7,29.07.2024,"-9 220,00",[counterparty_hash:856bc7fd96],,Курьерская служба -,Выбытие
2024,7,29.07.2024,"24 427,95",[counterparty_hash:335b2a2e9a],,Поступление денег с торг. точек,Поступление
2024,7,26.07.2024,"72 048,00",[counterparty_hash:335b2a2e9a],,Поступление денег с торг. точек,Поступление
2024,7,26.07.2024,"-1 080,85",[counterparty_hash:a079b1ede6],,Эквайринг,Выбытие
2024,7,26.07.2024,"-93,15",[counterparty_hash:10ad09b2bf],,Оплата поставщикам ,Выбытие
2024,7,26.07.2024,"1 474,00",[counterparty_hash:335b2a2e9a],,Поступление денег с торг. точек,Поступление
2024,7,26.07.2024,"-5,90",[counterparty_hash:a079b1ede6],,Эквайринг,Выбытие
2024,7,26.07.2024,"1 898,00",[counterparty_hash:335b2a2e9a],,Поступление денег с торг. точек,Поступление
2024,7,26.07.2024,"-7,59",[counterparty_hash:a079b1ede6],,Эквайринг,Выбытие
2024,7,26.07.2024,"-1 599,94",[counterparty_hash:2a84eb0be0],,Расходы на питание персонала,Выбытие
2024,7,26.07.2024,"-12,99",[counterparty_hash:2a84eb0be0],,Содержание торговых точек,Выбытие
2024,7,26.07.2024,"-2 679,90",[counterparty_hash:2a84eb0be0],,Оплата поставщикам ,Выбытие
2024,7,27.07.2024,"99 125,15",[counterparty_hash:335b2a2e9a],,Поступление денег с торг. точек,Поступление
2024,7,27.07.2024,"-1 487,06",[counterparty_hash:a079b1ede6],,Эквайринг,Выбытие
2024,7,27.07.2024,"1 205,00",[counterparty_hash:335b2a2e9a],,Поступление денег с торг. точек,Поступление
2024,7,27.07.2024,"-4,82",[counterparty_hash:a079b1ede6],,Эквайринг,Выбытие
2024,7,27.07.2024,"250,00",[counterparty_hash:335b2a2e9a],,Поступление денег с торг. точек,Поступление
2024,7,27.07.2024,"-1,00",[counterparty_hash:a079b1ede6],,Эквайринг,Выбытие
2024,7,27.07.2024,"1 571,00",[counterparty_hash:335b2a2e9a],,Поступление денег с торг. точек,Поступление
2024,7,27.07.2024,"-6,28",[counterparty_hash:a079b1ede6],,Эквайринг,Выбытие
2024,7,27.07.2024,"-727,00",[counterparty_hash:2a84eb0be0],,Содержание торговых точек,Выбытие
2024,7,27.07.2024,"-99,99",[counterparty_hash:2a84eb0be0],,Расходы на питание персонала,Выбытие
2024,7,27.07.2024,"-305,81",[counterparty_hash:2a84eb0be0],,Оплата поставщикам ,Выбытие
2024,7,28.07.2024,"118 329,00",[counterparty_hash:335b2a2e9a],,Поступление денег с торг. точек,Поступление
2024,7,28.07.2024,"-1 775,13",[counterparty_hash:a079b1ede6],,Эквайринг,Выбытие
2024,7,28.07.2024,"1 171,00",[counterparty_hash:335b2a2e9a],,Поступление денег с торг. точек,Поступление
2024,7,28.07.2024,"-4,68",[counterparty_hash:a079b1ede6],,Эквайринг,Выбытие
2024,7,28.07.2024,"1 738,00",[counterparty_hash:335b2a2e9a],,Поступление денег с торг. точек,Поступление
2024,7,28.07.2024,"-6,95",[counterparty_hash:a079b1ede6],,Эквайринг,Выбытие
2024,7,28.07.2024,"1 134,00",[counterparty_hash:335b2a2e9a],,Поступление денег с торг. точек,Поступление
2024,7,28.07.2024,"-4,54",[counterparty_hash:a079b1ede6],,Эквайринг,Выбытие
2024,7,28.07.2024,"1 832,00",[counterparty_hash:335b2a2e9a],,Поступление денег с торг. точек,Поступление
2024,7,28.07.2024,"-7,33",[counterparty_hash:a079b1ede6],,Эквайринг,Выбытие
2024,7,28.07.2024,"-323,98",[counterparty_hash:2a84eb0be0],,Содержание торговых точек,Выбытие
2024,7,28.07.2024,"-1 515,20",[counterparty_hash:2a84eb0be0],,Расходы на питание персонала,Выбытие
2024,7,28.07.2024,"-4 019,30",[counterparty_hash:2a84eb0be0],,Оплата поставщикам ,Выбытие
2024,7,29.07.2024,"91 809,15",[counterparty_hash:335b2a2e9a],,Поступление денег с торг. точек,Поступление
2024,7,29.07.2024,"-1 377,30",[counterparty_hash:a079b1ede6],,Эквайринг,Выбытие
2024,7,29.07.2024,"1 410,00",[counterparty_hash:335b2a2e9a],,Поступление денег с торг. точек,Поступление
2024,7,29.07.2024,"-5,64",[counterparty_hash:a079b1ede6],,Эквайринг,Выбытие
2024,7,29.07.2024,"-33 962,32",[counterparty_hash:4b0e39f45b],,Оплата поставщикам ,Выбытие
2024,7,29.07.2024,"-32 183,78",[counterparty_hash:10ad09b2bf],,Оплата поставщикам ,Выбытие
2024,7,29.07.2024,"-60 000,00",[counterparty_hash:2d609b655e],,Контекстная реклама,Выбытие
2024,7,29.07.2024,"-26 710,55",[counterparty_hash:55d2a5f343],,Оплата поставщикам ,Выбытие
2024,7,29.07.2024,"-3 000,00",[counterparty_hash:e1cb4e2da2],,Оплаты систем автоматизации,Выбытие
2024,7,29.07.2024,"-3 935,25",[counterparty_hash:81088c4e1c],,Оплата поставщикам ,Выбытие
2024,7,29.07.2024,"-65 527,24",[counterparty_hash:81088c4e1c],,Оплата поставщикам ,Выбытие
2024,7,29.07.2024,"-85 910,00",[counterparty_hash:01761130fc],,Оплата поставщикам ,Выбытие
2024,7,29.07.2024,"-63 038,36",[counterparty_hash:c7da8c8c1f],,Оплата поставщикам ,Выбытие
2024,7,29.07.2024,"-120 500,00",,,Выбытие — Перевод между счетами,
2024,7,29.07.2024,"-5 000,00",[counterparty_hash:810942d5fa],,Телекоммуникации,Выбытие
2024,7,29.07.2024,"445,00",[counterparty_hash:335b2a2e9a],,Поступление денег с торг. точек,Поступление
2024,7,29.07.2024,"-1,78",[counterparty_hash:a079b1ede6],,Эквайринг,Выбытие
2024,7,29.07.2024,"-2 396,00",[counterparty_hash:7518be4ba8],,Содержание торговых точек,Выбытие
2024,7,29.07.2024,"-576,00",[counterparty_hash:7518be4ba8],,Содержание торговых точек,Выбытие
2024,7,29.07.2024,"280,00",[counterparty_hash:335b2a2e9a],,Поступление денег с торг. точек,Поступление
2024,7,29.07.2024,"-1,12",[counterparty_hash:a079b1ede6],,Эквайринг,Выбытие
2024,7,29.07.2024,"15,00",[counterparty_hash:335b2a2e9a],,Поступление денег с торг. точек,Поступление
2024,7,29.07.2024,"-0,06",[counterparty_hash:a079b1ede6],,Эквайринг,Выбытие
2024,7,29.07.2024,"-539,93",[counterparty_hash:2a84eb0be0],,Оплата поставщикам ,Выбытие
2024,7,29.07.2024,"-1 199,94",[counterparty_hash:2a84eb0be0],,Оплата поставщикам ,Выбытие
2024,7,29.07.2024,"-53,94",[counterparty_hash:2a84eb0be0],,Содержание торговых точек,Выбытие
2024,7,30.07.2024,"80 231,40",[counterparty_hash:335b2a2e9a],,Поступление денег с торг. точек,Поступление
2024,7,30.07.2024,"-1 203,59",[counterparty_hash:a079b1ede6],,Эквайринг,Выбытие
2024,7,30.07.2024,"-93,15",[counterparty_hash:10ad09b2bf],,Оплата поставщикам ,Выбытие
2024,7,30.07.2024,"-120 795,00",,,Выбытие — Перевод между счетами,
2024,7,30.07.2024,"-80 000,00",,,Выбытие — Перевод между счетами,
2024,7,30.07.2024,"-2 839,10",[counterparty_hash:2a84eb0be0],,Расходы на питание персонала,Выбытие
2024,7,30.07.2024,"-4 985,87",[counterparty_hash:2a84eb0be0],,Оплата поставщикам ,Выбытие
2024,7,30.07.2024,"-113,99",[counterparty_hash:2a84eb0be0],,Содержание торговых точек,Выбытие
2024,7,30.07.2024,"14 430,86",[counterparty_hash:335b2a2e9a],,Поступление денег с торг. точек,Поступление
2024,7,30.07.2024,"-37,84",[counterparty_hash:a079b1ede6],,Эквайринг,Выбытие
2024,7,30.07.2024,"120 795,00",,,Поступление — Перевод между счетами,
2024,7,30.07.2024,"-163 198,00",[counterparty_hash:856bc7fd96],,Зарплата производственного персонала,Выбытие
2024,7,30.07.2024,"-6 867,00",[counterparty_hash:2a84eb0be0],,Оплата поставщикам ,Выбытие
2024,7,30.07.2024,"-32 559,00",,,Выбытие — Перевод между счетами,
2024,7,30.07.2024,"-10 710,00",[counterparty_hash:856bc7fd96],,Курьерская служба -,Выбытие
2024,7,30.07.2024,"13 505,00",[counterparty_hash:335b2a2e9a],,Поступление денег с торг. точек,Поступление
2024,7,30.07.2024,"-900,00",[counterparty_hash:e0e7137bcf],,Оплата поставщикам ,Выбытие
2024,7,30.07.2024,"-2 500,00",[counterparty_hash:7518be4ba8],,Содержание торговых точек,Выбытие
2024,7,31.07.2024,"77 402,75",[counterparty_hash:335b2a2e9a],,Поступление денег с торг. точек,Поступление
2024,7,31.07.2024,"-1 161,23",[counterparty_hash:a079b1ede6],,Эквайринг,Выбытие
2024,7,31.07.2024,"-79,99",[counterparty_hash:2a84eb0be0],,Содержание торговых точек,Выбытие
2024,7,31.07.2024,"1 899,00",[counterparty_hash:335b2a2e9a],,Поступление денег с торг. точек,Поступление
2024,7,31.07.2024,"-7,60",[counterparty_hash:a079b1ede6],,Эквайринг,Выбытие
2024,7,31.07.2024,"1 171,00",[counterparty_hash:335b2a2e9a],,Поступление денег с торг. точек,Поступление
2024,7,31.07.2024,"-4,68",[counterparty_hash:a079b1ede6],,Эквайринг,Выбытие
2024,7,31.07.2024,"355,00",[counterparty_hash:335b2a2e9a],,Поступление денег с торг. точек,Поступление
2024,7,31.07.2024,"-1,42",[counterparty_hash:a079b1ede6],,Эквайринг,Выбытие
2024,7,31.07.2024,"508,00",[counterparty_hash:335b2a2e9a],,Поступление денег с торг. точек,Поступление
2024,7,31.07.2024,"-2,03",[counterparty_hash:a079b1ede6],,Эквайринг,Выбытие
2024,7,31.07.2024,"30 903,79",[counterparty_hash:335b2a2e9a],,Поступление денег с торг. точек,Поступление
2024,7,31.07.2024,"-39,44",[counterparty_hash:a079b1ede6],,Эквайринг,Выбытие
2024,7,31.07.2024,"-15 000,00",[counterparty_hash:856bc7fd96],,Зарплата производственного персонала,Выбытие
2024,7,31.07.2024,"-1 600,00",[counterparty_hash:7d88c914c2],,Аренда торговых точек,Выбытие
2024,7,31.07.2024,"500,00",[counterparty_hash:856bc7fd96],,Курьерская служба +,Поступление
2024,8,01.08.2024,"-7 000,00",[counterparty_hash:856bc7fd96],,Содержание торговых точек,Выбытие
2024,7,28.07.2024,"-43 000,00",[counterparty_hash:913fe52b19],,Зарплата административного персонала,Выбытие
2024,7,28.07.2024,"-4 000,00",[counterparty_hash:856bc7fd96],,Расходы на персонал,Выбытие
2024,7,25.07.2024,"47 000,00",,,Поступление — Перевод между счетами,
2024,7,29.07.2024,"120 500,00",,,Поступление — Перевод между счетами,
2024,7,29.07.2024,"-100 000,00",[counterparty_hash:48d0f61ee3],,Аренда торговых точек,Выбытие
2024,7,29.07.2024,"-20 500,00",[counterparty_hash:48d0f61ee3],,Аренда торговых точек,Выбытие
2024,7,30.07.2024,"80 000,00",,,Поступление — Перевод между счетами,
2024,7,30.07.2024,"-80 000,00",,,Выдача кредитов и займов,Выбытие
2024,7,30.07.2024,"-815,27",[counterparty_hash:a079b1ede6],,РКО,Выбытие
2024,7,31.07.2024,"-3 000,00",[counterparty_hash:7518be4ba8],[private_purpose_hash:7bbb5dd8bd],Содержание торговых точек,Выбытие
2024,7,31.07.2024,"-10 790,00",[counterparty_hash:856bc7fd96],,Курьерская служба -,Выбытие
2024,7,31.07.2024,"16 207,40",[counterparty_hash:335b2a2e9a],,Поступление денег с торг. точек,Поступление
2024,8,02.08.2024,"60 000,00",,,Возврат кредитов и займов,Поступление
2024,8,02.08.2024,"-60 000,00",[counterparty_hash:856bc7fd96],[private_purpose_hash:f20ed16b83],Зарплата административного персонала,Выбытие
2024,8,04.08.2024,"-1 000,00",[counterparty_hash:b2b25bc0ee],,Поиск и найм персонала,Выбытие
2024,8,03.08.2024,"-4 000,00",[counterparty_hash:48d0f61ee3],,Аренда торговых точек,Выбытие
2024,8,01.08.2024,"28 901,54",[counterparty_hash:335b2a2e9a],,Поступление денег с торг. точек,Поступление
2024,8,01.08.2024,"-24,66",[counterparty_hash:a079b1ede6],,Эквайринг,Выбытие
2024,8,02.08.2024,"25 400,59",[counterparty_hash:335b2a2e9a],,Поступление денег с торг. точек,Поступление
2024,8,02.08.2024,"-46,71",[counterparty_hash:a079b1ede6],,Эквайринг,Выбытие
2024,8,03.08.2024,"38 519,34",[counterparty_hash:335b2a2e9a],,Поступление денег с торг. точек,Поступление
2024,8,03.08.2024,"-27,85",[counterparty_hash:a079b1ede6],,Эквайринг,Выбытие
2024,8,04.08.2024,"15 087,72",[counterparty_hash:335b2a2e9a],,Поступление денег с торг. точек,Поступление
2024,8,04.08.2024,"-22,02",[counterparty_hash:a079b1ede6],,Эквайринг,Выбытие
2024,8,01.08.2024,"-6 204,00",[counterparty_hash:2a84eb0be0],,Оплата поставщикам ,Выбытие
2024,8,01.08.2024,"-4 420,00",[counterparty_hash:856bc7fd96],,Курьерская служба -,Выбытие
2024,8,01.08.2024,"-1 800,00",[counterparty_hash:e0e7137bcf],,Оплата поставщикам ,Выбытие
2024,8,01.08.2024,"6 474,00",[counterparty_hash:335b2a2e9a],,Поступление денег с торг. точек,Поступление
2024,8,02.08.2024,"-308,00",[counterparty_hash:2a84eb0be0],,Оплата поставщикам ,Выбытие
2024,8,02.08.2024,"-18 220,00",[counterparty_hash:856bc7fd96],,Курьерская служба -,Выбытие
2024,8,02.08.2024,"16 806,00",[counterparty_hash:335b2a2e9a],,Поступление денег с торг. точек,Поступление
2024,8,03.08.2024,"-12 180,00",[counterparty_hash:856bc7fd96],,Курьерская служба -,Выбытие
2024,8,03.08.2024,"24 054,00",[counterparty_hash:335b2a2e9a],,Поступление денег с торг. точек,Поступление
2024,8,03.08.2024,"10,45",,,Корретировки кассы +,Поступление
2024,8,04.08.2024,"-900,00",[counterparty_hash:e0e7137bcf],,Оплата поставщикам ,Выбытие
2024,8,04.08.2024,"-11 080,00",[counterparty_hash:856bc7fd96],,Курьерская служба -,Выбытие
2024,8,04.08.2024,"26 264,00",[counterparty_hash:335b2a2e9a],,Поступление денег с торг. точек,Поступление
2024,8,01.08.2024,"84 114,20",[counterparty_hash:335b2a2e9a],,Поступление денег с торг. точек,Поступление
2024,8,01.08.2024,"-1 261,91",[counterparty_hash:a079b1ede6],,Эквайринг,Выбытие
2024,8,01.08.2024,"2 029,00",[counterparty_hash:335b2a2e9a],,Поступление денег с торг. точек,Поступление
2024,8,01.08.2024,"-8,12",[counterparty_hash:a079b1ede6],,Эквайринг,Выбытие
2024,8,01.08.2024,"-10 000,00",[counterparty_hash:6279bcc436],,SEO-оптимизация,Выбытие
2024,8,01.08.2024,"-39 000,00",,,Выбытие — Перевод между счетами,
2024,8,01.08.2024,"392,00",[counterparty_hash:335b2a2e9a],,Поступление денег с торг. точек,Поступление
2024,8,01.08.2024,"-1,57",[counterparty_hash:a079b1ede6],,Эквайринг,Выбытие
2024,8,01.08.2024,"-4 205,34",[counterparty_hash:2a84eb0be0],,Оплата поставщикам ,Выбытие
2024,8,01.08.2024,"-2 349,97",[counterparty_hash:2a84eb0be0],,Содержание торговых точек,Выбытие
2024,8,01.08.2024,"-919,96",[counterparty_hash:2a84eb0be0],,Расходы на питание персонала,Выбытие
2024,8,02.08.2024,"89 842,60",[counterparty_hash:335b2a2e9a],,Поступление денег с торг. точек,Поступление
2024,8,02.08.2024,"-1 347,82",[counterparty_hash:a079b1ede6],,Эквайринг,Выбытие
2024,8,02.08.2024,"-13 500,00",[counterparty_hash:0e13905d1d],[private_purpose_hash:a5ac1e72e3],Покупка ОС,Выбытие
2024,8,02.08.2024,"1 164,00",[counterparty_hash:335b2a2e9a],,Поступление денег с торг. точек,Поступление
2024,8,02.08.2024,"-4,66",[counterparty_hash:a079b1ede6],,Эквайринг,Выбытие
2024,8,02.08.2024,"1 385,00",[counterparty_hash:335b2a2e9a],,Поступление денег с торг. точек,Поступление
2024,8,02.08.2024,"119,00",[counterparty_hash:335b2a2e9a],,Поступление денег с торг. точек,Поступление
2024,8,02.08.2024,"-5,54",[counterparty_hash:a079b1ede6],,Эквайринг,Выбытие
2024,8,02.08.2024,"-0,48",[counterparty_hash:a079b1ede6],,Эквайринг,Выбытие
2024,8,03.08.2024,"109 366,25",[counterparty_hash:335b2a2e9a],,Поступление денег с торг. точек,Поступление
2024,8,03.08.2024,"-1 640,72",[counterparty_hash:a079b1ede6],,Эквайринг,Выбытие
2024,8,03.08.2024,"160,00",[counterparty_hash:335b2a2e9a],,Поступление денег с торг. точек,Поступление
2024,8,03.08.2024,"-0,64",[counterparty_hash:a079b1ede6],,Эквайринг,Выбытие
2024,8,03.08.2024,"989,00",[counterparty_hash:335b2a2e9a],,Поступление денег с торг. точек,Поступление
2024,8,03.08.2024,"-3,96",[counterparty_hash:a079b1ede6],,Эквайринг,Выбытие
2024,8,03.08.2024,"903,00",[counterparty_hash:335b2a2e9a],,Поступление денег с торг. точек,Поступление
2024,8,03.08.2024,"-3,61",[counterparty_hash:a079b1ede6],,Эквайринг,Выбытие
2024,8,03.08.2024,"-7 800,47",[counterparty_hash:2a84eb0be0],,Оплата поставщикам ,Выбытие
2024,8,03.08.2024,"-749,97",[counterparty_hash:2a84eb0be0],,Расходы на питание персонала,Выбытие
2024,8,03.08.2024,"-1 155,28",[counterparty_hash:2a84eb0be0],,Содержание торговых точек,Выбытие
2024,8,04.08.2024,"112 208,85",[counterparty_hash:335b2a2e9a],,Поступление денег с торг. точек,Поступление
2024,8,04.08.2024,"-1 683,32",[counterparty_hash:a079b1ede6],,Эквайринг,Выбытие
2024,8,04.08.2024,"-93 286,00",[counterparty_hash:4e9e5a80a9],,Сайт и приложение,Выбытие
2024,8,04.08.2024,"-6 000,00",[counterparty_hash:e467eaefc4],,Оплаты систем автоматизации,Выбытие
2024,8,04.08.2024,"-789,19",[counterparty_hash:9a7ac913a7],,Аренда торговых точек,Выбытие
2024,8,04.08.2024,"-4 000,00",[counterparty_hash:e467eaefc4],,Оплаты систем автоматизации,Выбытие
2024,8,04.08.2024,"-5 000,00",[counterparty_hash:b2d09b6565],,Аренда торговых точек,Выбытие
2024,8,04.08.2024,"-2 640,00",[counterparty_hash:2c9dd7c496],,Телекоммуникации,Выбытие
2024,8,04.08.2024,"-4 276,42",[counterparty_hash:9a7ac913a7],,Аренда торговых точек,Выбытие
2024,8,04.08.2024,"931,00",[counterparty_hash:335b2a2e9a],,Поступление денег с торг. точек,Поступление
2024,8,04.08.2024,"-3,72",[counterparty_hash:a079b1ede6],,Эквайринг,Выбытие
2024,8,04.08.2024,"263,00",[counterparty_hash:335b2a2e9a],,Поступление денег с торг. точек,Поступление
2024,8,04.08.2024,"-1,05",[counterparty_hash:a079b1ede6],,Эквайринг,Выбытие
2024,8,04.08.2024,"-239,96",[counterparty_hash:2a84eb0be0],,Оплата поставщикам ,Выбытие
2024,8,04.08.2024,"-7 310,25",[counterparty_hash:81088c4e1c],,Оплата поставщикам ,Выбытие
2024,8,04.08.2024,"-12 922,92",[counterparty_hash:10ad09b2bf],,Оплата поставщикам ,Выбытие
2024,8,04.08.2024,"-91 738,80",[counterparty_hash:01761130fc],,Оплата поставщикам ,Выбытие
2024,8,04.08.2024,"-23 830,53",[counterparty_hash:acffbdf399],,Оплата поставщикам ,Выбытие
2024,8,04.08.2024,"1 482,00",[counterparty_hash:335b2a2e9a],,Поступление денег с торг. точек,Поступление
2024,8,04.08.2024,"-5,93",[counterparty_hash:a079b1ede6],,Эквайринг,Выбытие
2024,8,04.08.2024,"-18 000,00",,,Выбытие — Перевод между счетами,
2024,8,04.08.2024,"260,00",[counterparty_hash:335b2a2e9a],,Поступление денег с торг. точек,Поступление
2024,8,04.08.2024,"-1,04",[counterparty_hash:a079b1ede6],,Эквайринг,Выбытие
2024,8,04.08.2024,"1 099,00",[counterparty_hash:335b2a2e9a],,Поступление денег с торг. точек,Поступление
2024,8,04.08.2024,"-4,40",[counterparty_hash:a079b1ede6],,Эквайринг,Выбытие
2024,8,05.08.2024,"72 951,00",[counterparty_hash:8009e18a18],,Поступление денег с торг. точек,Поступление
2024,8,05.08.2024,"17 520,81",[counterparty_hash:335b2a2e9a],,Поступление денег с торг. точек,Поступление
2024,8,05.08.2024,"-26,59",[counterparty_hash:a079b1ede6],,Эквайринг,Выбытие
2024,8,06.08.2024,"20 465,83",[counterparty_hash:335b2a2e9a],,Поступление денег с торг. точек,Поступление
2024,8,06.08.2024,"-35,70",[counterparty_hash:a079b1ede6],,Эквайринг,Выбытие
2024,8,01.08.2024,"39 000,00",,,Поступление — Перевод между счетами,
2024,8,01.08.2024,"-15 000,00",[counterparty_hash:856bc7fd96],,Зарплата административного персонала,Выбытие
2024,8,01.08.2024,"-24 000,00",[counterparty_hash:856bc7fd96],,Зарплата административного персонала,Выбытие
2024,8,02.08.2024,"-3 275,98",[counterparty_hash:a079b1ede6],,Оплаты по кредитам и займам,Выбытие
2024,8,04.08.2024,"18 000,00",,,Поступление — Перевод между счетами,
2024,8,05.08.2024,"-45,55",[counterparty_hash:a079b1ede6],,Оплаты по кредитам и займам,Выбытие
2024,8,05.08.2024,"-15 183,02",[counterparty_hash:a079b1ede6],,Оплаты по кредитам и займам,Выбытие
2024,8,06.08.2024,"90 085,00",,,Поступление — Перевод между счетами,
2024,8,06.08.2024,"-90 085,00",,,Выбытие — Перевод между счетами,
2024,8,05.08.2024,"85 050,00",[counterparty_hash:335b2a2e9a],,Поступление денег с торг. точек,Поступление
2024,8,05.08.2024,"-1 275,93",[counterparty_hash:a079b1ede6],,Эквайринг,Выбытие
2024,8,05.08.2024,"-28 234,82",[counterparty_hash:55d2a5f343],,Оплата поставщикам ,Выбытие
2024,8,05.08.2024,"-57 887,17",[counterparty_hash:81088c4e1c],,Оплата поставщикам ,Выбытие
2024,8,05.08.2024,"-37 619,55",[counterparty_hash:c7da8c8c1f],,Оплата поставщикам ,Выбытие
2024,8,05.08.2024,"-2 580,00",[counterparty_hash:64b5ca4d90],,Оплата поставщикам ,Выбытие
2024,8,05.08.2024,"-36 539,00",[counterparty_hash:4b0e39f45b],,Оплата поставщикам ,Выбытие
2024,8,05.08.2024,"-175,41",[counterparty_hash:10ad09b2bf],,Оплата поставщикам ,Выбытие
2024,8,05.08.2024,"2 746,00",[counterparty_hash:335b2a2e9a],,Поступление денег с торг. точек,Поступление
2024,8,05.08.2024,"-10,98",[counterparty_hash:a079b1ede6],,Эквайринг,Выбытие
2024,8,05.08.2024,"-15,98",[counterparty_hash:2a84eb0be0],,Содержание торговых точек,Выбытие
2024,8,05.08.2024,"-1 473,93",[counterparty_hash:2a84eb0be0],,Расходы на питание персонала,Выбытие
2024,8,05.08.2024,"-5 060,04",[counterparty_hash:2a84eb0be0],,Оплата поставщикам ,Выбытие
2024,8,06.08.2024,"64 017,00",[counterparty_hash:335b2a2e9a],,Поступление денег с торг. точек,Поступление
2024,8,06.08.2024,"-960,36",[counterparty_hash:a079b1ede6],,Эквайринг,Выбытие
2024,8,06.08.2024,"939,00",[counterparty_hash:335b2a2e9a],,Поступление денег с торг. точек,Поступление
2024,8,06.08.2024,"-3,76",[counterparty_hash:a079b1ede6],,Эквайринг,Выбытие
2024,8,06.08.2024,"-90 085,00",,,Выбытие — Перевод между счетами,
2024,8,06.08.2024,"-24 000,00",[counterparty_hash:0d03ab834a],,Листовки,Выбытие
2024,8,06.08.2024,"-53 310,00",[counterparty_hash:48d0f61ee3],,Аренда торговых точек,Выбытие
2024,8,06.08.2024,"-1 578,00",[counterparty_hash:856bc7fd96],,Расходы на персонал,Выбытие
2024,8,06.08.2024,"2 849,00",[counterparty_hash:335b2a2e9a],,Поступление денег с торг. точек,Поступление
2024,8,06.08.2024,"-11,40",[counterparty_hash:a079b1ede6],,Эквайринг,Выбытие
2024,8,06.08.2024,"-246,00",[counterparty_hash:2a84eb0be0],,Содержание торговых точек,Выбытие
2024,8,06.08.2024,"-3 678,09",[counterparty_hash:2a84eb0be0],,Оплата поставщикам ,Выбытие
2024,8,05.08.2024,"-4 942,00",[counterparty_hash:2a84eb0be0],,Оплата поставщикам ,Выбытие
2024,8,05.08.2024,"-7 161,00",[counterparty_hash:1340ea64e9],,Оплата поставщикам ,Выбытие
2024,8,05.08.2024,"-6 772,00",[counterparty_hash:2a84eb0be0],,Оплата поставщикам ,Выбытие
2024,8,05.08.2024,"-900,00",[counterparty_hash:e0e7137bcf],,Оплата поставщикам ,Выбытие
2024,8,05.08.2024,"-10 340,00",[counterparty_hash:856bc7fd96],,Курьерская служба -,Выбытие
2024,8,05.08.2024,"17 718,00",[counterparty_hash:335b2a2e9a],,Поступление денег с торг. точек,Поступление
2024,8,06.08.2024,"-500,00",[counterparty_hash:7518be4ba8],,Содержание торговых точек,Выбытие
2024,8,06.08.2024,"-6 660,00",,,Выбытие — Перевод между счетами,
2024,8,06.08.2024,"-8 120,00",[counterparty_hash:856bc7fd96],,Курьерская служба -,Выбытие
2024,8,06.08.2024,"8 536,00",[counterparty_hash:335b2a2e9a],,Поступление денег с торг. точек,Поступление
2024,8,06.08.2024,"90 085,00",,,Поступление — Перевод между счетами,
2024,8,06.08.2024,"6 660,00",,,Поступление — Перевод между счетами,
2024,8,06.08.2024,"-165 538,00",[counterparty_hash:856bc7fd96],,Зарплата производственного персонала,Выбытие
2024,8,07.08.2024,"-5 000,00",[counterparty_hash:856bc7fd96],,Содержание торговых точек,Выбытие
2024,8,09.08.2024,"2 600,00",,[private_purpose_hash:3f689c75a6],Прочие поступления,Поступление
2024,8,09.08.2024,"2 500,00",[counterparty_hash:856bc7fd96],,Курьерская служба +,Поступление
2024,8,07.08.2024,"-177,00",[counterparty_hash:2a84eb0be0],,Расходы на питание персонала,Выбытие
2024,8,07.08.2024,"-3 080,00",[counterparty_hash:2a84eb0be0],,Оплата поставщикам ,Выбытие
2024,8,07.08.2024,"-8 140,00",[counterparty_hash:856bc7fd96],,Курьерская служба -,Выбытие
2024,8,07.08.2024,"12 900,00",[counterparty_hash:335b2a2e9a],,Поступление денег с торг. точек,Поступление
2024,8,08.08.2024,"-8 020,00",[counterparty_hash:856bc7fd96],,Курьерская служба -,Выбытие
2024,8,08.08.2024,"23 706,00",[counterparty_hash:335b2a2e9a],,Поступление денег с торг. точек,Поступление
2024,8,07.08.2024,"12 469,80",[counterparty_hash:335b2a2e9a],,Поступление денег с торг. точек,Поступление
2024,8,07.08.2024,"-14,60",[counterparty_hash:a079b1ede6],,Эквайринг,Выбытие
2024,8,08.08.2024,"21 105,60",[counterparty_hash:335b2a2e9a],,Поступление денег с торг. точек,Поступление
2024,8,08.08.2024,"-25,07",[counterparty_hash:a079b1ede6],,Эквайринг,Выбытие
2024,8,07.08.2024,"58 293,90",[counterparty_hash:335b2a2e9a],,Поступление денег с торг. точек,Поступление
2024,8,07.08.2024,"-874,49",[counterparty_hash:a079b1ede6],,Эквайринг,Выбытие
2024,8,07.08.2024,"-5 000,00",[counterparty_hash:810942d5fa],,Телекоммуникации,Выбытие
2024,8,07.08.2024,"-10 000,00",,,Выбытие — Перевод между счетами,
2024,8,07.08.2024,"-27 000,00",[counterparty_hash:0e13905d1d],[private_purpose_hash:593addc809],Покупка ОС,Выбытие
2024,8,07.08.2024,"570,00",[counterparty_hash:335b2a2e9a],,Поступление денег с торг. точек,Поступление
2024,8,07.08.2024,"10 000,00",,,Поступление — Перевод между счетами,
2024,8,07.08.2024,"-2,28",[counterparty_hash:a079b1ede6],,Эквайринг,Выбытие
2024,8,07.08.2024,"770,00",[counterparty_hash:335b2a2e9a],,Поступление денег с торг. точек,Поступление
2024,8,07.08.2024,"-3,08",[counterparty_hash:a079b1ede6],,Эквайринг,Выбытие
2024,8,07.08.2024,"-9 251,50",[counterparty_hash:856bc7fd96],,Расходы на персонал,Выбытие
2024,8,07.08.2024,"-2 897,36",[counterparty_hash:2a84eb0be0],,Оплата поставщикам ,Выбытие
2024,8,07.08.2024,"-1 079,88",[counterparty_hash:2a84eb0be0],,Содержание торговых точек,Выбытие
2024,8,07.08.2024,"-2 444,58",[counterparty_hash:2a84eb0be0],,Расходы на питание персонала,Выбытие
2024,8,08.08.2024,"56 443,00",[counterparty_hash:335b2a2e9a],,Поступление денег с торг. точек,Поступление
2024,8,08.08.2024,"-846,75",[counterparty_hash:a079b1ede6],,Эквайринг,Выбытие
2024,8,08.08.2024,"-737,87",[counterparty_hash:2a84eb0be0],,Оплата поставщикам ,Выбытие
2024,8,08.08.2024,"-239,96",[counterparty_hash:2a84eb0be0],,Оплата поставщикам ,Выбытие
2024,8,08.08.2024,"919,00",[counterparty_hash:335b2a2e9a],,Поступление денег с торг. точек,Поступление
2024,8,08.08.2024,"-3,68",[counterparty_hash:a079b1ede6],,Эквайринг,Выбытие
2024,8,12.08.2024,"80 000,00",[counterparty_hash:856bc7fd96],,Возврат кредитов и займов,Поступление
2024,8,12.08.2024,"-80 000,00",[counterparty_hash:856bc7fd96],[private_purpose_hash:9a4ea4f0a4],Зарплата производственного персонала,Выбытие
2024,8,09.08.2024,"14 509,89",[counterparty_hash:335b2a2e9a],,Поступление денег с торг. точек,Поступление
2024,8,09.08.2024,"-31,02",[counterparty_hash:a079b1ede6],,Эквайринг,Выбытие
2024,8,09.08.2024,"-299,00",[counterparty_hash:a079b1ede6],,РКО,Выбытие
2024,8,10.08.2024,"30 974,53",[counterparty_hash:335b2a2e9a],,Поступление денег с торг. точек,Поступление
2024,8,10.08.2024,"-48,39",[counterparty_hash:a079b1ede6],,Эквайринг,Выбытие
2024,8,11.08.2024,"21 387,28",[counterparty_hash:335b2a2e9a],,Поступление денег с торг. точек,Поступление
2024,8,11.08.2024,"-29,25",[counterparty_hash:a079b1ede6],,Эквайринг,Выбытие
2024,8,11.08.2024,"-878,00",[counterparty_hash:335b2a2e9a],,Возвраты клиентам,Выбытие
2024,8,11.08.2024,"-1 272,00",[counterparty_hash:335b2a2e9a],,Возвраты клиентам,Выбытие
2024,8,08.08.2024,"-900,00",[counterparty_hash:e0e7137bcf],,Оплата поставщикам ,Выбытие
2024,8,09.08.2024,"-13 340,00",[counterparty_hash:856bc7fd96],,Курьерская служба -,Выбытие
2024,8,09.08.2024,"28 824,00",[counterparty_hash:335b2a2e9a],,Поступление денег с торг. точек,Поступление
2024,8,09.08.2024,"-1 000,00",[counterparty_hash:7d88c914c2],,Аренда торговых точек,Выбытие
2024,8,09.08.2024,"-900,00",[counterparty_hash:e0e7137bcf],,Оплата поставщикам ,Выбытие
2024,8,09.08.2024,"-3 572,00",[counterparty_hash:2a84eb0be0],,Оплата поставщикам ,Выбытие
2024,8,10.08.2024,"-12 820,00",[counterparty_hash:856bc7fd96],,Курьерская служба -,Выбытие
2024,8,10.08.2024,"22 622,00",[counterparty_hash:335b2a2e9a],,Поступление денег с торг. точек,Поступление
2024,8,11.08.2024,"-5 062,00",[counterparty_hash:2a84eb0be0],,Оплата поставщикам ,Выбытие
2024,8,11.08.2024,"-190,00",[counterparty_hash:2a84eb0be0],,Расходы на питание персонала,Выбытие
2024,8,11.08.2024,"-1 800,00",[counterparty_hash:e0e7137bcf],,Оплата поставщикам ,Выбытие
2024,8,11.08.2024,"-10 980,00",[counterparty_hash:856bc7fd96],,Курьерская служба -,Выбытие
2024,8,11.08.2024,"-900,00",[counterparty_hash:856bc7fd96],,Курьерская служба -,Выбытие
2024,8,11.08.2024,"29 958,40",[counterparty_hash:335b2a2e9a],,Поступление денег с торг. точек,Поступление
2024,8,09.08.2024,"54 754,65",[counterparty_hash:335b2a2e9a],,Поступление денег с торг. точек,Поступление
2024,8,09.08.2024,"-821,46",[counterparty_hash:a079b1ede6],,Эквайринг,Выбытие
2024,8,09.08.2024,"-170,65",[counterparty_hash:10ad09b2bf],,Оплата поставщикам ,Выбытие
2024,8,09.08.2024,"5 759,00",[counterparty_hash:335b2a2e9a],,Поступление денег с торг. точек,Поступление
2024,8,09.08.2024,"-23,04",[counterparty_hash:a079b1ede6],,Эквайринг,Выбытие
2024,8,09.08.2024,"-55 000,00",,,Выбытие — Перевод между счетами,
2024,8,09.08.2024,"-270,00",[counterparty_hash:2a84eb0be0],,Содержание торговых точек,Выбытие
2024,8,09.08.2024,"-5 280,00",[counterparty_hash:10ad09b2bf],,Оплата поставщикам ,Выбытие
2024,8,09.08.2024,"1 136,00",[counterparty_hash:335b2a2e9a],,Поступление денег с торг. точек,Поступление
2024,8,09.08.2024,"-4,54",[counterparty_hash:a079b1ede6],,Эквайринг,Выбытие
2024,8,09.08.2024,"542,00",[counterparty_hash:335b2a2e9a],,Поступление денег с торг. точек,Поступление
2024,8,09.08.2024,"-2,17",[counterparty_hash:a079b1ede6],,Эквайринг,Выбытие
2024,8,09.08.2024,"-149,98",[counterparty_hash:2a84eb0be0],,Расходы на питание персонала,Выбытие
2024,8,09.08.2024,"-4 534,57",[counterparty_hash:2a84eb0be0],,Оплата поставщикам ,Выбытие
2024,8,09.08.2024,"-83,97",[counterparty_hash:2a84eb0be0],,Содержание торговых точек,Выбытие
2024,8,10.08.2024,"105 665,55",[counterparty_hash:335b2a2e9a],,Поступление денег с торг. точек,Поступление
2024,8,10.08.2024,"-1 585,18",[counterparty_hash:a079b1ede6],,Эквайринг,Выбытие
2024,8,10.08.2024,"1 242,00",[counterparty_hash:335b2a2e9a],,Поступление денег с торг. точек,Поступление
2024,8,10.08.2024,"-4,97",[counterparty_hash:a079b1ede6],,Эквайринг,Выбытие
2024,8,11.08.2024,"98 444,20",[counterparty_hash:335b2a2e9a],,Поступление денег с торг. точек,Поступление
2024,8,11.08.2024,"-1 476,87",[counterparty_hash:a079b1ede6],,Эквайринг,Выбытие
2024,8,11.08.2024,"860,00",[counterparty_hash:335b2a2e9a],,Поступление денег с торг. точек,Поступление
2024,8,11.08.2024,"-3,44",[counterparty_hash:a079b1ede6],,Эквайринг,Выбытие
2024,8,11.08.2024,"1 104,00",[counterparty_hash:335b2a2e9a],,Поступление денег с торг. точек,Поступление
2024,8,11.08.2024,"-4,42",[counterparty_hash:a079b1ede6],,Эквайринг,Выбытие
2024,8,11.08.2024,"-2 653,08",[counterparty_hash:2a84eb0be0],,Расходы на питание персонала,Выбытие
2024,8,11.08.2024,"-4 282,05",[counterparty_hash:2a84eb0be0],,Оплата поставщикам ,Выбытие
2024,8,11.08.2024,"-300,94",[counterparty_hash:2a84eb0be0],,Содержание торговых точек,Выбытие
2024,8,12.08.2024,"20 452,81",[counterparty_hash:335b2a2e9a],,Поступление денег с торг. точек,Поступление
2024,8,12.08.2024,"-26,32",[counterparty_hash:a079b1ede6],,Эквайринг,Выбытие
2024,8,13.08.2024,"19 687,97",[counterparty_hash:335b2a2e9a],,Поступление денег с торг. точек,Поступление
2024,8,13.08.2024,"-15,28",[counterparty_hash:a079b1ede6],,Эквайринг,Выбытие
2024,8,14.08.2024,"14 842,98",[counterparty_hash:335b2a2e9a],,Поступление денег с торг. точек,Поступление
2024,8,14.08.2024,"-10,17",[counterparty_hash:a079b1ede6],,Эквайринг,Выбытие
2024,8,12.08.2024,"47 165,00",,,Поступление — Перевод между счетами,
2024,8,13.08.2024,"-144 376,00",[counterparty_hash:856bc7fd96],,Зарплата производственного персонала,Выбытие
2024,8,13.08.2024,"84 683,00",,,Поступление — Перевод между счетами,
2024,8,14.08.2024,"-198,00",[counterparty_hash:a079b1ede6],,РКО,Выбытие
2024,8,14.08.2024,"-390,00",[counterparty_hash:2a84eb0be0],,Содержание торговых точек,Выбытие
2024,8,12.08.2024,"-47 165,00",,,Выбытие — Перевод между счетами,
2024,8,12.08.2024,"-10 120,00",[counterparty_hash:856bc7fd96],,Курьерская служба -,Выбытие
2024,8,12.08.2024,"16 025,00",[counterparty_hash:335b2a2e9a],,Поступление денег с торг. точек,Поступление
2024,8,13.08.2024,"-2 433,00",[counterparty_hash:2a84eb0be0],,Оплата поставщикам ,Выбытие
2024,8,13.08.2024,"-8 980,00",[counterparty_hash:856bc7fd96],,Курьерская служба -,Выбытие
2024,8,13.08.2024,"11 074,00",[counterparty_hash:335b2a2e9a],,Поступление денег с торг. точек,Поступление
2024,8,14.08.2024,"-6 800,00",[counterparty_hash:1340ea64e9],,Оплата поставщикам ,Выбытие
2024,8,14.08.2024,"-9 280,00",[counterparty_hash:856bc7fd96],,Курьерская служба -,Выбытие
2024,8,14.08.2024,"22 789,60",[counterparty_hash:335b2a2e9a],,Поступление денег с торг. точек,Поступление
2024,8,12.08.2024,"80 606,10",[counterparty_hash:335b2a2e9a],,Поступление денег с торг. точек,Поступление
2024,8,12.08.2024,"-1 209,22",[counterparty_hash:a079b1ede6],,Эквайринг,Выбытие
2024,8,12.08.2024,"-5 958,90",[counterparty_hash:81088c4e1c],,Оплата поставщикам ,Выбытие
2024,8,12.08.2024,"-21 094,48",[counterparty_hash:55d2a5f343],,Оплата поставщикам ,Выбытие
2024,8,12.08.2024,"-100 607,50",[counterparty_hash:01761130fc],,Оплата поставщикам ,Выбытие
2024,8,12.08.2024,"-60 985,29",[counterparty_hash:81088c4e1c],,Оплата поставщикам ,Выбытие
2024,8,12.08.2024,"-16 601,79",[counterparty_hash:10ad09b2bf],,Оплата поставщикам ,Выбытие
2024,8,12.08.2024,"-50 765,50",[counterparty_hash:c7da8c8c1f],,Оплата поставщикам ,Выбытие
2024,8,12.08.2024,"-53 229,66",[counterparty_hash:4b0e39f45b],,Оплата поставщикам ,Выбытие
2024,8,12.08.2024,"-27 594,23",[counterparty_hash:acffbdf399],,Оплата поставщикам ,Выбытие
2024,8,12.08.2024,"-240 000,00",,,Выбытие — Перевод между счетами,
2024,8,12.08.2024,"930,00",[counterparty_hash:335b2a2e9a],,Поступление денег с торг. точек,Поступление
2024,8,12.08.2024,"-3,72",[counterparty_hash:a079b1ede6],,Эквайринг,Выбытие
2024,8,12.08.2024,"-54,97",[counterparty_hash:2a84eb0be0],,Оплата поставщикам ,Выбытие
2024,8,12.08.2024,"-111,20",[counterparty_hash:2a84eb0be0],,Оплата поставщикам ,Выбытие
2024,8,13.08.2024,"90 848,35",[counterparty_hash:335b2a2e9a],,Поступление денег с торг. точек,Поступление
2024,8,13.08.2024,"-1 362,84",[counterparty_hash:a079b1ede6],,Эквайринг,Выбытие
2024,8,13.08.2024,"-32 800,00",[counterparty_hash:0d03ab834a],,Листовки,Выбытие
2024,8,13.08.2024,"-2 500,00",[counterparty_hash:ccf77aa91b],,Телекоммуникации,Выбытие
2024,8,13.08.2024,"-84 683,00",,,Выбытие — Перевод между счетами,
2024,8,13.08.2024,"1 244,00",[counterparty_hash:335b2a2e9a],,Поступление денег с торг. точек,Поступление
2024,8,13.08.2024,"-4,98",[counterparty_hash:a079b1ede6],,Эквайринг,Выбытие
2024,8,13.08.2024,"1 149,00",[counterparty_hash:335b2a2e9a],,Поступление денег с торг. точек,Поступление
2024,8,13.08.2024,"-4,60",[counterparty_hash:a079b1ede6],,Эквайринг,Выбытие
2024,8,13.08.2024,"-2 450,00",[counterparty_hash:2a84eb0be0],,Содержание торговых точек,Выбытие
2024,8,13.08.2024,"-2 436,79",[counterparty_hash:2a84eb0be0],,Оплата поставщикам ,Выбытие
2024,8,13.08.2024,"-17,98",[counterparty_hash:2a84eb0be0],,Содержание торговых точек,Выбытие
2024,8,13.08.2024,"-536,98",[counterparty_hash:2a84eb0be0],,Расходы на питание персонала,Выбытие
2024,8,14.08.2024,"76 666,60",[counterparty_hash:335b2a2e9a],,Поступление денег с торг. точек,Поступление
2024,8,14.08.2024,"-1 150,10",[counterparty_hash:a079b1ede6],,Эквайринг,Выбытие
2024,8,14.08.2024,"-9 815,00",[counterparty_hash:0e13905d1d],[private_purpose_hash:70199bb660],Покупка ОС,Выбытие
2024,8,14.08.2024,"-7 200,00",[counterparty_hash:2a84eb0be0],,Содержание торговых точек,Выбытие
2024,8,09.08.2024,"55 000,00",,,Поступление — Перевод между счетами,
2024,8,09.08.2024,"-55 000,00",[counterparty_hash:856bc7fd96],,Зарплата административного персонала,Выбытие
2024,8,12.08.2024,"-357,00",[counterparty_hash:a079b1ede6],,РКО,Выбытие
2024,8,12.08.2024,"240 000,00",,,Поступление — Перевод между счетами,
2024,8,12.08.2024,"-86 000,00",[counterparty_hash:9d002889b3],,Дивиденды,Выбытие
2024,8,12.08.2024,"-86 000,00",[counterparty_hash:913fe52b19],,Дивиденды,Выбытие
2024,8,12.08.2024,"-20 000,00",[counterparty_hash:9d002889b3],,Зарплата административного персонала,Выбытие
2024,8,12.08.2024,"-40 000,00",[counterparty_hash:913fe52b19],,Зарплата административного персонала,Выбытие
2024,8,12.08.2024,"-8 000,00",[counterparty_hash:7518be4ba8],[private_purpose_hash:3914fea8e6],Прочие маркетинговые услуги,Выбытие
2024,8,13.08.2024,"84 683,00",,,Поступление — Перевод между счетами,
2024,8,13.08.2024,"-84 683,00",,,Выбытие — Перевод между счетами,
2024,8,12.08.2024,"-900,00",[counterparty_hash:e0e7137bcf],,Оплата поставщикам ,Выбытие
2024,8,15.08.2024,"-2 000,00",[counterparty_hash:7518be4ba8],[private_purpose_hash:fa3314d87e],Содержание торговых точек,Выбытие
2024,8,15.08.2024,"-1 600,00",[counterparty_hash:2a84eb0be0],,Оплата поставщикам ,Выбытие
2024,8,15.08.2024,"1 500,00",[counterparty_hash:856bc7fd96],,Курьерская служба +,Поступление
2024,8,15.08.2024,"-288,00",[counterparty_hash:2a84eb0be0],[private_purpose_hash:74fbb6a63f],Содержание торговых точек,Выбытие
2024,8,15.08.2024,"75 245,00",,,Поступление — Перевод между счетами,
2024,8,15.08.2024,"-10 245,00",[counterparty_hash:856bc7fd96],,Зарплата административного персонала,Выбытие
2024,8,15.08.2024,"-15 000,00",[counterparty_hash:856bc7fd96],,Содержание торговых точек,Выбытие
2024,8,15.08.2024,"-45 000,00",[counterparty_hash:856bc7fd96],,Зарплата административного персонала,Выбытие
2024,8,15.08.2024,"-11 860,00",[counterparty_hash:856bc7fd96],,Курьерская служба -,Выбытие
2024,8,15.08.2024,"23 299,00",[counterparty_hash:335b2a2e9a],,Поступление денег с торг. точек,Поступление
2024,8,15.08.2024,"-500,00",[counterparty_hash:7518be4ba8],[private_purpose_hash:888fc0b9ad],Содержание торговых точек,Выбытие
2024,8,15.08.2024,"-5 204,00",[counterparty_hash:2a84eb0be0],,Оплата поставщикам ,Выбытие
2024,8,15.08.2024,"-1 800,00",[counterparty_hash:e0e7137bcf],,Оплата поставщикам ,Выбытие
2024,8,15.08.2024,"12 784,93",[counterparty_hash:335b2a2e9a],,Поступление денег с торг. точек,Поступление
2024,8,15.08.2024,"-22,92",[counterparty_hash:a079b1ede6],,Эквайринг,Выбытие
2024,8,15.08.2024,"61 684,00",[counterparty_hash:335b2a2e9a],,Поступление денег с торг. точек,Поступление
2024,8,15.08.2024,"-925,38",[counterparty_hash:a079b1ede6],,Эквайринг,Выбытие
2024,8,15.08.2024,"-1 101,79",[counterparty_hash:10ad09b2bf],,Оплата поставщикам ,Выбытие
2024,8,15.08.2024,"-75 245,00",,,Выбытие — Перевод между счетами,
2024,8,15.08.2024,"-5 000,00",[counterparty_hash:810942d5fa],,Телекоммуникации,Выбытие
2024,8,15.08.2024,"2 518,00",[counterparty_hash:335b2a2e9a],,Поступление денег с торг. точек,Поступление
2024,8,15.08.2024,"-10,07",[counterparty_hash:a079b1ede6],,Эквайринг,Выбытие
2024,8,15.08.2024,"-2 032,75",[counterparty_hash:2a84eb0be0],,Расходы на питание персонала,Выбытие
2024,8,15.08.2024,"-1 558,98",[counterparty_hash:2a84eb0be0],,Содержание торговых точек,Выбытие
2024,8,15.08.2024,"-4 083,91",[counterparty_hash:2a84eb0be0],,Оплата поставщикам ,Выбытие
2024,8,17.08.2024,"-390,00",[counterparty_hash:2a84eb0be0],,Содержание торговых точек,Выбытие
2024,8,16.08.2024,"-500,00",[counterparty_hash:7518be4ba8],[private_purpose_hash:888fc0b9ad],Содержание торговых точек,Выбытие
2024,8,16.08.2024,"-11 520,00",[counterparty_hash:856bc7fd96],,Курьерская служба -,Выбытие
2024,8,16.08.2024,"17 935,00",[counterparty_hash:335b2a2e9a],,Поступление денег с торг. точек,Поступление
2024,8,17.08.2024,"-6 782,00",[counterparty_hash:2a84eb0be0],,Оплата поставщикам ,Выбытие
2024,8,17.08.2024,"-80,00",[counterparty_hash:2a84eb0be0],,Расходы на питание персонала,Выбытие
2024,8,17.08.2024,"-12 530,00",[counterparty_hash:856bc7fd96],,Курьерская служба -,Выбытие
2024,8,17.08.2024,"16 010,00",[counterparty_hash:335b2a2e9a],,Поступление денег с торг. точек,Поступление
2024,8,18.08.2024,"-1 800,00",[counterparty_hash:e0e7137bcf],,Оплата поставщикам ,Выбытие
2024,8,18.08.2024,"-9 940,00",[counterparty_hash:856bc7fd96],,Курьерская служба -,Выбытие
2024,8,18.08.2024,"17 823,00",[counterparty_hash:335b2a2e9a],,Поступление денег с торг. точек,Поступление
2024,8,16.08.2024,"102 551,05",[counterparty_hash:335b2a2e9a],,Поступление денег с торг. точек,Поступление
2024,8,16.08.2024,"-1 538,41",[counterparty_hash:a079b1ede6],,Эквайринг,Выбытие
2024,8,16.08.2024,"200 000,00",,,Поступление — Перевод между счетами,
2024,8,16.08.2024,"-31 789,00",[counterparty_hash:4b0e39f45b],,Оплата поставщикам ,Выбытие
2024,8,16.08.2024,"-11 611,10",[counterparty_hash:10ad09b2bf],,Оплата поставщикам ,Выбытие
2024,8,16.08.2024,"-28 027,66",[counterparty_hash:55d2a5f343],,Оплата поставщикам ,Выбытие
2024,8,16.08.2024,"-89 060,37",[counterparty_hash:81088c4e1c],,Оплата поставщикам ,Выбытие
2024,8,16.08.2024,"-109 631,80",[counterparty_hash:01761130fc],,Оплата поставщикам ,Выбытие
2024,8,16.08.2024,"-56 685,21",[counterparty_hash:c7da8c8c1f],,Оплата поставщикам ,Выбытие
2024,8,16.08.2024,"-30 267,33",[counterparty_hash:acffbdf399],,Оплата поставщикам ,Выбытие
2024,8,16.08.2024,"-4 568,40",[counterparty_hash:81088c4e1c],,Оплата поставщикам ,Выбытие
2024,8,16.08.2024,"-140 000,00",,,Выбытие — Перевод между счетами,
2024,8,16.08.2024,"870,00",[counterparty_hash:335b2a2e9a],,Поступление денег с торг. точек,Поступление
2024,8,16.08.2024,"129,00",[counterparty_hash:335b2a2e9a],,Поступление денег с торг. точек,Поступление
2024,8,16.08.2024,"-3,48",[counterparty_hash:a079b1ede6],,Эквайринг,Выбытие
2024,8,16.08.2024,"-0,52",[counterparty_hash:a079b1ede6],,Эквайринг,Выбытие
2024,8,16.08.2024,"13,00",[counterparty_hash:335b2a2e9a],,Поступление денег с торг. точек,Поступление
2024,8,16.08.2024,"-0,05",[counterparty_hash:a079b1ede6],,Эквайринг,Выбытие
2024,8,16.08.2024,"-5 000,00",,,Выбытие — Перевод между счетами,
2024,8,16.08.2024,"-16 292,00",[counterparty_hash:2a84eb0be0],,Содержание торговых точек,Выбытие
2024,8,16.08.2024,"320 000,00",,,Поступление — Перевод между счетами,
2024,8,16.08.2024,"1 689,00",[counterparty_hash:335b2a2e9a],,Поступление денег с торг. точек,Поступление
2024,8,16.08.2024,"-6,76",[counterparty_hash:a079b1ede6],,Эквайринг,Выбытие
2024,8,16.08.2024,"-348,00",[counterparty_hash:2a84eb0be0],,Оплата поставщикам ,Выбытие
2024,8,17.08.2024,"98 434,25",[counterparty_hash:335b2a2e9a],,Поступление денег с торг. точек,Поступление
2024,8,17.08.2024,"-1 476,72",[counterparty_hash:a079b1ede6],,Эквайринг,Выбытие
2024,8,16.08.2024,"-250,00",[counterparty_hash:2a84eb0be0],,Содержание торговых точек,Выбытие
2024,8,16.08.2024,"-4 618,80",[counterparty_hash:2a84eb0be0],,Оплата поставщикам ,Выбытие
2024,8,16.08.2024,"-389,97",[counterparty_hash:2a84eb0be0],,Оплата поставщикам ,Выбытие
2024,8,17.08.2024,"1 190,00",[counterparty_hash:335b2a2e9a],,Поступление денег с торг. точек,Поступление
2024,8,17.08.2024,"-4,76",[counterparty_hash:a079b1ede6],,Эквайринг,Выбытие
2024,8,17.08.2024,"914,00",[counterparty_hash:335b2a2e9a],,Поступление денег с торг. точек,Поступление
2024,8,17.08.2024,"-3,66",[counterparty_hash:a079b1ede6],,Эквайринг,Выбытие
2024,8,17.08.2024,"1 289,00",[counterparty_hash:335b2a2e9a],,Поступление денег с торг. точек,Поступление
2024,8,17.08.2024,"-5,16",[counterparty_hash:a079b1ede6],,Эквайринг,Выбытие
2024,8,17.08.2024,"835,00",[counterparty_hash:335b2a2e9a],,Поступление денег с торг. точек,Поступление
2024,8,17.08.2024,"-3,34",[counterparty_hash:a079b1ede6],,Эквайринг,Выбытие
2024,8,17.08.2024,"-2 466,92",[counterparty_hash:2a84eb0be0],,Расходы на питание персонала,Выбытие
2024,8,17.08.2024,"-3 935,55",[counterparty_hash:2a84eb0be0],,Оплата поставщикам ,Выбытие
2024,8,17.08.2024,"-1 134,45",[counterparty_hash:2a84eb0be0],,Содержание торговых точек,Выбытие
2024,8,17.08.2024,"-550,52",[counterparty_hash:2a84eb0be0],,Оплата поставщикам ,Выбытие
2024,8,18.08.2024,"103 281,70",[counterparty_hash:335b2a2e9a],,Поступление денег с торг. точек,Поступление
2024,8,18.08.2024,"-1 549,43",[counterparty_hash:a079b1ede6],,Эквайринг,Выбытие
2024,8,18.08.2024,"2 328,00",[counterparty_hash:335b2a2e9a],,Поступление денег с торг. точек,Поступление
2024,8,18.08.2024,"-9,31",[counterparty_hash:a079b1ede6],,Эквайринг,Выбытие
2024,8,18.08.2024,"-875,88",[counterparty_hash:2a84eb0be0],,Оплата поставщикам ,Выбытие
2024,8,18.08.2024,"-2 200,00",[counterparty_hash:2a84eb0be0],,Содержание торговых точек,Выбытие
2024,8,16.08.2024,"25 797,74",[counterparty_hash:335b2a2e9a],,Поступление денег с торг. точек,Поступление
2024,8,16.08.2024,"-47,45",[counterparty_hash:a079b1ede6],,Эквайринг,Выбытие
2024,8,16.08.2024,"-200 000,00",,,Выбытие — Перевод между счетами,
2024,8,16.08.2024,"-320 000,00",,,Выбытие — Перевод между счетами,
2024,8,17.08.2024,"30 205,77",[counterparty_hash:335b2a2e9a],,Поступление денег с торг. точек,Поступление
2024,8,17.08.2024,"-46,86",[counterparty_hash:a079b1ede6],,Эквайринг,Выбытие
2024,8,18.08.2024,"28 004,07",[counterparty_hash:335b2a2e9a],,Поступление денег с торг. точек,Поступление
2024,8,18.08.2024,"-47,70",[counterparty_hash:a079b1ede6],,Эквайринг,Выбытие
2024,8,19.08.2024,"20 250,00",,,Поступление — Перевод между счетами,
2024,8,19.08.2024,"-15 869,00",[counterparty_hash:856bc7fd96],,Зарплата производственного персонала,Выбытие
2024,8,20.08.2024,"-1 409,00",[counterparty_hash:335b2a2e9a],,Возвраты клиентам,Выбытие
2024,8,19.08.2024,"-5 722,00",[counterparty_hash:2a84eb0be0],,Оплата поставщикам ,Выбытие
2024,8,19.08.2024,"-20 250,00",,,Выбытие — Перевод между счетами,
2024,8,19.08.2024,"-10 660,00",[counterparty_hash:856bc7fd96],,Курьерская служба -,Выбытие
2024,8,19.08.2024,"12 944,00",[counterparty_hash:335b2a2e9a],,Поступление денег с торг. точек,Поступление
2024,8,19.08.2024,"17 711,93",[counterparty_hash:335b2a2e9a],,Поступление денег с торг. точек,Поступление
2024,8,19.08.2024,"-15,56",[counterparty_hash:a079b1ede6],,Эквайринг,Выбытие
2024,8,19.08.2024,"82 741,00",[counterparty_hash:335b2a2e9a],,Поступление денег с торг. точек,Поступление
2024,8,19.08.2024,"-1 241,33",[counterparty_hash:a079b1ede6],,Эквайринг,Выбытие
2024,8,19.08.2024,"1 539,00",[counterparty_hash:335b2a2e9a],,Поступление денег с торг. точек,Поступление
2024,8,19.08.2024,"-6,16",[counterparty_hash:a079b1ede6],,Эквайринг,Выбытие
2024,8,19.08.2024,"895,00",[counterparty_hash:335b2a2e9a],,Поступление денег с торг. точек,Поступление
2024,8,19.08.2024,"-3,58",[counterparty_hash:a079b1ede6],,Эквайринг,Выбытие
2024,8,19.08.2024,"-3 682,89",[counterparty_hash:2a84eb0be0],,Оплата поставщикам ,Выбытие
2024,8,19.08.2024,"-8,99",[counterparty_hash:2a84eb0be0],,Содержание торговых точек,Выбытие
2024,8,19.08.2024,"-152,98",[counterparty_hash:2a84eb0be0],,Расходы на питание персонала,Выбытие
2024,8,20.08.2024,"156 492,00",,,Поступление — Перевод между счетами,
2024,8,20.08.2024,"-21 400,00",[counterparty_hash:7518be4ba8],[private_purpose_hash:1a63910456],Содержание торговых точек,Выбытие
2024,8,20.08.2024,"-2 500,00",[counterparty_hash:7d88c914c2],,Аренда торговых точек,Выбытие
2024,8,20.08.2024,"-132 591,00",[counterparty_hash:856bc7fd96],,Зарплата производственного персонала,Выбытие
2024,8,20.08.2024,"-7 680,00",[counterparty_hash:856bc7fd96],,Курьерская служба -,Выбытие
2024,8,20.08.2024,"10 295,00",[counterparty_hash:335b2a2e9a],,Поступление денег с торг. точек,Поступление
2024,8,20.08.2024,"95 179,80",[counterparty_hash:335b2a2e9a],,Поступление денег с торг. точек,Поступление
2024,8,20.08.2024,"-1 427,85",[counterparty_hash:a079b1ede6],,Эквайринг,Выбытие
2024,8,20.08.2024,"-156 492,00",,,Выбытие — Перевод между счетами,
2024,8,20.08.2024,"670,00",[counterparty_hash:335b2a2e9a],,Поступление денег с торг. точек,Поступление
2024,8,20.08.2024,"-2,68",[counterparty_hash:a079b1ede6],,Эквайринг,Выбытие
2024,8,20.08.2024,"12 157,43",[counterparty_hash:335b2a2e9a],,Поступление денег с торг. точек,Поступление
2024,8,20.08.2024,"-5,60",[counterparty_hash:a079b1ede6],,Эквайринг,Выбытие
2024,8,15.08.2024,"-85,22",[counterparty_hash:a079b1ede6],,РКО,Выбытие
2024,8,15.08.2024,"75 245,00",,,Поступление — Перевод между счетами,
2024,8,15.08.2024,"-75 245,00",,,Выбытие — Перевод между счетами,
2024,8,16.08.2024,"140 000,00",,,Поступление — Перевод между счетами,
2024,8,16.08.2024,"5 000,00",,,Поступление — Перевод между счетами,
2024,8,15.08.2024,,,,,
2024,8,16.08.2024,"-145 000,00",[counterparty_hash:a079b1ede6],,Оплаты по кредитам и займам,Выбытие
2024,8,20.08.2024,"156 492,00",,,Поступление — Перевод между счетами,
2024,8,20.08.2024,"-156 492,00",,,Выбытие — Перевод между счетами,
2024,8,20.08.2024,"-828,00",,,Выбытие — Перевод между счетами,
2024,8,20.08.2024,"828,00",,,Поступление — Перевод между счетами,
2024,8,21.08.2024,"5 000,00",[counterparty_hash:856bc7fd96],[private_purpose_hash:8f0a62a265],Курьерская служба +,Поступление
2024,8,21.08.2024,"-5 000,00",[counterparty_hash:856bc7fd96],[private_purpose_hash:a37e4b65df],Курьерская служба -,Выбытие
2024,8,21.08.2024,"7 689,21",[counterparty_hash:335b2a2e9a],,Поступление денег с торг. точек,Поступление
2024,8,21.08.2024,"-9,39",[counterparty_hash:a079b1ede6],,Эквайринг,Выбытие
2024,8,22.08.2024,"27 008,24",[counterparty_hash:335b2a2e9a],,Поступление денег с торг. точек,Поступление
2024,8,22.08.2024,"-38,26",[counterparty_hash:a079b1ede6],,Эквайринг,Выбытие
2024,8,23.08.2024,"25 803,61",[counterparty_hash:335b2a2e9a],,Поступление денег с торг. точек,Поступление
2024,8,23.08.2024,"-32,78",[counterparty_hash:a079b1ede6],,Эквайринг,Выбытие
2024,8,24.08.2024,"42 608,48",[counterparty_hash:335b2a2e9a],,Поступление денег с торг. точек,Поступление
2024,8,24.08.2024,"-53,08",[counterparty_hash:a079b1ede6],,Эквайринг,Выбытие
2024,8,25.08.2024,"30 339,18",[counterparty_hash:335b2a2e9a],,Поступление денег с торг. точек,Поступление
2024,8,25.08.2024,"-45,70",[counterparty_hash:a079b1ede6],,Эквайринг,Выбытие
2024,8,22.08.2024,"-400,00",[counterparty_hash:7518be4ba8],[private_purpose_hash:b63f611d07],Прочие маркетинговые услуги,Выбытие
2024,8,20.08.2024,"-1 800,00",[counterparty_hash:e0e7137bcf],,Оплата поставщикам ,Выбытие
2024,8,20.08.2024,"-1 500,00",[counterparty_hash:7518be4ba8],[private_purpose_hash:9d16e4b097],Содержание торговых точек,Выбытие
2024,8,21.08.2024,"-9 940,00",[counterparty_hash:856bc7fd96],,Курьерская служба -,Выбытие
2024,8,21.08.2024,"22 133,05",[counterparty_hash:335b2a2e9a],,Поступление денег с торг. точек,Поступление
2024,8,21.08.2024,"-6 319,00",[counterparty_hash:2a84eb0be0],,Оплата поставщикам ,Выбытие
2024,8,22.08.2024,"-2 000,00",[counterparty_hash:7518be4ba8],[private_purpose_hash:a43c08673a],Транспортные услуги,Выбытие
2024,8,22.08.2024,"-8 900,00",[counterparty_hash:856bc7fd96],,Курьерская служба -,Выбытие
2024,8,22.08.2024,"7 601,00",[counterparty_hash:335b2a2e9a],,Поступление денег с торг. точек,Поступление
2024,8,23.08.2024,"-900,00",[counterparty_hash:e0e7137bcf],,Оплата поставщикам ,Выбытие
2024,8,23.08.2024,"-6 585,00",[counterparty_hash:2a84eb0be0],,Оплата поставщикам ,Выбытие
2024,8,23.08.2024,"-7 940,00",[counterparty_hash:856bc7fd96],,Курьерская служба -,Выбытие
2024,8,23.08.2024,"11 534,95",[counterparty_hash:335b2a2e9a],,Поступление денег с торг. точек,Поступление
2024,8,24.08.2024,"-1 800,00",[counterparty_hash:e0e7137bcf],,Оплата поставщикам ,Выбытие
2024,8,24.08.2024,"-18 600,00",[counterparty_hash:856bc7fd96],,Курьерская служба -,Выбытие
2024,8,24.08.2024,"19 734,60",[counterparty_hash:335b2a2e9a],,Поступление денег с торг. точек,Поступление
2024,8,25.08.2024,"-11 340,00",[counterparty_hash:856bc7fd96],,Курьерская служба -,Выбытие
2024,8,25.08.2024,"8 491,00",[counterparty_hash:335b2a2e9a],,Поступление денег с торг. точек,Поступление
2024,8,21.08.2024,"73 318,00",[counterparty_hash:335b2a2e9a],,Поступление денег с торг. точек,Поступление
2024,8,21.08.2024,"-1 099,88",[counterparty_hash:a079b1ede6],,Эквайринг,Выбытие
2024,8,21.08.2024,"1 159,00",[counterparty_hash:335b2a2e9a],,Поступление денег с торг. точек,Поступление
2024,8,21.08.2024,"-4,64",[counterparty_hash:a079b1ede6],,Эквайринг,Выбытие
2024,8,21.08.2024,"441,00",[counterparty_hash:335b2a2e9a],,Поступление денег с торг. точек,Поступление
2024,8,21.08.2024,"-1,76",[counterparty_hash:a079b1ede6],,Эквайринг,Выбытие
2024,8,21.08.2024,"-6 832,92",[counterparty_hash:2a84eb0be0],,Оплата поставщикам ,Выбытие
2024,8,21.08.2024,"-1 456,95",[counterparty_hash:2a84eb0be0],,Расходы на питание персонала,Выбытие
2024,8,21.08.2024,"-449,94",[counterparty_hash:2a84eb0be0],,Содержание торговых точек,Выбытие
2024,8,22.08.2024,"81 020,45",[counterparty_hash:335b2a2e9a],,Поступление денег с торг. точек,Поступление
2024,8,22.08.2024,"-1 215,47",[counterparty_hash:a079b1ede6],,Эквайринг,Выбытие
2024,8,22.08.2024,"320,00",[counterparty_hash:335b2a2e9a],,Поступление денег с торг. точек,Поступление
2024,8,22.08.2024,"-1,28",[counterparty_hash:a079b1ede6],,Эквайринг,Выбытие
2024,8,22.08.2024,"620,00",[counterparty_hash:335b2a2e9a],,Поступление денег с торг. точек,Поступление
2024,8,22.08.2024,"-2,48",[counterparty_hash:a079b1ede6],,Эквайринг,Выбытие
2024,8,23.08.2024,"-1 990,00",[counterparty_hash:a079b1ede6],,РКО,Выбытие
2024,8,23.08.2024,"-99,00",[counterparty_hash:a079b1ede6],,РКО,Выбытие
2024,8,23.08.2024,"-990,00",[counterparty_hash:a079b1ede6],,РКО,Выбытие
2024,8,23.08.2024,"70 542,50",[counterparty_hash:335b2a2e9a],,Поступление денег с торг. точек,Поступление
2024,8,23.08.2024,"-1 058,29",[counterparty_hash:a079b1ede6],,Эквайринг,Выбытие
2024,8,23.08.2024,"560,00",[counterparty_hash:335b2a2e9a],,Поступление денег с торг. точек,Поступление
2024,8,23.08.2024,"-2,24",[counterparty_hash:a079b1ede6],,Эквайринг,Выбытие
2024,8,23.08.2024,"-13 000,00",,,Выбытие — Перевод между счетами,
2024,8,23.08.2024,"-89,45",[counterparty_hash:3cab83ecee],,Налоги с з/п,Выбытие
2024,8,23.08.2024,"-25 651,90",[counterparty_hash:3cab83ecee],,Налоги с з/п,Выбытие
2024,8,23.08.2024,"-36 569,16",[counterparty_hash:4b0e39f45b],,Оплата поставщикам ,Выбытие
2024,8,23.08.2024,"-34 646,26",[counterparty_hash:55d2a5f343],,Оплата поставщикам ,Выбытие
2024,8,23.08.2024,"-7 500,00",[counterparty_hash:e628158a74],,Оплаты систем автоматизации,Выбытие
2024,8,23.08.2024,"-12 885,00",[counterparty_hash:e1cb4e2da2],,Оплаты систем автоматизации,Выбытие
2024,8,23.08.2024,"-877,60",[counterparty_hash:10ad09b2bf],,Оплата поставщикам ,Выбытие
2024,8,23.08.2024,"-115 814,00",[counterparty_hash:01761130fc],,Оплата поставщикам ,Выбытие
2024,8,23.08.2024,"-54 188,33",[counterparty_hash:c7da8c8c1f],,Оплата поставщикам ,Выбытие
2024,8,23.08.2024,"-96 224,85",[counterparty_hash:81088c4e1c],,Оплата поставщикам ,Выбытие
2024,8,23.08.2024,"-4 284,90",[counterparty_hash:81088c4e1c],,Оплата поставщикам ,Выбытие
2024,8,23.08.2024,"-19 252,52",[counterparty_hash:acffbdf399],,Оплата поставщикам ,Выбытие
2024,8,23.08.2024,"250,00",[counterparty_hash:335b2a2e9a],,Поступление денег с торг. точек,Поступление
2024,8,23.08.2024,"-1,00",[counterparty_hash:a079b1ede6],,Эквайринг,Выбытие
2024,8,23.08.2024,"-543,94",[counterparty_hash:2a84eb0be0],,Расходы на питание персонала,Выбытие
2024,8,23.08.2024,"-17,98",[counterparty_hash:2a84eb0be0],,Содержание торговых точек,Выбытие
2024,8,23.08.2024,"-3 982,16",[counterparty_hash:2a84eb0be0],,Оплата поставщикам ,Выбытие
2024,8,24.08.2024,"112 158,00",[counterparty_hash:335b2a2e9a],,Поступление денег с торг. точек,Поступление
2024,8,24.08.2024,"-1 682,53",[counterparty_hash:a079b1ede6],,Эквайринг,Выбытие
2024,8,24.08.2024,"-5 000,00",[counterparty_hash:810942d5fa],,Телекоммуникации,Выбытие
2024,8,24.08.2024,"1 998,00",[counterparty_hash:335b2a2e9a],,Поступление денег с торг. точек,Поступление
2024,8,24.08.2024,"560,00",[counterparty_hash:335b2a2e9a],,Поступление денег с торг. точек,Поступление
2024,8,24.08.2024,"-7,99",[counterparty_hash:a079b1ede6],,Эквайринг,Выбытие
2024,8,24.08.2024,"-2,24",[counterparty_hash:a079b1ede6],,Эквайринг,Выбытие
2024,8,24.08.2024,"510,00",[counterparty_hash:335b2a2e9a],,Поступление денег с торг. точек,Поступление
2024,8,24.08.2024,"-2,04",[counterparty_hash:a079b1ede6],,Эквайринг,Выбытие
2024,8,24.08.2024,"-710,00",[counterparty_hash:2a84eb0be0],,Оплата поставщикам ,Выбытие
2024,8,25.08.2024,"116 374,00",[counterparty_hash:335b2a2e9a],,Поступление денег с торг. точек,Поступление
2024,8,25.08.2024,"-1 745,81",[counterparty_hash:a079b1ede6],,Эквайринг,Выбытие
2024,8,25.08.2024,"-101 270,00",[counterparty_hash:48d0f61ee3],,Аренда торговых точек,Выбытие
2024,8,25.08.2024,"1 121,00",[counterparty_hash:335b2a2e9a],,Поступление денег с торг. точек,Поступление
2024,8,25.08.2024,"-4,48",[counterparty_hash:a079b1ede6],,Эквайринг,Выбытие
2024,8,25.08.2024,"825,00",[counterparty_hash:335b2a2e9a],,Поступление денег с торг. точек,Поступление
2024,8,25.08.2024,"-3,30",[counterparty_hash:a079b1ede6],,Эквайринг,Выбытие
2024,8,25.08.2024,"-122,09",[counterparty_hash:2a84eb0be0],,Оплата поставщикам ,Выбытие
2024,8,25.08.2024,"-1 929,92",[counterparty_hash:2a84eb0be0],,Содержание торговых точек,Выбытие
2024,8,25.08.2024,"-5 821,52",[counterparty_hash:2a84eb0be0],,Оплата поставщикам ,Выбытие
2024,8,25.08.2024,"-2 637,60",[counterparty_hash:2a84eb0be0],,Расходы на питание персонала,Выбытие
2024,8,25.08.2024,"-477,00",[counterparty_hash:10ad09b2bf],,Оплата поставщикам ,Выбытие
2024,8,26.08.2024,"-1 665,00",[counterparty_hash:335b2a2e9a],,Возвраты клиентам,Выбытие
2024,8,26.08.2024,"500,00",[counterparty_hash:856bc7fd96],,Курьерская служба +,Поступление
2024,8,27.08.2024,"164 658,00",,,Поступление — Перевод между счетами,
2024,8,27.08.2024,"-152 404,00",[counterparty_hash:856bc7fd96],,Зарплата производственного персонала,Выбытие
2024,8,27.08.2024,"-7 736,00",[counterparty_hash:1340ea64e9],,Оплата поставщикам ,Выбытие
2024,8,21.08.2024,"-1 501,21",[counterparty_hash:a079b1ede6],,РКО,Выбытие
2024,8,23.08.2024,"-125,75",[counterparty_hash:a079b1ede6],,РКО,Выбытие
2024,8,23.08.2024,"13 000,00",,,Поступление — Перевод между счетами,
2024,8,23.08.2024,"-12 000,00",[counterparty_hash:856bc7fd96],[private_purpose_hash:a3cd717336],Зарплата административного персонала,Выбытие
2024,8,26.08.2024,"43 000,00",,,Поступление — Перевод между счетами,
2024,8,26.08.2024,"-43 000,00",[counterparty_hash:913fe52b19],,Зарплата административного персонала,Выбытие
2024,8,26.08.2024,"17 029,75",[counterparty_hash:335b2a2e9a],,Поступление денег с торг. точек,Поступление
2024,8,26.08.2024,"-7,17",[counterparty_hash:a079b1ede6],,Эквайринг,Выбытие
2024,8,27.08.2024,"17 990,85",[counterparty_hash:335b2a2e9a],,Поступление денег с торг. точек,Поступление
2024,8,27.08.2024,"-9,05",[counterparty_hash:a079b1ede6],,Эквайринг,Выбытие
2024,8,27.08.2024,"-265 700,00",,,Выбытие — Перевод между счетами,
2024,8,26.08.2024,"-9 000,00",[counterparty_hash:856bc7fd96],,Курьерская служба -,Выбытие
2024,8,26.08.2024,"19 949,00",[counterparty_hash:335b2a2e9a],,Поступление денег с торг. точек,Поступление
2024,8,27.08.2024,"-8 860,00",[counterparty_hash:856bc7fd96],,Курьерская служба -,Выбытие
2024,8,27.08.2024,"15 707,40",[counterparty_hash:335b2a2e9a],,Поступление денег с торг. точек,Поступление
2024,8,27.08.2024,"-5 702,00",[counterparty_hash:2a84eb0be0],,Оплата поставщикам ,Выбытие
2024,8,27.08.2024,"-4 891,00",[counterparty_hash:2a84eb0be0],,Оплата поставщикам ,Выбытие
2024,8,26.08.2024,"113 759,45",[counterparty_hash:335b2a2e9a],,Поступление денег с торг. точек,Поступление
2024,8,26.08.2024,"-1 706,61",[counterparty_hash:a079b1ede6],,Эквайринг,Выбытие
2024,8,26.08.2024,"1 200,00",[counterparty_hash:335b2a2e9a],,Поступление денег с торг. точек,Поступление
2024,8,26.08.2024,"-4,80",[counterparty_hash:a079b1ede6],,Эквайринг,Выбытие
2024,8,26.08.2024,"-395,00",[counterparty_hash:2a84eb0be0],,Содержание торговых точек,Выбытие
2024,8,26.08.2024,"-43 000,00",,,Выбытие — Перевод между счетами,
2024,8,26.08.2024,"1 094,00",[counterparty_hash:335b2a2e9a],,Поступление денег с торг. точек,Поступление
2024,8,26.08.2024,"-4,38",[counterparty_hash:a079b1ede6],,Эквайринг,Выбытие
2024,8,27.08.2024,"69 729,00",[counterparty_hash:335b2a2e9a],,Поступление денег с торг. точек,Поступление
2024,8,27.08.2024,"-1 046,11",[counterparty_hash:a079b1ede6],,Эквайринг,Выбытие
2024,8,27.08.2024,"-7 000,00",[counterparty_hash:3b5286b1f7],,Комиссия агрегатору,Выбытие
2024,8,27.08.2024,"-71 600,00",[counterparty_hash:e65c4e3c87],,Оплата поставщикам ,Выбытие
2024,8,27.08.2024,"-156 922,00",,,Выбытие — Перевод между счетами,
2024,8,27.08.2024,"-7 736,00",,,Выбытие — Перевод между счетами,
2024,8,27.08.2024,"265 700,00",,,Поступление — Перевод между счетами,
2024,8,27.08.2024,"2 342,00",[counterparty_hash:335b2a2e9a],,Поступление денег с торг. точек,Поступление
2024,8,27.08.2024,"-9,37",[counterparty_hash:a079b1ede6],,Эквайринг,Выбытие
2024,8,27.08.2024,"1 039,00",[counterparty_hash:335b2a2e9a],,Поступление денег с торг. точек,Поступление
2024,8,27.08.2024,"-4,16",[counterparty_hash:a079b1ede6],,Эквайринг,Выбытие
2024,8,27.08.2024,"1 541,00",[counterparty_hash:335b2a2e9a],,Поступление денег с торг. точек,Поступление
2024,8,27.08.2024,"-6,16",[counterparty_hash:a079b1ede6],,Эквайринг,Выбытие
2024,8,27.08.2024,"2 429,00",[counterparty_hash:335b2a2e9a],,Поступление денег с торг. точек,Поступление
2024,8,27.08.2024,"-9,72",[counterparty_hash:a079b1ede6],,Эквайринг,Выбытие
2024,8,27.08.2024,"-7 979,97",[counterparty_hash:2a84eb0be0],,Содержание торговых точек,Выбытие
2024,8,27.08.2024,"-416,54",[counterparty_hash:2a84eb0be0],,Расходы на питание персонала,Выбытие
2024,8,27.08.2024,"-4 290,03",[counterparty_hash:2a84eb0be0],,Оплата поставщикам ,Выбытие
2024,8,28.08.2024,"78 684,00",[counterparty_hash:335b2a2e9a],,Поступление денег с торг. точек,Поступление
2024,8,28.08.2024,"-1 180,39",[counterparty_hash:a079b1ede6],,Эквайринг,Выбытие
2024,8,28.08.2024,"-3 040,00",[counterparty_hash:2a84eb0be0],,Содержание торговых точек,Выбытие
2024,8,28.08.2024,"-479,92",[counterparty_hash:2a84eb0be0],,Оплата поставщикам ,Выбытие
2024,8,28.08.2024,"-28 000,00",[counterparty_hash:5825737bc2],,Прочие маркетинговые услуги,Выбытие
2024,8,28.08.2024,"-60 000,00",[counterparty_hash:2d609b655e],,Контекстная реклама,Выбытие
2024,8,28.08.2024,"-10 000,00",[counterparty_hash:6279bcc436],,SEO-оптимизация,Выбытие
2024,8,28.08.2024,"-2 000,00",[counterparty_hash:88250f9fc8],[private_purpose_hash:d49eef5e03],Телекоммуникации,Выбытие
2024,8,28.08.2024,"-3 171,00",[counterparty_hash:2a84eb0be0],,Содержание торговых точек,Выбытие
2024,8,28.08.2024,"-3 199,00",[counterparty_hash:2a84eb0be0],,Содержание торговых точек,Выбытие
2024,8,28.08.2024,"11 137,43",[counterparty_hash:335b2a2e9a],,Поступление денег с торг. точек,Поступление
2024,8,28.08.2024,"-12,80",[counterparty_hash:a079b1ede6],,Эквайринг,Выбытие
2024,8,28.08.2024,"20 162,00",[counterparty_hash:335b2a2e9a],,Поступление денег с торг. точек,Поступление
2024,8,28.08.2024,"-9 440,00",[counterparty_hash:856bc7fd96],,Курьерская служба -,Выбытие
2024,8,29.08.2024,"-1 500,00",[counterparty_hash:7518be4ba8],[private_purpose_hash:3d7faed55a],Содержание торговых точек,Выбытие
2024,8,29.08.2024,"-4 331,00",[counterparty_hash:2a84eb0be0],,Оплата поставщикам ,Выбытие
2024,8,29.08.2024,"-1 800,00",[counterparty_hash:e0e7137bcf],,Оплата поставщикам ,Выбытие
2024,8,29.08.2024,"-11 220,00",[counterparty_hash:856bc7fd96],,Курьерская служба -,Выбытие
2024,8,29.08.2024,"16 452,00",[counterparty_hash:335b2a2e9a],,Поступление денег с торг. точек,Поступление
2024,8,29.08.2024,"-1 000,00",[counterparty_hash:b2b25bc0ee],,Поиск и найм персонала,Выбытие
2024,8,29.08.2024,"1 000,00",[counterparty_hash:7518be4ba8],[private_purpose_hash:3f689c75a6],Прочие поступления,Поступление
2024,8,29.08.2024,"18 556,02",[counterparty_hash:335b2a2e9a],,Поступление денег с торг. точек,Поступление
2024,8,29.08.2024,"-20,26",[counterparty_hash:a079b1ede6],,Эквайринг,Выбытие
2024,8,29.08.2024,"-100 000,00",,,Выбытие — Перевод между счетами,
2024,8,29.08.2024,"84 978,50",[counterparty_hash:335b2a2e9a],,Поступление денег с торг. точек,Поступление
2024,8,29.08.2024,"-1 274,85",[counterparty_hash:a079b1ede6],,Эквайринг,Выбытие
2024,8,29.08.2024,"290,00",[counterparty_hash:335b2a2e9a],,Поступление денег с торг. точек,Поступление
2024,8,29.08.2024,"-1,16",[counterparty_hash:a079b1ede6],,Эквайринг,Выбытие
2024,8,29.08.2024,"670,00",[counterparty_hash:335b2a2e9a],,Поступление денег с торг. точек,Поступление
2024,8,29.08.2024,"-2,68",[counterparty_hash:a079b1ede6],,Эквайринг,Выбытие
2024,8,29.08.2024,"-1 277,96",[counterparty_hash:2a84eb0be0],,Содержание торговых точек,Выбытие
2024,8,29.08.2024,"-5 419,06",[counterparty_hash:2a84eb0be0],,Оплата поставщикам ,Выбытие
2024,8,29.08.2024,"-1 758,68",[counterparty_hash:2a84eb0be0],,Расходы на питание персонала,Выбытие
,,30.08.2024,"-900,00",[counterparty_hash:7518be4ba8],,Содержание торговых точек,
,,30.08.2024,"-11 720,00",[counterparty_hash:856bc7fd96],,Курьерская служба -,
,,30.08.2024,"7 927,00",[counterparty_hash:335b2a2e9a],,Поступление денег с торг. точек,
,,30.08.2024,"-7 000,00",[counterparty_hash:856bc7fd96],,Содержание торговых точек,
,,30.08.2024,"-7 543,00",[counterparty_hash:1340ea64e9],,Оплата поставщикам ,
,,31.08.2024,"-500,00",[counterparty_hash:7518be4ba8],[private_purpose_hash:3e2604c17d],Содержание торговых точек,
,,31.08.2024,"-16 120,00",[counterparty_hash:856bc7fd96],,Курьерская служба -,
,,31.08.2024,"16 245,00",[counterparty_hash:335b2a2e9a],,Поступление денег с торг. точек,
,,01.09.2024,"-5 400,00",[counterparty_hash:e0e7137bcf],,Оплата поставщикам ,
,,01.09.2024,"-12 640,00",[counterparty_hash:856bc7fd96],,Курьерская служба -,
,,01.09.2024,"24 944,00",[counterparty_hash:335b2a2e9a],,Поступление денег с торг. точек,
,,30.08.2024,"20 904,63",[counterparty_hash:335b2a2e9a],,Поступление денег с торг. точек,
,,30.08.2024,"-20,94",[counterparty_hash:a079b1ede6],,Эквайринг,
,,31.08.2024,"31 685,74",[counterparty_hash:335b2a2e9a],,Поступление денег с торг. точек,
,,31.08.2024,"-22,61",[counterparty_hash:a079b1ede6],,Эквайринг,
,,01.09.2024,"24 025,48",[counterparty_hash:335b2a2e9a],,Поступление денег с торг. точек,
,,01.09.2024,"-16,08",[counterparty_hash:a079b1ede6],,Эквайринг,
,,30.08.2024,"82 291,00",[counterparty_hash:335b2a2e9a],,Поступление денег с торг. точек,
,,30.08.2024,"-1 234,50",[counterparty_hash:a079b1ede6],,Эквайринг,
,,30.08.2024,"173,00",[counterparty_hash:335b2a2e9a],,Поступление денег с торг. точек,
,,30.08.2024,"-0,69",[counterparty_hash:a079b1ede6],,Эквайринг,
,,31.08.2024,"140 921,10",[counterparty_hash:335b2a2e9a],,Поступление денег с торг. точек,
,,31.08.2024,"-2 114,04",[counterparty_hash:a079b1ede6],,Эквайринг,
,,31.08.2024,"-10 601,92",[counterparty_hash:10ad09b2bf],,Оплата поставщикам ,
,,31.08.2024,"-93 094,80",[counterparty_hash:81088c4e1c],,Оплата поставщикам ,
,,31.08.2024,"-103 084,70",[counterparty_hash:01761130fc],,Оплата поставщикам ,
,,31.08.2024,"-39 972,00",[counterparty_hash:4b0e39f45b],,Оплата поставщикам ,
,,31.08.2024,"-28 290,11",[counterparty_hash:55d2a5f343],,Оплата поставщикам ,
,,31.08.2024,"-23 740,41",[counterparty_hash:acffbdf399],,Оплата поставщикам ,
,,31.08.2024,"-68 152,25",[counterparty_hash:c7da8c8c1f],,Оплата поставщикам ,
,,31.08.2024,"-3 000,00",[counterparty_hash:e1cb4e2da2],[private_purpose_hash:016c7f7ffd],Оплаты систем автоматизации,
,,31.08.2024,"-6 556,95",[counterparty_hash:81088c4e1c],,Оплата поставщикам ,
,,31.08.2024,"70,00",[counterparty_hash:335b2a2e9a],,Поступление денег с торг. точек,
,,31.08.2024,"-0,28",[counterparty_hash:a079b1ede6],,Эквайринг,
,,31.08.2024,"-12 157,16",[counterparty_hash:2a84eb0be0],,Оплата поставщикам ,
,,31.08.2024,"-1 249,78",[counterparty_hash:2a84eb0be0],,Содержание торговых точек,
,,31.08.2024,"-756,97",[counterparty_hash:2a84eb0be0],,Расходы на питание персонала,
,,01.09.2024,"137 719,00",[counterparty_hash:335b2a2e9a],,Поступление денег с торг. точек,
,,01.09.2024,"-2 066,07",[counterparty_hash:a079b1ede6],,Эквайринг,
,,01.09.2024,"-5 000,00",[counterparty_hash:810942d5fa],,Телекоммуникации,
,,01.09.2024,"1 926,00",[counterparty_hash:335b2a2e9a],,Поступление денег с торг. точек,
,,01.09.2024,"-7,70",[counterparty_hash:a079b1ede6],,Эквайринг,
,,01.09.2024,"-1 040,56",[counterparty_hash:2a84eb0be0],,Расходы на питание персонала,
,,01.09.2024,"-487,92",[counterparty_hash:2a84eb0be0],,Оплата поставщикам ,
,,29.08.2024,"100 000,00",,,Поступление — Перевод между счетами,
,,29.08.2024,"-100 000,00",[counterparty_hash:48d0f61ee3],,Аренда торговых точек,
,,29.08.2024,"-165,00",[counterparty_hash:a079b1ede6],,РКО,
,,02.09.2024,"28 915,41",[counterparty_hash:335b2a2e9a],,Поступление денег с торг. точек,
,,02.09.2024,"-49,12",[counterparty_hash:a079b1ede6],,Эквайринг,
,,03.09.2024,"27 450,15",[counterparty_hash:335b2a2e9a],,Поступление денег с торг. точек,
,,03.09.2024,"-27,16",[counterparty_hash:a079b1ede6],,Эквайринг,
,,02.09.2024,"129 362,00",[counterparty_hash:335b2a2e9a],,Поступление денег с торг. точек,
,,02.09.2024,"-1 940,68",[counterparty_hash:a079b1ede6],,Эквайринг,
,,02.09.2024,"1 462,00",[counterparty_hash:335b2a2e9a],,Поступление денег с торг. точек,
,,02.09.2024,"-5,85",[counterparty_hash:a079b1ede6],,Эквайринг,
,,02.09.2024,"-84 000,00",,,Выбытие — Перевод между счетами,
,,02.09.2024,"261,00",[counterparty_hash:335b2a2e9a],,Поступление денег с торг. точек,
,,02.09.2024,"-1,04",[counterparty_hash:a079b1ede6],,Эквайринг,
,,02.09.2024,"10,00",[counterparty_hash:335b2a2e9a],,Поступление денег с торг. точек,
,,02.09.2024,"-0,04",[counterparty_hash:a079b1ede6],,Эквайринг,
,,02.09.2024,"-18 000,00",,,Выбытие — Перевод между счетами,
,,02.09.2024,"1 374,00",[counterparty_hash:335b2a2e9a],,Поступление денег с торг. точек,
,,02.09.2024,"-5,50",[counterparty_hash:a079b1ede6],,Эквайринг,
,,02.09.2024,"630,00",[counterparty_hash:335b2a2e9a],,Поступление денег с торг. точек,
,,02.09.2024,"-2,52",[counterparty_hash:a079b1ede6],,Эквайринг,
,,02.09.2024,"636,00",[counterparty_hash:335b2a2e9a],,Поступление денег с торг. точек,
,,02.09.2024,"-2,54",[counterparty_hash:a079b1ede6],,Эквайринг,
,,02.09.2024,"-8,99",[counterparty_hash:2a84eb0be0],,Содержание торговых точек,
,,02.09.2024,"-2 021,82",[counterparty_hash:2a84eb0be0],,Оплата поставщикам ,
,,02.09.2024,"-929,97",[counterparty_hash:2a84eb0be0],,Расходы на питание персонала,
,,03.09.2024,"210 894,55",[counterparty_hash:335b2a2e9a],,Поступление денег с торг. точек,
,,03.09.2024,"-3 163,79",[counterparty_hash:a079b1ede6],,Эквайринг,
,,03.09.2024,"-57 578,00",,,Выбытие — Перевод между счетами,
,,03.09.2024,"-4 207,00",,,Выбытие — Перевод между счетами,
,,03.09.2024,"610,00",[counterparty_hash:335b2a2e9a],,Поступление денег с торг. точек,
,,03.09.2024,"-2,44",[counterparty_hash:a079b1ede6],,Эквайринг,
,,03.09.2024,"-5 336,00",[counterparty_hash:3cab83ecee],[private_purpose_hash:4f86ddea9d],Налоги,
,,03.09.2024,"-1 000,00",[counterparty_hash:b2d09b6565],,Аренда торговых точек,
,,03.09.2024,"-3 421,13",[counterparty_hash:9a7ac913a7],,Аренда торговых точек,
,,03.09.2024,"-4 000,00",[counterparty_hash:b2d09b6565],,Аренда торговых точек,
,,03.09.2024,"-2 640,00",[counterparty_hash:2c9dd7c496],,Телекоммуникации,
,,03.09.2024,"-98 782,00",[counterparty_hash:4e9e5a80a9],,Сайт и приложение,
,,03.09.2024,"-6 900,00",[counterparty_hash:e467eaefc4],,Оплаты систем автоматизации,
,,03.09.2024,"-4 000,00",[counterparty_hash:e467eaefc4],,Оплаты систем автоматизации,
,,03.09.2024,"-789,19",[counterparty_hash:9a7ac913a7],,Аренда торговых точек,
,,03.09.2024,"-959,97",[counterparty_hash:2a84eb0be0],,Расходы на питание персонала,
,,03.09.2024,"-179,97",[counterparty_hash:2a84eb0be0],,Содержание торговых точек,
,,02.09.2024,"-4 000,00",[counterparty_hash:48d0f61ee3],,Аренда склада,
,,02.09.2024,"-1 883,00",[counterparty_hash:b2b25bc0ee],,Поиск и найм персонала,
,,02.09.2024,"49 000,00",,,Поступление — Перевод между счетами,
,,02.09.2024,"-15 000,00",[counterparty_hash:856bc7fd96],,Зарплата административного персонала,
,,02.09.2024,"-24 000,00",[counterparty_hash:856bc7fd96],,Зарплата административного персонала,
,,03.09.2024,"-1 500,00",[counterparty_hash:7d88c914c2],,Аренда торговых точек,
,,03.09.2024,"-175 087,00",[counterparty_hash:856bc7fd96],,Зарплата производственного персонала,
,,03.09.2024,"10 000,00",,,Поступление — Перевод между счетами,
,,03.09.2024,"111 744,00",[counterparty_hash:8009e18a18],,Поступление денег с торг. точек,
,,03.09.2024,"61 785,00",,,Поступление — Перевод между счетами,
,,02.09.2024,"-19 150,00",[counterparty_hash:856bc7fd96],,Курьерская служба -,
,,02.09.2024,"49 261,50",[counterparty_hash:335b2a2e9a],,Поступление денег с торг. точек,
,,02.09.2024,"-1 875,00",[counterparty_hash:2a84eb0be0],,Оплата поставщикам ,
,,03.09.2024,"18 759,50",[counterparty_hash:335b2a2e9a],,Поступление денег с торг. точек,
,,03.09.2024,"-9 320,00",[counterparty_hash:856bc7fd96],,Курьерская служба -,
,,03.09.2024,"-10 000,00",,,Выбытие — Перевод между счетами,
,,02.09.2024,"-1 800,00",[counterparty_hash:e0e7137bcf],,Оплата поставщикам ,
,,04.09.2024,"-8 340,00",[counterparty_hash:856bc7fd96],,Курьерская служба -,
,,04.09.2024,"-3 467,00",[counterparty_hash:2a84eb0be0],,Оплата поставщикам ,
,,04.09.2024,"-13 517,00",[counterparty_hash:2a84eb0be0],,Оплата поставщикам ,
,,04.09.2024,"-189,00",[counterparty_hash:2a84eb0be0],,Оплата поставщикам ,
,,04.09.2024,"8 286,00",[counterparty_hash:335b2a2e9a],,Поступление денег с торг. точек,
,,05.09.2024,"-8 800,00",[counterparty_hash:856bc7fd96],,Курьерская служба -,
,,05.09.2024,"9 063,00",[counterparty_hash:335b2a2e9a],,Поступление денег с торг. точек,
,,05.09.2024,"-9 556,00",[counterparty_hash:1340ea64e9],,Оплата поставщикам ,
,,04.09.2024,"15 050,14",[counterparty_hash:335b2a2e9a],,Поступление денег с торг. точек,
,,04.09.2024,"-21,99",[counterparty_hash:a079b1ede6],,Эквайринг,
,,05.09.2024,"13 192,86",[counterparty_hash:335b2a2e9a],,Поступление денег с торг. точек,
,,05.09.2024,"-21,15",[counterparty_hash:a079b1ede6],,Эквайринг,
,,04.09.2024,"74 778,40",[counterparty_hash:335b2a2e9a],,Поступление денег с торг. точек,
,,04.09.2024,"-1 121,78",[counterparty_hash:a079b1ede6],,Эквайринг,
,,04.09.2024,"-60 000,00",,,Выбытие — Перевод между счетами,
,,04.09.2024,"-198,24",[counterparty_hash:10ad09b2bf],,Оплата поставщикам ,
,,04.09.2024,"-4 655,20",[counterparty_hash:2a84eb0be0],,Оплата поставщикам ,
,,04.09.2024,"-12,99",[counterparty_hash:2a84eb0be0],,Содержание торговых точек,
,,04.09.2024,"-409,99",[counterparty_hash:2a84eb0be0],,Расходы на питание персонала,
,,05.09.2024,"70 722,90",[counterparty_hash:335b2a2e9a],,Поступление денег с торг. точек,
,,05.09.2024,"-1 060,99",[counterparty_hash:a079b1ede6],,Эквайринг,
,,05.09.2024,"1 659,00",[counterparty_hash:335b2a2e9a],,Поступление денег с торг. точек,
,,05.09.2024,"-6,64",[counterparty_hash:a079b1ede6],,Эквайринг,
,,05.09.2024,"2 099,00",[counterparty_hash:335b2a2e9a],,Поступление денег с торг. точек,
,,05.09.2024,"-8,40",[counterparty_hash:a079b1ede6],,Эквайринг,
,,05.09.2024,"-861,53",[counterparty_hash:2a84eb0be0],,Оплата поставщикам ,
,,05.09.2024,"-8,99",[counterparty_hash:2a84eb0be0],,Содержание торговых точек,
,,05.09.2024,"-604,43",[counterparty_hash:2a84eb0be0],,Расходы на питание персонала,
,,02.09.2024,"84 000,00",,,Поступление — Перевод между счетами,
,,02.09.2024,"18 000,00",,,Поступление — Перевод между счетами,
,,02.09.2024,"-49 000,00",,,Выбытие — Перевод между счетами,
,,02.09.2024,"-35 000,00",[counterparty_hash:856bc7fd96],[private_purpose_hash:c79a5e852c],Зарплата административного персонала,
,,02.09.2024,"-17 749,75",[counterparty_hash:a079b1ede6],,Оплаты по кредитам и займам,
,,02.09.2024,"-709,25",[counterparty_hash:a079b1ede6],,Оплаты по кредитам и займам,
,,03.09.2024,"-61 785,00",,,Выбытие — Перевод между счетами,
,,03.09.2024,"4 207,00",,,Поступление — Перевод между счетами,
,,03.09.2024,"57 578,00",,,Поступление — Перевод между счетами,
,,04.09.2024,"60 000,00",,,Поступление — Перевод между счетами,
,,04.09.2024,"-20 000,00",[counterparty_hash:9d002889b3],,Зарплата административного персонала,
,,04.09.2024,"-40 000,00",[counterparty_hash:913fe52b19],,Зарплата административного персонала,
,,06.09.2024,"8 764,47",,[private_purpose_hash:632c53a9c3],Прочие поступления,
,,06.09.2024,"-1 390,00",[counterparty_hash:335b2a2e9a],,Возвраты клиентам,
,,06.09.2024,"-1 813,00",[counterparty_hash:b2b25bc0ee],,Поиск и найм персонала,
,,09.09.2024,"-4 783,68",[counterparty_hash:24d4f68d8f],,Оплата поставщикам ,
,,09.09.2024,"-4 212,00",[counterparty_hash:24d4f68d8f],,Оплата поставщикам ,
,,06.09.2024,"-4 742,00",[counterparty_hash:2a84eb0be0],,Оплата поставщикам ,
,,06.09.2024,"-186,00",[counterparty_hash:2a84eb0be0],,Расходы на питание персонала,
,,06.09.2024,"-11 560,00",[counterparty_hash:856bc7fd96],,Курьерская служба -,
,,06.09.2024,"28 727,00",[counterparty_hash:335b2a2e9a],,Поступление денег с торг. точек,
,,07.09.2024,"23 609,00",[counterparty_hash:335b2a2e9a],,Поступление денег с торг. точек,
,,07.09.2024,"-11 180,00",[counterparty_hash:856bc7fd96],,Курьерская служба -,
,,08.09.2024,"-2 748,00",[counterparty_hash:2a84eb0be0],,Оплата поставщикам ,
,,08.09.2024,"-10 560,00",[counterparty_hash:856bc7fd96],,Курьерская служба -,
,,08.09.2024,"30 376,35",[counterparty_hash:335b2a2e9a],,Поступление денег с торг. точек,
,,06.09.2024,"18 098,94",[counterparty_hash:335b2a2e9a],,Поступление денег с торг. точек,
,,06.09.2024,"-39,28",[counterparty_hash:a079b1ede6],,Эквайринг,
,,07.09.2024,"23 356,07",[counterparty_hash:335b2a2e9a],,Поступление денег с торг. точек,
,,07.09.2024,"-33,82",[counterparty_hash:a079b1ede6],,Эквайринг,
,,08.09.2024,"14 844,65",[counterparty_hash:335b2a2e9a],,Поступление денег с торг. точек,
,,08.09.2024,"-8,55",[counterparty_hash:a079b1ede6],,Эквайринг,
,,06.09.2024,"86 867,40",[counterparty_hash:335b2a2e9a],,Поступление денег с торг. точек,
,,06.09.2024,"-1 303,19",[counterparty_hash:a079b1ede6],,Эквайринг,
,,06.09.2024,"-7 524,00",[counterparty_hash:7518be4ba8],[private_purpose_hash:502769c83e],Расходы на персонал,
,,06.09.2024,"798,00",[counterparty_hash:335b2a2e9a],,Поступление денег с торг. точек,
,,06.09.2024,"-32 722,84",[counterparty_hash:55d2a5f343],,Оплата поставщикам ,
,,06.09.2024,"-114 125,10",[counterparty_hash:01761130fc],,Оплата поставщикам ,
,,06.09.2024,"-67 912,88",[counterparty_hash:4b0e39f45b],,Оплата поставщикам ,
,,06.09.2024,"-52 798,00",[counterparty_hash:48d0f61ee3],,Аренда торговых точек,
,,06.09.2024,"-38 012,24",[counterparty_hash:c7da8c8c1f],,Оплата поставщикам ,
,,06.09.2024,"-138 564,85",[counterparty_hash:81088c4e1c],,Оплата поставщикам ,
,,06.09.2024,"-13 237,18",[counterparty_hash:81088c4e1c],,Оплата поставщикам ,
,,06.09.2024,"-3 244,00",[counterparty_hash:64b5ca4d90],,Оплата поставщикам ,
,,06.09.2024,"-38 386,16",[counterparty_hash:acffbdf399],,Оплата поставщикам ,
,,06.09.2024,"-3,19",[counterparty_hash:a079b1ede6],,Эквайринг,
,,06.09.2024,"-8,99",[counterparty_hash:2a84eb0be0],,Содержание торговых точек,
,,06.09.2024,"-7 680,43",[counterparty_hash:2a84eb0be0],,Оплата поставщикам ,
,,06.09.2024,"-62,10",[counterparty_hash:10ad09b2bf],,Оплата поставщикам ,
,,07.09.2024,"86 955,50",[counterparty_hash:335b2a2e9a],,Поступление денег с торг. точек,
,,07.09.2024,"-1 304,51",[counterparty_hash:a079b1ede6],,Эквайринг,
,,07.09.2024,"1 230,00",[counterparty_hash:335b2a2e9a],,Поступление денег с торг. точек,
,,07.09.2024,"-4,92",[counterparty_hash:a079b1ede6],,Эквайринг,
,,07.09.2024,"-1 304,35",[counterparty_hash:2a84eb0be0],,Расходы на питание персонала,
,,07.09.2024,"-8,99",[counterparty_hash:2a84eb0be0],,Содержание торговых точек,
,,07.09.2024,"-54,70",[counterparty_hash:2a84eb0be0],,Оплата поставщикам ,
,,08.09.2024,"99 799,00",[counterparty_hash:335b2a2e9a],,Поступление денег с торг. точек,
,,08.09.2024,"-1 497,17",[counterparty_hash:a079b1ede6],,Эквайринг,
,,08.09.2024,"620,00",[counterparty_hash:335b2a2e9a],,Поступление денег с торг. точек,
,,08.09.2024,"-2,48",[counterparty_hash:a079b1ede6],,Эквайринг,
,,08.09.2024,"-1 069,96",[counterparty_hash:2a84eb0be0],,Расходы на питание персонала,
,,08.09.2024,"-2 264,98",[counterparty_hash:2a84eb0be0],,Оплата поставщикам ,
,,08.09.2024,"-703,94",[counterparty_hash:2a84eb0be0],,Содержание торговых точек,
,,09.09.2024,"16 039,77",[counterparty_hash:335b2a2e9a],,Поступление денег с торг. точек,
,,09.09.2024,"-22,78",[counterparty_hash:a079b1ede6],,Эквайринг,
,,10.09.2024,"9 549,31",[counterparty_hash:335b2a2e9a],,Поступление денег с торг. точек,
,,10.09.2024,"-299,00",[counterparty_hash:a079b1ede6],,РКО,
,,10.09.2024,"-16,42",[counterparty_hash:a079b1ede6],,Эквайринг,
,,10.09.2024,"101 383,00",,,Поступление — Перевод между счетами,
,,10.09.2024,"-145 908,00",[counterparty_hash:856bc7fd96],,Зарплата производственного персонала,
,,10.09.2024,"-2 097,00",[counterparty_hash:856bc7fd96],,Зарплата производственного персонала,
,,09.09.2024,"38 900,00",,,Поступление — Перевод между счетами,
,,09.09.2024,"-38 900,00",,,Выбытие — Перевод между счетами,
,,09.09.2024,"-1 000,00",[counterparty_hash:856bc7fd96],[private_purpose_hash:cd992b1cb2],Содержание торговых точек,
,,09.09.2024,"-6 970,00",[counterparty_hash:856bc7fd96],,Курьерская служба -,
,,09.09.2024,"9 208,00",[counterparty_hash:335b2a2e9a],,Поступление денег с торг. точек,
,,10.09.2024,"-10 530,00",[counterparty_hash:856bc7fd96],,Курьерская служба -,
,,10.09.2024,"20 420,00",[counterparty_hash:335b2a2e9a],,Поступление денег с торг. точек,
,,10.09.2024,"-2 400,00",[counterparty_hash:7518be4ba8],[private_purpose_hash:37a6fe0b0d],Содержание торговых точек,
,,10.09.2024,"-3 714,00",[counterparty_hash:2a84eb0be0],,Оплата поставщикам ,
,,10.09.2024,"-245,00",[counterparty_hash:2a84eb0be0],,Расходы на питание персонала,
,,09.09.2024,"77 355,20",[counterparty_hash:335b2a2e9a],,Поступление денег с торг. точек,
,,09.09.2024,"-1 160,48",[counterparty_hash:a079b1ede6],,Эквайринг,
,,09.09.2024,"-5 000,00",[counterparty_hash:810942d5fa],,Телекоммуникации,
,,09.09.2024,"-6,99",[counterparty_hash:2a84eb0be0],,Содержание торговых точек,
,,09.09.2024,"-684,93",[counterparty_hash:2a84eb0be0],,Расходы на питание персонала,
,,09.09.2024,"-41,99",[counterparty_hash:2a84eb0be0],,Оплата поставщикам ,
,,10.09.2024,"57 048,85",[counterparty_hash:335b2a2e9a],,Поступление денег с торг. точек,
,,10.09.2024,"-855,84",[counterparty_hash:a079b1ede6],,Эквайринг,
,,10.09.2024,"-101 383,00",,,Выбытие — Перевод между счетами,
,,10.09.2024,"-457,98",[counterparty_hash:2a84eb0be0],,Содержание торговых точек,
,,10.09.2024,"-1 029,91",[counterparty_hash:2a84eb0be0],,Оплата поставщикам ,
,,10.09.2024,"-832,60",[counterparty_hash:2a84eb0be0],,Расходы на питание персонала,
,,10.09.2024,"101 383,00",,,Поступление — Перевод между счетами,
,,10.09.2024,"-101 383,00",,,Выбытие — Перевод между счетами,
,,11.09.2024,"81 326,60",[counterparty_hash:335b2a2e9a],,Поступление денег с торг. точек,
,,11.09.2024,"-1 220,04",[counterparty_hash:a079b1ede6],,Эквайринг,
,,11.09.2024,"-102 000,00",,,Выбытие — Перевод между счетами,
,,11.09.2024,"-997,24",[counterparty_hash:2a84eb0be0],,Расходы на питание персонала,
,,11.09.2024,"369,00",[counterparty_hash:335b2a2e9a],,Поступление денег с торг. точек,
,,11.09.2024,"-1,48",[counterparty_hash:a079b1ede6],,Эквайринг,
,,11.09.2024,"-668,00",[counterparty_hash:2a84eb0be0],[private_purpose_hash:267b43b554],Содержание торговых точек,
,,11.09.2024,"-2 786,00",[counterparty_hash:2a84eb0be0],[private_purpose_hash:a47e0e6325],Содержание торговых точек,
,,11.09.2024,"20 179,23",[counterparty_hash:335b2a2e9a],,Поступление денег с торг. точек,
,,11.09.2024,"-16,57",[counterparty_hash:a079b1ede6],,Эквайринг,
,,11.09.2024,"-1 800,00",[counterparty_hash:e0e7137bcf],,Оплата поставщикам ,
,,11.09.2024,"-2 000,00",[counterparty_hash:7518be4ba8],[private_purpose_hash:174e1b61be],Содержание торговых точек,
,,11.09.2024,"-8 000,00",[counterparty_hash:856bc7fd96],,Курьерская служба -,
,,11.09.2024,"12 678,50",[counterparty_hash:335b2a2e9a],,Поступление денег с торг. точек,
,,12.09.2024,"-109,85",,,Корретировки кассы -,
,,12.09.2024,"-11 360,00",[counterparty_hash:856bc7fd96],,Курьерская служба -,
,,12.09.2024,"20 752,70",[counterparty_hash:335b2a2e9a],,Поступление денег с торг. точек,
,,12.09.2024,"-5 036,00",[counterparty_hash:2a84eb0be0],,Оплата поставщикам ,
,,13.09.2024,"-13 600,00",[counterparty_hash:856bc7fd96],,Курьерская служба -,
,,13.09.2024,"30 140,00",[counterparty_hash:335b2a2e9a],,Поступление денег с торг. точек,
,,14.09.2024,"-6 500,00",[counterparty_hash:856bc7fd96],,Содержание торговых точек,
,,14.09.2024,"-4 920,00",[counterparty_hash:2a84eb0be0],,Оплата поставщикам ,
,,14.09.2024,"-249,00",[counterparty_hash:2a84eb0be0],,Расходы на питание персонала,
,,14.09.2024,"-13 040,00",[counterparty_hash:856bc7fd96],,Курьерская служба -,
,,14.09.2024,"29 224,30",[counterparty_hash:335b2a2e9a],,Поступление денег с торг. точек,
,,15.09.2024,"-1 800,00",[counterparty_hash:e0e7137bcf],,Оплата поставщикам ,
,,15.09.2024,"-10 840,00",[counterparty_hash:856bc7fd96],,Курьерская служба -,
,,15.09.2024,"20 871,00",[counterparty_hash:335b2a2e9a],,Поступление денег с торг. точек,
,,12.09.2024,"-1 000,00",[counterparty_hash:b2b25bc0ee],,Поиск и найм персонала,
,,13.09.2024,"-198,00",[counterparty_hash:a079b1ede6],,РКО,
,,12.09.2024,"20 828,02",[counterparty_hash:335b2a2e9a],,Поступление денег с торг. точек,
,,12.09.2024,"-17,13",[counterparty_hash:a079b1ede6],,Эквайринг,
,,13.09.2024,"19 168,00",[counterparty_hash:335b2a2e9a],,Поступление денег с торг. точек,
,,13.09.2024,"-37,21",[counterparty_hash:a079b1ede6],,Эквайринг,
,,14.09.2024,"31 511,78",[counterparty_hash:335b2a2e9a],,Поступление денег с торг. точек,
,,14.09.2024,"-18,05",[counterparty_hash:a079b1ede6],,Эквайринг,
,,15.09.2024,"18 596,96",[counterparty_hash:335b2a2e9a],,Поступление денег с торг. точек,
,,15.09.2024,"-6,55",[counterparty_hash:a079b1ede6],,Эквайринг,
,,12.09.2024,"60 844,70",[counterparty_hash:335b2a2e9a],,Поступление денег с торг. точек,
,,12.09.2024,"-912,78",[counterparty_hash:a079b1ede6],,Эквайринг,
,,12.09.2024,"-2 841,71",[counterparty_hash:2a84eb0be0],,Оплата поставщикам ,
,,12.09.2024,"-1 173,48",[counterparty_hash:2a84eb0be0],,Расходы на питание персонала,
,,13.09.2024,"92 677,70",[counterparty_hash:335b2a2e9a],,Поступление денег с торг. точек,
,,13.09.2024,"-1 390,34",[counterparty_hash:a079b1ede6],,Эквайринг,
,,13.09.2024,"-8,99",[counterparty_hash:2a84eb0be0],,Содержание торговых точек,
,,13.09.2024,"-649,94",[counterparty_hash:2a84eb0be0],,Расходы на питание персонала,
,,14.09.2024,"117 142,75",[counterparty_hash:335b2a2e9a],,Поступление денег с торг. точек,
,,14.09.2024,"-1 757,33",[counterparty_hash:a079b1ede6],,Эквайринг,
,,14.09.2024,"-158 288,00",[counterparty_hash:01761130fc],,Оплата поставщикам ,
,,14.09.2024,"-6 031,00",[counterparty_hash:10ad09b2bf],,Оплата поставщикам ,
,,14.09.2024,"-29 947,14",[counterparty_hash:acffbdf399],,Оплата поставщикам ,
,,14.09.2024,"-4 388,85",[counterparty_hash:81088c4e1c],,Оплата поставщикам ,
,,14.09.2024,"1 502,00",[counterparty_hash:335b2a2e9a],,Поступление денег с торг. точек,
,,14.09.2024,"-6,01",[counterparty_hash:a079b1ede6],,Эквайринг,
,,14.09.2024,"1 548,00",[counterparty_hash:335b2a2e9a],,Поступление денег с торг. точек,
,,14.09.2024,"-6,19",[counterparty_hash:a079b1ede6],,Эквайринг,
,,14.09.2024,"-257,22",[counterparty_hash:2a84eb0be0],,Содержание торговых точек,
,,14.09.2024,"-5 512,95",[counterparty_hash:2a84eb0be0],,Оплата поставщикам ,
,,14.09.2024,"-4 923,79",[counterparty_hash:2a84eb0be0],,Расходы на питание персонала,
,,14.09.2024,"-1 556,00",[counterparty_hash:10ad09b2bf],,Оплата поставщикам ,
,,15.09.2024,"-59 262,99",[counterparty_hash:55d2a5f343],,Оплата поставщикам ,
,,15.09.2024,"-28 650,41",[counterparty_hash:c7da8c8c1f],,Оплата поставщикам ,
,,15.09.2024,"-76 201,07",[counterparty_hash:81088c4e1c],,Оплата поставщикам ,
,,15.09.2024,"-25 127,76",[counterparty_hash:4b0e39f45b],,Оплата поставщикам ,
,,15.09.2024,"138 248,20",[counterparty_hash:335b2a2e9a],,Поступление денег с торг. точек,
,,15.09.2024,"-2 073,95",[counterparty_hash:a079b1ede6],,Эквайринг,
,,15.09.2024,"399,00",[counterparty_hash:335b2a2e9a],,Поступление денег с торг. точек,
,,15.09.2024,"-1,60",[counterparty_hash:a079b1ede6],,Эквайринг,
,,15.09.2024,"629,00",[counterparty_hash:335b2a2e9a],,Поступление денег с торг. точек,
,,15.09.2024,"-2,52",[counterparty_hash:a079b1ede6],,Эквайринг,
,,15.09.2024,"-408,95",[counterparty_hash:2a84eb0be0],,Содержание торговых точек,
,,15.09.2024,"-877,45",[counterparty_hash:2a84eb0be0],,Расходы на питание персонала,
,,16.09.2024,"90 000,00",,,Поступление — Перевод между счетами,
,,16.09.2024,"-30 000,00",[counterparty_hash:856bc7fd96],,Зарплата административного персонала,
,,16.09.2024,"-30 000,00",[counterparty_hash:856bc7fd96],,Зарплата административного персонала,
,,16.09.2024,"-15 000,00",[counterparty_hash:856bc7fd96],,Зарплата административного персонала,
,,16.09.2024,"-15 000,00",[counterparty_hash:856bc7fd96],,Содержание торговых точек,
,,16.09.2024,"36 508,00",,,Поступление — Перевод между счетами,
,,17.09.2024,"121 720,00",,,Поступление — Перевод между счетами,
,,17.09.2024,"-157 106,00",[counterparty_hash:856bc7fd96],,Зарплата производственного персонала,
,,17.09.2024,"1 200,00",[counterparty_hash:7518be4ba8],[private_purpose_hash:3f689c75a6],Прочие поступления,
,,15.09.2024,"-1 679,86",[counterparty_hash:2a84eb0be0],,Оплата поставщикам ,
,,16.09.2024,"25 209,29",[counterparty_hash:335b2a2e9a],,Поступление денег с торг. точек,
,,16.09.2024,"-42,32",[counterparty_hash:a079b1ede6],,Эквайринг,
,,17.09.2024,"10 737,23",[counterparty_hash:335b2a2e9a],,Поступление денег с торг. точек,
,,17.09.2024,"-5,19",[counterparty_hash:a079b1ede6],,Эквайринг,
,,11.09.2024,"-250,25",[counterparty_hash:a079b1ede6],,РКО,
,,11.09.2024,"102 000,00",,,Поступление — Перевод между счетами,
,,11.09.2024,"-33 500,00",[counterparty_hash:9d002889b3],,Дивиденды,
,,11.09.2024,"-20 000,00",[counterparty_hash:913fe52b19],,Зарплата административного персонала,
,,11.09.2024,"-15 000,00",[counterparty_hash:7518be4ba8],[private_purpose_hash:cb8aff3e44],Прочие маркетинговые услуги,
,,11.09.2024,"-33 500,00",[counterparty_hash:913fe52b19],,Дивиденды,
,,16.09.2024,"-229,75",[counterparty_hash:a079b1ede6],,РКО,
,,16.09.2024,"-145 000,00",[counterparty_hash:a079b1ede6],,Оплаты по кредитам и займам,
,,16.09.2024,"-90 000,00",,,Выбытие — Перевод между счетами,
,,16.09.2024,"90 000,00",,,Поступление — Перевод между счетами,
,,16.09.2024,"150 000,00",,,Поступление — Перевод между счетами,
,,17.09.2024,"121 720,00",,,Поступление — Перевод между счетами,
,,17.09.2024,"-121 720,00",,,Выбытие — Перевод между счетами,
,,16.09.2024,"94 109,40",[counterparty_hash:335b2a2e9a],,Поступление денег с торг. точек,
,,16.09.2024,"-1 411,83",[counterparty_hash:a079b1ede6],,Эквайринг,
,,16.09.2024,"-150 000,00",,,Выбытие — Перевод между счетами,
,,16.09.2024,"1 176,00",[counterparty_hash:335b2a2e9a],,Поступление денег с торг. точек,
,,16.09.2024,"113,00",[counterparty_hash:335b2a2e9a],,Поступление денег с торг. точек,
,,16.09.2024,"-0,45",[counterparty_hash:a079b1ede6],,Эквайринг,
,,16.09.2024,"-90 000,00",,,Выбытие — Перевод между счетами,
,,16.09.2024,"-3 337,54",[counterparty_hash:2a84eb0be0],,Оплата поставщикам ,
,,16.09.2024,"-632,00",[counterparty_hash:2a84eb0be0],,Содержание торговых точек,
,,16.09.2024,"-2 039,64",[counterparty_hash:2a84eb0be0],,Расходы на питание персонала,
,,16.09.2024,"-62,10",[counterparty_hash:10ad09b2bf],,Оплата поставщикам ,
,,17.09.2024,"91 717,00",[counterparty_hash:335b2a2e9a],,Поступление денег с торг. точек,
,,17.09.2024,"-1 375,86",[counterparty_hash:a079b1ede6],,Эквайринг,
,,17.09.2024,"-121 720,00",,,Выбытие — Перевод между счетами,
,,17.09.2024,"-12 885,00",[counterparty_hash:e1cb4e2da2],,Оплаты систем автоматизации,
,,17.09.2024,"-11 369,00",[counterparty_hash:2a84eb0be0],[private_purpose_hash:792cdbd87b],Содержание торговых точек,
,,17.09.2024,"-13 167,00",,,Выбытие — Перевод между счетами,
,,17.09.2024,"-450,00",[counterparty_hash:2a84eb0be0],,Содержание торговых точек,
,,17.09.2024,"-320,00",[counterparty_hash:2a84eb0be0],,Оплата поставщикам ,
,,16.09.2024,"-36 508,00",,,Выбытие — Перевод между счетами,
,,16.09.2024,"-3 367,00",[counterparty_hash:2a84eb0be0],,Оплата поставщикам ,
,,16.09.2024,"-9 070,00",[counterparty_hash:856bc7fd96],,Курьерская служба -,
,,16.09.2024,"15 745,00",[counterparty_hash:335b2a2e9a],,Поступление денег с торг. точек,
,,17.09.2024,"-7 520,00",[counterparty_hash:856bc7fd96],,Курьерская служба -,
,,17.09.2024,"11 998,20",[counterparty_hash:335b2a2e9a],,Поступление денег с торг. точек,
,,17.09.2024,"-1 800,00",[counterparty_hash:e0e7137bcf],,Оплата поставщикам ,
,,17.09.2024,"-1 000,00",[counterparty_hash:7518be4ba8],[private_purpose_hash:df9a6f0404],Содержание торговых точек,
,,17.09.2024,"13 167,00",,,Поступление — Перевод между счетами,
,,18.09.2024,"-13 167,00",[counterparty_hash:48d0f61ee3],,Аренда торговых точек,
,,18.09.2024,"-4 606,00",[counterparty_hash:2a84eb0be0],,Оплата поставщикам ,
,,18.09.2024,"-227,00",[counterparty_hash:2a84eb0be0],,Расходы на питание персонала,
,,18.09.2024,"-7 990,00",[counterparty_hash:856bc7fd96],,Курьерская служба -,
,,18.09.2024,"15 144,80",[counterparty_hash:335b2a2e9a],,Поступление денег с торг. точек,
,,18.09.2024,"7 867,84",[counterparty_hash:335b2a2e9a],,Поступление денег с торг. точек,
,,18.09.2024,"-20,95",[counterparty_hash:a079b1ede6],,Эквайринг,
,,18.09.2024,"73 540,00",[counterparty_hash:335b2a2e9a],,Поступление денег с торг. точек,
,,18.09.2024,"-1 103,26",[counterparty_hash:a079b1ede6],,Эквайринг,
,,18.09.2024,"-5 000,00",[counterparty_hash:810942d5fa],,Телекоммуникации,
,,18.09.2024,"290,00",[counterparty_hash:335b2a2e9a],,Поступление денег с торг. точек,
,,18.09.2024,"-1,16",[counterparty_hash:a079b1ede6],,Эквайринг,
,,18.09.2024,"915,00",[counterparty_hash:335b2a2e9a],,Поступление денег с торг. точек,
,,18.09.2024,"-3,66",[counterparty_hash:a079b1ede6],,Эквайринг,
,,18.09.2024,"1 741,00",[counterparty_hash:335b2a2e9a],,Поступление денег с торг. точек,
,,18.09.2024,"-6,96",[counterparty_hash:a079b1ede6],,Эквайринг,
,,18.09.2024,"-7 317,72",[counterparty_hash:2a84eb0be0],,Оплата поставщикам ,
,,18.09.2024,"-21,98",[counterparty_hash:2a84eb0be0],,Содержание торговых точек,
,,18.09.2024,"-95,00",[counterparty_hash:2a84eb0be0],[private_purpose_hash:48def8927f],Содержание офиса,
,,18.09.2024,"-3 001,97",[counterparty_hash:2a84eb0be0],,Расходы на питание персонала,
,,19.09.2024,"6 326,30",[counterparty_hash:335b2a2e9a],,Поступление денег с торг. точек,
,,19.09.2024,"-2,94",[counterparty_hash:a079b1ede6],,Эквайринг,
,,19.09.2024,"-1 883,00",[counterparty_hash:b2b25bc0ee],,Поиск и найм персонала,
,,20.09.2024,"-1 800,00",[counterparty_hash:768e87a312],[private_purpose_hash:cdcc91a33d],Печатные материалы,
,,20.09.2024,"-5 600,00",[counterparty_hash:768e87a312],[private_purpose_hash:edcaa0a62a],Расходы на персонал,
,,19.09.2024,"-8 270,00",[counterparty_hash:856bc7fd96],,Курьерская служба -,
,,19.09.2024,"18 695,00",[counterparty_hash:335b2a2e9a],,Поступление денег с торг. точек,
,,19.09.2024,"60 747,40",[counterparty_hash:335b2a2e9a],,Поступление денег с торг. точек,
,,19.09.2024,"-911,32",[counterparty_hash:a079b1ede6],,Эквайринг,
,,19.09.2024,"-825,19",[counterparty_hash:2a84eb0be0],,Оплата поставщикам ,
,,19.09.2024,"-4 281,99",[counterparty_hash:2a84eb0be0],,Содержание торговых точек,
,,19.09.2024,"-3 304,00",[counterparty_hash:2a84eb0be0],[private_purpose_hash:30c3294eb2],Содержание торговых точек,
,,19.09.2024,"-1 000,00",[counterparty_hash:7518be4ba8],[private_purpose_hash:5508649179],Содержание торговых точек,
,,23.09.2024,"-81,00",[counterparty_hash:b2b25bc0ee],[private_purpose_hash:7b7efea65e],Поиск и найм персонала,
,,23.09.2024,"13 939,00",,,Поступление — Перевод между счетами,
,,20.09.2024,"-500,00",[counterparty_hash:7518be4ba8],[private_purpose_hash:e2970f197e],Содержание торговых точек,
,,20.09.2024,"-9 417,00",[counterparty_hash:64b5ca4d90],,Оплата поставщикам ,
,,20.09.2024,"-1 800,00",[counterparty_hash:e0e7137bcf],,Оплата поставщикам ,
,,20.09.2024,"-5 363,00",[counterparty_hash:2a84eb0be0],,Оплата поставщикам ,
,,20.09.2024,"-6 800,00",[counterparty_hash:1340ea64e9],,Оплата поставщикам ,
,,20.09.2024,"-12 220,00",[counterparty_hash:856bc7fd96],,Курьерская служба -,
,,20.09.2024,"22 440,82",[counterparty_hash:335b2a2e9a],,Поступление денег с торг. точек,
,,21.09.2024,"-14 040,00",[counterparty_hash:856bc7fd96],,Курьерская служба -,
,,21.09.2024,"16 605,35",[counterparty_hash:335b2a2e9a],,Поступление денег с торг. точек,
,,22.09.2024,"-10 500,00",[counterparty_hash:856bc7fd96],,Курьерская служба -,
,,22.09.2024,"21 563,00",[counterparty_hash:335b2a2e9a],,Поступление денег с торг. точек,
,,22.09.2024,"-6 009,00",[counterparty_hash:2a84eb0be0],,Оплата поставщикам ,
,,22.09.2024,"-116,00",[counterparty_hash:2a84eb0be0],,Расходы на питание персонала,
,,20.09.2024,"10 386,33",[counterparty_hash:335b2a2e9a],,Поступление денег с торг. точек,
,,20.09.2024,"-25,25",[counterparty_hash:a079b1ede6],,Эквайринг,
,,20.09.2024,"-400 000,00",,,Выбытие — Перевод между счетами,
,,21.09.2024,"22 142,54",[counterparty_hash:335b2a2e9a],,Поступление денег с торг. точек,
,,21.09.2024,"-35,38",[counterparty_hash:a079b1ede6],,Эквайринг,
,,22.09.2024,"25 552,80",[counterparty_hash:335b2a2e9a],,Поступление денег с торг. точек,
,,22.09.2024,"-13,77",[counterparty_hash:a079b1ede6],,Эквайринг,
,,20.09.2024,"62 132,00",[counterparty_hash:335b2a2e9a],,Поступление денег с торг. точек,
,,20.09.2024,"-932,12",[counterparty_hash:a079b1ede6],,Эквайринг,
,,20.09.2024,"160,00",[counterparty_hash:335b2a2e9a],,Поступление денег с торг. точек,
,,20.09.2024,"-0,64",[counterparty_hash:a079b1ede6],,Эквайринг,
,,20.09.2024,"400 000,00",,,Поступление — Перевод между счетами,
,,20.09.2024,"250,00",[counterparty_hash:335b2a2e9a],,Поступление денег с торг. точек,
,,20.09.2024,"-1,00",[counterparty_hash:a079b1ede6],,Эквайринг,
,,20.09.2024,"1 439,00",[counterparty_hash:335b2a2e9a],,Поступление денег с торг. точек,
,,20.09.2024,"-5,76",[counterparty_hash:a079b1ede6],,Эквайринг,
,,20.09.2024,"-754,88",[counterparty_hash:2a84eb0be0],,Содержание торговых точек,
,,20.09.2024,"-5 904,22",[counterparty_hash:2a84eb0be0],,Оплата поставщикам ,
,,20.09.2024,"-2 698,68",[counterparty_hash:2a84eb0be0],,Расходы на питание персонала,
,,20.09.2024,"-124,20",[counterparty_hash:10ad09b2bf],,Оплата поставщикам ,
,,21.09.2024,"-4 341,60",[counterparty_hash:81088c4e1c],,Оплата поставщикам ,
,,21.09.2024,"114 991,00",[counterparty_hash:335b2a2e9a],,Поступление денег с торг. точек,
,,21.09.2024,"-1 725,09",[counterparty_hash:a079b1ede6],,Эквайринг,
,,21.09.2024,"-16 471,25",[counterparty_hash:acffbdf399],,Оплата поставщикам ,
,,21.09.2024,"-96 145,40",[counterparty_hash:01761130fc],,Оплата поставщикам ,
,,21.09.2024,"-6 589,50",[counterparty_hash:10ad09b2bf],,Оплата поставщикам ,
,,21.09.2024,"1 232,00",[counterparty_hash:335b2a2e9a],,Поступление денег с торг. точек,
,,21.09.2024,"-4,93",[counterparty_hash:a079b1ede6],,Эквайринг,
,,21.09.2024,"983,00",[counterparty_hash:335b2a2e9a],,Поступление денег с торг. точек,
,,21.09.2024,"-3,93",[counterparty_hash:a079b1ede6],,Эквайринг,
,,21.09.2024,"857,00",[counterparty_hash:335b2a2e9a],,Поступление денег с торг. точек,
,,21.09.2024,"-3,43",[counterparty_hash:a079b1ede6],,Эквайринг,
,,22.09.2024,"-29 176,94",[counterparty_hash:55d2a5f343],,Оплата поставщикам ,
,,22.09.2024,"-28 906,28",[counterparty_hash:4b0e39f45b],,Оплата поставщикам ,
,,22.09.2024,"-80 569,55",[counterparty_hash:81088c4e1c],,Оплата поставщикам ,
,,22.09.2024,"-65 519,54",[counterparty_hash:c7da8c8c1f],,Оплата поставщикам ,
,,22.09.2024,"145 598,00",[counterparty_hash:335b2a2e9a],,Поступление денег с торг. точек,
,,22.09.2024,"-16 861,85",[counterparty_hash:3cab83ecee],,Налоги с з/п,
,,22.09.2024,"-2 184,27",[counterparty_hash:a079b1ede6],,Эквайринг,
,,22.09.2024,"704,00",[counterparty_hash:335b2a2e9a],,Поступление денег с торг. точек,
,,22.09.2024,"-2,82",[counterparty_hash:a079b1ede6],,Эквайринг,
,,22.09.2024,"-3 468,23",[counterparty_hash:2a84eb0be0],,Оплата поставщикам ,
,,22.09.2024,"-21,98",[counterparty_hash:2a84eb0be0],,Содержание торговых точек,
,,22.09.2024,"-1 584,87",[counterparty_hash:2a84eb0be0],,Расходы на питание персонала,
,,24.09.2024,"-2 000,00",[counterparty_hash:7518be4ba8],[private_purpose_hash:869075411b],Прочие маркетинговые услуги,
,,24.09.2024,"9 150,00",,,Поступление — Перевод между счетами,
,,24.09.2024,"-154 672,00",[counterparty_hash:856bc7fd96],,Зарплата производственного персонала,
,,24.09.2024,"133 296,00",,,Поступление — Перевод между счетами,
,,23.09.2024,"-13 939,00",,,Выбытие — Перевод между счетами,
,,23.09.2024,"-6 420,00",[counterparty_hash:856bc7fd96],,Курьерская служба -,
,,23.09.2024,"20 528,10",[counterparty_hash:335b2a2e9a],,Поступление денег с торг. точек,
,,24.09.2024,"-9 150,00",,,Выбытие — Перевод между счетами,
,,24.09.2024,"-4 790,00",[counterparty_hash:2a84eb0be0],,Оплата поставщикам ,
,,24.09.2024,"-158,00",[counterparty_hash:2a84eb0be0],,Расходы на питание персонала,
,,24.09.2024,"-8 160,00",[counterparty_hash:856bc7fd96],,Курьерская служба -,
,,24.09.2024,"9 321,90",[counterparty_hash:335b2a2e9a],,Поступление денег с торг. точек,
,,23.09.2024,"16 074,89",[counterparty_hash:335b2a2e9a],,Поступление денег с торг. точек,
,,23.09.2024,"-17,05",[counterparty_hash:a079b1ede6],,Эквайринг,
,,24.09.2024,"9 509,66",[counterparty_hash:335b2a2e9a],,Поступление денег с торг. точек,
,,24.09.2024,"-30,95",[counterparty_hash:a079b1ede6],,Эквайринг,
,,23.09.2024,"90 552,00",[counterparty_hash:335b2a2e9a],,Поступление денег с торг. точек,
,,23.09.2024,"-1 358,45",[counterparty_hash:a079b1ede6],,Эквайринг,
,,23.09.2024,"-1 990,00",[counterparty_hash:a079b1ede6],,РКО,
,,23.09.2024,"-99,00",[counterparty_hash:a079b1ede6],,РКО,
,,23.09.2024,"-990,00",[counterparty_hash:a079b1ede6],,РКО,
,,23.09.2024,"260,00",[counterparty_hash:335b2a2e9a],,Поступление денег с торг. точек,
,,23.09.2024,"-1,04",[counterparty_hash:a079b1ede6],,Эквайринг,
,,23.09.2024,"-112 220,00",,,Выбытие — Перевод между счетами,
,,23.09.2024,"-401,00",[counterparty_hash:2a84eb0be0],[private_purpose_hash:bc7cc19f58],Содержание торговых точек,
,,24.09.2024,"47 864,00",[counterparty_hash:335b2a2e9a],,Поступление денег с торг. точек,
,,24.09.2024,"-718,04",[counterparty_hash:a079b1ede6],,Эквайринг,
,,24.09.2024,"-133 296,00",,,Выбытие — Перевод между счетами,
,,24.09.2024,"2 181,00",[counterparty_hash:335b2a2e9a],,Поступление денег с торг. точек,
,,24.09.2024,"-8,72",[counterparty_hash:a079b1ede6],,Эквайринг,
,,24.09.2024,"440,00",[counterparty_hash:335b2a2e9a],,Поступление денег с торг. точек,
,,24.09.2024,"-1,76",[counterparty_hash:a079b1ede6],,Эквайринг,
,,24.09.2024,"-3 531,54",[counterparty_hash:2a84eb0be0],,Оплата поставщикам ,
,,24.09.2024,"-1 600,73",[counterparty_hash:2a84eb0be0],,Расходы на питание персонала,
,,24.09.2024,"-15,99",[counterparty_hash:2a84eb0be0],,Содержание торговых точек,
,,24.09.2024,"-1 363,17",[counterparty_hash:10ad09b2bf],,Оплата поставщикам ,
,,23.09.2024,"112 220,00",,,Поступление — Перевод между счетами,
,,23.09.2024,"-1 376,16",[counterparty_hash:a079b1ede6],,РКО,
,,24.09.2024,"-112 220,00",[counterparty_hash:48d0f61ee3],[private_purpose_hash:125896e085],Аренда торговых точек,
,,25.09.2024,"13 213,17",[counterparty_hash:335b2a2e9a],,Поступление денег с торг. точек,
,,25.09.2024,"-22,20",[counterparty_hash:a079b1ede6],,Эквайринг,
,,26.09.2024,"-500,00",[counterparty_hash:23573dbbe8],[private_purpose_hash:54d290f8f2],Прочие маркетинговые услуги,
,,25.09.2024,"-8 260,00",[counterparty_hash:856bc7fd96],,Курьерская служба -,
,,25.09.2024,"18 942,50",[counterparty_hash:335b2a2e9a],,Поступление денег с торг. точек,
,,25.09.2024,"62 049,00",[counterparty_hash:335b2a2e9a],,Поступление денег с торг. точек,
,,25.09.2024,"-930,86",[counterparty_hash:a079b1ede6],,Эквайринг,
,,25.09.2024,"416,00",[counterparty_hash:335b2a2e9a],,Поступление денег с торг. точек,
,,25.09.2024,"-1,66",[counterparty_hash:a079b1ede6],,Эквайринг,
,,25.09.2024,"992,00",[counterparty_hash:335b2a2e9a],,Поступление денег с торг. точек,
,,25.09.2024,"-3,97",[counterparty_hash:a079b1ede6],,Эквайринг,
,,25.09.2024,"-28 000,00",,,Выбытие — Перевод между счетами,
,,25.09.2024,"-334,00",[counterparty_hash:2a84eb0be0],,Содержание торговых точек,
,,25.09.2024,"-499,00",[counterparty_hash:2a84eb0be0],[private_purpose_hash:73dd92d829],Содержание офиса,
,,26.09.2024,"73 315,15",[counterparty_hash:335b2a2e9a],,Поступление денег с торг. точек,
,,26.09.2024,"-1 099,83",[counterparty_hash:a079b1ede6],,Эквайринг,
,,26.09.2024,"-30 000,00",[counterparty_hash:2d609b655e],,Контекстная реклама,
,,26.09.2024,"-10 000,00",[counterparty_hash:6279bcc436],,SEO-оптимизация,
,,26.09.2024,"1 739,00",[counterparty_hash:335b2a2e9a],,Поступление денег с торг. точек,
,,26.09.2024,"-6,96",[counterparty_hash:a079b1ede6],,Эквайринг,
,,26.09.2024,"1 159,00",[counterparty_hash:335b2a2e9a],,Поступление денег с торг. точек,
,,26.09.2024,"-4,64",[counterparty_hash:a079b1ede6],,Эквайринг,
,,26.09.2024,"1 161,00",[counterparty_hash:335b2a2e9a],,Поступление денег с торг. точек,
,,26.09.2024,"-4,64",[counterparty_hash:a079b1ede6],,Эквайринг,
,,26.09.2024,"-4 823,60",[counterparty_hash:2a84eb0be0],,Оплата поставщикам ,
,,26.09.2024,"-26,97",[counterparty_hash:2a84eb0be0],,Содержание торговых точек,
,,26.09.2024,"-1 202,83",[counterparty_hash:2a84eb0be0],,Расходы на питание персонала,
,,26.09.2024,"20 820,73",[counterparty_hash:335b2a2e9a],,Поступление денег с торг. точек,
,,26.09.2024,"-22,01",[counterparty_hash:a079b1ede6],,Эквайринг,
,,26.09.2024,"-8 780,00",[counterparty_hash:856bc7fd96],,Курьерская служба -,
,,26.09.2024,"10 873,00",[counterparty_hash:335b2a2e9a],,Поступление денег с торг. точек,
,,26.09.2024,"-3 236,00",[counterparty_hash:2a84eb0be0],,Оплата поставщикам ,
,,26.09.2024,"-100,00",[counterparty_hash:2a84eb0be0],,Содержание торговых точек,
,,30.09.2024,"-1 883,00",[counterparty_hash:b2b25bc0ee],,Поиск и найм персонала,
,,24.09.2024,"-1 800,00",[counterparty_hash:e0e7137bcf],,Оплата поставщикам ,
,,27.09.2024,"-1 800,00",[counterparty_hash:e0e7137bcf],,Оплата поставщикам ,
,,27.09.2024,"-15 440,00",[counterparty_hash:856bc7fd96],,Курьерская служба -,
,,27.09.2024,"31 973,00",[counterparty_hash:335b2a2e9a],,Поступление денег с торг. точек,
,,28.09.2024,"-4 682,00",[counterparty_hash:2a84eb0be0],,Оплата поставщикам ,
,,28.09.2024,"-152,00",[counterparty_hash:2a84eb0be0],,Расходы на питание персонала,
,,28.09.2024,"-15 120,00",[counterparty_hash:856bc7fd96],,Курьерская служба -,
,,28.09.2024,"31 645,00",[counterparty_hash:335b2a2e9a],,Поступление денег с торг. точек,
,,29.09.2024,"-12 920,00",[counterparty_hash:856bc7fd96],,Курьерская служба -,
,,29.09.2024,"19 164,00",[counterparty_hash:335b2a2e9a],,Поступление денег с торг. точек,
,,29.09.2024,"-0,17",,,Корретировки кассы -,
,,27.09.2024,"28 194,70",[counterparty_hash:335b2a2e9a],,Поступление денег с торг. точек,
,,27.09.2024,"-68,35",[counterparty_hash:a079b1ede6],,Эквайринг,
,,28.09.2024,"24 024,22",[counterparty_hash:335b2a2e9a],,Поступление денег с торг. точек,
,,28.09.2024,"-19,79",[counterparty_hash:a079b1ede6],,Эквайринг,
,,29.09.2024,"32 514,80",[counterparty_hash:335b2a2e9a],,Поступление денег с торг. точек,
,,29.09.2024,"-41,93",[counterparty_hash:a079b1ede6],,Эквайринг,
,,27.09.2024,"63 094,70",[counterparty_hash:335b2a2e9a],,Поступление денег с торг. точек,
,,27.09.2024,"-946,54",[counterparty_hash:a079b1ede6],,Эквайринг,
,,27.09.2024,"-5 000,00",[counterparty_hash:810942d5fa],,Телекоммуникации,
,,27.09.2024,"1 205,00",[counterparty_hash:335b2a2e9a],,Поступление денег с торг. точек,
,,27.09.2024,"-4,82",[counterparty_hash:a079b1ede6],,Эквайринг,
,,28.09.2024,"-3 098,25",[counterparty_hash:81088c4e1c],,Оплата поставщикам ,
,,28.09.2024,"137 801,00",[counterparty_hash:335b2a2e9a],,Поступление денег с торг. точек,
,,28.09.2024,"-2 067,26",[counterparty_hash:a079b1ede6],,Эквайринг,
,,28.09.2024,"-3 278,00",[counterparty_hash:a079b1ede6],,Возвраты клиентам,
,,28.09.2024,"-3 707,79",[counterparty_hash:10ad09b2bf],,Оплата поставщикам ,
,,28.09.2024,"-84 829,30",[counterparty_hash:01761130fc],,Оплата поставщикам ,
,,28.09.2024,"-29 715,16",[counterparty_hash:acffbdf399],,Оплата поставщикам ,
,,28.09.2024,"291,00",[counterparty_hash:335b2a2e9a],,Поступление денег с торг. точек,
,,28.09.2024,"-1,16",[counterparty_hash:a079b1ede6],,Эквайринг,
,,28.09.2024,"520,00",[counterparty_hash:335b2a2e9a],,Поступление денег с торг. точек,
,,28.09.2024,"-2,08",[counterparty_hash:a079b1ede6],,Эквайринг,
,,28.09.2024,"941,00",[counterparty_hash:335b2a2e9a],,Поступление денег с торг. точек,
,,28.09.2024,"-3,76",[counterparty_hash:a079b1ede6],,Эквайринг,
,,28.09.2024,"-3 152,70",[counterparty_hash:2a84eb0be0],,Оплата поставщикам ,
,,28.09.2024,"-1 712,39",[counterparty_hash:2a84eb0be0],,Расходы на питание персонала,
,,28.09.2024,"-17,98",[counterparty_hash:2a84eb0be0],,Содержание торговых точек,
,,29.09.2024,"-34 468,50",[counterparty_hash:81088c4e1c],,Оплата поставщикам ,
,,29.09.2024,"-57 154,90",[counterparty_hash:c7da8c8c1f],,Оплата поставщикам ,
,,29.09.2024,"-3 312,00",[counterparty_hash:64b5ca4d90],,Оплата поставщикам ,
,,29.09.2024,"-19 644,69",[counterparty_hash:55d2a5f343],,Оплата поставщикам ,
,,29.09.2024,"-20 748,30",[counterparty_hash:4b0e39f45b],,Оплата поставщикам ,
,,29.09.2024,"132 494,85",[counterparty_hash:335b2a2e9a],,Поступление денег с торг. точек,
,,29.09.2024,"-1 987,64",[counterparty_hash:a079b1ede6],,Эквайринг,
,,29.09.2024,"2 089,00",[counterparty_hash:335b2a2e9a],,Поступление денег с торг. точек,
,,29.09.2024,"-8,36",[counterparty_hash:a079b1ede6],,Эквайринг,
,,25.09.2024,"28 000,00",,,Поступление — Перевод между счетами,
,,26.09.2024,"-23 000,00",[counterparty_hash:913fe52b19],,Зарплата административного персонала,
,,26.09.2024,"-5 000,00",[counterparty_hash:2d609b655e],,Таргетированная реклама,
,,30.09.2024,"-420,66",[counterparty_hash:a079b1ede6],,РКО,
,,30.09.2024,"23 953,31",[counterparty_hash:335b2a2e9a],,Поступление денег с торг. точек,
,,30.09.2024,"-21,50",[counterparty_hash:a079b1ede6],,Эквайринг,
,,30.09.2024,"123 880,55",[counterparty_hash:335b2a2e9a],,Поступление денег с торг. точек,
,,30.09.2024,"-1 858,46",[counterparty_hash:a079b1ede6],,Эквайринг,
,,30.09.2024,"1 675,00",[counterparty_hash:335b2a2e9a],,Поступление денег с торг. точек,
,,30.09.2024,"-6,70",[counterparty_hash:a079b1ede6],,Эквайринг,
,,30.09.2024,"541,00",[counterparty_hash:335b2a2e9a],,Поступление денег с торг. точек,
,,30.09.2024,"-2,16",[counterparty_hash:a079b1ede6],,Эквайринг,
,,30.09.2024,"-956,00",[counterparty_hash:2a84eb0be0],[private_purpose_hash:40b6887f6c],Содержание офиса,
,,30.09.2024,"-100 000,00",[counterparty_hash:48d0f61ee3],,Аренда торговых точек,
,,30.09.2024,"-4 853,76",[counterparty_hash:2a84eb0be0],[private_purpose_hash:ed90e8dad1],Расходы на персонал,
,,30.09.2024,"-5 056,18",[counterparty_hash:2a84eb0be0],,Оплата поставщикам ,
,,30.09.2024,"-1 336,86",[counterparty_hash:2a84eb0be0],,Содержание торговых точек,
,,30.09.2024,"-1 838,65",[counterparty_hash:2a84eb0be0],,Расходы на питание персонала,
,,30.09.2024,"-6 832,00",[counterparty_hash:2a84eb0be0],,Оплата поставщикам ,
,,30.09.2024,"-204,00",[counterparty_hash:2a84eb0be0],,Расходы на персонал,
,,30.09.2024,"-5 011,00",[counterparty_hash:1340ea64e9],,Оплата поставщикам ,
,,30.09.2024,"-8 320,00",[counterparty_hash:856bc7fd96],,Курьерская служба -,
,,30.09.2024,"8 045,90",[counterparty_hash:335b2a2e9a],,Поступление денег с торг. точек,
,,01.10.2024,"21 842,00",,,Поступление — Перевод между счетами,
,,01.10.2024,"252 219,00",,,Поступление — Перевод между счетами,
,,01.10.2024,"-15 000,00",[counterparty_hash:856bc7fd96],,Зарплата административного персонала,
,,01.10.2024,"-171 207,00",[counterparty_hash:856bc7fd96],,Зарплата производственного персонала,
,,01.10.2024,"-30 000,00",[counterparty_hash:856bc7fd96],,Зарплата административного персонала,
,,01.10.2024,"-29 000,00",[counterparty_hash:856bc7fd96],,Зарплата административного персонала,
,,01.10.2024,"-5 000,00",[counterparty_hash:48d0f61ee3],,Аренда склада,
,,01.10.2024,"-2 500,00",[counterparty_hash:7d88c914c2],,Аренда торговых точек,
,,01.10.2024,"-2 550,00",[counterparty_hash:7638e8b71c],,Оплата поставщикам ,
,,01.10.2024,"-3 796,56",[counterparty_hash:24d4f68d8f],,Оплата поставщикам ,
,,01.10.2024,"-7 719,12",[counterparty_hash:24d4f68d8f],,Оплата поставщикам ,
,,01.10.2024,"-7 500,00",[counterparty_hash:856bc7fd96],,Содержание торговых точек,
,,01.10.2024,"-21 842,00",,,Выбытие — Перевод между счетами,
,,01.10.2024,"-1 800,00",[counterparty_hash:e0e7137bcf],,Оплата поставщикам ,
,,01.10.2024,"-7 650,00",[counterparty_hash:856bc7fd96],,Курьерская служба -,
,,01.10.2024,"12 173,60",[counterparty_hash:335b2a2e9a],,Поступление денег с торг. точек,
,,02.10.2024,"-5 457,00",[counterparty_hash:2a84eb0be0],,Оплата поставщикам ,
,,02.10.2024,"-9 800,00",[counterparty_hash:856bc7fd96],,Курьерская служба -,
,,02.10.2024,"18 045,00",[counterparty_hash:335b2a2e9a],,Поступление денег с торг. точек,
,,01.10.2024,"17 099,65",[counterparty_hash:335b2a2e9a],,Поступление денег с торг. точек,
,,01.10.2024,"-18,18",[counterparty_hash:a079b1ede6],,Эквайринг,
,,02.10.2024,"24 206,08",[counterparty_hash:335b2a2e9a],,Поступление денег с торг. точек,
,,02.10.2024,"-14,25",[counterparty_hash:a079b1ede6],,Эквайринг,
,,01.10.2024,"64 804,00",[counterparty_hash:335b2a2e9a],,Поступление денег с торг. точек,
,,01.10.2024,"-972,17",[counterparty_hash:a079b1ede6],,Эквайринг,
,,01.10.2024,"-28 000,00",[counterparty_hash:5825737bc2],,Прочие маркетинговые услуги,
,,01.10.2024,"-2 641,00",[counterparty_hash:3cab83ecee],,Налоги с з/п,
,,01.10.2024,"-252 219,00",,,Выбытие — Перевод между счетами,
,,01.10.2024,"1 382,00",[counterparty_hash:335b2a2e9a],,Поступление денег с торг. точек,
,,01.10.2024,"-5,53",[counterparty_hash:a079b1ede6],,Эквайринг,
,,02.10.2024,"44 054,70",[counterparty_hash:335b2a2e9a],,Поступление денег с торг. точек,
,,02.10.2024,"-660,94",[counterparty_hash:a079b1ede6],,Эквайринг,
,,02.10.2024,"440,00",[counterparty_hash:335b2a2e9a],,Поступление денег с торг. точек,
,,02.10.2024,"-1,76",[counterparty_hash:a079b1ede6],,Эквайринг,
,,02.10.2024,"-100 000,00",,,Выбытие — Перевод между счетами,
,,02.10.2024,"1 131,00",[counterparty_hash:335b2a2e9a],,Поступление денег с торг. точек,
,,02.10.2024,"-4,52",[counterparty_hash:a079b1ede6],,Эквайринг,
,,02.10.2024,"-1 881,49",[counterparty_hash:2a84eb0be0],,Содержание торговых точек,
,,02.10.2024,"-1 055,15",[counterparty_hash:10ad09b2bf],,Оплата поставщикам ,
,,02.10.2024,"-2 215,04",[counterparty_hash:2a84eb0be0],,Расходы на питание персонала,
,,02.10.2024,"-3 088,42",[counterparty_hash:2a84eb0be0],,Оплата поставщикам ,
,,03.10.2024,"10 800,57",[counterparty_hash:335b2a2e9a],,Поступление денег с торг. точек,
,,03.10.2024,"-10,88",[counterparty_hash:a079b1ede6],,Эквайринг,
,,03.10.2024,"81 126,15",[counterparty_hash:335b2a2e9a],,Поступление денег с торг. точек,
,,03.10.2024,"-1 217,02",[counterparty_hash:a079b1ede6],,Эквайринг,
,,03.10.2024,"-619,96",[counterparty_hash:2a84eb0be0],,Оплата поставщикам ,
,,03.10.2024,"-97 321,00",[counterparty_hash:4e9e5a80a9],,Сайт и приложение,
,,03.10.2024,"-6 000,00",[counterparty_hash:3b5286b1f7],,Комиссия агрегатору,
,,03.10.2024,"-789,19",[counterparty_hash:9a7ac913a7],,Аренда торговых точек,
,,03.10.2024,"-1 000,00",[counterparty_hash:b2d09b6565],,Аренда торговых точек,
,,03.10.2024,"-4 276,42",[counterparty_hash:9a7ac913a7],,Аренда торговых точек,
,,03.10.2024,"-2 640,00",[counterparty_hash:2c9dd7c496],,Телекоммуникации,
,,03.10.2024,"-6 900,00",[counterparty_hash:e467eaefc4],,Оплаты систем автоматизации,
,,03.10.2024,"-4 000,00",[counterparty_hash:e467eaefc4],,Оплаты систем автоматизации,
,,03.10.2024,"-4 000,00",[counterparty_hash:b2d09b6565],,Аренда торговых точек,
,,03.10.2024,"5 966,00",[counterparty_hash:335b2a2e9a],,Поступление денег с торг. точек,
,,03.10.2024,"-23,86",[counterparty_hash:a079b1ede6],,Эквайринг,
,,03.10.2024,"-234,00",[counterparty_hash:2a84eb0be0],,Содержание торговых точек,
,,03.10.2024,"875,00",[counterparty_hash:335b2a2e9a],,Поступление денег с торг. точек,
,,03.10.2024,"-3,50",[counterparty_hash:a079b1ede6],,Эквайринг,
,,03.10.2024,"-2 000,00",[counterparty_hash:88250f9fc8],,Телекоммуникации,
,,03.10.2024,"-9 480,00",[counterparty_hash:856bc7fd96],,Курьерская служба -,
,,03.10.2024,"12 966,00",[counterparty_hash:335b2a2e9a],,Поступление денег с торг. точек,
,,03.10.2024,"-5 780,00",[counterparty_hash:1340ea64e9],,Оплата поставщикам ,
,,03.10.2024,"-76,00",,,Выбытие — Перевод между счетами,
,,03.10.2024,"76,00",,,Поступление — Перевод между счетами,
,,04.10.2024,"20 629,43",[counterparty_hash:335b2a2e9a],,Поступление денег с торг. точек,
,,04.10.2024,"-21,16",[counterparty_hash:a079b1ede6],,Эквайринг,
,,05.10.2024,"33 500,20",[counterparty_hash:335b2a2e9a],,Поступление денег с торг. точек,
,,05.10.2024,"-38,11",[counterparty_hash:a079b1ede6],,Эквайринг,
,,06.10.2024,"15 903,06",[counterparty_hash:335b2a2e9a],,Поступление денег с торг. точек,
,,06.10.2024,"-34,49",[counterparty_hash:a079b1ede6],,Эквайринг,
,,04.10.2024,"92 917,00",[counterparty_hash:335b2a2e9a],,Поступление денег с торг. точек,
,,04.10.2024,"-1 393,91",[counterparty_hash:a079b1ede6],,Эквайринг,
,,04.10.2024,"-1 320,00",[counterparty_hash:2a84eb0be0],,Содержание офиса,
,,04.10.2024,"1 405,00",[counterparty_hash:335b2a2e9a],,Поступление денег с торг. точек,
,,04.10.2024,"1 060,00",[counterparty_hash:335b2a2e9a],,Поступление денег с торг. точек,
,,04.10.2024,"-5,62",[counterparty_hash:a079b1ede6],,Эквайринг,
,,04.10.2024,"-4,24",[counterparty_hash:a079b1ede6],,Эквайринг,
,,04.10.2024,"-388,00",[counterparty_hash:2a84eb0be0],[private_purpose_hash:53360045a7],Содержание торговых точек,
,,04.10.2024,"189,00",[counterparty_hash:335b2a2e9a],,Поступление денег с торг. точек,
,,04.10.2024,"-0,76",[counterparty_hash:a079b1ede6],,Эквайринг,
,,04.10.2024,"1 608,00",[counterparty_hash:335b2a2e9a],,Поступление денег с торг. точек,
,,04.10.2024,"-6,43",[counterparty_hash:a079b1ede6],,Эквайринг,
,,04.10.2024,"-6 220,59",[counterparty_hash:2a84eb0be0],,Оплата поставщикам ,
,,04.10.2024,"-23,98",[counterparty_hash:2a84eb0be0],,Содержание торговых точек,
,,04.10.2024,"-4 725,59",[counterparty_hash:2a84eb0be0],,Расходы на питание персонала,
,,05.10.2024,"110 303,90",[counterparty_hash:335b2a2e9a],,Поступление денег с торг. точек,
,,05.10.2024,"-1 654,81",[counterparty_hash:a079b1ede6],,Эквайринг,
,,05.10.2024,"499,00",[counterparty_hash:335b2a2e9a],,Поступление денег с торг. точек,
,,05.10.2024,"-2,00",[counterparty_hash:a079b1ede6],,Эквайринг,
,,05.10.2024,"-5 000,00",[counterparty_hash:810942d5fa],,Телекоммуникации,
,,05.10.2024,"1 975,00",[counterparty_hash:335b2a2e9a],,Поступление денег с торг. точек,
,,05.10.2024,"-7,90",[counterparty_hash:a079b1ede6],,Эквайринг,
,,05.10.2024,"1 159,00",[counterparty_hash:335b2a2e9a],,Поступление денег с торг. точек,
,,05.10.2024,"-4,64",[counterparty_hash:a079b1ede6],,Эквайринг,
,,06.10.2024,"-2 970,00",[counterparty_hash:81088c4e1c],,Оплата поставщикам ,
,,06.10.2024,"153 571,75",[counterparty_hash:335b2a2e9a],,Поступление денег с торг. точек,
,,06.10.2024,"-2 303,85",[counterparty_hash:a079b1ede6],,Эквайринг,
,,06.10.2024,"-34 982,39",[counterparty_hash:81088c4e1c],,Оплата поставщикам ,
,,06.10.2024,"-34 933,00",[counterparty_hash:4b0e39f45b],,Оплата поставщикам ,
,,06.10.2024,"-65 983,00",[counterparty_hash:c7da8c8c1f],,Оплата поставщикам ,
,,06.10.2024,"-21 772,31",[counterparty_hash:55d2a5f343],,Оплата поставщикам ,
,,06.10.2024,"-108 814,50",[counterparty_hash:01761130fc],,Оплата поставщикам ,
,,06.10.2024,"-10 097,00",[counterparty_hash:10ad09b2bf],,Оплата поставщикам ,
,,06.10.2024,"-29 148,00",[counterparty_hash:acffbdf399],,Оплата поставщикам ,
,,06.10.2024,"22,00",[counterparty_hash:335b2a2e9a],,Поступление денег с торг. точек,
,,06.10.2024,"-0,09",[counterparty_hash:a079b1ede6],,Эквайринг,
,,06.10.2024,"1 208,00",[counterparty_hash:335b2a2e9a],,Поступление денег с торг. точек,
,,06.10.2024,"-4,83",[counterparty_hash:a079b1ede6],,Эквайринг,
,,06.10.2024,"-381,95",[counterparty_hash:2a84eb0be0],,Содержание торговых точек,
,,06.10.2024,"-2 083,80",[counterparty_hash:2a84eb0be0],,Расходы на питание персонала,
,,06.10.2024,"-4 015,54",[counterparty_hash:2a84eb0be0],,Оплата поставщикам ,
,,04.10.2024,"-200,00",[counterparty_hash:7518be4ba8],[private_purpose_hash:42711336fc],Содержание торговых точек,
,,04.10.2024,"-4 129,20",[counterparty_hash:6786cc9f19],,Оплата поставщикам ,
,,04.10.2024,"-4 119,00",[counterparty_hash:2a84eb0be0],,Оплата поставщикам ,
,,04.10.2024,"-150,00",[counterparty_hash:2a84eb0be0],,Расходы на питание персонала,
,,04.10.2024,"-1 800,00",[counterparty_hash:e0e7137bcf],,Оплата поставщикам ,
,,04.10.2024,"-12 800,00",[counterparty_hash:856bc7fd96],,Курьерская служба -,
,,04.10.2024,"14 883,00",[counterparty_hash:335b2a2e9a],,Поступление денег с торг. точек,
,,05.10.2024,"-15 280,00",[counterparty_hash:856bc7fd96],,Курьерская служба -,
,,05.10.2024,"34 445,00",[counterparty_hash:335b2a2e9a],,Поступление денег с торг. точек,
,,05.10.2024,"961,00",[counterparty_hash:335b2a2e9a],,Поступление денег с торг. точек,
,,06.10.2024,"-6 358,00",[counterparty_hash:2a84eb0be0],,Оплата поставщикам ,
,,06.10.2024,"-166,00",[counterparty_hash:2a84eb0be0],,Расходы на питание персонала,
,,06.10.2024,"-1 800,00",[counterparty_hash:e0e7137bcf],,Оплата поставщикам ,
,,06.10.2024,"-13 380,00",[counterparty_hash:856bc7fd96],,Курьерская служба -,
,,06.10.2024,"30 001,85",[counterparty_hash:335b2a2e9a],,Поступление денег с торг. точек,
,,03.10.2024,"134 550,00",[counterparty_hash:8009e18a18],,Поступление денег с торг. точек,
,,08.10.2024,"27 250,00",,,Поступление — Перевод между счетами,
,,08.10.2024,"15 765,00",,,Поступление — Перевод между счетами,
,,08.10.2024,"-166 469,00",[counterparty_hash:856bc7fd96],,Зарплата производственного персонала,
,,08.10.2024,"-7 000,00",[counterparty_hash:856bc7fd96],,Зарплата административного персонала,
,,07.10.2024,"-8 330,00",[counterparty_hash:856bc7fd96],,Курьерская служба -,
,,07.10.2024,"19 779,00",[counterparty_hash:335b2a2e9a],,Поступление денег с торг. точек,
,,08.10.2024,"-9 400,00",[counterparty_hash:856bc7fd96],,Курьерская служба -,
,,08.10.2024,"19 587,65",[counterparty_hash:335b2a2e9a],,Поступление денег с торг. точек,
,,08.10.2024,"-157,00",[counterparty_hash:2a84eb0be0],,Расходы на питание персонала,
,,08.10.2024,"-27 250,00",,,Выбытие — Перевод между счетами,
,,08.10.2024,"-3 920,00",[counterparty_hash:2a84eb0be0],,Оплата поставщикам ,
,,01.10.2024,"252 219,00",,,Поступление — Перевод между счетами,
,,01.10.2024,"-252 219,00",,,Выбытие — Перевод между счетами,
,,02.10.2024,"100 000,00",,,Поступление — Перевод между счетами,
,,02.10.2024,"-15 485,57",[counterparty_hash:a079b1ede6],,Оплаты по кредитам и займам,
,,02.10.2024,"-2 973,43",[counterparty_hash:a079b1ede6],,Оплаты по кредитам и займам,
,,02.10.2024,"-60 000,00",[counterparty_hash:913fe52b19],,Зарплата административного персонала,
,,07.10.2024,"92 692,00",[counterparty_hash:335b2a2e9a],,Поступление денег с торг. точек,
,,07.10.2024,"-1 390,59",[counterparty_hash:a079b1ede6],,Эквайринг,
,,07.10.2024,"650,00",[counterparty_hash:335b2a2e9a],,Поступление денег с торг. точек,
,,07.10.2024,"-2,60",[counterparty_hash:a079b1ede6],,Эквайринг,
,,07.10.2024,"1 080,00",[counterparty_hash:335b2a2e9a],,Поступление денег с торг. точек,
,,07.10.2024,"-4,32",[counterparty_hash:a079b1ede6],,Эквайринг,
,,07.10.2024,"-249,99",[counterparty_hash:2a84eb0be0],,Расходы на питание персонала,
,,07.10.2024,"-152,00",[counterparty_hash:2a84eb0be0],,Содержание торговых точек,
,,08.10.2024,"58 418,00",[counterparty_hash:335b2a2e9a],,Поступление денег с торг. точек,
,,08.10.2024,"-876,39",[counterparty_hash:a079b1ede6],,Эквайринг,
,,08.10.2024,"-15 765,00",,,Выбытие — Перевод между счетами,
,,08.10.2024,"1 410,15",[counterparty_hash:335b2a2e9a],,Поступление денег с торг. точек,
,,08.10.2024,"-5,64",[counterparty_hash:a079b1ede6],,Эквайринг,
,,08.10.2024,"1 121,00",[counterparty_hash:335b2a2e9a],,Поступление денег с торг. точек,
,,08.10.2024,"-4,48",[counterparty_hash:a079b1ede6],,Эквайринг,
,,08.10.2024,"-53 633,00",[counterparty_hash:48d0f61ee3],,Аренда торговых точек,
,,08.10.2024,"-1 861,90",[counterparty_hash:2a84eb0be0],,Расходы на питание персонала,
,,08.10.2024,"-724,87",[counterparty_hash:2a84eb0be0],,Содержание торговых точек,
,,08.10.2024,"-7 914,83",[counterparty_hash:2a84eb0be0],,Оплата поставщикам ,
,,07.10.2024,"35 855,26",[counterparty_hash:335b2a2e9a],,Поступление денег с торг. точек,
,,07.10.2024,"-22,18",[counterparty_hash:a079b1ede6],,Эквайринг,
,,08.10.2024,"15 085,16",[counterparty_hash:335b2a2e9a],,Поступление денег с торг. точек,
,,08.10.2024,"-19,40",[counterparty_hash:a079b1ede6],,Эквайринг,
,,02.10.2024,"-20 000,00",[counterparty_hash:9d002889b3],,Зарплата административного персонала,
,,09.10.2024,"-5 780,00",[counterparty_hash:1340ea64e9],,Оплата поставщикам ,
,,09.10.2024,"-9 080,00",[counterparty_hash:856bc7fd96],,Курьерская служба -,
,,09.10.2024,"17 624,00",[counterparty_hash:335b2a2e9a],,Поступление денег с торг. точек,
,,09.10.2024,"83 012,50",[counterparty_hash:335b2a2e9a],,Поступление денег с торг. точек,
,,09.10.2024,"-1 245,34",[counterparty_hash:a079b1ede6],,Эквайринг,
,,09.10.2024,"-774,96",[counterparty_hash:2a84eb0be0],,Оплата поставщикам ,
,,09.10.2024,"24 019,96",[counterparty_hash:335b2a2e9a],,Поступление денег с торг. точек,
,,09.10.2024,"-30,29",[counterparty_hash:a079b1ede6],,Эквайринг,
,,11.10.2024,"7 500,00",[counterparty_hash:856bc7fd96],[private_purpose_hash:016bb652d4],Курьерская служба +,
,,11.10.2024,"3 500,00",[counterparty_hash:856bc7fd96],[private_purpose_hash:957fb4a937],Курьерская служба +,
,,11.10.2024,"5 000,00",[counterparty_hash:856bc7fd96],[private_purpose_hash:486ee0e7ff],Курьерская служба +,
,,11.10.2024,"5 000,00",[counterparty_hash:856bc7fd96],[private_purpose_hash:1e37adc33c],Курьерская служба +,
,,10.10.2024,"16 814,30",[counterparty_hash:335b2a2e9a],,Поступление денег с торг. точек,
,,10.10.2024,"-299,00",[counterparty_hash:a079b1ede6],,РКО,
,,10.10.2024,"-39,79",[counterparty_hash:a079b1ede6],,Эквайринг,
,,10.10.2024,"-1 000,00",[counterparty_hash:23573dbbe8],,Таргетированная реклама,
,,11.10.2024,"-6 000,00",[counterparty_hash:7518be4ba8],[private_purpose_hash:e53e4687d1],Покупка ОС,
,,09.10.2024,"-1 800,00",[counterparty_hash:e0e7137bcf],,Оплата поставщикам ,
,,10.10.2024,"-8 020,00",[counterparty_hash:856bc7fd96],,Курьерская служба -,
,,10.10.2024,"8 164,20",[counterparty_hash:335b2a2e9a],,Поступление денег с торг. точек,
,,10.10.2024,"-8 461,00",[counterparty_hash:2a84eb0be0],,Оплата поставщикам ,
,,10.10.2024,"67 905,00",[counterparty_hash:335b2a2e9a],,Поступление денег с торг. точек,
,,10.10.2024,"-1 018,73",[counterparty_hash:a079b1ede6],,Эквайринг,
,,10.10.2024,"-200 000,00",,,Выбытие — Перевод между счетами,
,,10.10.2024,"-1 184,00",[counterparty_hash:2c9dd7c496],,Телекоммуникации,
,,10.10.2024,"991,00",[counterparty_hash:335b2a2e9a],,Поступление денег с торг. точек,
,,10.10.2024,"-3,96",[counterparty_hash:a079b1ede6],,Эквайринг,
,,10.10.2024,"1 189,00",[counterparty_hash:335b2a2e9a],,Поступление денег с торг. точек,
,,10.10.2024,"-4,76",[counterparty_hash:a079b1ede6],,Эквайринг,
,,10.10.2024,"-4 214,82",[counterparty_hash:2a84eb0be0],,Оплата поставщикам ,
,,10.10.2024,"-1 729,01",[counterparty_hash:2a84eb0be0],,Расходы на питание персонала,
,,10.10.2024,"-491,96",[counterparty_hash:2a84eb0be0],,Содержание торговых точек,
,,11.10.2024,"57 066,00",[counterparty_hash:335b2a2e9a],,Поступление денег с торг. точек,
,,11.10.2024,"-856,12",[counterparty_hash:a079b1ede6],,Эквайринг,
,,11.10.2024,"1 079,00",[counterparty_hash:335b2a2e9a],,Поступление денег с торг. точек,
,,11.10.2024,"-4,32",[counterparty_hash:a079b1ede6],,Эквайринг,
,,11.10.2024,"1 230,00",[counterparty_hash:335b2a2e9a],,Поступление денег с торг. точек,
,,11.10.2024,"-4,92",[counterparty_hash:a079b1ede6],,Эквайринг,
,,12.10.2024,"136 624,65",[counterparty_hash:335b2a2e9a],,Поступление денег с торг. точек,
,,12.10.2024,"-2 049,64",[counterparty_hash:a079b1ede6],,Эквайринг,
,,12.10.2024,"-22 628,69",[counterparty_hash:acffbdf399],,Оплата поставщикам ,
,,12.10.2024,"-8 156,10",[counterparty_hash:10ad09b2bf],,Оплата поставщикам ,
,,12.10.2024,"-5 553,90",[counterparty_hash:81088c4e1c],,Оплата поставщикам ,
,,12.10.2024,"-103 295,70",[counterparty_hash:01761130fc],,Оплата поставщикам ,
,,12.10.2024,"-2 000,00",[counterparty_hash:23573dbbe8],,Таргетированная реклама,
,,12.10.2024,"-198,00",[counterparty_hash:2a84eb0be0],[private_purpose_hash:34244bdc7f],Расходы на персонал,
,,12.10.2024,"-754,20",[counterparty_hash:2a84eb0be0],[private_purpose_hash:34244bdc7f],Расходы на персонал,
,,12.10.2024,"635,00",[counterparty_hash:335b2a2e9a],,Поступление денег с торг. точек,
,,12.10.2024,"-2,54",[counterparty_hash:a079b1ede6],,Эквайринг,
,,12.10.2024,"470,00",[counterparty_hash:335b2a2e9a],,Поступление денег с торг. точек,
,,12.10.2024,"-1,88",[counterparty_hash:a079b1ede6],,Эквайринг,
,,12.10.2024,"1 173,00",[counterparty_hash:335b2a2e9a],,Поступление денег с торг. точек,
,,12.10.2024,"-4,69",[counterparty_hash:a079b1ede6],,Эквайринг,
,,12.10.2024,"-1 789,94",[counterparty_hash:2a84eb0be0],,Расходы на питание персонала,
,,12.10.2024,"-2 339,80",[counterparty_hash:2a84eb0be0],,Оплата поставщикам ,
,,12.10.2024,"-146,96",[counterparty_hash:2a84eb0be0],,Содержание торговых точек,
,,13.10.2024,"-37 047,00",[counterparty_hash:4b0e39f45b],,Оплата поставщикам ,
,,13.10.2024,"-12 885,00",[counterparty_hash:e1cb4e2da2],,Оплаты систем автоматизации,
,,13.10.2024,"-25 270,17",[counterparty_hash:55d2a5f343],,Оплата поставщикам ,
,,13.10.2024,"-2 000,00",[counterparty_hash:64b5ca4d90],,Оплата поставщикам ,
,,13.10.2024,"-53 121,40",[counterparty_hash:c7da8c8c1f],,Оплата поставщикам ,
,,13.10.2024,"-34 208,23",[counterparty_hash:81088c4e1c],,Оплата поставщикам ,
,,13.10.2024,"139 856,65",[counterparty_hash:335b2a2e9a],,Поступление денег с торг. точек,
,,13.10.2024,"-2 098,09",[counterparty_hash:a079b1ede6],,Эквайринг,
,,13.10.2024,"-1 500,00",[counterparty_hash:23573dbbe8],,Таргетированная реклама,
,,13.10.2024,"-746,46",[counterparty_hash:10ad09b2bf],,Оплата поставщикам ,
,,13.10.2024,"-2 784,00",[counterparty_hash:10ad09b2bf],,Оплата поставщикам ,
,,13.10.2024,"825,00",[counterparty_hash:335b2a2e9a],,Поступление денег с торг. точек,
,,13.10.2024,"-3,30",[counterparty_hash:a079b1ede6],,Эквайринг,
,,13.10.2024,"4 454,00",[counterparty_hash:335b2a2e9a],,Поступление денег с торг. точек,
,,13.10.2024,"-17,82",[counterparty_hash:a079b1ede6],,Эквайринг,
,,13.10.2024,"-1 014,00",[counterparty_hash:10ad09b2bf],,Оплата поставщикам ,
,,11.10.2024,"23 854,02",[counterparty_hash:335b2a2e9a],,Поступление денег с торг. точек,
,,11.10.2024,"-35,32",[counterparty_hash:a079b1ede6],,Эквайринг,
,,12.10.2024,"36 844,07",[counterparty_hash:335b2a2e9a],,Поступление денег с торг. точек,
,,12.10.2024,"-75,14",[counterparty_hash:a079b1ede6],,Эквайринг,
,,13.10.2024,"23 248,89",[counterparty_hash:335b2a2e9a],,Поступление денег с торг. точек,
,,13.10.2024,"-39,52",[counterparty_hash:a079b1ede6],,Эквайринг,
,,11.10.2024,"-1 097,70",,[private_purpose_hash:03ef6b2653],Корретировки кассы -,
,,11.10.2024,"-12 960,00",[counterparty_hash:856bc7fd96],,Курьерская служба -,
,,11.10.2024,"23 225,00",[counterparty_hash:335b2a2e9a],,Поступление денег с торг. точек,
,,11.10.2024,"-8 412,32",[counterparty_hash:6786cc9f19],,Оплата поставщикам ,
,,12.10.2024,"-161,00",[counterparty_hash:2a84eb0be0],,Расходы на питание персонала,
,,12.10.2024,"-3 152,00",[counterparty_hash:2a84eb0be0],,Оплата поставщикам ,
,,12.10.2024,"-239,96",[counterparty_hash:2a84eb0be0],,Оплата поставщикам ,
,,12.10.2024,"-1 800,00",[counterparty_hash:e0e7137bcf],,Оплата поставщикам ,
,,12.10.2024,"-15 630,00",[counterparty_hash:856bc7fd96],,Курьерская служба -,
,,12.10.2024,"39 345,00",[counterparty_hash:335b2a2e9a],,Поступление денег с торг. точек,
,,13.10.2024,"-12 580,00",[counterparty_hash:856bc7fd96],,Курьерская служба -,
,,13.10.2024,"28 603,00",[counterparty_hash:335b2a2e9a],,Поступление денег с торг. точек,
,,14.10.2024,"-3 200,00",[counterparty_hash:768e87a312],[private_purpose_hash:eec3375397],Расходы на персонал,
,,14.10.2024,"-8 000,00",[counterparty_hash:768e87a312],[private_purpose_hash:2331a21830],Содержание торговых точек,
,,14.10.2024,"34 500,00",,,Поступление — Перевод между счетами,
,,14.10.2024,"1 600,00",[counterparty_hash:7518be4ba8],[private_purpose_hash:3f689c75a6],Прочие поступления,
,,15.10.2024,"1 500,00",[counterparty_hash:856bc7fd96],[private_purpose_hash:4800d18c11],Курьерская служба +,
,,15.10.2024,"3 050,00",,,Поступление — Перевод между счетами,
,,15.10.2024,"205 346,00",,,Поступление — Перевод между счетами,
,,15.10.2024,"-30 000,00",[counterparty_hash:856bc7fd96],,Зарплата административного персонала,
,,15.10.2024,"-15 000,00",[counterparty_hash:856bc7fd96],,Содержание торговых точек,
,,15.10.2024,"-7 500,00",[counterparty_hash:856bc7fd96],,Содержание торговых точек,
,,15.10.2024,"-34 000,00",[counterparty_hash:856bc7fd96],,Зарплата административного персонала,
,,15.10.2024,"-1 000,00",[counterparty_hash:2a84eb0be0],[private_purpose_hash:e0e710087f],Содержание торговых точек,
,,15.10.2024,"-3 500,00",[counterparty_hash:7d88c914c2],,Аренда торговых точек,
,,15.10.2024,"-171 547,00",[counterparty_hash:856bc7fd96],,Зарплата производственного персонала,
,,14.10.2024,"11 200,00",,,Поступление — Перевод между счетами,
,,13.10.2024,"-198,00",[counterparty_hash:a079b1ede6],,РКО,
,,13.10.2024,"-200,00",[counterparty_hash:335b2a2e9a],[private_purpose_hash:dd7a914031],Возвраты клиентам,
,,10.10.2024,"200 000,00",,,Поступление — Перевод между счетами,
,,10.10.2024,"-100 000,00",[counterparty_hash:913fe52b19],,Дивиденды,
,,10.10.2024,"-100 000,00",[counterparty_hash:9d002889b3],,Дивиденды,
,,11.10.2024,"-840,00",[counterparty_hash:a079b1ede6],,РКО,
,,15.10.2024,"205 346,00",,,Поступление — Перевод между счетами,
,,15.10.2024,"-205 346,00",,,Выбытие — Перевод между счетами,
,,14.10.2024,"-34 500,00",,,Выбытие — Перевод между счетами,
,,14.10.2024,"-5 648,00",[counterparty_hash:2a84eb0be0],,Оплата поставщикам ,
,,14.10.2024,"-10 220,00",[counterparty_hash:856bc7fd96],,Курьерская служба -,
,,14.10.2024,"15 081,00",[counterparty_hash:335b2a2e9a],,Поступление денег с торг. точек,
,,15.10.2024,"-3 050,00",,,Выбытие — Перевод между счетами,
,,15.10.2024,"-8 800,00",[counterparty_hash:856bc7fd96],,Курьерская служба -,
,,15.10.2024,"8 832,00",[counterparty_hash:335b2a2e9a],,Поступление денег с торг. точек,
,,14.10.2024,"19 756,91",[counterparty_hash:335b2a2e9a],,Поступление денег с торг. точек,
,,14.10.2024,"-27,38",[counterparty_hash:a079b1ede6],,Эквайринг,
,,15.10.2024,"11 308,08",[counterparty_hash:335b2a2e9a],,Поступление денег с торг. точек,
,,15.10.2024,"-14,58",[counterparty_hash:a079b1ede6],,Эквайринг,
,,14.10.2024,"86 926,50",[counterparty_hash:335b2a2e9a],,Поступление денег с торг. точек,
,,14.10.2024,"-1 304,06",[counterparty_hash:a079b1ede6],,Эквайринг,
,,14.10.2024,"-5 000,00",[counterparty_hash:810942d5fa],,Телекоммуникации,
,,14.10.2024,"-11 200,00",,,Выбытие — Перевод между счетами,
,,14.10.2024,"-6 301,03",[counterparty_hash:2a84eb0be0],,Оплата поставщикам ,
,,14.10.2024,"-21,98",[counterparty_hash:2a84eb0be0],,Содержание торговых точек,
,,14.10.2024,"-1 706,98",[counterparty_hash:2a84eb0be0],,Расходы на питание персонала,
,,15.10.2024,"81 331,20",[counterparty_hash:335b2a2e9a],,Поступление денег с торг. точек,
,,15.10.2024,"-1 220,13",[counterparty_hash:a079b1ede6],,Эквайринг,
,,15.10.2024,"-205 346,00",,,Выбытие — Перевод между счетами,
,,15.10.2024,"782,00",[counterparty_hash:335b2a2e9a],,Поступление денег с торг. точек,
,,15.10.2024,"-3,13",[counterparty_hash:a079b1ede6],,Эквайринг,
,,16.10.2024,"-5 135,00",[counterparty_hash:2a84eb0be0],,Оплата поставщикам ,
,,16.10.2024,"-8 600,00",[counterparty_hash:856bc7fd96],,Курьерская служба -,
,,16.10.2024,"15 665,00",[counterparty_hash:335b2a2e9a],,Поступление денег с торг. точек,
,,14.10.2024,"-1 800,00",[counterparty_hash:e0e7137bcf],,Оплата поставщикам ,
,,17.10.2024,"-2 000,00",[counterparty_hash:e0e7137bcf],,Оплата поставщикам ,
,,17.10.2024,"-9 040,00",[counterparty_hash:856bc7fd96],,Курьерская служба -,
,,17.10.2024,"10 125,00",[counterparty_hash:335b2a2e9a],,Поступление денег с торг. точек,
,,16.10.2024,"23 154,06",[counterparty_hash:335b2a2e9a],,Поступление денег с торг. точек,
,,16.10.2024,"-25,81",[counterparty_hash:a079b1ede6],,Эквайринг,
,,17.10.2024,"14 209,31",[counterparty_hash:335b2a2e9a],,Поступление денег с торг. точек,
,,17.10.2024,"-222 000,00",,,Выбытие — Перевод между счетами,
,,17.10.2024,"-16,44",[counterparty_hash:a079b1ede6],,Эквайринг,
,,16.10.2024,"82 267,15",[counterparty_hash:335b2a2e9a],,Поступление денег с торг. точек,
,,16.10.2024,"-1 234,19",[counterparty_hash:a079b1ede6],,Эквайринг,
,,16.10.2024,"-145 000,00",,,Выбытие — Перевод между счетами,
,,16.10.2024,"1 104,00",[counterparty_hash:335b2a2e9a],,Поступление денег с торг. точек,
,,16.10.2024,"-4,42",[counterparty_hash:a079b1ede6],,Эквайринг,
,,16.10.2024,"299,00",[counterparty_hash:335b2a2e9a],,Поступление денег с торг. точек,
,,16.10.2024,"-1,20",[counterparty_hash:a079b1ede6],,Эквайринг,
,,16.10.2024,"1 436,00",[counterparty_hash:335b2a2e9a],,Поступление денег с торг. точек,
,,16.10.2024,"-5,74",[counterparty_hash:a079b1ede6],,Эквайринг,
,,16.10.2024,"1 303,00",[counterparty_hash:335b2a2e9a],,Поступление денег с торг. точек,
,,16.10.2024,"-5,21",[counterparty_hash:a079b1ede6],,Эквайринг,
,,16.10.2024,"-2 760,29",[counterparty_hash:2a84eb0be0],,Оплата поставщикам ,
,,16.10.2024,"-2 010,79",[counterparty_hash:2a84eb0be0],,Расходы на питание персонала,
,,16.10.2024,"-3 654,96",[counterparty_hash:2a84eb0be0],,Содержание торговых точек,
,,16.10.2024,"-2 950,00",[counterparty_hash:10ad09b2bf],,Оплата поставщикам ,
,,17.10.2024,"64 676,00",[counterparty_hash:335b2a2e9a],,Поступление денег с торг. точек,
,,17.10.2024,"-970,27",[counterparty_hash:a079b1ede6],,Эквайринг,
,,17.10.2024,"222 000,00",,,Поступление — Перевод между счетами,
,,17.10.2024,"250,00",[counterparty_hash:335b2a2e9a],,Поступление денег с торг. точек,
,,17.10.2024,"-1,00",[counterparty_hash:a079b1ede6],,Эквайринг,
,,17.10.2024,"-999,00",[counterparty_hash:2a84eb0be0],[private_purpose_hash:73dd92d829],Содержание офиса,
,,17.10.2024,"-15,75",[counterparty_hash:2a84eb0be0],,Оплата поставщикам ,
,,17.10.2024,"544,00",[counterparty_hash:335b2a2e9a],,Поступление денег с торг. точек,
,,17.10.2024,"-2,18",[counterparty_hash:a079b1ede6],,Эквайринг,
,,17.10.2024,"620,00",[counterparty_hash:335b2a2e9a],,Поступление денег с торг. точек,
,,17.10.2024,"-2,48",[counterparty_hash:a079b1ede6],,Эквайринг,
,,17.10.2024,"1 149,00",[counterparty_hash:335b2a2e9a],,Поступление денег с торг. точек,
,,17.10.2024,"-4,60",[counterparty_hash:a079b1ede6],,Эквайринг,
,,18.10.2024,"28 655,65",[counterparty_hash:335b2a2e9a],,Поступление денег с торг. точек,
,,18.10.2024,"-58,37",[counterparty_hash:a079b1ede6],,Эквайринг,
,,19.10.2024,"29 888,44",[counterparty_hash:335b2a2e9a],,Поступление денег с торг. точек,
,,19.10.2024,"-28,68",[counterparty_hash:a079b1ede6],,Эквайринг,
,,20.10.2024,"24 866,80",[counterparty_hash:335b2a2e9a],,Поступление денег с торг. точек,
,,20.10.2024,"-12,55",[counterparty_hash:a079b1ede6],,Эквайринг,
,,18.10.2024,"-6 307,00",[counterparty_hash:2a84eb0be0],,Оплата поставщикам ,
,,18.10.2024,"-6,52",,,Корретировки кассы -,
,,18.10.2024,"22 876,00",[counterparty_hash:335b2a2e9a],,Поступление денег с торг. точек,
,,18.10.2024,"-15 500,00",[counterparty_hash:856bc7fd96],,Курьерская служба -,
,,19.10.2024,"-13 640,00",[counterparty_hash:856bc7fd96],,Курьерская служба -,
,,19.10.2024,"29 795,00",[counterparty_hash:335b2a2e9a],,Поступление денег с торг. точек,
,,20.10.2024,"-5 545,00",[counterparty_hash:2a84eb0be0],,Оплата поставщикам ,
,,20.10.2024,"-170,00",[counterparty_hash:2a84eb0be0],,Расходы на питание персонала,
,,20.10.2024,"-12 280,00",[counterparty_hash:856bc7fd96],,Курьерская служба -,
,,20.10.2024,"21 025,00",[counterparty_hash:335b2a2e9a],,Поступление денег с торг. точек,
,,18.10.2024,"76 130,00",[counterparty_hash:335b2a2e9a],,Поступление денег с торг. точек,
,,18.10.2024,"-1 142,15",[counterparty_hash:a079b1ede6],,Эквайринг,
,,18.10.2024,"899,00",[counterparty_hash:335b2a2e9a],,Поступление денег с торг. точек,
,,18.10.2024,"-3,60",[counterparty_hash:a079b1ede6],,Эквайринг,
,,18.10.2024,"-48,58",[counterparty_hash:2a84eb0be0],,Содержание торговых точек,
,,18.10.2024,"-1 440,07",[counterparty_hash:2a84eb0be0],,Расходы на питание персонала,
,,18.10.2024,"-2 511,79",[counterparty_hash:2a84eb0be0],,Оплата поставщикам ,
,,19.10.2024,"-4 199,85",[counterparty_hash:81088c4e1c],,Оплата поставщикам ,
,,19.10.2024,"148 716,75",[counterparty_hash:335b2a2e9a],,Поступление денег с торг. точек,
,,19.10.2024,"-2 231,03",[counterparty_hash:a079b1ede6],,Эквайринг,
,,19.10.2024,"-25 405,75",[counterparty_hash:acffbdf399],,Оплата поставщикам ,
,,19.10.2024,"-120 738,00",[counterparty_hash:01761130fc],,Оплата поставщикам ,
,,19.10.2024,"218,00",[counterparty_hash:335b2a2e9a],,Поступление денег с торг. точек,
,,19.10.2024,"-0,87",[counterparty_hash:a079b1ede6],,Эквайринг,
,,19.10.2024,"699,00",[counterparty_hash:335b2a2e9a],,Поступление денег с торг. точек,
,,19.10.2024,"-2,80",[counterparty_hash:a079b1ede6],,Эквайринг,
,,20.10.2024,"-48 795,43",[counterparty_hash:c7da8c8c1f],,Оплата поставщикам ,
,,20.10.2024,"-58 133,57",[counterparty_hash:81088c4e1c],,Оплата поставщикам ,
,,20.10.2024,"-30 375,84",[counterparty_hash:55d2a5f343],,Оплата поставщикам ,
,,20.10.2024,"-24 926,00",[counterparty_hash:4b0e39f45b],,Оплата поставщикам ,
,,20.10.2024,"140 920,15",[counterparty_hash:335b2a2e9a],,Поступление денег с торг. точек,
,,20.10.2024,"-2 114,06",[counterparty_hash:a079b1ede6],,Эквайринг,
,,20.10.2024,"-3 540,92",[counterparty_hash:2a84eb0be0],,Оплата поставщикам ,
,,20.10.2024,"-1 840,81",[counterparty_hash:2a84eb0be0],,Содержание торговых точек,
,,20.10.2024,"-1 822,05",[counterparty_hash:2a84eb0be0],,Расходы на питание персонала,
,,21.10.2024,"99 420,00",[counterparty_hash:335b2a2e9a],,Поступление денег с торг. точек,
,,21.10.2024,"-1 491,50",[counterparty_hash:a079b1ede6],,Эквайринг,
,,21.10.2024,"591,00",[counterparty_hash:335b2a2e9a],,Поступление денег с торг. точек,
,,21.10.2024,"-2,36",[counterparty_hash:a079b1ede6],,Эквайринг,
,,21.10.2024,"-16 874,13",,,Выбытие — Перевод между счетами,
,,21.10.2024,"1 119,00",[counterparty_hash:335b2a2e9a],,Поступление денег с торг. точек,
,,21.10.2024,"-4,48",[counterparty_hash:a079b1ede6],,Эквайринг,
,,22.10.2024,"43 587,00",[counterparty_hash:335b2a2e9a],,Поступление денег с торг. точек,
,,22.10.2024,"-653,87",[counterparty_hash:a079b1ede6],,Эквайринг,
,,22.10.2024,"-159 667,00",,,Выбытие — Перевод между счетами,
,,22.10.2024,"90,00",[counterparty_hash:335b2a2e9a],,Поступление денег с торг. точек,
,,22.10.2024,"-0,36",[counterparty_hash:a079b1ede6],,Эквайринг,
,,22.10.2024,"-10 599,00",[counterparty_hash:645f7c9702],[private_purpose_hash:33fb37330b],Покупка ОС,
,,22.10.2024,"-2 597,95",[counterparty_hash:2a84eb0be0],,Расходы на питание персонала,
,,22.10.2024,"-650,50",[counterparty_hash:2a84eb0be0],,Содержание торговых точек,
,,22.10.2024,"-419,95",[counterparty_hash:2a84eb0be0],,Оплата поставщикам ,
,,21.10.2024,"22 195,66",[counterparty_hash:335b2a2e9a],,Поступление денег с торг. точек,
,,22.10.2024,"7 175,96",[counterparty_hash:335b2a2e9a],,Поступление денег с торг. точек,
,,16.10.2024,"145 000,00",,,Поступление — Перевод между счетами,
,,16.10.2024,"-145 000,00",[counterparty_hash:a079b1ede6],,Оплаты по кредитам и займам,
,,21.10.2024,"-1 051,04",[counterparty_hash:a079b1ede6],,РКО,
,,22.10.2024,"159 667,00",,,Поступление — Перевод между счетами,
,,22.10.2024,"-159 667,00",,,Выбытие — Перевод между счетами,
,,21.10.2024,"16 874,13",,,Поступление — Перевод между счетами,
,,21.10.2024,"-16 874,13",[counterparty_hash:48d0f61ee3],[private_purpose_hash:48def8927f],Аренда торговых точек,
,,22.10.2024,"33 949,00",,,Поступление — Перевод между счетами,
,,22.10.2024,"159 667,00",,,Поступление — Перевод между счетами,
,,22.10.2024,"-170 238,00",[counterparty_hash:856bc7fd96],,Зарплата производственного персонала,
,,23.10.2024,"-1 000,00",[counterparty_hash:7d88c914c2],,Аренда торговых точек,
,,23.10.2024,"-12 289,32",[counterparty_hash:24d4f68d8f],,Оплата поставщикам ,
,,21.10.2024,"-6 040,00",[counterparty_hash:856bc7fd96],,Курьерская служба -,
,,21.10.2024,"23 099,85",[counterparty_hash:335b2a2e9a],,Поступление денег с торг. точек,
,,22.10.2024,"-5 391,00",[counterparty_hash:2a84eb0be0],,Оплата поставщикам ,
,,22.10.2024,"-33 949,00",,,Выбытие — Перевод между счетами,
,,22.10.2024,"-7 580,00",[counterparty_hash:856bc7fd96],,Курьерская служба -,
,,22.10.2024,"4 479,00",[counterparty_hash:335b2a2e9a],,Поступление денег с торг. точек,
,,23.10.2024,"14 059,31",[counterparty_hash:335b2a2e9a],,Поступление денег с торг. точек,
,,23.10.2024,"-21,26",[counterparty_hash:a079b1ede6],,Эквайринг,
,,23.10.2024,"-6 920,00",[counterparty_hash:856bc7fd96],,Курьерская служба -,
,,23.10.2024,"16 590,00",[counterparty_hash:335b2a2e9a],,Поступление денег с торг. точек,
,,23.10.2024,"54 062,80",[counterparty_hash:335b2a2e9a],,Поступление денег с торг. точек,
,,23.10.2024,"-811,05",[counterparty_hash:a079b1ede6],,Эквайринг,
,,23.10.2024,"-1 990,00",[counterparty_hash:a079b1ede6],,РКО,
,,23.10.2024,"-99,00",[counterparty_hash:a079b1ede6],,РКО,
,,23.10.2024,"-990,00",[counterparty_hash:a079b1ede6],,РКО,
,,23.10.2024,"-5 000,00",[counterparty_hash:810942d5fa],,Телекоммуникации,
,,23.10.2024,"-100,68",[counterparty_hash:3cab83ecee],[private_purpose_hash:7382463e51],Налоги с з/п,
,,23.10.2024,"-125,00",[counterparty_hash:2a84eb0be0],[private_purpose_hash:813e51793e],Содержание офиса,
,,23.10.2024,"-117,98",[counterparty_hash:2a84eb0be0],,Расходы на питание персонала,
,,24.10.2024,"-3 500,00",[counterparty_hash:768e87a312],[private_purpose_hash:b2ba429330],Содержание торговых точек,
,,24.10.2024,"-7 820,00",[counterparty_hash:856bc7fd96],,Курьерская служба -,
,,24.10.2024,"13 851,00",[counterparty_hash:335b2a2e9a],,Поступление денег с торг. точек,
,,24.10.2024,"-5 493,00",[counterparty_hash:2a84eb0be0],,Оплата поставщикам ,
,,24.10.2024,"21 151,20",[counterparty_hash:335b2a2e9a],,Поступление денег с торг. точек,
,,24.10.2024,"-33,04",[counterparty_hash:a079b1ede6],,Эквайринг,
,,24.10.2024,"52 222,00",[counterparty_hash:335b2a2e9a],,Поступление денег с торг. точек,
,,24.10.2024,"-783,44",[counterparty_hash:a079b1ede6],,Эквайринг,
,,24.10.2024,"-89 366,00",,,Выбытие — Перевод между счетами,
,,24.10.2024,"-5 000,00",[counterparty_hash:23573dbbe8],,Таргетированная реклама,
,,24.10.2024,"1 088,00",[counterparty_hash:335b2a2e9a],,Поступление денег с торг. точек,
,,24.10.2024,"-4,35",[counterparty_hash:a079b1ede6],,Эквайринг,
,,24.10.2024,"1 017,00",[counterparty_hash:335b2a2e9a],,Поступление денег с торг. точек,
,,24.10.2024,"-4,07",[counterparty_hash:a079b1ede6],,Эквайринг,
,,24.10.2024,"-3 249,78",[counterparty_hash:2a84eb0be0],,Оплата поставщикам ,
,,24.10.2024,"-13,99",[counterparty_hash:2a84eb0be0],,Содержание торговых точек,
,,24.10.2024,"-1 929,75",[counterparty_hash:2a84eb0be0],,Расходы на питание персонала,
,,24.10.2024,"-1 231,32",[counterparty_hash:2a84eb0be0],,Содержание торговых точек,
,,25.10.2024,"56 054,50",[counterparty_hash:335b2a2e9a],,Поступление денег с торг. точек,
,,25.10.2024,"-840,93",[counterparty_hash:a079b1ede6],,Эквайринг,
,,25.10.2024,"1 435,00",[counterparty_hash:335b2a2e9a],,Поступление денег с торг. точек,
,,25.10.2024,"-5,74",[counterparty_hash:a079b1ede6],,Эквайринг,
,,25.10.2024,"1 631,00",[counterparty_hash:335b2a2e9a],,Поступление денег с торг. точек,
,,25.10.2024,"-6,52",[counterparty_hash:a079b1ede6],,Эквайринг,
,,25.10.2024,"150,00",[counterparty_hash:335b2a2e9a],,Поступление денег с торг. точек,
,,25.10.2024,"-0,60",[counterparty_hash:a079b1ede6],,Эквайринг,
,,25.10.2024,"1 362,00",[counterparty_hash:335b2a2e9a],,Поступление денег с торг. точек,
,,25.10.2024,"-5,45",[counterparty_hash:a079b1ede6],,Эквайринг,
,,25.10.2024,"-5 550,00",[counterparty_hash:bc434624a0],,Оплата поставщикам ,
,,25.10.2024,"-42 307,46",[counterparty_hash:4b0e39f45b],,Оплата поставщикам ,
,,25.10.2024,"-30 061,54",[counterparty_hash:acffbdf399],,Оплата поставщикам ,
,,25.10.2024,"-54 372,41",[counterparty_hash:c7da8c8c1f],,Оплата поставщикам ,
,,25.10.2024,"-46 291,61",[counterparty_hash:81088c4e1c],,Оплата поставщикам ,
,,25.10.2024,"-9 501,26",[counterparty_hash:10ad09b2bf],,Оплата поставщикам ,
,,25.10.2024,"-33 333,69",[counterparty_hash:55d2a5f343],,Оплата поставщикам ,
,,25.10.2024,"-123 705,00",[counterparty_hash:01761130fc],,Оплата поставщикам ,
,,25.10.2024,"-4 178,25",[counterparty_hash:81088c4e1c],,Оплата поставщикам ,
,,25.10.2024,"-23 000,00",[counterparty_hash:913fe52b19],,Зарплата административного персонала,
,,25.10.2024,"1 133,00",[counterparty_hash:335b2a2e9a],,Поступление денег с торг. точек,
,,25.10.2024,"-4,53",[counterparty_hash:a079b1ede6],,Эквайринг,
,,25.10.2024,"660,00",[counterparty_hash:335b2a2e9a],,Поступление денег с торг. точек,
,,25.10.2024,"-2,64",[counterparty_hash:a079b1ede6],,Эквайринг,
,,25.10.2024,"-296,00",[counterparty_hash:2a84eb0be0],[private_purpose_hash:4e29a90795],Оплата поставщикам ,
,,25.10.2024,"-1 437,00",[counterparty_hash:10ad09b2bf],,Оплата поставщикам ,
,,26.10.2024,"132 498,40",[counterparty_hash:335b2a2e9a],,Поступление денег с торг. точек,
,,26.10.2024,"-1 987,76",[counterparty_hash:a079b1ede6],,Эквайринг,
,,26.10.2024,"1 095,00",[counterparty_hash:335b2a2e9a],,Поступление денег с торг. точек,
,,26.10.2024,"-4,38",[counterparty_hash:a079b1ede6],,Эквайринг,
,,26.10.2024,"480,00",[counterparty_hash:335b2a2e9a],,Поступление денег с торг. точек,
,,26.10.2024,"-1,92",[counterparty_hash:a079b1ede6],,Эквайринг,
,,26.10.2024,"-487,37",[counterparty_hash:2a84eb0be0],[private_purpose_hash:34244bdc7f],Расходы на персонал,
,,26.10.2024,"-13,99",[counterparty_hash:2a84eb0be0],,Содержание торговых точек,
,,26.10.2024,"-4 319,05",[counterparty_hash:2a84eb0be0],,Оплата поставщикам ,
,,27.10.2024,"132 419,25",[counterparty_hash:335b2a2e9a],,Поступление денег с торг. точек,
,,27.10.2024,"-1 986,57",[counterparty_hash:a079b1ede6],,Эквайринг,
,,27.10.2024,"482,00",[counterparty_hash:335b2a2e9a],,Поступление денег с торг. точек,
,,27.10.2024,"-1,93",[counterparty_hash:a079b1ede6],,Эквайринг,
,,27.10.2024,"1 020,00",[counterparty_hash:335b2a2e9a],,Поступление денег с торг. точек,
,,27.10.2024,"-4,08",[counterparty_hash:a079b1ede6],,Эквайринг,
,,25.10.2024,"15 787,09",[counterparty_hash:335b2a2e9a],,Поступление денег с торг. точек,
,,25.10.2024,"-28,78",[counterparty_hash:a079b1ede6],,Эквайринг,
,,26.10.2024,"48 408,13",[counterparty_hash:335b2a2e9a],,Поступление денег с торг. точек,
,,26.10.2024,"-59,51",[counterparty_hash:a079b1ede6],,Эквайринг,
,,27.10.2024,"33 353,96",[counterparty_hash:335b2a2e9a],,Поступление денег с торг. точек,
,,27.10.2024,"-42,30",[counterparty_hash:a079b1ede6],,Эквайринг,
,,27.10.2024,"-1 000,00",[counterparty_hash:b2b25bc0ee],,Поиск и найм персонала,
,,25.10.2024,"-3 952,83",[counterparty_hash:6786cc9f19],,Оплата поставщикам ,
,,25.10.2024,"-7 221,00",[counterparty_hash:1340ea64e9],,Оплата поставщикам ,
,,25.10.2024,"-54,85",,,Корретировки кассы -,
,,25.10.2024,"-16 800,00",[counterparty_hash:856bc7fd96],,Курьерская служба -,
,,25.10.2024,"42 334,00",[counterparty_hash:335b2a2e9a],,Поступление денег с торг. точек,
,,26.10.2024,"-5 333,00",[counterparty_hash:2a84eb0be0],,Оплата поставщикам ,
,,26.10.2024,"-188,00",[counterparty_hash:2a84eb0be0],,Расходы на питание персонала,
,,26.10.2024,"-16 580,00",[counterparty_hash:856bc7fd96],,Курьерская служба -,
,,26.10.2024,"29 043,00",[counterparty_hash:335b2a2e9a],,Поступление денег с торг. точек,
,,27.10.2024,"-11 640,00",[counterparty_hash:856bc7fd96],,Курьерская служба -,
,,27.10.2024,"23 588,00",[counterparty_hash:335b2a2e9a],,Поступление денег с торг. точек,
,,26.10.2024,"-2 092,56",[counterparty_hash:2a84eb0be0],,Расходы на питание персонала,
,,28.10.2024,"22 847,41",[counterparty_hash:335b2a2e9a],,Поступление денег с торг. точек,
,,28.10.2024,"-3,98",[counterparty_hash:a079b1ede6],,Эквайринг,
,,29.10.2024,"18 782,33",[counterparty_hash:335b2a2e9a],,Поступление денег с торг. точек,
,,29.10.2024,"-26,09",[counterparty_hash:a079b1ede6],,Эквайринг,
,,24.10.2024,"89 366,00",,,Поступление — Перевод между счетами,
,,25.10.2024,"-89 366,00",[counterparty_hash:48d0f61ee3],,Аренда торговых точек,
,,28.10.2024,"31 605,00",,,Поступление — Перевод между счетами,
,,28.10.2024,"400,00",,[private_purpose_hash:20efe358eb],Прочие поступления,
,,29.10.2024,"136 506,00",,,Поступление — Перевод между счетами,
,,29.10.2024,"-159 854,00",[counterparty_hash:856bc7fd96],,Зарплата производственного персонала,
,,29.10.2024,"-6 751,35",[counterparty_hash:1340ea64e9],,Оплата поставщикам ,
,,28.10.2024,"-31 605,00",,,Выбытие — Перевод между счетами,
,,28.10.2024,"-7 306,00",[counterparty_hash:2a84eb0be0],,Оплата поставщикам ,
,,28.10.2024,"-9 180,00",[counterparty_hash:856bc7fd96],,Курьерская служба -,
,,28.10.2024,"7 929,00",[counterparty_hash:335b2a2e9a],,Поступление денег с торг. точек,
,,27.10.2024,"-400,00",[counterparty_hash:7518be4ba8],[private_purpose_hash:bfc1ab3199],Содержание торговых точек,
,,26.10.2024,"-1 000,00",[counterparty_hash:856bc7fd96],,Содержание торговых точек,
,,29.10.2024,"-8 780,00",[counterparty_hash:856bc7fd96],,Курьерская служба -,
,,29.10.2024,"13 270,00",[counterparty_hash:335b2a2e9a],,Поступление денег с торг. точек,
,,28.10.2024,"94 036,30",[counterparty_hash:335b2a2e9a],,Поступление денег с торг. точек,
,,28.10.2024,"-1 410,72",[counterparty_hash:a079b1ede6],,Эквайринг,
,,28.10.2024,"-100 000,00",[counterparty_hash:48d0f61ee3],,Аренда торговых точек,
,,28.10.2024,"1 055,00",[counterparty_hash:335b2a2e9a],,Поступление денег с торг. точек,
,,28.10.2024,"-4,22",[counterparty_hash:a079b1ede6],,Эквайринг,
,,28.10.2024,"-1 543,94",[counterparty_hash:2a84eb0be0],,Содержание торговых точек,
,,28.10.2024,"-2 464,03",[counterparty_hash:2a84eb0be0],,Расходы на питание персонала,
,,28.10.2024,"-4 221,92",[counterparty_hash:2a84eb0be0],,Оплата поставщикам ,
,,29.10.2024,"66 746,00",[counterparty_hash:335b2a2e9a],,Поступление денег с торг. точек,
,,29.10.2024,"-1 001,34",[counterparty_hash:a079b1ede6],,Эквайринг,
,,29.10.2024,"-136 506,00",,,Выбытие — Перевод между счетами,
,,29.10.2024,"-3,00",[counterparty_hash:2a84eb0be0],,Содержание торговых точек,
,,29.10.2024,"-15 000,00",[counterparty_hash:7518be4ba8],,Услуги ФД и НК,
,,29.10.2024,"-40 000,00",[counterparty_hash:2d609b655e],,Контекстная реклама,
,,29.10.2024,"-10 000,00",[counterparty_hash:6279bcc436],,SEO-оптимизация,
,,29.10.2024,"921,00",[counterparty_hash:335b2a2e9a],,Поступление денег с торг. точек,
,,29.10.2024,"-3,68",[counterparty_hash:a079b1ede6],,Эквайринг,
,,30.10.2024,"-400,00",[counterparty_hash:7518be4ba8],,Содержание торговых точек,
,,30.10.2024,"-200,00",[counterparty_hash:2a84eb0be0],,Расходы на питание персонала,
,,30.10.2024,"-4 556,00",[counterparty_hash:2a84eb0be0],,Оплата поставщикам ,
,,30.10.2024,"-9 600,00",[counterparty_hash:856bc7fd96],,Курьерская служба -,
,,30.10.2024,"11 808,50",[counterparty_hash:335b2a2e9a],,Поступление денег с торг. точек,
,,30.10.2024,"13 928,10",[counterparty_hash:335b2a2e9a],,Поступление денег с торг. точек,
,,30.10.2024,"-8,79",[counterparty_hash:a079b1ede6],,Эквайринг,
,,30.10.2024,"72 796,00",[counterparty_hash:335b2a2e9a],,Поступление денег с торг. точек,
,,30.10.2024,"-1 092,08",[counterparty_hash:a079b1ede6],,Эквайринг,
,,30.10.2024,"-713,99",[counterparty_hash:2a84eb0be0],,Содержание торговых точек,
,,30.10.2024,"-2 276,07",[counterparty_hash:2a84eb0be0],,Расходы на питание персонала,
,,30.10.2024,"-4 612,30",[counterparty_hash:2a84eb0be0],,Оплата поставщикам ,
,,01.11.2024,"1 500,00",[counterparty_hash:856bc7fd96],[private_purpose_hash:4800d18c11],Прочие поступления,
,,01.11.2024,"1 000,00",[counterparty_hash:856bc7fd96],[private_purpose_hash:beb6d712a4],Прочие поступления,
,,31.10.2024,"-9 040,00",[counterparty_hash:856bc7fd96],,Курьерская служба -,
,,31.10.2024,"13 571,00",[counterparty_hash:335b2a2e9a],,Поступление денег с торг. точек,
,,31.10.2024,"-66,67",,,Корретировки кассы -,
,,31.10.2024,"22 338,43",[counterparty_hash:335b2a2e9a],,Поступление денег с торг. точек,
,,31.10.2024,"-58,62",[counterparty_hash:a079b1ede6],,Эквайринг,
,,31.10.2024,"-600 000,00",,,Выбытие — Перевод между счетами,
,,31.10.2024,"600 000,00",,,Поступление — Перевод между счетами,
,,31.10.2024,"-747,10",[counterparty_hash:a079b1ede6],,РКО,
,,01.11.2024,"-11 000,00",,,Выбытие — Перевод между счетами,
,,01.11.2024,"11 000,00",,,Поступление — Перевод между счетами,
,,31.10.2024,"71 617,55",[counterparty_hash:335b2a2e9a],,Поступление денег с торг. точек,
,,31.10.2024,"-1 074,39",[counterparty_hash:a079b1ede6],,Эквайринг,
,,31.10.2024,"-5 000,00",[counterparty_hash:810942d5fa],,Телекоммуникации,
,,01.11.2024,"17 211,30",[counterparty_hash:335b2a2e9a],,Поступление денег с торг. точек,
,,01.11.2024,"-140 000,00",,,Выбытие — Перевод между счетами,
,,01.11.2024,"-17,62",[counterparty_hash:a079b1ede6],,Эквайринг,
,,02.11.2024,"38 457,02",[counterparty_hash:335b2a2e9a],,Поступление денег с торг. точек,
,,02.11.2024,"-94,95",[counterparty_hash:a079b1ede6],,Эквайринг,
,,03.11.2024,"14 397,51",[counterparty_hash:335b2a2e9a],,Поступление денег с торг. точек,
,,03.11.2024,"-14,93",[counterparty_hash:a079b1ede6],,Эквайринг,
,,01.11.2024,"142 910,00",[counterparty_hash:8009e18a18],,Поступление денег с торг. точек,
,,01.11.2024,"-1 500,00",,,Выбытие — Перевод между счетами,
,,01.11.2024,"-6 500,00",[counterparty_hash:856bc7fd96],,Содержание торговых точек,
,,01.11.2024,"-15 000,00",[counterparty_hash:856bc7fd96],,Зарплата административного персонала,
,,01.11.2024,"-30 000,00",[counterparty_hash:856bc7fd96],,Зарплата административного персонала,
,,01.11.2024,"-27 800,00",[counterparty_hash:856bc7fd96],,Зарплата административного персонала,
,,01.11.2024,"-5 000,00",[counterparty_hash:48d0f61ee3],,Аренда склада,
,,02.11.2024,"-700,00",[counterparty_hash:7518be4ba8],[private_purpose_hash:5508649179],Содержание торговых точек,
,,02.11.2024,"10 000,00",,,Поступление — Перевод между счетами,
,,01.11.2024,"1 500,00",,,Поступление — Перевод между счетами,
,,01.11.2024,"-7 753,00",[counterparty_hash:6786cc9f19],,Оплата поставщикам ,
,,01.11.2024,"-5 539,00",[counterparty_hash:2a84eb0be0],,Оплата поставщикам ,
,,01.11.2024,"-13 820,00",[counterparty_hash:856bc7fd96],,Курьерская служба -,
,,01.11.2024,"29 948,20",[counterparty_hash:335b2a2e9a],,Поступление денег с торг. точек,
,,01.11.2024,"-400,00",[counterparty_hash:7518be4ba8],[private_purpose_hash:febeee3eba],Содержание торговых точек,
,,02.11.2024,"-18 080,00",[counterparty_hash:856bc7fd96],,Курьерская служба -,
,,02.11.2024,"37 685,00",[counterparty_hash:335b2a2e9a],,Поступление денег с торг. точек,
,,01.11.2024,"-2 185,06",[counterparty_hash:2a84eb0be0],,Оплата поставщикам ,
,,03.11.2024,"-15 520,00",[counterparty_hash:856bc7fd96],,Курьерская служба -,
,,03.11.2024,"28 244,15",[counterparty_hash:335b2a2e9a],,Поступление денег с торг. точек,
,,01.11.2024,"78 166,00",[counterparty_hash:335b2a2e9a],,Поступление денег с торг. точек,
,,01.11.2024,"-1 172,66",[counterparty_hash:a079b1ede6],,Эквайринг,
,,01.11.2024,"-1 850,00",[counterparty_hash:bc434624a0],,Оплата поставщикам ,
,,01.11.2024,"-42 679,76",[counterparty_hash:4b0e39f45b],,Оплата поставщикам ,
,,01.11.2024,"-129 891,70",[counterparty_hash:01761130fc],,Оплата поставщикам ,
,,01.11.2024,"-31 895,35",[counterparty_hash:55d2a5f343],,Оплата поставщикам ,
,,01.11.2024,"-4 252,50",[counterparty_hash:81088c4e1c],,Оплата поставщикам ,
,,01.11.2024,"-28 000,00",[counterparty_hash:5825737bc2],,Прочие маркетинговые услуги,
,,01.11.2024,"-53 237,52",[counterparty_hash:81088c4e1c],,Оплата поставщикам ,
,,01.11.2024,"-25 584,20",[counterparty_hash:acffbdf399],,Оплата поставщикам ,
,,01.11.2024,"-53 256,54",[counterparty_hash:c7da8c8c1f],,Оплата поставщикам ,
,,01.11.2024,"-100,00",[counterparty_hash:5537360cc1],,Оплата поставщикам ,
,,01.11.2024,"2 947,00",[counterparty_hash:335b2a2e9a],,Поступление денег с торг. точек,
,,01.11.2024,"-11,79",[counterparty_hash:a079b1ede6],,Эквайринг,
,,01.11.2024,"-4 000,00",,,Выбытие — Перевод между счетами,
,,01.11.2024,"-11 000,00",,,Выбытие — Перевод между счетами,
,,01.11.2024,"15 000,00",,,Поступление — Перевод между счетами,
,,01.11.2024,"140 000,00",,,Поступление — Перевод между счетами,
,,01.11.2024,"-5 000,00",[counterparty_hash:7518be4ba8],[private_purpose_hash:5508649179],Содержание торговых точек,
,,01.11.2024,"1 172,00",[counterparty_hash:335b2a2e9a],,Поступление денег с торг. точек,
,,01.11.2024,"-4,69",[counterparty_hash:a079b1ede6],,Эквайринг,
,,01.11.2024,"-1 484,98",[counterparty_hash:2a84eb0be0],,Содержание торговых точек,
,,03.11.2024,"-7 560,00",[counterparty_hash:2a84eb0be0],,Оплата поставщикам ,
,,01.11.2024,"-1 942,01",[counterparty_hash:2a84eb0be0],,Расходы на питание персонала,
,,02.11.2024,"119 596,29",[counterparty_hash:335b2a2e9a],,Поступление денег с торг. точек,
,,02.11.2024,"-1 794,18",[counterparty_hash:a079b1ede6],,Эквайринг,
,,02.11.2024,"-83 000,00",,,Выбытие — Перевод между счетами,
,,02.11.2024,"-1 500,00",,,Выбытие — Перевод между счетами,
,,02.11.2024,"-10 000,00",,,Выбытие — Перевод между счетами,
,,02.11.2024,"-4 000,00",[counterparty_hash:7518be4ba8],[private_purpose_hash:5508649179],Содержание торговых точек,
,,02.11.2024,"492,00",[counterparty_hash:335b2a2e9a],,Поступление денег с торг. точек,
,,02.11.2024,"-1,97",[counterparty_hash:a079b1ede6],,Эквайринг,
,,02.11.2024,"1 206,00",[counterparty_hash:335b2a2e9a],,Поступление денег с торг. точек,
,,02.11.2024,"-4,82",[counterparty_hash:a079b1ede6],,Эквайринг,
,,02.11.2024,"1 015,00",[counterparty_hash:335b2a2e9a],,Поступление денег с торг. точек,
,,02.11.2024,"-4,06",[counterparty_hash:a079b1ede6],,Эквайринг,
,,02.11.2024,"-20 000,00",,,Выбытие — Перевод между счетами,
,,02.11.2024,"992,00",[counterparty_hash:335b2a2e9a],,Поступление денег с торг. точек,
,,02.11.2024,"-3,97",[counterparty_hash:a079b1ede6],,Эквайринг,
,,02.11.2024,"280,00",[counterparty_hash:335b2a2e9a],,Поступление денег с торг. точек,
,,02.11.2024,"-1,12",[counterparty_hash:a079b1ede6],,Эквайринг,
,,02.11.2024,"992,00",[counterparty_hash:335b2a2e9a],,Поступление денег с торг. точек,
,,02.11.2024,"-3,97",[counterparty_hash:a079b1ede6],,Эквайринг,
,,03.11.2024,"178 102,00",[counterparty_hash:335b2a2e9a],,Поступление денег с торг. точек,
,,03.11.2024,"-2 671,89",[counterparty_hash:a079b1ede6],,Эквайринг,
,,03.11.2024,"930,00",[counterparty_hash:335b2a2e9a],,Поступление денег с торг. точек,
,,03.11.2024,"-3,72",[counterparty_hash:a079b1ede6],,Эквайринг,
,,03.11.2024,"863,00",[counterparty_hash:335b2a2e9a],,Поступление денег с торг. точек,
,,03.11.2024,"-3,45",[counterparty_hash:a079b1ede6],,Эквайринг,
,,03.11.2024,"865,00",[counterparty_hash:335b2a2e9a],,Поступление денег с торг. точек,
,,03.11.2024,"-3,46",[counterparty_hash:a079b1ede6],,Эквайринг,
,,03.11.2024,"-879,99",[counterparty_hash:2a84eb0be0],,Содержание торговых точек,
,,03.11.2024,"-4 394,14",[counterparty_hash:2a84eb0be0],,Расходы на питание персонала,
,,03.11.2024,"-4 380,61",[counterparty_hash:2a84eb0be0],,Оплата поставщикам ,
,,03.11.2024,"-127,00",[counterparty_hash:10ad09b2bf],,Оплата поставщикам ,
,,04.11.2024,"-8 990,00",[counterparty_hash:37bfda1ad9],[private_purpose_hash:29971de4fc],Сайт и приложение,
,,05.11.2024,"47 200,00",,,Поступление — Перевод между счетами,
,,05.11.2024,"70 410,00",,,Поступление — Перевод между счетами,
,,05.11.2024,"-1 500,00",[counterparty_hash:7d88c914c2],,Аренда торговых точек,
,,05.11.2024,"-193 324,00",[counterparty_hash:856bc7fd96],,Зарплата производственного персонала,
,,06.11.2024,"15 000,00",,,Поступление — Перевод между счетами,
,,06.11.2024,"-700,00",[counterparty_hash:b2b25bc0ee],,Поиск и найм персонала,
,,06.11.2024,"-4 034,00",[counterparty_hash:7518be4ba8],[private_purpose_hash:263efba924],Содержание торговых точек,
,,04.11.2024,"31 679,36",[counterparty_hash:335b2a2e9a],,Поступление денег с торг. точек,
,,04.11.2024,"-54,48",[counterparty_hash:a079b1ede6],,Эквайринг,
,,05.11.2024,"25 671,50",[counterparty_hash:335b2a2e9a],,Поступление денег с торг. точек,
,,05.11.2024,"-9,02",[counterparty_hash:a079b1ede6],,Эквайринг,
,,04.11.2024,"153 779,00",[counterparty_hash:335b2a2e9a],,Поступление денег с торг. точек,
,,04.11.2024,"-2 307,01",[counterparty_hash:a079b1ede6],,Эквайринг,
,,04.11.2024,"500,00",[counterparty_hash:335b2a2e9a],,Поступление денег с торг. точек,
,,04.11.2024,"-2,00",[counterparty_hash:a079b1ede6],,Эквайринг,
,,04.11.2024,"2 051,00",[counterparty_hash:335b2a2e9a],,Поступление денег с торг. точек,
,,04.11.2024,"-8,20",[counterparty_hash:a079b1ede6],,Эквайринг,
,,05.11.2024,"102 186,50",[counterparty_hash:335b2a2e9a],,Поступление денег с торг. точек,
,,05.11.2024,"-1 533,02",[counterparty_hash:a079b1ede6],,Эквайринг,
,,05.11.2024,"-70 410,00",,,Выбытие — Перевод между счетами,
,,05.11.2024,"-17 152,00",[counterparty_hash:645f7c9702],[private_purpose_hash:af47996115],Покупка ОС,
,,05.11.2024,"922,00",[counterparty_hash:335b2a2e9a],,Поступление денег с торг. точек,
,,05.11.2024,"-3,69",[counterparty_hash:a079b1ede6],,Эквайринг,
,,05.11.2024,"-17 814,00",,,Выбытие — Перевод между счетами,
,,05.11.2024,"-3 820,00",[counterparty_hash:3b5286b1f7],,Комиссия агрегатору,
,,05.11.2024,"-99 588,00",[counterparty_hash:4e9e5a80a9],,Сайт и приложение,
,,05.11.2024,"-2 692,00",[counterparty_hash:48d0f61ee3],[private_purpose_hash:fc4f5dab96],Аренда торговых точек,
,,05.11.2024,"-15 000,00",,,Выбытие — Перевод между счетами,
,,05.11.2024,"17 814,00",,,Поступление — Перевод между счетами,
,,05.11.2024,"-6 000,00",[counterparty_hash:3b5286b1f7],,Комиссия агрегатору,
,,05.11.2024,"557,00",[counterparty_hash:335b2a2e9a],,Поступление денег с торг. точек,
,,05.11.2024,"-2,23",[counterparty_hash:a079b1ede6],,Эквайринг,
,,05.11.2024,"-1 168,60",[counterparty_hash:2a84eb0be0],,Содержание торговых точек,
,,04.11.2024,"-6 032,00",[counterparty_hash:1340ea64e9],,Оплата поставщикам ,
,,05.11.2024,"-8 752,85",[counterparty_hash:2a84eb0be0],,Оплата поставщикам ,
,,05.11.2024,"-1 683,73",[counterparty_hash:2a84eb0be0],,Расходы на питание персонала,
,,05.11.2024,"-528,98",[counterparty_hash:2a84eb0be0],[private_purpose_hash:34244bdc7f],Расходы на персонал,
,,01.11.2024,"-1 500,00",[counterparty_hash:7518be4ba8],[private_purpose_hash:e7b793bef4],Содержание торговых точек,
,,02.11.2024,"-1 876,29",[counterparty_hash:a079b1ede6],,Оплаты по кредитам и займам,
,,02.11.2024,"-16 582,71",[counterparty_hash:a079b1ede6],,Оплаты по кредитам и займам,
,,02.11.2024,"-20 000,00",[counterparty_hash:9d002889b3],,Зарплата административного персонала,
,,02.11.2024,"-63 000,00",[counterparty_hash:913fe52b19],,Зарплата административного персонала,
,,02.11.2024,"1 500,00",,,Поступление — Перевод между счетами,
,,02.11.2024,"20 000,00",,,Поступление — Перевод между счетами,
,,02.11.2024,"83 000,00",,,Поступление — Перевод между счетами,
,,05.11.2024,"70 410,00",,,Поступление — Перевод между счетами,
,,05.11.2024,"-70 410,00",,,Выбытие — Перевод между счетами,
,,04.11.2024,"-13 820,00",[counterparty_hash:856bc7fd96],,Курьерская служба -,
,,04.11.2024,"40 691,00",[counterparty_hash:335b2a2e9a],,Поступление денег с торг. точек,
,,05.11.2024,"-619,00",[counterparty_hash:10ad09b2bf],,Оплата поставщикам ,
,,05.11.2024,"-47 200,00",,,Выбытие — Перевод между счетами,
,,05.11.2024,"-199,00",[counterparty_hash:2a84eb0be0],,Расходы на питание персонала,
,,05.11.2024,"-7 334,00",[counterparty_hash:2a84eb0be0],,Оплата поставщикам ,
,,05.11.2024,"-9 920,00",[counterparty_hash:856bc7fd96],,Курьерская служба -,
,,05.11.2024,"15 367,65",[counterparty_hash:335b2a2e9a],,Поступление денег с торг. точек,
,,06.11.2024,"1 000,00",[counterparty_hash:856bc7fd96],[private_purpose_hash:ebda497bef],Курьерская служба +,
,,06.11.2024,"500,00",[counterparty_hash:856bc7fd96],[private_purpose_hash:9b7fe6b67f],Курьерская служба +,
,,06.11.2024,"500,00",[counterparty_hash:856bc7fd96],[private_purpose_hash:235f80e46e],Курьерская служба +,
,,06.11.2024,"20 959,68",[counterparty_hash:335b2a2e9a],,Поступление денег с торг. точек,
,,06.11.2024,"-6,24",[counterparty_hash:a079b1ede6],,Эквайринг,
,,07.11.2024,"10 665,31",[counterparty_hash:335b2a2e9a],,Поступление денег с торг. точек,
,,07.11.2024,"-14,66",[counterparty_hash:a079b1ede6],,Эквайринг,
,,06.11.2024,"-7 620,00",[counterparty_hash:856bc7fd96],,Курьерская служба -,
,,06.11.2024,"14 345,00",[counterparty_hash:335b2a2e9a],,Поступление денег с торг. точек,
,,07.11.2024,"-6 960,00",[counterparty_hash:856bc7fd96],,Курьерская служба -,
,,07.11.2024,"11 292,00",[counterparty_hash:335b2a2e9a],,Поступление денег с торг. точек,
,,07.11.2024,"-5 165,00",[counterparty_hash:2a84eb0be0],,Оплата поставщикам ,
,,06.11.2024,"66 125,00",[counterparty_hash:335b2a2e9a],,Поступление денег с торг. точек,
,,06.11.2024,"-992,03",[counterparty_hash:a079b1ede6],,Эквайринг,
,,06.11.2024,"-2 000,00",,,Выбытие — Перевод между счетами,
,,06.11.2024,"2 000,00",,,Поступление — Перевод между счетами,
,,06.11.2024,"-95,00",[counterparty_hash:2a84eb0be0],,Содержание торговых точек,
,,06.11.2024,"-544,00",[counterparty_hash:2a84eb0be0],[private_purpose_hash:9b75bdee03],Содержание торговых точек,
,,07.11.2024,"61 856,55",[counterparty_hash:335b2a2e9a],,Поступление денег с торг. точек,
,,07.11.2024,"-927,97",[counterparty_hash:a079b1ede6],,Эквайринг,
,,07.11.2024,"-4 000,00",[counterparty_hash:b2d09b6565],,Аренда торговых точек,
,,07.11.2024,"-789,19",[counterparty_hash:9a7ac913a7],,Аренда торговых точек,
,,07.11.2024,"-3 421,13",[counterparty_hash:9a7ac913a7],,Аренда торговых точек,
,,07.11.2024,"-5 200,00",[counterparty_hash:e467eaefc4],,Оплаты систем автоматизации,
,,07.11.2024,"-3 000,00",[counterparty_hash:e1cb4e2da2],[private_purpose_hash:016c7f7ffd],Оплаты систем автоматизации,
,,07.11.2024,"-1 000,00",[counterparty_hash:b2d09b6565],,Аренда торговых точек,
,,07.11.2024,"-6 900,00",[counterparty_hash:e467eaefc4],,Оплаты систем автоматизации,
,,07.11.2024,"497,00",[counterparty_hash:335b2a2e9a],,Поступление денег с торг. точек,
,,07.11.2024,"-1,99",[counterparty_hash:a079b1ede6],,Эквайринг,
,,07.11.2024,"-546,51",[counterparty_hash:10ad09b2bf],,Оплата поставщикам ,
,,07.11.2024,"-4 011,16",[counterparty_hash:2a84eb0be0],,Оплата поставщикам ,
,,07.11.2024,"-1 644,22",[counterparty_hash:2a84eb0be0],,Расходы на питание персонала,
,,07.11.2024,"-1 232,82",[counterparty_hash:2a84eb0be0],,Содержание торговых точек,
,,08.11.2024,"21 932,49",[counterparty_hash:335b2a2e9a],,Поступление денег с торг. точек,
,,08.11.2024,"-46,59",[counterparty_hash:a079b1ede6],,Эквайринг,
,,09.11.2024,"30 728,97",[counterparty_hash:335b2a2e9a],,Поступление денег с торг. точек,
,,09.11.2024,"-87,65",[counterparty_hash:a079b1ede6],,Эквайринг,
,,10.11.2024,"-299,00",[counterparty_hash:a079b1ede6],,РКО,
,,10.11.2024,"35 068,40",[counterparty_hash:335b2a2e9a],,Поступление денег с торг. точек,
,,10.11.2024,"-17,70",[counterparty_hash:a079b1ede6],,Эквайринг,
,,08.11.2024,"-4 044,04",[counterparty_hash:6786cc9f19],,Оплата поставщикам ,
,,08.11.2024,"-13 120,00",[counterparty_hash:856bc7fd96],,Курьерская служба -,
,,08.11.2024,"8 860,00",[counterparty_hash:335b2a2e9a],,Поступление денег с торг. точек,
,,08.11.2024,"-7 331,85",[counterparty_hash:81088c4e1c],,Оплата поставщикам ,
,,09.11.2024,"-14 040,00",[counterparty_hash:856bc7fd96],,Курьерская служба -,
,,09.11.2024,"28 351,00",[counterparty_hash:335b2a2e9a],,Поступление денег с торг. точек,
,,10.11.2024,"-11 340,00",[counterparty_hash:856bc7fd96],,Курьерская служба -,
,,10.11.2024,"27 419,00",[counterparty_hash:335b2a2e9a],,Поступление денег с торг. точек,
,,08.11.2024,"51 901,00",[counterparty_hash:335b2a2e9a],,Поступление денег с торг. точек,
,,08.11.2024,"-778,65",[counterparty_hash:a079b1ede6],,Эквайринг,
,,08.11.2024,"-37,57",[counterparty_hash:3cab83ecee],,Налоги с з/п,
,,08.11.2024,"-27 287,76",[counterparty_hash:acffbdf399],,Оплата поставщикам ,
,,08.11.2024,"-25 656,40",[counterparty_hash:4b0e39f45b],,Оплата поставщикам ,
,,08.11.2024,"-12 051,50",[counterparty_hash:10ad09b2bf],,Оплата поставщикам ,
,,08.11.2024,"-56 592,39",[counterparty_hash:81088c4e1c],,Оплата поставщикам ,
,,08.11.2024,"-5 550,00",[counterparty_hash:bc434624a0],,Оплата поставщикам ,
,,08.11.2024,"-30 887,93",[counterparty_hash:55d2a5f343],,Оплата поставщикам ,
,,08.11.2024,"-120 735,00",[counterparty_hash:01761130fc],,Оплата поставщикам ,
,,08.11.2024,"-60 000,00",[counterparty_hash:c7da8c8c1f],,Оплата поставщикам ,
,,09.11.2024,"-9 965,00",[counterparty_hash:2a84eb0be0],,Оплата поставщикам ,
,,08.11.2024,"92,00",[counterparty_hash:335b2a2e9a],,Поступление денег с торг. точек,
,,08.11.2024,"-0,37",[counterparty_hash:a079b1ede6],,Эквайринг,
,,08.11.2024,"1 462,00",[counterparty_hash:335b2a2e9a],,Поступление денег с торг. точек,
,,08.11.2024,"-5,85",[counterparty_hash:a079b1ede6],,Эквайринг,
,,08.11.2024,"-5 000,00",[counterparty_hash:810942d5fa],,Телекоммуникации,
,,09.11.2024,"133 196,05",[counterparty_hash:335b2a2e9a],,Поступление денег с торг. точек,
,,09.11.2024,"-1 998,20",[counterparty_hash:a079b1ede6],,Эквайринг,
,,09.11.2024,"-180 000,00",,,Выбытие — Перевод между счетами,
,,09.11.2024,"90,00",[counterparty_hash:335b2a2e9a],,Поступление денег с торг. точек,
,,09.11.2024,"-0,36",[counterparty_hash:a079b1ede6],,Эквайринг,
,,09.11.2024,"-32,97",[counterparty_hash:2a84eb0be0],,Содержание торговых точек,
,,09.11.2024,"-1 744,52",[counterparty_hash:2a84eb0be0],,Расходы на питание персонала,
,,09.11.2024,"-3 780,66",[counterparty_hash:2a84eb0be0],,Оплата поставщикам ,
,,10.11.2024,"137 227,40",[counterparty_hash:335b2a2e9a],,Поступление денег с торг. точек,
,,10.11.2024,"-2 058,67",[counterparty_hash:a079b1ede6],,Эквайринг,
,,10.11.2024,"10,00",[counterparty_hash:335b2a2e9a],,Поступление денег с торг. точек,
,,10.11.2024,"-0,04",[counterparty_hash:a079b1ede6],,Эквайринг,
,,13.11.2024,"1 650,00",[counterparty_hash:856bc7fd96],[private_purpose_hash:bab4bfef2f],Курьерская служба +,
,,13.11.2024,"2 500,00",[counterparty_hash:856bc7fd96],[private_purpose_hash:ebda497bef],Курьерская служба +,
,,13.11.2024,"500,00",[counterparty_hash:856bc7fd96],[private_purpose_hash:235f80e46e],Курьерская служба +,
,,13.11.2024,"500,00",[counterparty_hash:856bc7fd96],[private_purpose_hash:7a0c1455cd],Курьерская служба +,
,,13.11.2024,"1 000,00",[counterparty_hash:856bc7fd96],[private_purpose_hash:8f0a62a265],Курьерская служба +,
,,13.11.2024,"1 500,00",[counterparty_hash:856bc7fd96],[private_purpose_hash:9b7fe6b67f],Курьерская служба +,
,,12.11.2024,"-165 775,00",[counterparty_hash:856bc7fd96],,Зарплата производственного персонала,
,,12.11.2024,"-1 500,00",[counterparty_hash:7d88c914c2],,Аренда торговых точек,
,,12.11.2024,"18 950,00",,,Поступление — Перевод между счетами,
,,12.11.2024,"248 000,00",,,Поступление — Перевод между счетами,
,,13.11.2024,"-400,00",[counterparty_hash:7518be4ba8],[private_purpose_hash:c95d29e8e0],Содержание офиса,
,,13.11.2024,"-3 000,00",[counterparty_hash:768e87a312],[private_purpose_hash:9619843c5f],Содержание торговых точек,
,,11.11.2024,"-5 428,00",[counterparty_hash:2a84eb0be0],,Оплата поставщикам ,
,,11.11.2024,"-0,18",[counterparty_hash:10ad09b2bf],,Оплата поставщикам ,
,,11.11.2024,"-9 920,00",[counterparty_hash:856bc7fd96],,Курьерская служба -,
,,11.11.2024,"14 851,00",[counterparty_hash:335b2a2e9a],,Поступление денег с торг. точек,
,,11.11.2024,"-1 455,00",[counterparty_hash:10ad09b2bf],,Оплата поставщикам ,
,,11.11.2024,"1 850,00",,,Поступление — Перевод между счетами,
,,11.11.2024,"-1 850,00",,,Выбытие — Перевод между счетами,
,,11.11.2024,"-4 521,39",[counterparty_hash:2a84eb0be0],,Оплата поставщикам ,
,,12.11.2024,"-395,00",[counterparty_hash:2a84eb0be0],,Содержание торговых точек,
,,12.11.2024,"-18 950,00",,,Выбытие — Перевод между счетами,
,,12.11.2024,"-7 500,00",[counterparty_hash:856bc7fd96],,Курьерская служба -,
,,12.11.2024,"15 928,00",[counterparty_hash:335b2a2e9a],,Поступление денег с торг. точек,
,,11.11.2024,"23 607,54",[counterparty_hash:335b2a2e9a],,Поступление денег с торг. точек,
,,11.11.2024,"-12,68",[counterparty_hash:a079b1ede6],,Эквайринг,
,,12.11.2024,"8 188,78",[counterparty_hash:335b2a2e9a],,Поступление денег с торг. точек,
,,12.11.2024,"-14,47",[counterparty_hash:a079b1ede6],,Эквайринг,
,,12.11.2024,"-260 000,00",,,Выбытие — Перевод между счетами,
,,11.11.2024,"87 607,00",[counterparty_hash:335b2a2e9a],,Поступление денег с торг. точек,
,,11.11.2024,"-1 314,28",[counterparty_hash:a079b1ede6],,Эквайринг,
,,11.11.2024,"755,00",[counterparty_hash:335b2a2e9a],,Поступление денег с торг. точек,
,,11.11.2024,"-3,02",[counterparty_hash:a079b1ede6],,Эквайринг,
,,11.11.2024,"-3 064,00",[counterparty_hash:2c9dd7c496],,Телекоммуникации,
,,12.11.2024,"-5 400,00",[counterparty_hash:1340ea64e9],,Оплата поставщикам ,
,,11.11.2024,"-3 540,00",[counterparty_hash:e1cb4e2da2],[private_purpose_hash:016c7f7ffd],Оплаты систем автоматизации,
,,11.11.2024,"-114 076,00",[counterparty_hash:3cab83ecee],,Налоги,
,,11.11.2024,"1 599,00",[counterparty_hash:335b2a2e9a],,Поступление денег с торг. точек,
,,11.11.2024,"-6,40",[counterparty_hash:a079b1ede6],,Эквайринг,
,,11.11.2024,"-203,96",[counterparty_hash:2a84eb0be0],,Содержание торговых точек,
,,11.11.2024,"-2 131,89",[counterparty_hash:2a84eb0be0],,Расходы на питание персонала,
,,12.11.2024,"-490,67",[counterparty_hash:2a84eb0be0],,Оплата поставщикам ,
,,13.11.2024,"-101 900,00",[counterparty_hash:e65c4e3c87],[private_purpose_hash:6e1ef21ca2],Оплата поставщикам ,
,,12.11.2024,"85 453,05",[counterparty_hash:335b2a2e9a],,Поступление денег с торг. точек,
,,12.11.2024,"-1 281,94",[counterparty_hash:a079b1ede6],,Эквайринг,
,,12.11.2024,"1 013,00",[counterparty_hash:335b2a2e9a],,Поступление денег с торг. точек,
,,12.11.2024,"-4,05",[counterparty_hash:a079b1ede6],,Эквайринг,
,,12.11.2024,"-170,00",[counterparty_hash:2a84eb0be0],,Содержание торговых точек,
,,12.11.2024,"-101 900,00",,,Выбытие — Перевод между счетами,
,,12.11.2024,"-165 722,00",,,Выбытие — Перевод между счетами,
,,12.11.2024,"260 000,00",,,Поступление — Перевод между счетами,
,,12.11.2024,"-600,00",[counterparty_hash:2a84eb0be0],,Содержание торговых точек,
,,12.11.2024,"1 151,00",[counterparty_hash:335b2a2e9a],,Поступление денег с торг. точек,
,,12.11.2024,"-4,60",[counterparty_hash:a079b1ede6],,Эквайринг,
,,12.11.2024,"-13,98",[counterparty_hash:2a84eb0be0],,Содержание торговых точек,
,,13.11.2024,"-10 919,00",[counterparty_hash:e65c4e3c87],[private_purpose_hash:6e1ef21ca2],Оплата поставщикам ,
,,12.11.2024,"1 051,00",[counterparty_hash:335b2a2e9a],,Поступление денег с торг. точек,
,,12.11.2024,"-4,20",[counterparty_hash:a079b1ede6],,Эквайринг,
,,12.11.2024,"1 561,00",[counterparty_hash:335b2a2e9a],,Поступление денег с торг. точек,
,,12.11.2024,"-6,24",[counterparty_hash:a079b1ede6],,Эквайринг,
,,14.11.2024,"-5 000,00",[counterparty_hash:856bc7fd96],[private_purpose_hash:5a948a0aeb],Курьерская служба -,
,,13.11.2024,"10 680,42",[counterparty_hash:335b2a2e9a],,Поступление денег с торг. точек,
,,13.11.2024,"-8,70",[counterparty_hash:a079b1ede6],,Эквайринг,
,,09.11.2024,"180 000,00",,,Поступление — Перевод между счетами,
,,09.11.2024,"-90 000,00",[counterparty_hash:9d002889b3],,Дивиденды,
,,09.11.2024,"-90 000,00",[counterparty_hash:913fe52b19],,Дивиденды,
,,11.11.2024,"-751,23",[counterparty_hash:a079b1ede6],,РКО,
,,12.11.2024,"-248 000,00",,,Выбытие — Перевод между счетами,
,,12.11.2024,"101 900,00",,,Поступление — Перевод между счетами,
,,12.11.2024,"165 722,00",,,Поступление — Перевод между счетами,
,,13.11.2024,"-9 240,00",[counterparty_hash:856bc7fd96],,Курьерская служба -,
,,13.11.2024,"12 832,00",[counterparty_hash:335b2a2e9a],,Поступление денег с торг. точек,
,,13.11.2024,"-4 480,00",[counterparty_hash:2a84eb0be0],,Оплата поставщикам ,
,,13.11.2024,"-300,00",[counterparty_hash:7518be4ba8],[private_purpose_hash:6eec783f51],Содержание торговых точек,
,,13.11.2024,"-2 945,00",[counterparty_hash:2a84eb0be0],[private_purpose_hash:792cdbd87b],Содержание торговых точек,
,,13.11.2024,"54 652,00",[counterparty_hash:335b2a2e9a],,Поступление денег с торг. точек,
,,13.11.2024,"-819,87",[counterparty_hash:a079b1ede6],,Эквайринг,
,,13.11.2024,"-6 000,00",,,Выбытие — Перевод между счетами,
,,13.11.2024,"4 113,00",[counterparty_hash:b2d09b6565],,Аренда торговых точек,
,,13.11.2024,"1 720,00",[counterparty_hash:335b2a2e9a],,Поступление денег с торг. точек,
,,13.11.2024,"-6,88",[counterparty_hash:a079b1ede6],,Эквайринг,
,,13.11.2024,"6 000,00",,,Поступление — Перевод между счетами,
,,13.11.2024,"20,00",[counterparty_hash:335b2a2e9a],,Поступление денег с торг. точек,
,,13.11.2024,"-0,08",[counterparty_hash:a079b1ede6],,Эквайринг,
,,13.11.2024,"1 587,00",[counterparty_hash:335b2a2e9a],,Поступление денег с торг. точек,
,,13.11.2024,"-6,35",[counterparty_hash:a079b1ede6],,Эквайринг,
,,13.11.2024,"-3 827,26",[counterparty_hash:2a84eb0be0],,Оплата поставщикам ,
,,13.11.2024,"-178,98",[counterparty_hash:2a84eb0be0],,Содержание торговых точек,
,,13.11.2024,"-1 301,91",[counterparty_hash:2a84eb0be0],,Расходы на питание персонала,
,,13.11.2024,"-308,10",[counterparty_hash:10ad09b2bf],,Оплата поставщикам ,
,,14.11.2024,"57 837,00",[counterparty_hash:335b2a2e9a],,Поступление денег с торг. точек,
,,14.11.2024,"-867,67",[counterparty_hash:a079b1ede6],,Эквайринг,
,,14.11.2024,"1,00",[counterparty_hash:335b2a2e9a],,Поступление денег с торг. точек,
,,14.11.2024,"-4 684,00",[counterparty_hash:2a84eb0be0],[private_purpose_hash:ed90e8dad1],Расходы на персонал,
,,14.11.2024,"-5 466,00",[counterparty_hash:7518be4ba8],[private_purpose_hash:91ce8a07ac],Содержание торговых точек,
,,14.11.2024,"1 612,00",[counterparty_hash:335b2a2e9a],,Поступление денег с торг. точек,
,,14.11.2024,"2 604,00",[counterparty_hash:335b2a2e9a],,Поступление денег с торг. точек,
,,14.11.2024,"942,00",[counterparty_hash:335b2a2e9a],,Поступление денег с торг. точек,
,,14.11.2024,"-6,45",[counterparty_hash:a079b1ede6],,Эквайринг,
,,14.11.2024,"-10,42",[counterparty_hash:a079b1ede6],,Эквайринг,
,,14.11.2024,"-3,77",[counterparty_hash:a079b1ede6],,Эквайринг,
,,14.11.2024,"630,00",[counterparty_hash:335b2a2e9a],,Поступление денег с торг. точек,
,,14.11.2024,"-2,52",[counterparty_hash:a079b1ede6],,Эквайринг,
,,14.11.2024,"1 099,00",[counterparty_hash:335b2a2e9a],,Поступление денег с торг. точек,
,,14.11.2024,"-4,40",[counterparty_hash:a079b1ede6],,Эквайринг,
,,14.11.2024,"20 300,00",,,Поступление — Перевод между счетами,
,,14.11.2024,"-5 000,00",,,Выбытие — Перевод между счетами,
,,14.11.2024,"5 000,00",,,Поступление — Перевод между счетами,
,,14.11.2024,"-266,00",[counterparty_hash:7518be4ba8],[private_purpose_hash:263efba924],Содержание торговых точек,
,,14.11.2024,"-9 070,00",[counterparty_hash:856bc7fd96],,Курьерская служба -,
,,14.11.2024,"18 649,75",[counterparty_hash:335b2a2e9a],,Поступление денег с торг. точек,
,,14.11.2024,"-2 400,00",[counterparty_hash:856bc7fd96],[private_purpose_hash:f858949a5b],Зарплата производственного персонала,
,,14.11.2024,"17 511,95",[counterparty_hash:335b2a2e9a],,Поступление денег с торг. точек,
,,14.11.2024,"-37,66",[counterparty_hash:a079b1ede6],,Эквайринг,
,,15.11.2024,"98 500,00",,,Поступление — Перевод между счетами,
,,15.11.2024,"-15 000,00",[counterparty_hash:856bc7fd96],[private_purpose_hash:5bed02a026],Содержание торговых точек,
,,15.11.2024,"-15 000,00",[counterparty_hash:856bc7fd96],[private_purpose_hash:6c61af76cf],Зарплата административного персонала,
,,15.11.2024,"-35 000,00",[counterparty_hash:856bc7fd96],[private_purpose_hash:f1ad3a22c5],Зарплата административного персонала,
,,15.11.2024,"-30 000,00",[counterparty_hash:856bc7fd96],[private_purpose_hash:724a67d47f],Зарплата административного персонала,
,,15.11.2024,"-2 500,00",[counterparty_hash:856bc7fd96],[private_purpose_hash:f858949a5b],Зарплата производственного персонала,
,,15.11.2024,"-3 500,00",[counterparty_hash:856bc7fd96],[private_purpose_hash:137cc0ed07],Содержание торговых точек,
,,16.11.2024,"-12 100,00",,,Выбытие — Перевод между счетами,
,,18.11.2024,"-1 500,00",[counterparty_hash:768e87a312],[private_purpose_hash:62a2bebdca],Содержание офиса,
,,18.11.2024,"-1 479,00",[counterparty_hash:335b2a2e9a],,Возвраты клиентам,
,,18.11.2024,"150,00",[counterparty_hash:7518be4ba8],[private_purpose_hash:790ee7ccb2],Прочие поступления,
,,15.11.2024,"-4 763,00",[counterparty_hash:6786cc9f19],,Оплата поставщикам ,
,,15.11.2024,"-4 471,35",[counterparty_hash:1340ea64e9],,Оплата поставщикам ,
,,15.11.2024,"-10 415,00",[counterparty_hash:2a84eb0be0],,Оплата поставщикам ,
,,15.11.2024,"12,39",,,Корретировки кассы +,
,,15.11.2024,"-1 065,00",[counterparty_hash:335b2a2e9a],,Возвраты клиентам,
,,15.11.2024,"-17 030,00",[counterparty_hash:856bc7fd96],,Курьерская служба -,
,,15.11.2024,"31 044,00",[counterparty_hash:335b2a2e9a],,Поступление денег с торг. точек,
,,16.11.2024,"-2 500,00",[counterparty_hash:856bc7fd96],[private_purpose_hash:f858949a5b],Зарплата производственного персонала,
,,16.11.2024,"12 100,00",,,Поступление — Перевод между счетами,
,,16.11.2024,"-16 400,00",[counterparty_hash:856bc7fd96],,Курьерская служба -,
,,16.11.2024,"36 847,00",[counterparty_hash:335b2a2e9a],,Поступление денег с торг. точек,
,,17.11.2024,"-10 860,00",[counterparty_hash:856bc7fd96],,Курьерская служба -,
,,17.11.2024,"15 957,25",[counterparty_hash:335b2a2e9a],,Поступление денег с торг. точек,
,,17.11.2024,"-1 800,00",[counterparty_hash:856bc7fd96],[private_purpose_hash:f858949a5b],Зарплата производственного персонала,
,,15.11.2024,"-3 936,54",[counterparty_hash:2a84eb0be0],,Оплата поставщикам ,
,,17.11.2024,"-359,00",[counterparty_hash:2a84eb0be0],,Расходы на питание персонала,
,,15.11.2024,"29 997,75",[counterparty_hash:335b2a2e9a],,Поступление денег с торг. точек,
,,15.11.2024,"-61,32",[counterparty_hash:a079b1ede6],,Эквайринг,
,,16.11.2024,"37 651,66",[counterparty_hash:335b2a2e9a],,Поступление денег с торг. точек,
,,16.11.2024,"-57,60",[counterparty_hash:a079b1ede6],,Эквайринг,
,,17.11.2024,"29 495,87",[counterparty_hash:335b2a2e9a],,Поступление денег с торг. точек,
,,17.11.2024,"-19,95",[counterparty_hash:a079b1ede6],,Эквайринг,
,,15.11.2024,"61 851,00",[counterparty_hash:335b2a2e9a],,Поступление денег с торг. точек,
,,15.11.2024,"-927,87",[counterparty_hash:a079b1ede6],,Эквайринг,
,,15.11.2024,"940,00",[counterparty_hash:335b2a2e9a],,Поступление денег с торг. точек,
,,15.11.2024,"-3,76",[counterparty_hash:a079b1ede6],,Эквайринг,
,,15.11.2024,"3 389,00",[counterparty_hash:335b2a2e9a],,Поступление денег с торг. точек,
,,15.11.2024,"-13,56",[counterparty_hash:a079b1ede6],,Эквайринг,
,,15.11.2024,"1 228,00",[counterparty_hash:335b2a2e9a],,Поступление денег с торг. точек,
,,15.11.2024,"-4,91",[counterparty_hash:a079b1ede6],,Эквайринг,
,,15.11.2024,"-9 398,70",[counterparty_hash:81088c4e1c],,Оплата поставщикам ,
,,15.11.2024,"-30 506,13",[counterparty_hash:55d2a5f343],,Оплата поставщикам ,
,,15.11.2024,"-65 386,05",[counterparty_hash:81088c4e1c],,Оплата поставщикам ,
,,15.11.2024,"-33 261,03",[counterparty_hash:c7da8c8c1f],,Оплата поставщикам ,
,,15.11.2024,"-126 891,00",[counterparty_hash:01761130fc],,Оплата поставщикам ,
,,15.11.2024,"-31 260,80",[counterparty_hash:4b0e39f45b],,Оплата поставщикам ,
,,15.11.2024,"-5 550,00",[counterparty_hash:bc434624a0],,Оплата поставщикам ,
,,15.11.2024,"-4 000,00",[counterparty_hash:b2d09b6565],,Аренда торговых точек,
,,15.11.2024,"-13 187,68",[counterparty_hash:10ad09b2bf],,Оплата поставщикам ,
,,15.11.2024,"-2 000,00",[counterparty_hash:64b5ca4d90],,Оплата поставщикам ,
,,15.11.2024,"-29 346,56",[counterparty_hash:acffbdf399],,Оплата поставщикам ,
,,15.11.2024,"-98 500,00",,,Выбытие — Перевод между счетами,
,,15.11.2024,"180,00",[counterparty_hash:335b2a2e9a],,Поступление денег с торг. точек,
,,15.11.2024,"-0,72",[counterparty_hash:a079b1ede6],,Эквайринг,
,,15.11.2024,"-2 039,28",[counterparty_hash:2a84eb0be0],,Содержание торговых точек,
,,15.11.2024,"-2 182,97",[counterparty_hash:2a84eb0be0],,Расходы на питание персонала,
,,15.11.2024,"-546,51",[counterparty_hash:10ad09b2bf],,Оплата поставщикам ,
,,16.11.2024,"-179,97",[counterparty_hash:2a84eb0be0],,Оплата поставщикам ,
,,16.11.2024,"122 050,00",[counterparty_hash:335b2a2e9a],,Поступление денег с торг. точек,
,,16.11.2024,"-1 830,97",[counterparty_hash:a079b1ede6],,Эквайринг,
,,16.11.2024,"-788,00",[counterparty_hash:2a84eb0be0],[private_purpose_hash:34244bdc7f],Расходы на персонал,
,,16.11.2024,"-145 000,00",,,Выбытие — Перевод между счетами,
,,17.11.2024,"-6 506,00",[counterparty_hash:2a84eb0be0],,Оплата поставщикам ,
,,16.11.2024,"1 099,00",[counterparty_hash:335b2a2e9a],,Поступление денег с торг. точек,
,,16.11.2024,"-4,40",[counterparty_hash:a079b1ede6],,Эквайринг,
,,16.11.2024,"914,00",[counterparty_hash:335b2a2e9a],,Поступление денег с торг. точек,
,,16.11.2024,"-3,66",[counterparty_hash:a079b1ede6],,Эквайринг,
,,16.11.2024,"1 514,00",[counterparty_hash:335b2a2e9a],,Поступление денег с торг. точек,
,,16.11.2024,"-6,06",[counterparty_hash:a079b1ede6],,Эквайринг,
,,16.11.2024,"1 031,00",[counterparty_hash:335b2a2e9a],,Поступление денег с торг. точек,
,,16.11.2024,"-4,12",[counterparty_hash:a079b1ede6],,Эквайринг,
,,17.11.2024,"134 018,01",[counterparty_hash:335b2a2e9a],,Поступление денег с торг. точек,
,,17.11.2024,"-2 010,52",[counterparty_hash:a079b1ede6],,Эквайринг,
,,17.11.2024,"-5 000,00",[counterparty_hash:810942d5fa],,Телекоммуникации,
,,17.11.2024,"1 011,00",[counterparty_hash:335b2a2e9a],,Поступление денег с торг. точек,
,,17.11.2024,"-4,04",[counterparty_hash:a079b1ede6],,Эквайринг,
,,17.11.2024,"-643,92",[counterparty_hash:2a84eb0be0],,Содержание торговых точек,
,,17.11.2024,"-4 301,78",[counterparty_hash:2a84eb0be0],,Оплата поставщикам ,
,,17.11.2024,"-2 498,32",[counterparty_hash:2a84eb0be0],,Расходы на питание персонала,
,,18.11.2024,"2 500,00",[counterparty_hash:856bc7fd96],[private_purpose_hash:671d910092],Курьерская служба +,
,,19.11.2024,"5 000,00",[counterparty_hash:7518be4ba8],,Продажа ОС,
,,19.11.2024,"-600,00",[counterparty_hash:856bc7fd96],[private_purpose_hash:f1ad3a22c5],Зарплата административного персонала,
,,19.11.2024,"10 962,00",,,Поступление — Перевод между счетами,
,,19.11.2024,"104 042,00",,,Поступление — Перевод между счетами,
,,19.11.2024,"-178 299,00",[counterparty_hash:856bc7fd96],,Зарплата производственного персонала,
,,19.11.2024,"-15 537,30",[counterparty_hash:48d0f61ee3],[private_purpose_hash:48def8927f],Аренда торговых точек,
,,19.11.2024,"78 864,00",[counterparty_hash:8009e18a18],,Поступление денег с торг. точек,
,,18.11.2024,"-5 400,00",[counterparty_hash:1340ea64e9],,Оплата поставщикам ,
,,18.11.2024,"-2 400,00",[counterparty_hash:856bc7fd96],[private_purpose_hash:f858949a5b],Зарплата производственного персонала,
,,18.11.2024,"-797,00",,,Корретировки кассы -,
,,18.11.2024,"11 508,00",[counterparty_hash:335b2a2e9a],,Поступление денег с торг. точек,
,,18.11.2024,"-9 480,00",[counterparty_hash:856bc7fd96],,Курьерская служба -,
,,19.11.2024,"-6 000,00",[counterparty_hash:856bc7fd96],,Курьерская служба -,
,,19.11.2024,"17 831,00",[counterparty_hash:335b2a2e9a],,Поступление денег с торг. точек,
,,19.11.2024,"-10 962,00",,,Выбытие — Перевод между счетами,
,,18.11.2024,"-389,73",[counterparty_hash:2a84eb0be0],,Оплата поставщикам ,
,,19.11.2024,"-249,00",[counterparty_hash:2a84eb0be0],,Расходы на питание персонала,
,,18.11.2024,"17 590,41",[counterparty_hash:335b2a2e9a],,Поступление денег с торг. точек,
,,18.11.2024,"-21,89",[counterparty_hash:a079b1ede6],,Эквайринг,
,,19.11.2024,"6 797,48",[counterparty_hash:335b2a2e9a],,Поступление денег с торг. точек,
,,14.11.2024,"-20 300,00",,,Выбытие — Перевод между счетами,
,,15.11.2024,"98 500,00",,,Поступление — Перевод между счетами,
,,15.11.2024,"-98 500,00",,,Выбытие — Перевод между счетами,
,,16.11.2024,"145 000,00",,,Поступление — Перевод между счетами,
,,16.11.2024,"-145 000,00",[counterparty_hash:a079b1ede6],,Оплаты по кредитам и займам,
,,19.11.2024,"104 042,00",,,Поступление — Перевод между счетами,
,,19.11.2024,"-104 042,00",,,Выбытие — Перевод между счетами,
,,18.11.2024,"99 115,00",[counterparty_hash:335b2a2e9a],,Поступление денег с торг. точек,
,,18.11.2024,"-1 486,90",[counterparty_hash:a079b1ede6],,Эквайринг,
,,18.11.2024,"-12 885,00",[counterparty_hash:e1cb4e2da2],,Оплаты систем автоматизации,
,,18.11.2024,"-32 800,00",[counterparty_hash:0d03ab834a],,Листовки,
,,18.11.2024,"-2 500,00",,,Выбытие — Перевод между счетами,
,,18.11.2024,"2 500,00",,,Поступление — Перевод между счетами,
,,18.11.2024,"1 135,00",[counterparty_hash:335b2a2e9a],,Поступление денег с торг. точек,
,,18.11.2024,"-4,54",[counterparty_hash:a079b1ede6],,Эквайринг,
,,19.11.2024,"-5 392,00",[counterparty_hash:2a84eb0be0],,Оплата поставщикам ,
,,19.11.2024,"62 055,00",[counterparty_hash:335b2a2e9a],,Поступление денег с торг. точек,
,,19.11.2024,"-930,95",[counterparty_hash:a079b1ede6],,Эквайринг,
,,19.11.2024,"-17 432,05",[counterparty_hash:3cab83ecee],,Налоги с з/п,
,,19.11.2024,"743,00",[counterparty_hash:335b2a2e9a],,Поступление денег с торг. точек,
,,19.11.2024,"-2,97",[counterparty_hash:a079b1ede6],,Эквайринг,
,,19.11.2024,"-104 042,00",,,Выбытие — Перевод между счетами,
,,19.11.2024,"990,00",[counterparty_hash:335b2a2e9a],,Поступление денег с торг. точек,
,,19.11.2024,"-3,96",[counterparty_hash:a079b1ede6],,Эквайринг,
,,19.11.2024,"-6 251,64",[counterparty_hash:2a84eb0be0],,Оплата поставщикам ,
,,19.11.2024,"-388,36",[counterparty_hash:2a84eb0be0],,Содержание торговых точек,
,,19.11.2024,"-1 533,38",[counterparty_hash:2a84eb0be0],,Расходы на питание персонала,
,,21.11.2024,"-1 500,00",,[private_purpose_hash:5a89136385],Выбытие — Перевод между счетами,
,,21.11.2024,"1 500,00",,,Поступление — Перевод между счетами,
,,20.11.2024,"-3 000,00",[counterparty_hash:7518be4ba8],[private_purpose_hash:477e748906],Содержание торговых точек,
,,20.11.2024,"-1 500,00",[counterparty_hash:7d88c914c2],,Аренда торговых точек,
,,20.11.2024,"-3 200,00",[counterparty_hash:768e87a312],[private_purpose_hash:492e20b730],Расходы на персонал,
,,20.11.2024,"-6 440,00",[counterparty_hash:856bc7fd96],,Курьерская служба -,
,,20.11.2024,"9 953,00",[counterparty_hash:335b2a2e9a],,Поступление денег с торг. точек,
,,20.11.2024,"-304,00",[counterparty_hash:2a84eb0be0],[private_purpose_hash:6656f21680],Содержание торговых точек,
,,20.11.2024,"-2 400,00",[counterparty_hash:856bc7fd96],[private_purpose_hash:f858949a5b],Зарплата производственного персонала,
,,20.11.2024,"6 507,00",[counterparty_hash:335b2a2e9a],,Поступление денег с торг. точек,
,,20.11.2024,"-26,02",[counterparty_hash:a079b1ede6],,Эквайринг,
,,20.11.2024,"62 266,00",[counterparty_hash:335b2a2e9a],,Поступление денег с торг. точек,
,,20.11.2024,"-934,10",[counterparty_hash:a079b1ede6],,Эквайринг,
,,20.11.2024,"1 665,00",[counterparty_hash:335b2a2e9a],,Поступление денег с торг. точек,
,,20.11.2024,"-6,66",[counterparty_hash:a079b1ede6],,Эквайринг,
,,20.11.2024,"500,00",[counterparty_hash:335b2a2e9a],,Поступление денег с торг. точек,
,,20.11.2024,"-2,00",[counterparty_hash:a079b1ede6],,Эквайринг,
,,21.11.2024,"5 000,00",,,Поступление — Перевод между счетами,
,,21.11.2024,"13 764,42",[counterparty_hash:335b2a2e9a],,Поступление денег с торг. точек,
,,21.11.2024,"-34,18",[counterparty_hash:a079b1ede6],,Эквайринг,
,,21.11.2024,"52 768,00",[counterparty_hash:335b2a2e9a],,Поступление денег с торг. точек,
,,21.11.2024,"-791,62",[counterparty_hash:a079b1ede6],,Эквайринг,
,,21.11.2024,"-5 000,00",,,Выбытие — Перевод между счетами,
,,21.11.2024,"-1 500,00",[counterparty_hash:856bc7fd96],[private_purpose_hash:1fca17eeaa],Курьерская служба -,
,,21.11.2024,"723,00",[counterparty_hash:335b2a2e9a],,Поступление денег с торг. точек,
,,21.11.2024,"-2,89",[counterparty_hash:a079b1ede6],,Эквайринг,
,,21.11.2024,"1 430,00",[counterparty_hash:335b2a2e9a],,Поступление денег с торг. точек,
,,21.11.2024,"-5,72",[counterparty_hash:a079b1ede6],,Эквайринг,
,,21.11.2024,"855,00",[counterparty_hash:335b2a2e9a],,Поступление денег с торг. точек,
,,21.11.2024,"-3,42",[counterparty_hash:a079b1ede6],,Эквайринг,
,,21.11.2024,"-4 462,47",[counterparty_hash:2a84eb0be0],,Оплата поставщикам ,
,,21.11.2024,"-603,24",[counterparty_hash:2a84eb0be0],,Содержание торговых точек,
,,21.11.2024,"-2 322,34",[counterparty_hash:2a84eb0be0],,Расходы на питание персонала,
,,21.11.2024,"12 724,15",[counterparty_hash:335b2a2e9a],,Поступление денег с торг. точек,
,,21.11.2024,"-8 980,00",[counterparty_hash:856bc7fd96],,Курьерская служба -,
,,21.11.2024,"-5 445,00",[counterparty_hash:2a84eb0be0],,Оплата поставщикам ,
,,21.11.2024,"-1 500,00",[counterparty_hash:7518be4ba8],[private_purpose_hash:866af0ea79],Содержание торговых точек,
,,21.11.2024,"-1 500,00",[counterparty_hash:856bc7fd96],[private_purpose_hash:4785c16de7],Курьерская служба -,
,,26.11.2024,"121 874,00",,,Поступление — Перевод между счетами,
,,26.11.2024,"-153 082,00",[counterparty_hash:856bc7fd96],,Зарплата производственного персонала,
,,26.11.2024,"40 972,00",,,Поступление — Перевод между счетами,
,,22.11.2024,"-9 811,44",[counterparty_hash:6786cc9f19],,Оплата поставщикам ,
,,02.12.2024,"-7 000,00",[counterparty_hash:856bc7fd96],[private_purpose_hash:7e942eb36f],Содержание торговых точек,
,,02.12.2024,"154 000,00",,,Поступление — Перевод между счетами,
,,02.12.2024,"-15 000,00",[counterparty_hash:856bc7fd96],[private_purpose_hash:498643a435],Зарплата административного персонала,
,,02.12.2024,"-35 000,00",[counterparty_hash:856bc7fd96],[private_purpose_hash:f1ad3a22c5],Зарплата административного персонала,
,,02.12.2024,"-29 000,00",[counterparty_hash:856bc7fd96],[private_purpose_hash:724a67d47f],Зарплата административного персонала,
,,02.12.2024,"-65 000,00",[counterparty_hash:913fe52b19],,Зарплата административного персонала,
,,02.12.2024,"-870,00",[counterparty_hash:335b2a2e9a],,Возвраты клиентам,
,,03.12.2024,"-500,00",[counterparty_hash:b2b25bc0ee],,Поиск и найм персонала,
,,03.12.2024,"35 610,00",,,Поступление — Перевод между счетами,
,,03.12.2024,"133 931,00",,,Поступление — Перевод между счетами,
,,03.12.2024,"-1 500,00",[counterparty_hash:7d88c914c2],,Аренда торговых точек,
,,03.12.2024,"-164 041,00",[counterparty_hash:856bc7fd96],,Зарплата производственного персонала,
,,03.12.2024,"-4 000,00",[counterparty_hash:856bc7fd96],[private_purpose_hash:0a9445ef67],Содержание торговых точек,
,,20.11.2024,"500,00",[counterparty_hash:856bc7fd96],[private_purpose_hash:f2da1aa97e],Курьерская служба +,
,,20.11.2024,"2 000,00",[counterparty_hash:856bc7fd96],[private_purpose_hash:d4ca1dab75],Курьерская служба +,
,,26.11.2024,"1 400,00",[counterparty_hash:7518be4ba8],[private_purpose_hash:3f689c75a6],Прочие поступления,
,,26.11.2024,"100,00",[counterparty_hash:856bc7fd96],[private_purpose_hash:a7b07acb33],Курьерская служба +,
,,22.11.2024,"-971,97",[counterparty_hash:2a84eb0be0],,Оплата поставщикам ,
,,22.11.2024,"-15 680,00",[counterparty_hash:856bc7fd96],,Курьерская служба -,
,,22.11.2024,"17 088,00",[counterparty_hash:335b2a2e9a],,Поступление денег с торг. точек,
,,23.11.2024,"-13 380,00",[counterparty_hash:856bc7fd96],,Курьерская служба -,
,,23.11.2024,"31 831,00",[counterparty_hash:335b2a2e9a],,Поступление денег с торг. точек,
,,22.11.2024,"-50 908,05",[counterparty_hash:81088c4e1c],,Оплата поставщикам ,
,,24.11.2024,"-15 420,00",[counterparty_hash:856bc7fd96],,Курьерская служба -,
,,24.11.2024,"30 019,00",[counterparty_hash:335b2a2e9a],,Поступление денег с торг. точек,
,,22.11.2024,"-8 610,87",[counterparty_hash:10ad09b2bf],,Оплата поставщикам ,
,,25.11.2024,"-8 920,00",[counterparty_hash:856bc7fd96],,Курьерская служба -,
,,25.11.2024,"24 683,00",[counterparty_hash:335b2a2e9a],,Поступление денег с торг. точек,
,,22.11.2024,"-19 250,00",[counterparty_hash:81088c4e1c],,Оплата поставщикам ,
,,25.11.2024,"-257,00",[counterparty_hash:2a84eb0be0],,Расходы на питание персонала,
,,22.11.2024,"-33 272,85",[counterparty_hash:55d2a5f343],,Оплата поставщикам ,
,,26.11.2024,"-40 972,00",,,Выбытие — Перевод между счетами,
,,26.11.2024,"-6 960,00",[counterparty_hash:856bc7fd96],,Курьерская служба -,
,,26.11.2024,"19 932,00",[counterparty_hash:335b2a2e9a],,Поступление денег с торг. точек,
,,27.11.2024,"-8 320,00",[counterparty_hash:856bc7fd96],,Курьерская служба -,
,,27.11.2024,"17 601,85",[counterparty_hash:335b2a2e9a],,Поступление денег с торг. точек,
,,22.11.2024,"-1 850,00",[counterparty_hash:bc434624a0],,Оплата поставщикам ,
,,28.11.2024,"-7 430,00",[counterparty_hash:856bc7fd96],,Курьерская служба -,
,,28.11.2024,"9 085,00",[counterparty_hash:335b2a2e9a],,Поступление денег с торг. точек,
,,29.11.2024,"-18 240,00",[counterparty_hash:856bc7fd96],,Курьерская служба -,
,,29.11.2024,"37 957,00",[counterparty_hash:335b2a2e9a],,Поступление денег с торг. точек,
,,22.11.2024,"-2 268,00",[counterparty_hash:81088c4e1c],,Оплата поставщикам ,
,,22.11.2024,"-151 027,00",[counterparty_hash:01761130fc],,Оплата поставщикам ,
,,22.11.2024,"-23 408,50",[counterparty_hash:acffbdf399],,Оплата поставщикам ,
,,30.11.2024,"-16 700,00",[counterparty_hash:856bc7fd96],,Курьерская служба -,
,,30.11.2024,"37 725,00",[counterparty_hash:335b2a2e9a],,Поступление денег с торг. точек,
,,22.11.2024,"-45 294,84",[counterparty_hash:4b0e39f45b],,Оплата поставщикам ,
,,30.11.2024,"-6,00",[counterparty_hash:2a84eb0be0],,Содержание торговых точек,
,,01.12.2024,"-1 560,00",[counterparty_hash:856bc7fd96],,Курьерская служба -,
,,01.12.2024,"-9 000,00",[counterparty_hash:856bc7fd96],,Курьерская служба -,
,,01.12.2024,"15 444,00",[counterparty_hash:335b2a2e9a],,Поступление денег с торг. точек,
,,22.11.2024,"-51 057,73",[counterparty_hash:c7da8c8c1f],,Оплата поставщикам ,
,,02.12.2024,"-7 140,00",[counterparty_hash:856bc7fd96],,Курьерская служба -,
,,02.12.2024,"13 042,00",[counterparty_hash:335b2a2e9a],,Поступление денег с торг. точек,
,,03.12.2024,"-35 610,00",,,Выбытие — Перевод между счетами,
,,23.11.2024,"-7 081,00",[counterparty_hash:2a84eb0be0],,Оплата поставщикам ,
,,03.12.2024,"-2 000,00",[counterparty_hash:7518be4ba8],[private_purpose_hash:8b5eb4ef95],Содержание торговых точек,
,,03.12.2024,"-9 060,00",[counterparty_hash:856bc7fd96],,Курьерская служба -,
,,03.12.2024,"12 875,45",[counterparty_hash:335b2a2e9a],,Поступление денег с торг. точек,
,,04.12.2024,"-500,00",[counterparty_hash:856bc7fd96],,Курьерская служба -,
,,04.12.2024,"-8 400,00",[counterparty_hash:856bc7fd96],,Курьерская служба -,
,,04.12.2024,"11 421,55",[counterparty_hash:335b2a2e9a],,Поступление денег с торг. точек,
,,23.11.2024,"-7 204,82",[counterparty_hash:2a84eb0be0],,Оплата поставщикам ,
,,05.12.2024,"-8 780,00",[counterparty_hash:856bc7fd96],,Курьерская служба -,
,,05.12.2024,"21 860,00",[counterparty_hash:335b2a2e9a],,Поступление денег с торг. точек,
,,25.11.2024,"-6 145,00",[counterparty_hash:2a84eb0be0],,Оплата поставщикам ,
,,25.11.2024,"-1 176,00",[counterparty_hash:2a84eb0be0],,Оплата поставщикам ,
,,06.12.2024,"-13 420,00",[counterparty_hash:856bc7fd96],,Курьерская служба -,
,,06.12.2024,"14 387,00",[counterparty_hash:335b2a2e9a],,Поступление денег с торг. точек,
,,06.12.2024,"1 077,00",[counterparty_hash:335b2a2e9a],,Поступление денег с торг. точек,
,,07.12.2024,"-16 840,00",[counterparty_hash:856bc7fd96],,Курьерская служба -,
,,07.12.2024,"24 966,00",[counterparty_hash:335b2a2e9a],,Поступление денег с торг. точек,
,,25.11.2024,"-5 342,62",[counterparty_hash:2a84eb0be0],,Оплата поставщикам ,
,,07.12.2024,"-122,00",[counterparty_hash:2a84eb0be0],,Расходы на питание персонала,
,,08.12.2024,"-9 900,00",[counterparty_hash:856bc7fd96],,Курьерская служба -,
,,08.12.2024,"21 209,00",[counterparty_hash:335b2a2e9a],,Поступление денег с торг. точек,
,,22.11.2024,"15 793,60",[counterparty_hash:335b2a2e9a],,Поступление денег с торг. точек,
,,22.11.2024,"-34,82",[counterparty_hash:a079b1ede6],,Эквайринг,
,,22.11.2024,"-182 000,00",,,Выбытие — Перевод между счетами,
,,23.11.2024,"30 709,69",[counterparty_hash:335b2a2e9a],,Поступление денег с торг. точек,
,,23.11.2024,"-13,90",[counterparty_hash:a079b1ede6],,Эквайринг,
,,24.11.2024,"29 090,16",[counterparty_hash:335b2a2e9a],,Поступление денег с торг. точек,
,,24.11.2024,"-71,76",[counterparty_hash:a079b1ede6],,Эквайринг,
,,25.11.2024,"21 239,63",[counterparty_hash:335b2a2e9a],,Поступление денег с торг. точек,
,,25.11.2024,"-13,79",[counterparty_hash:a079b1ede6],,Эквайринг,
,,26.11.2024,"14 836,35",[counterparty_hash:335b2a2e9a],,Поступление денег с торг. точек,
,,26.11.2024,"-16,03",[counterparty_hash:a079b1ede6],,Эквайринг,
,,27.11.2024,"13 384,26",[counterparty_hash:335b2a2e9a],,Поступление денег с торг. точек,
,,27.11.2024,"-30,74",[counterparty_hash:a079b1ede6],,Эквайринг,
,,28.11.2024,"10 003,67",[counterparty_hash:335b2a2e9a],,Поступление денег с торг. точек,
,,28.11.2024,"-13,49",[counterparty_hash:a079b1ede6],,Эквайринг,
,,29.11.2024,"23 019,01",[counterparty_hash:335b2a2e9a],,Поступление денег с торг. точек,
,,29.11.2024,"-54,04",[counterparty_hash:a079b1ede6],,Эквайринг,
,,29.11.2024,"-99,00",[counterparty_hash:a079b1ede6],,РКО,
,,29.11.2024,"-137 000,00",,,Выбытие — Перевод между счетами,
,,30.11.2024,"42 502,34",[counterparty_hash:335b2a2e9a],,Поступление денег с торг. точек,
,,30.11.2024,"-67,16",[counterparty_hash:a079b1ede6],,Эквайринг,
,,01.12.2024,"26 388,08",[counterparty_hash:335b2a2e9a],,Поступление денег с торг. точек,
,,01.12.2024,"-38,29",[counterparty_hash:a079b1ede6],,Эквайринг,
,,02.12.2024,"13 278,68",[counterparty_hash:335b2a2e9a],,Поступление денег с торг. точек,
,,02.12.2024,"-24,19",[counterparty_hash:a079b1ede6],,Эквайринг,
,,03.12.2024,"12 152,60",[counterparty_hash:335b2a2e9a],,Поступление денег с торг. точек,
,,03.12.2024,"-8,41",[counterparty_hash:a079b1ede6],,Эквайринг,
,,04.12.2024,"26 419,08",[counterparty_hash:335b2a2e9a],,Поступление денег с торг. точек,
,,04.12.2024,"-35,25",[counterparty_hash:a079b1ede6],,Эквайринг,
,,05.12.2024,"16 756,42",[counterparty_hash:335b2a2e9a],,Поступление денег с торг. точек,
,,05.12.2024,"-144 000,00",,,Выбытие — Перевод между счетами,
,,05.12.2024,"-26,77",[counterparty_hash:a079b1ede6],,Эквайринг,
,,06.12.2024,"14 557,40",[counterparty_hash:335b2a2e9a],,Поступление денег с торг. точек,
,,06.12.2024,"-16,88",[counterparty_hash:a079b1ede6],,Эквайринг,
,,07.12.2024,"37 658,15",[counterparty_hash:335b2a2e9a],,Поступление денег с торг. точек,
,,07.12.2024,"-53,45",[counterparty_hash:a079b1ede6],,Эквайринг,
,,08.12.2024,"26 514,40",[counterparty_hash:335b2a2e9a],,Поступление денег с торг. точек,
,,08.12.2024,"-19,66",[counterparty_hash:a079b1ede6],,Эквайринг,
,,22.11.2024,"56 473,00",[counterparty_hash:335b2a2e9a],,Поступление денег с торг. точек,
,,22.11.2024,"-847,19",[counterparty_hash:a079b1ede6],,Эквайринг,
,,22.11.2024,"182 000,00",,,Поступление — Перевод между счетами,
,,22.11.2024,"600,00",[counterparty_hash:335b2a2e9a],,Поступление денег с торг. точек,
,,22.11.2024,"-2,40",[counterparty_hash:a079b1ede6],,Эквайринг,
,,22.11.2024,"-6 583,90",[counterparty_hash:3cab83ecee],,Налоги с з/п,
,,22.11.2024,"-5,00",[counterparty_hash:3cab83ecee],,Налоги,
,,25.11.2024,"-4 320,00",[counterparty_hash:1340ea64e9],,Оплата поставщикам ,
,,26.11.2024,"-9 806,52",[counterparty_hash:24d4f68d8f],,Оплата поставщикам ,
,,27.11.2024,"-6 956,00",[counterparty_hash:2a84eb0be0],,Оплата поставщикам ,
,,27.11.2024,"-4 332,45",[counterparty_hash:2a84eb0be0],,Оплата поставщикам ,
,,27.11.2024,"-640,71",[counterparty_hash:10ad09b2bf],,Оплата поставщикам ,
,,29.11.2024,"-14 199,00",[counterparty_hash:2a84eb0be0],,Оплата поставщикам ,
,,29.11.2024,"-4 464,72",[counterparty_hash:6786cc9f19],,Оплата поставщикам ,
,,29.11.2024,"-6 024,00",[counterparty_hash:1340ea64e9],,Оплата поставщикам ,
,,29.11.2024,"-3 932,92",[counterparty_hash:2a84eb0be0],,Оплата поставщикам ,
,,30.11.2024,"-180,00",[counterparty_hash:10ad09b2bf],,Оплата поставщикам ,
,,22.11.2024,"366,00",[counterparty_hash:335b2a2e9a],,Поступление денег с торг. точек,
,,22.11.2024,"-1,46",[counterparty_hash:a079b1ede6],,Эквайринг,
,,22.11.2024,"630,00",[counterparty_hash:335b2a2e9a],,Поступление денег с торг. точек,
,,22.11.2024,"-2,52",[counterparty_hash:a079b1ede6],,Эквайринг,
,,22.11.2024,"1 349,00",[counterparty_hash:335b2a2e9a],,Поступление денег с торг. точек,
,,22.11.2024,"-5,40",[counterparty_hash:a079b1ede6],,Эквайринг,
,,22.11.2024,"1 166,00",[counterparty_hash:335b2a2e9a],,Поступление денег с торг. точек,
,,22.11.2024,"-4,66",[counterparty_hash:a079b1ede6],,Эквайринг,
,,30.11.2024,"-5 550,00",[counterparty_hash:bc434624a0],,Оплата поставщикам ,
,,23.11.2024,"-1 573,00",[counterparty_hash:335b2a2e9a],,Возвраты клиентам,
,,23.11.2024,"137 340,00",[counterparty_hash:335b2a2e9a],,Поступление денег с торг. точек,
,,23.11.2024,"-2 060,37",[counterparty_hash:a079b1ede6],,Эквайринг,
,,23.11.2024,"-1 990,00",[counterparty_hash:a079b1ede6],,РКО,
,,23.11.2024,"-99,00",[counterparty_hash:a079b1ede6],,РКО,
,,23.11.2024,"-990,00",[counterparty_hash:a079b1ede6],,РКО,
,,23.11.2024,"1 155,00",[counterparty_hash:335b2a2e9a],,Поступление денег с торг. точек,
,,23.11.2024,"-4,62",[counterparty_hash:a079b1ede6],,Эквайринг,
,,23.11.2024,"2 819,00",[counterparty_hash:335b2a2e9a],,Поступление денег с торг. точек,
,,23.11.2024,"-11,28",[counterparty_hash:a079b1ede6],,Эквайринг,
,,23.11.2024,"1 702,00",[counterparty_hash:335b2a2e9a],,Поступление денег с торг. точек,
,,23.11.2024,"-6,81",[counterparty_hash:a079b1ede6],,Эквайринг,
,,23.11.2024,"1 010,00",[counterparty_hash:335b2a2e9a],,Поступление денег с торг. точек,
,,23.11.2024,"-4,04",[counterparty_hash:a079b1ede6],,Эквайринг,
,,23.11.2024,"-1 220,83",[counterparty_hash:2a84eb0be0],,Содержание торговых точек,
,,30.11.2024,"-29 109,36",[counterparty_hash:acffbdf399],,Оплата поставщикам ,
,,23.11.2024,"-2 267,58",[counterparty_hash:2a84eb0be0],,Расходы на питание персонала,
,,24.11.2024,"121 873,00",[counterparty_hash:335b2a2e9a],,Поступление денег с торг. точек,
,,24.11.2024,"-1 828,32",[counterparty_hash:a079b1ede6],,Эквайринг,
,,24.11.2024,"570,00",[counterparty_hash:335b2a2e9a],,Поступление денег с торг. точек,
,,24.11.2024,"-2,28",[counterparty_hash:a079b1ede6],,Эквайринг,
,,25.11.2024,"139 464,00",[counterparty_hash:335b2a2e9a],,Поступление денег с торг. точек,
,,25.11.2024,"-2 092,25",[counterparty_hash:a079b1ede6],,Эквайринг,
,,25.11.2024,"-5 000,00",[counterparty_hash:810942d5fa],,Телекоммуникации,
,,25.11.2024,"-20 000,00",[counterparty_hash:913fe52b19],,Зарплата административного персонала,
,,25.11.2024,"-89 364,00",[counterparty_hash:48d0f61ee3],[private_purpose_hash:125896e085],Аренда торговых точек,
,,25.11.2024,"-2 500,00",,,Выбытие — Перевод между счетами,
,,25.11.2024,"2 500,00",,,Поступление — Перевод между счетами,
,,25.11.2024,"1 388,00",[counterparty_hash:335b2a2e9a],,Поступление денег с торг. точек,
,,25.11.2024,"-5,55",[counterparty_hash:a079b1ede6],,Эквайринг,
,,25.11.2024,"250,00",[counterparty_hash:335b2a2e9a],,Поступление денег с торг. точек,
,,25.11.2024,"-1,00",[counterparty_hash:a079b1ede6],,Эквайринг,
,,30.11.2024,"-93 680,00",[counterparty_hash:01761130fc],,Оплата поставщикам ,
,,25.11.2024,"-1 064,85",[counterparty_hash:2a84eb0be0],,Содержание торговых точек,
,,25.11.2024,"-2 105,82",[counterparty_hash:2a84eb0be0],,Расходы на питание персонала,
,,26.11.2024,"61 704,50",[counterparty_hash:335b2a2e9a],,Поступление денег с торг. точек,
,,26.11.2024,"-925,70",[counterparty_hash:a079b1ede6],,Эквайринг,
,,26.11.2024,"-121 874,00",,,Выбытие — Перевод между счетами,
,,26.11.2024,"1 287,00",[counterparty_hash:335b2a2e9a],,Поступление денег с торг. точек,
,,26.11.2024,"-5,15",[counterparty_hash:a079b1ede6],,Эквайринг,
,,26.11.2024,"-5 312,00",[counterparty_hash:2a84eb0be0],[private_purpose_hash:ed90e8dad1],Содержание торговых точек,
,,26.11.2024,"160,00",[counterparty_hash:335b2a2e9a],,Поступление денег с торг. точек,
,,26.11.2024,"-0,64",[counterparty_hash:a079b1ede6],,Эквайринг,
,,26.11.2024,"1 060,00",[counterparty_hash:335b2a2e9a],,Поступление денег с торг. точек,
,,26.11.2024,"-4,24",[counterparty_hash:a079b1ede6],,Эквайринг,
,,27.11.2024,"46 666,65",[counterparty_hash:335b2a2e9a],,Поступление денег с торг. точек,
,,27.11.2024,"-700,08",[counterparty_hash:a079b1ede6],,Эквайринг,
,,27.11.2024,"-72 000,00",[counterparty_hash:2d609b655e],,Контекстная реклама,
,,27.11.2024,"-10 000,00",[counterparty_hash:6279bcc436],,SEO-оптимизация,
,,27.11.2024,"-8 257,08",[counterparty_hash:48d0f61ee3],[private_purpose_hash:87fe232f97],Аренда торговых точек,
,,27.11.2024,"-5 000,00",[counterparty_hash:23573dbbe8],,Таргетированная реклама,
,,27.11.2024,"710,00",[counterparty_hash:335b2a2e9a],,Поступление денег с торг. точек,
,,27.11.2024,"-2,84",[counterparty_hash:a079b1ede6],,Эквайринг,
,,30.11.2024,"-9 126,13",[counterparty_hash:10ad09b2bf],,Оплата поставщикам ,
,,27.11.2024,"-2 595,32",[counterparty_hash:2a84eb0be0],,Расходы на питание персонала,
,,02.12.2024,"-2 500,00",[counterparty_hash:e628158a74],,Оплаты систем автоматизации,
,,27.11.2024,"-1 660,35",[counterparty_hash:2a84eb0be0],,Содержание торговых точек,
,,28.11.2024,"59 035,00",[counterparty_hash:335b2a2e9a],,Поступление денег с торг. точек,
,,28.11.2024,"-885,63",[counterparty_hash:a079b1ede6],,Эквайринг,
,,28.11.2024,"-144,00",[counterparty_hash:2a84eb0be0],,Содержание торговых точек,
,,28.11.2024,"1 105,00",[counterparty_hash:335b2a2e9a],,Поступление денег с торг. точек,
,,28.11.2024,"-4,42",[counterparty_hash:a079b1ede6],,Эквайринг,
,,29.11.2024,"63 078,00",[counterparty_hash:335b2a2e9a],,Поступление денег с торг. точек,
,,29.11.2024,"-946,27",[counterparty_hash:a079b1ede6],,Эквайринг,
,,29.11.2024,"-10 000,00",[counterparty_hash:856bc7fd96],[private_purpose_hash:202f31fb0d],Зарплата производственного персонала,
,,29.11.2024,"-100 000,00",,,Выбытие — Перевод между счетами,
,,29.11.2024,"137 000,00",,,Поступление — Перевод между счетами,
,,30.11.2024,"-20 015,98",[counterparty_hash:10ad09b2bf],,Оплата поставщикам ,
,,29.11.2024,"-26,98",[counterparty_hash:2a84eb0be0],,Содержание торговых точек,
,,29.11.2024,"-2 541,92",[counterparty_hash:2a84eb0be0],,Расходы на питание персонала,
,,30.11.2024,"153 679,00",[counterparty_hash:335b2a2e9a],,Поступление денег с торг. точек,
,,30.11.2024,"-2 305,48",[counterparty_hash:a079b1ede6],,Эквайринг,
,,30.11.2024,"945,00",[counterparty_hash:335b2a2e9a],,Поступление денег с торг. точек,
,,30.11.2024,"-3,78",[counterparty_hash:a079b1ede6],,Эквайринг,
,,30.11.2024,"-5 879,25",[counterparty_hash:81088c4e1c],,Оплата поставщикам ,
,,01.12.2024,"-7 592,00",[counterparty_hash:2a84eb0be0],,Оплата поставщикам ,
,,01.12.2024,"-4 841,95",[counterparty_hash:2a84eb0be0],,Оплата поставщикам ,
,,01.12.2024,"-63 046,40",[counterparty_hash:4b0e39f45b],,Оплата поставщикам ,
,,01.12.2024,"-47 757,23",[counterparty_hash:c7da8c8c1f],,Оплата поставщикам ,
,,01.12.2024,"-29 898,89",[counterparty_hash:55d2a5f343],,Оплата поставщикам ,
,,30.11.2024,"1 837,00",[counterparty_hash:335b2a2e9a],,Поступление денег с торг. точек,
,,30.11.2024,"-7,35",[counterparty_hash:a079b1ede6],,Эквайринг,
,,01.12.2024,"-52 851,04",[counterparty_hash:81088c4e1c],,Оплата поставщикам ,
,,02.12.2024,"-159,98",[counterparty_hash:2a84eb0be0],,Оплата поставщикам ,
,,02.12.2024,"-700,00",[counterparty_hash:2a84eb0be0],,Оплата поставщикам ,
,,03.12.2024,"-4 418,00",[counterparty_hash:2a84eb0be0],,Оплата поставщикам ,
,,01.12.2024,"170 908,05",[counterparty_hash:335b2a2e9a],,Поступление денег с торг. точек,
,,01.12.2024,"-2 563,91",[counterparty_hash:a079b1ede6],,Эквайринг,
,,01.12.2024,"-5 000,00",[counterparty_hash:48d0f61ee3],,Аренда склада,
,,01.12.2024,"-644,90",[counterparty_hash:2a84eb0be0],,Содержание торговых точек,
,,02.12.2024,"-95,00",[counterparty_hash:2a84eb0be0],,Содержание офиса,
,,01.12.2024,"-499,99",[counterparty_hash:2a84eb0be0],,Расходы на питание персонала,
,,02.12.2024,"99 774,00",[counterparty_hash:335b2a2e9a],,Поступление денег с торг. точек,
,,02.12.2024,"-1 496,81",[counterparty_hash:a079b1ede6],,Эквайринг,
,,03.12.2024,"-11 107,29",[counterparty_hash:2a84eb0be0],,Оплата поставщикам ,
,,02.12.2024,"-86 000,00",,,Выбытие — Перевод между счетами,
,,02.12.2024,"1 049,00",[counterparty_hash:335b2a2e9a],,Поступление денег с торг. точек,
,,02.12.2024,"-4,20",[counterparty_hash:a079b1ede6],,Эквайринг,
,,02.12.2024,"-25 000,00",,,Выбытие — Перевод между счетами,
,,02.12.2024,"1 310,00",[counterparty_hash:335b2a2e9a],,Поступление денег с торг. точек,
,,02.12.2024,"-5,24",[counterparty_hash:a079b1ede6],,Эквайринг,
,,02.12.2024,"-65 000,00",,,Выбытие — Перевод между счетами,
,,02.12.2024,"-32 800,00",[counterparty_hash:0d03ab834a],,Листовки,
,,02.12.2024,"1 934,00",[counterparty_hash:335b2a2e9a],,Поступление денег с торг. точек,
,,02.12.2024,"-7,74",[counterparty_hash:a079b1ede6],,Эквайринг,
,,02.12.2024,"951,00",[counterparty_hash:335b2a2e9a],,Поступление денег с торг. точек,
,,02.12.2024,"1 651,00",[counterparty_hash:335b2a2e9a],,Поступление денег с торг. точек,
,,02.12.2024,"-3,80",[counterparty_hash:a079b1ede6],,Эквайринг,
,,02.12.2024,"-6,60",[counterparty_hash:a079b1ede6],,Эквайринг,
,,04.12.2024,"-1 260,00",[counterparty_hash:10ad09b2bf],,Оплата поставщикам ,
,,04.12.2024,"-7 324,43",[counterparty_hash:2a84eb0be0],,Оплата поставщикам ,
,,05.12.2024,"-5 473,00",[counterparty_hash:2a84eb0be0],,Оплата поставщикам ,
,,03.12.2024,"36 993,00",[counterparty_hash:335b2a2e9a],,Поступление денег с торг. точек,
,,03.12.2024,"-554,95",[counterparty_hash:a079b1ede6],,Эквайринг,
,,03.12.2024,"-133 931,00",,,Выбытие — Перевод между счетами,
,,03.12.2024,"1 393,00",[counterparty_hash:335b2a2e9a],,Поступление денег с торг. точек,
,,03.12.2024,"-5,57",[counterparty_hash:a079b1ede6],,Эквайринг,
,,05.12.2024,"-5 392,65",[counterparty_hash:2a84eb0be0],,Оплата поставщикам ,
,,03.12.2024,"-233,94",[counterparty_hash:2a84eb0be0],,Содержание торговых точек,
,,03.12.2024,"-1 824,89",[counterparty_hash:2a84eb0be0],,Расходы на питание персонала,
,,04.12.2024,"75 801,00",[counterparty_hash:335b2a2e9a],,Поступление денег с торг. точек,
,,04.12.2024,"-1 137,17",[counterparty_hash:a079b1ede6],,Эквайринг,
,,04.12.2024,"-5 000,00",[counterparty_hash:810942d5fa],,Телекоммуникации,
,,04.12.2024,"289,00",[counterparty_hash:335b2a2e9a],,Поступление денег с торг. точек,
,,04.12.2024,"-1,16",[counterparty_hash:a079b1ede6],,Эквайринг,
,,06.12.2024,"-4 319,64",[counterparty_hash:6786cc9f19],,Оплата поставщикам ,
,,04.12.2024,"-14 794,00",,,Выбытие — Перевод между счетами,
,,04.12.2024,"14 794,00",,,Поступление — Перевод между счетами,
,,04.12.2024,"1 630,00",[counterparty_hash:335b2a2e9a],,Поступление денег с торг. точек,
,,04.12.2024,"-6,52",[counterparty_hash:a079b1ede6],,Эквайринг,
,,04.12.2024,"1 477,00",[counterparty_hash:335b2a2e9a],,Поступление денег с торг. точек,
,,04.12.2024,"-5,91",[counterparty_hash:a079b1ede6],,Эквайринг,
,,06.12.2024,"-3 763,35",[counterparty_hash:1340ea64e9],,Оплата поставщикам ,
,,04.12.2024,"-2 000,00",,[private_purpose_hash:cf09391bd8],Прочие расходы,
,,05.12.2024,"64 809,55",[counterparty_hash:335b2a2e9a],,Поступление денег с торг. точек,
,,05.12.2024,"-972,23",[counterparty_hash:a079b1ede6],,Эквайринг,
,,05.12.2024,"144 000,00",,,Поступление — Перевод между счетами,
,,05.12.2024,"-14 816,00",[counterparty_hash:645f7c9702],[private_purpose_hash:a5ac1e72e3],Покупка ОС,
,,05.12.2024,"1 133,00",[counterparty_hash:335b2a2e9a],,Поступление денег с торг. точек,
,,05.12.2024,"-4,53",[counterparty_hash:a079b1ede6],,Эквайринг,
,,05.12.2024,"920,00",[counterparty_hash:335b2a2e9a],,Поступление денег с торг. точек,
,,05.12.2024,"-3,68",[counterparty_hash:a079b1ede6],,Эквайринг,
,,05.12.2024,"2 278,00",[counterparty_hash:335b2a2e9a],,Поступление денег с торг. точек,
,,05.12.2024,"-9,11",[counterparty_hash:a079b1ede6],,Эквайринг,
,,07.12.2024,"-7 547,00",[counterparty_hash:2a84eb0be0],,Оплата поставщикам ,
,,05.12.2024,"-255,94",[counterparty_hash:2a84eb0be0],,Содержание торговых точек,
,,05.12.2024,"-1 662,72",[counterparty_hash:2a84eb0be0],,Расходы на питание персонала,
,,06.12.2024,"52 398,00",[counterparty_hash:335b2a2e9a],,Поступление денег с торг. точек,
,,06.12.2024,"-786,08",[counterparty_hash:a079b1ede6],,Эквайринг,
,,06.12.2024,"-5 000,00",[counterparty_hash:23573dbbe8],,Таргетированная реклама,
,,06.12.2024,"560,00",[counterparty_hash:335b2a2e9a],,Поступление денег с торг. точек,
,,06.12.2024,"-2,24",[counterparty_hash:a079b1ede6],,Эквайринг,
,,06.12.2024,"-8 899,00",[counterparty_hash:2a84eb0be0],[private_purpose_hash:e247ae7e13],Содержание торговых точек,
,,07.12.2024,"120 234,90",[counterparty_hash:335b2a2e9a],,Поступление денег с торг. точек,
,,07.12.2024,"-1 803,72",[counterparty_hash:a079b1ede6],,Эквайринг,
,,07.12.2024,"-93 956,00",[counterparty_hash:01761130fc],,Оплата поставщикам ,
,,07.12.2024,"-25 237,00",[counterparty_hash:01761130fc],,Оплата поставщикам ,
,,07.12.2024,"-4 625,00",[counterparty_hash:bc434624a0],,Оплата поставщикам ,
,,07.12.2024,"-18 890,07",[counterparty_hash:10ad09b2bf],,Оплата поставщикам ,
,,07.12.2024,"-6 894,38",[counterparty_hash:01761130fc],,Оплата поставщикам ,
,,07.12.2024,"-24 133,68",[counterparty_hash:acffbdf399],,Оплата поставщикам ,
,,07.12.2024,"-34 996,00",[counterparty_hash:81088c4e1c],,Оплата поставщикам ,
,,07.12.2024,"2 291,00",[counterparty_hash:335b2a2e9a],,Поступление денег с торг. точек,
,,07.12.2024,"-9,16",[counterparty_hash:a079b1ede6],,Эквайринг,
,,07.12.2024,"-765,91",[counterparty_hash:2a84eb0be0],,Содержание торговых точек,
,,07.12.2024,"-2 607,29",[counterparty_hash:2a84eb0be0],,Расходы на питание персонала,
,,07.12.2024,"-3 971,30",[counterparty_hash:2a84eb0be0],,Оплата поставщикам ,
,,08.12.2024,"-2 000,00",[counterparty_hash:64b5ca4d90],,Оплата поставщикам ,
,,08.12.2024,"-36 896,59",[counterparty_hash:81088c4e1c],,Оплата поставщикам ,
,,08.12.2024,"-65 096,42",[counterparty_hash:4b0e39f45b],,Оплата поставщикам ,
,,08.12.2024,"-25 953,90",[counterparty_hash:55d2a5f343],,Оплата поставщикам ,
,,08.12.2024,"-52 149,37",[counterparty_hash:c7da8c8c1f],,Оплата поставщикам ,
,,08.12.2024,"-6 900,00",[counterparty_hash:e467eaefc4],,Оплаты систем автоматизации,
,,08.12.2024,"-5 200,00",[counterparty_hash:e467eaefc4],,Оплаты систем автоматизации,
,,08.12.2024,"162 262,25",[counterparty_hash:335b2a2e9a],,Поступление денег с торг. точек,
,,08.12.2024,"-2 434,17",[counterparty_hash:a079b1ede6],,Эквайринг,
,,08.12.2024,"566,00",[counterparty_hash:335b2a2e9a],,Поступление денег с торг. точек,
,,08.12.2024,"-2,26",[counterparty_hash:a079b1ede6],,Эквайринг,
,,21.11.2024,"-1 491,13",[counterparty_hash:a079b1ede6],,РКО,
,,21.11.2024,"6 500,00",,,Поступление — Перевод между счетами,
,,21.11.2024,"-6 500,00",,,Выбытие — Перевод между счетами,
,,29.11.2024,"-19,50",[counterparty_hash:a079b1ede6],,РКО,
,,29.11.2024,"100 000,00",,,Поступление — Перевод между счетами,
,,29.11.2024,"-100 000,00",[counterparty_hash:48d0f61ee3],,Аренда торговых точек,
,,02.12.2024,"-477,43",[counterparty_hash:a079b1ede6],,Оплаты по кредитам и займам,
,,02.12.2024,"-17 981,57",[counterparty_hash:a079b1ede6],,Оплаты по кредитам и займам,
,,02.12.2024,"-154 000,00",,,Выбытие — Перевод между счетами,
,,02.12.2024,"25 000,00",,,Поступление — Перевод между счетами,
,,02.12.2024,"65 000,00",,,Поступление — Перевод между счетами,
,,02.12.2024,"86 000,00",,,Поступление — Перевод между счетами,
,,03.12.2024,"133 931,00",,,Поступление — Перевод между счетами,
,,03.12.2024,"-133 931,00",,,Выбытие — Перевод между счетами,
,,09.12.2024,"9 241,57",[counterparty_hash:335b2a2e9a],,Поступление денег с торг. точек,
,,09.12.2024,"-18,93",[counterparty_hash:a079b1ede6],,Эквайринг,
,,10.12.2024,"-299,00",[counterparty_hash:a079b1ede6],,РКО,
,,10.12.2024,"11 874,17",[counterparty_hash:335b2a2e9a],,Поступление денег с торг. точек,
,,10.12.2024,"-16,16",[counterparty_hash:a079b1ede6],,Эквайринг,
,,09.12.2024,"89 680,95",[counterparty_hash:335b2a2e9a],,Поступление денег с торг. точек,
,,09.12.2024,"-1 345,38",[counterparty_hash:a079b1ede6],,Эквайринг,
,,09.12.2024,"-24 000,00",[counterparty_hash:675b5b0637],,Листовки,
,,09.12.2024,"530,00",[counterparty_hash:335b2a2e9a],,Поступление денег с торг. точек,
,,09.12.2024,"-2,12",[counterparty_hash:a079b1ede6],,Эквайринг,
,,09.12.2024,"-3 375,00",[counterparty_hash:2a84eb0be0],[private_purpose_hash:df94ef168d],Содержание торговых точек,
,,09.12.2024,"-4 280,00",[counterparty_hash:2a84eb0be0],[private_purpose_hash:79e466fb39],Содержание торговых точек,
,,09.12.2024,"-675,00",[counterparty_hash:2a84eb0be0],[private_purpose_hash:60501f623c],Содержание торговых точек,
,,09.12.2024,"-457,00",[counterparty_hash:2a84eb0be0],[private_purpose_hash:adec5ad52d],Содержание торговых точек,
,,09.12.2024,"1 562,00",[counterparty_hash:335b2a2e9a],,Поступление денег с торг. точек,
,,09.12.2024,"-6,25",[counterparty_hash:a079b1ede6],,Эквайринг,
,,09.12.2024,"-1 490,87",[counterparty_hash:2a84eb0be0],,Содержание торговых точек,
,,09.12.2024,"-1 926,85",[counterparty_hash:2a84eb0be0],,Оплата поставщикам ,
,,09.12.2024,"-2 445,53",[counterparty_hash:2a84eb0be0],,Расходы на питание персонала,
,,10.12.2024,"48 482,50",[counterparty_hash:335b2a2e9a],,Поступление денег с торг. точек,
,,10.12.2024,"-727,36",[counterparty_hash:a079b1ede6],,Эквайринг,
,,10.12.2024,"2 880,00",[counterparty_hash:335b2a2e9a],,Поступление денег с торг. точек,
,,10.12.2024,"-11,52",[counterparty_hash:a079b1ede6],,Эквайринг,
,,10.12.2024,"-162 812,00",,,Выбытие — Перевод между счетами,
,,10.12.2024,"-6 560,00",[counterparty_hash:2a84eb0be0],[private_purpose_hash:8ceed8ffc7],Содержание торговых точек,
,,10.12.2024,"-244,96",[counterparty_hash:2a84eb0be0],,Расходы на питание персонала,
,,09.12.2024,"-7 910,00",[counterparty_hash:856bc7fd96],,Курьерская служба -,
,,09.12.2024,"7 924,00",[counterparty_hash:335b2a2e9a],,Поступление денег с торг. точек,
,,09.12.2024,"-7 161,00",[counterparty_hash:2a84eb0be0],,Оплата поставщикам ,
,,09.12.2024,"-5 000,00",[counterparty_hash:2a84eb0be0],,Оплата поставщикам ,
,,09.12.2024,"-600,00",[counterparty_hash:7518be4ba8],[private_purpose_hash:31b30968bd],Содержание торговых точек,
,,10.12.2024,"-9 260,00",[counterparty_hash:856bc7fd96],,Курьерская служба -,
,,10.12.2024,"11 396,00",[counterparty_hash:335b2a2e9a],,Поступление денег с торг. точек,
,,10.12.2024,"-10 000,00",[counterparty_hash:856bc7fd96],[private_purpose_hash:0f4f0e9773],Зарплата производственного персонала,
,,10.12.2024,"-157 352,00",[counterparty_hash:856bc7fd96],,Зарплата производственного персонала,
,,10.12.2024,"162 811,00",,,Поступление — Перевод между счетами,
,,11.12.2024,"-1 500,00",[counterparty_hash:7d88c914c2],,Аренда торговых точек,
,,11.12.2024,"-6 014,00",[counterparty_hash:2a84eb0be0],,Оплата поставщикам ,
,,11.12.2024,"-318,00",[counterparty_hash:2a84eb0be0],,Расходы на питание персонала,
,,11.12.2024,"-8 310,00",[counterparty_hash:856bc7fd96],,Курьерская служба -,
,,11.12.2024,"9 515,00",[counterparty_hash:335b2a2e9a],,Поступление денег с торг. точек,
,,11.12.2024,"19 806,79",[counterparty_hash:335b2a2e9a],,Поступление денег с торг. точек,
,,11.12.2024,"-35,12",[counterparty_hash:a079b1ede6],,Эквайринг,
,,11.12.2024,"73 246,35",[counterparty_hash:335b2a2e9a],,Поступление денег с торг. точек,
,,11.12.2024,"-1 098,83",[counterparty_hash:a079b1ede6],,Эквайринг,
,,11.12.2024,"-3 421,13",[counterparty_hash:9a7ac913a7],,Аренда торговых точек,
,,11.12.2024,"-789,19",[counterparty_hash:9a7ac913a7],,Аренда торговых точек,
,,11.12.2024,"-500,00",[counterparty_hash:b2d09b6565],,Аренда торговых точек,
,,11.12.2024,"-12 885,00",[counterparty_hash:e1cb4e2da2],,Оплаты систем автоматизации,
,,11.12.2024,"-104 797,00",[counterparty_hash:4e9e5a80a9],,Сайт и приложение,
,,11.12.2024,"-2 200,00",[counterparty_hash:2c9dd7c496],,Телекоммуникации,
,,11.12.2024,"-2 000,00",[counterparty_hash:b2d09b6565],,Аренда торговых точек,
,,11.12.2024,"-28 000,00",[counterparty_hash:5825737bc2],,Прочие маркетинговые услуги,
,,11.12.2024,"2 721,00",[counterparty_hash:335b2a2e9a],,Поступление денег с торг. точек,
,,11.12.2024,"-10,88",[counterparty_hash:a079b1ede6],,Эквайринг,
,,11.12.2024,"320,00",[counterparty_hash:335b2a2e9a],,Поступление денег с торг. точек,
,,11.12.2024,"-1,28",[counterparty_hash:a079b1ede6],,Эквайринг,
,,11.12.2024,"-6,06",[counterparty_hash:a079b1ede6],,Эквайринг,
,,11.12.2024,"1 305,00",[counterparty_hash:335b2a2e9a],,Поступление денег с торг. точек,
,,11.12.2024,"-5,22",[counterparty_hash:a079b1ede6],,Эквайринг,
,,11.12.2024,"-2 416,14",[counterparty_hash:2a84eb0be0],,Расходы на питание персонала,
,,11.12.2024,"-13,99",[counterparty_hash:2a84eb0be0],,Содержание торговых точек,
,,11.12.2024,"-440,99",[counterparty_hash:2a84eb0be0],,Оплата поставщикам ,
,,12.12.2024,"4 500,00",[counterparty_hash:856bc7fd96],[private_purpose_hash:671d910092],Курьерская служба +,
,,12.12.2024,"12 350,80",[counterparty_hash:335b2a2e9a],,Поступление денег с торг. точек,
,,12.12.2024,"-13,82",[counterparty_hash:a079b1ede6],,Эквайринг,
,,12.12.2024,"55 537,00",[counterparty_hash:335b2a2e9a],,Поступление денег с торг. точек,
,,12.12.2024,"-833,18",[counterparty_hash:a079b1ede6],,Эквайринг,
,,12.12.2024,"-4 500,00",,,Выбытие — Перевод между счетами,
,,12.12.2024,"4 500,00",,,Поступление — Перевод между счетами,
,,12.12.2024,"-6 198,56",[counterparty_hash:10ad09b2bf],,Оплата поставщикам ,
,,12.12.2024,"83,00",[counterparty_hash:335b2a2e9a],,Поступление денег с торг. точек,
,,12.12.2024,"-0,33",[counterparty_hash:a079b1ede6],,Эквайринг,
,,12.12.2024,"586,00",[counterparty_hash:335b2a2e9a],,Поступление денег с торг. точек,
,,12.12.2024,"-2,34",[counterparty_hash:a079b1ede6],,Эквайринг,
,,12.12.2024,"-4 180,00",[counterparty_hash:1340ea64e9],,Оплата поставщикам ,
,,12.12.2024,"-9 240,00",[counterparty_hash:856bc7fd96],,Курьерская служба -,
,,12.12.2024,"9 095,00",[counterparty_hash:335b2a2e9a],,Поступление денег с торг. точек,
,,13.12.2024,"93 565,00",[counterparty_hash:335b2a2e9a],,Поступление денег с торг. точек,
,,13.12.2024,"-1 403,61",[counterparty_hash:a079b1ede6],,Эквайринг,
,,13.12.2024,"-5 000,00",[counterparty_hash:810942d5fa],,Телекоммуникации,
,,13.12.2024,"148 000,00",,,Поступление — Перевод между счетами,
,,13.12.2024,"1 882,00",[counterparty_hash:335b2a2e9a],,Поступление денег с торг. точек,
,,13.12.2024,"-7,53",[counterparty_hash:a079b1ede6],,Эквайринг,
,,13.12.2024,"865,00",[counterparty_hash:335b2a2e9a],,Поступление денег с торг. точек,
,,13.12.2024,"-3,46",[counterparty_hash:a079b1ede6],,Эквайринг,
,,13.12.2024,"-24 092,25",[counterparty_hash:81088c4e1c],,Оплата поставщикам ,
,,13.12.2024,"-38 409,97",[counterparty_hash:81088c4e1c],,Оплата поставщикам ,
,,13.12.2024,"-6 000,00",[counterparty_hash:3b5286b1f7],,Комиссия агрегатору,
,,13.12.2024,"-28 365,87",[counterparty_hash:10ad09b2bf],,Оплата поставщикам ,
,,13.12.2024,"-55 124,55",[counterparty_hash:01761130fc],,Оплата поставщикам ,
,,13.12.2024,"-32 397,79",[counterparty_hash:acffbdf399],,Оплата поставщикам ,
,,13.12.2024,"-30 523,49",[counterparty_hash:55d2a5f343],,Оплата поставщикам ,
,,13.12.2024,"-3 000,00",[counterparty_hash:e628158a74],,Оплаты систем автоматизации,
,,13.12.2024,"-57 117,15",[counterparty_hash:4b0e39f45b],,Оплата поставщикам ,
,,13.12.2024,"-45 475,00",[counterparty_hash:01761130fc],,Оплата поставщикам ,
,,13.12.2024,"-72 442,04",[counterparty_hash:c7da8c8c1f],,Оплата поставщикам ,
,,13.12.2024,"-5 550,00",[counterparty_hash:bc434624a0],,Оплата поставщикам ,
,,13.12.2024,"1 376,00",[counterparty_hash:335b2a2e9a],,Поступление денег с торг. точек,
,,13.12.2024,"-5,50",[counterparty_hash:a079b1ede6],,Эквайринг,
,,13.12.2024,"1 554,00",[counterparty_hash:335b2a2e9a],,Поступление денег с торг. точек,
,,13.12.2024,"-6,22",[counterparty_hash:a079b1ede6],,Эквайринг,
,,13.12.2024,"90,00",[counterparty_hash:335b2a2e9a],,Поступление денег с торг. точек,
,,13.12.2024,"-0,36",[counterparty_hash:a079b1ede6],,Эквайринг,
,,13.12.2024,"471,00",[counterparty_hash:335b2a2e9a],,Поступление денег с торг. точек,
,,13.12.2024,"-1,88",[counterparty_hash:a079b1ede6],,Эквайринг,
,,13.12.2024,"-6 336,03",[counterparty_hash:2a84eb0be0],,Оплата поставщикам ,
,,13.12.2024,"-2 681,40",[counterparty_hash:2a84eb0be0],,Расходы на питание персонала,
,,13.12.2024,"-32,97",[counterparty_hash:2a84eb0be0],,Содержание торговых точек,
,,13.12.2024,"-830,27",[counterparty_hash:10ad09b2bf],,Оплата поставщикам ,
,,14.12.2024,"142 723,00",[counterparty_hash:335b2a2e9a],,Поступление денег с торг. точек,
,,14.12.2024,"-2 141,09",[counterparty_hash:a079b1ede6],,Эквайринг,
,,14.12.2024,"3 204,00",[counterparty_hash:335b2a2e9a],,Поступление денег с торг. точек,
,,14.12.2024,"-12,82",[counterparty_hash:a079b1ede6],,Эквайринг,
,,14.12.2024,"314,00",[counterparty_hash:335b2a2e9a],,Поступление денег с торг. точек,
,,14.12.2024,"-1,26",[counterparty_hash:a079b1ede6],,Эквайринг,
,,14.12.2024,"1 529,00",[counterparty_hash:335b2a2e9a],,Поступление денег с торг. точек,
,,14.12.2024,"-6,12",[counterparty_hash:a079b1ede6],,Эквайринг,
,,14.12.2024,"1 250,00",[counterparty_hash:335b2a2e9a],,Поступление денег с торг. точек,
,,14.12.2024,"-5,00",[counterparty_hash:a079b1ede6],,Эквайринг,
,,14.12.2024,"1 795,00",[counterparty_hash:335b2a2e9a],,Поступление денег с торг. точек,
,,14.12.2024,"-7,18",[counterparty_hash:a079b1ede6],,Эквайринг,
,,15.12.2024,"168 453,15",[counterparty_hash:335b2a2e9a],,Поступление денег с торг. точек,
,,15.12.2024,"-2 527,12",[counterparty_hash:a079b1ede6],,Эквайринг,
,,15.12.2024,"-21 432,00",,,Выбытие — Перевод между счетами,
,,15.12.2024,"-13,99",[counterparty_hash:2a84eb0be0],,Содержание торговых точек,
,,13.12.2024,"-5 150,00",[counterparty_hash:6786cc9f19],,Оплата поставщикам ,
,,15.12.2024,"-1 769,68",[counterparty_hash:2a84eb0be0],,Расходы на питание персонала,
,,13.12.2024,"-148 000,00",,,Выбытие — Перевод между счетами,
,,13.12.2024,"17 481,18",[counterparty_hash:335b2a2e9a],,Поступление денег с торг. точек,
,,13.12.2024,"-28,81",[counterparty_hash:a079b1ede6],,Эквайринг,
,,14.12.2024,"41 937,37",[counterparty_hash:335b2a2e9a],,Поступление денег с торг. точек,
,,14.12.2024,"-44,42",[counterparty_hash:a079b1ede6],,Эквайринг,
,,15.12.2024,"23 093,92",[counterparty_hash:335b2a2e9a],,Поступление денег с торг. точек,
,,15.12.2024,"-15,82",[counterparty_hash:a079b1ede6],,Эквайринг,
,,13.12.2024,"-600,00",[counterparty_hash:856bc7fd96],,Курьерская служба -,
,,13.12.2024,"-17 160,00",[counterparty_hash:856bc7fd96],,Курьерская служба -,
,,13.12.2024,"13 429,00",[counterparty_hash:335b2a2e9a],,Поступление денег с торг. точек,
,,14.12.2024,"-18 230,00",[counterparty_hash:856bc7fd96],,Курьерская служба -,
,,14.12.2024,"29 924,00",[counterparty_hash:335b2a2e9a],,Поступление денег с торг. точек,
,,15.12.2024,"-10 100,00",[counterparty_hash:856bc7fd96],,Курьерская служба -,
,,15.12.2024,"16 972,00",[counterparty_hash:335b2a2e9a],,Поступление денег с торг. точек,
,,13.12.2024,"500,00",[counterparty_hash:856bc7fd96],[private_purpose_hash:0a440cf350],Курьерская служба +,
,,15.12.2024,"-7 988,35",[counterparty_hash:2a84eb0be0],,Оплата поставщикам ,
,,13.12.2024,"-198,00",[counterparty_hash:a079b1ede6],,РКО,
,,15.12.2024,"-11 561,00",[counterparty_hash:2a84eb0be0],,Оплата поставщикам ,
,,15.12.2024,"21 432,00",,,Поступление — Перевод между счетами,
,,15.12.2024,"-9 871,00",[counterparty_hash:2a84eb0be0],,Оплата поставщикам ,
,,16.12.2024,"-1 600,00",[counterparty_hash:768e87a312],[private_purpose_hash:ed90e8dad1],Расходы на персонал,
,,16.12.2024,"350,00",[counterparty_hash:856bc7fd96],[private_purpose_hash:98d572b191],Прочие поступления,
,,16.12.2024,"97 000,00",,,Поступление — Перевод между счетами,
,,16.12.2024,"-35 000,00",[counterparty_hash:856bc7fd96],[private_purpose_hash:f1ad3a22c5],Зарплата административного персонала,
,,16.12.2024,"-25 000,00",[counterparty_hash:856bc7fd96],[private_purpose_hash:724a67d47f],Зарплата административного персонала,
,,16.12.2024,"-15 000,00",[counterparty_hash:856bc7fd96],[private_purpose_hash:5bed02a026],Содержание торговых точек,
,,16.12.2024,"-3 500,00",[counterparty_hash:856bc7fd96],[private_purpose_hash:137cc0ed07],Содержание торговых точек,
,,16.12.2024,"-18 500,00",[counterparty_hash:856bc7fd96],[private_purpose_hash:6c61af76cf],Зарплата административного персонала,
,,17.12.2024,"120 538,00",[counterparty_hash:8009e18a18],,Поступление денег с торг. точек,
,,17.12.2024,"200,00",[counterparty_hash:856bc7fd96],[private_purpose_hash:0a440cf350],Курьерская служба +,
,,17.12.2024,"1 200,00",[counterparty_hash:856bc7fd96],[private_purpose_hash:b888926b47],Прочие поступления,
,,16.12.2024,"-10 870,00",[counterparty_hash:856bc7fd96],,Курьерская служба -,
,,16.12.2024,"10 879,30",[counterparty_hash:335b2a2e9a],,Поступление денег с торг. точек,
,,16.12.2024,"-4 236,00",[counterparty_hash:1340ea64e9],,Оплата поставщикам ,
,,16.12.2024,"24 402,23",[counterparty_hash:335b2a2e9a],,Поступление денег с торг. точек,
,,16.12.2024,"-12,35",[counterparty_hash:a079b1ede6],,Эквайринг,
,,16.12.2024,"103 597,50",[counterparty_hash:335b2a2e9a],,Поступление денег с торг. точек,
,,16.12.2024,"-1 554,14",[counterparty_hash:a079b1ede6],,Эквайринг,
,,16.12.2024,"-97 000,00",,,Выбытие — Перевод между счетами,
,,16.12.2024,"-245 000,00",,,Выбытие — Перевод между счетами,
,,16.12.2024,"1 956,00",[counterparty_hash:335b2a2e9a],,Поступление денег с торг. точек,
,,16.12.2024,"-7,82",[counterparty_hash:a079b1ede6],,Эквайринг,
,,16.12.2024,"560,00",[counterparty_hash:335b2a2e9a],,Поступление денег с торг. точек,
,,16.12.2024,"-2,24",[counterparty_hash:a079b1ede6],,Эквайринг,
,,17.12.2024,"28,00",[counterparty_hash:856bc7fd96],[private_purpose_hash:81807ad9e3],Прочие поступления,
,,17.12.2024,"79 856,00",,,Поступление — Перевод между счетами,
,,17.12.2024,"-179 931,00",[counterparty_hash:856bc7fd96],,Зарплата производственного персонала,
,,17.12.2024,"-10 000,00",[counterparty_hash:856bc7fd96],[private_purpose_hash:923507b9be],Зарплата административного персонала,
,,17.12.2024,"-1 500,00",[counterparty_hash:7d88c914c2],,Аренда торговых точек,
,,17.12.2024,"-6 897,00",[counterparty_hash:2a84eb0be0],,Оплата поставщикам ,
,,17.12.2024,"-1 121,00",[counterparty_hash:2a84eb0be0],,Оплата поставщикам ,
,,17.12.2024,"-250,00",[counterparty_hash:2a84eb0be0],,Расходы на питание персонала,
,,17.12.2024,"-1 708,00",[counterparty_hash:856bc7fd96],[private_purpose_hash:1f0dec70f8],Корретировки кассы -,
,,17.12.2024,"-8 800,00",[counterparty_hash:856bc7fd96],,Курьерская служба -,
,,17.12.2024,"11 442,70",[counterparty_hash:335b2a2e9a],,Поступление денег с торг. точек,
,,17.12.2024,"15 111,87",[counterparty_hash:335b2a2e9a],,Поступление денег с торг. точек,
,,17.12.2024,"-14,86",[counterparty_hash:a079b1ede6],,Эквайринг,
,,10.12.2024,"-285,79",[counterparty_hash:a079b1ede6],,РКО,
,,10.12.2024,"-162 811,00",,,Выбытие — Перевод между счетами,
,,10.12.2024,"162 812,00",,,Поступление — Перевод между счетами,
,,11.12.2024,"-701,79",[counterparty_hash:a079b1ede6],,РКО,
,,16.12.2024,"97 000,00",,,Поступление — Перевод между счетами,
,,16.12.2024,"245 000,00",,,Поступление — Перевод между счетами,
,,16.12.2024,"-342 000,00",,,Выбытие — Перевод между счетами,
,,16.12.2024,"245 000,00",,,Поступление — Перевод между счетами,
,,16.12.2024,"-50 000,00",[counterparty_hash:913fe52b19],,Дивиденды,
,,16.12.2024,"-50 000,00",[counterparty_hash:9d002889b3],,Дивиденды,
,,16.12.2024,"-145 000,00",[counterparty_hash:a079b1ede6],,Оплаты по кредитам и займам,
,,17.12.2024,"-79 856,00",,,Выбытие — Перевод между счетами,
,,17.12.2024,"10 000,00",,,Поступление — Перевод между счетами,
,,17.12.2024,"69 856,00",,,Поступление — Перевод между счетами,
,,17.12.2024,"88 903,00",[counterparty_hash:335b2a2e9a],,Поступление денег с торг. точек,
,,17.12.2024,"350,00",[counterparty_hash:335b2a2e9a],,Поступление денег с торг. точек,
,,17.12.2024,"1 589,00",[counterparty_hash:335b2a2e9a],,Поступление денег с торг. точек,
,,17.12.2024,"1 091,00",[counterparty_hash:335b2a2e9a],,Поступление денег с торг. точек,
,,17.12.2024,"-4,36",[counterparty_hash:a079b1ede6],,Эквайринг,
,,17.12.2024,"-1 333,71",[counterparty_hash:a079b1ede6],,Эквайринг,
,,17.12.2024,"-10 000,00",,,Выбытие — Перевод между счетами,
,,17.12.2024,"-6,36",[counterparty_hash:a079b1ede6],,Эквайринг,
,,17.12.2024,"-69 856,00",,,Выбытие — Перевод между счетами,
,,17.12.2024,"-1,40",[counterparty_hash:a079b1ede6],,Эквайринг,
,,17.12.2024,"-8 550,83",[counterparty_hash:2a84eb0be0],,Оплата поставщикам ,
,,17.12.2024,"-3 096,88",[counterparty_hash:2a84eb0be0],[private_purpose_hash:cb291918ee],Содержание торговых точек,
,,17.12.2024,"-2 247,45",[counterparty_hash:2a84eb0be0],,Расходы на питание персонала,
,,17.12.2024,"-384,00",[counterparty_hash:10ad09b2bf],,Оплата поставщикам ,
,,18.12.2024,"-6 610,00",[counterparty_hash:856bc7fd96],,Курьерская служба -,
,,18.12.2024,"14 868,65",[counterparty_hash:335b2a2e9a],,Поступление денег с торг. точек,
,,18.12.2024,"-10 100,00",,,Выбытие — Перевод между счетами,
,,18.12.2024,"13 122,03",[counterparty_hash:335b2a2e9a],,Поступление денег с торг. точек,
,,18.12.2024,"-15,15",[counterparty_hash:a079b1ede6],,Эквайринг,
,,18.12.2024,"47 882,00",[counterparty_hash:335b2a2e9a],,Поступление денег с торг. точек,
,,18.12.2024,"-718,33",[counterparty_hash:a079b1ede6],,Эквайринг,
,,18.12.2024,"1 676,00",[counterparty_hash:335b2a2e9a],,Поступление денег с торг. точек,
,,18.12.2024,"-6,70",[counterparty_hash:a079b1ede6],,Эквайринг,
,,18.12.2024,"-700,00",,,Выбытие — Перевод между счетами,
,,18.12.2024,"700,00",,,Поступление — Перевод между счетами,
,,18.12.2024,"-3 540,00",[counterparty_hash:e1cb4e2da2],[private_purpose_hash:016c7f7ffd],Оплаты систем автоматизации,
,,18.12.2024,"1 155,00",[counterparty_hash:335b2a2e9a],,Поступление денег с торг. точек,
,,18.12.2024,"-4,62",[counterparty_hash:a079b1ede6],,Эквайринг,
,,18.12.2024,"2 841,50",[counterparty_hash:335b2a2e9a],,Поступление денег с торг. точек,
,,18.12.2024,"-11,37",[counterparty_hash:a079b1ede6],,Эквайринг,
,,19.12.2024,"10 100,00",,,Поступление — Перевод между счетами,
,,19.12.2024,"-10 000,00",[counterparty_hash:856bc7fd96],[private_purpose_hash:ac025d123e],Зарплата производственного персонала,
,,19.12.2024,"-155,84",[counterparty_hash:ef4b7429e3],,Комиссия агрегатору,
,,19.12.2024,"5 661,02",[counterparty_hash:335b2a2e9a],,Поступление денег с торг. точек,
,,19.12.2024,"-5,95",[counterparty_hash:a079b1ede6],,Эквайринг,
,,19.12.2024,"59 789,00",[counterparty_hash:335b2a2e9a],,Поступление денег с торг. точек,
,,19.12.2024,"-896,94",[counterparty_hash:a079b1ede6],,Эквайринг,
,,19.12.2024,"895,00",[counterparty_hash:335b2a2e9a],,Поступление денег с торг. точек,
,,19.12.2024,"-3,58",[counterparty_hash:a079b1ede6],,Эквайринг,
,,19.12.2024,"460,00",[counterparty_hash:335b2a2e9a],,Поступление денег с торг. точек,
,,19.12.2024,"-1,84",[counterparty_hash:a079b1ede6],,Эквайринг,
,,19.12.2024,"-13 246,80",[counterparty_hash:10ad09b2bf],,Оплата поставщикам ,
,,19.12.2024,"-283,96",[counterparty_hash:2a84eb0be0],,Содержание торговых точек,
,,19.12.2024,"-1 197,77",[counterparty_hash:2a84eb0be0],,Расходы на питание персонала,
,,19.12.2024,"-9 060,00",[counterparty_hash:856bc7fd96],,Курьерская служба -,
,,19.12.2024,"15 047,35",[counterparty_hash:335b2a2e9a],,Поступление денег с торг. точек,
,,19.12.2024,"-221,00",[counterparty_hash:2a84eb0be0],,Расходы на питание персонала,
,,19.12.2024,"-7 168,00",[counterparty_hash:2a84eb0be0],,Оплата поставщикам ,
,,20.12.2024,"14 104,41",[counterparty_hash:335b2a2e9a],,Поступление денег с торг. точек,
,,20.12.2024,"-21,97",[counterparty_hash:a079b1ede6],,Эквайринг,
,,21.12.2024,"32 415,33",[counterparty_hash:335b2a2e9a],,Поступление денег с торг. точек,
,,21.12.2024,"-62,16",[counterparty_hash:a079b1ede6],,Эквайринг,
,,22.12.2024,"27 033,03",[counterparty_hash:335b2a2e9a],,Поступление денег с торг. точек,
,,22.12.2024,"-18,55",[counterparty_hash:a079b1ede6],,Эквайринг,
,,20.12.2024,"-5 233,08",[counterparty_hash:6786cc9f19],,Оплата поставщикам ,
,,20.12.2024,"-3 934,00",[counterparty_hash:1340ea64e9],,Оплата поставщикам ,
,,20.12.2024,"-14 750,00",[counterparty_hash:856bc7fd96],,Курьерская служба -,
,,20.12.2024,"20 895,00",[counterparty_hash:335b2a2e9a],,Поступление денег с торг. точек,
,,21.12.2024,"-6 100,00",[counterparty_hash:2a84eb0be0],,Оплата поставщикам ,
,,21.12.2024,"-18 320,00",[counterparty_hash:856bc7fd96],,Курьерская служба -,
,,21.12.2024,"46 420,00",[counterparty_hash:335b2a2e9a],,Поступление денег с торг. точек,
,,22.12.2024,"-13 750,00",[counterparty_hash:856bc7fd96],,Курьерская служба -,
,,22.12.2024,"22 501,00",[counterparty_hash:335b2a2e9a],,Поступление денег с торг. точек,
,,20.12.2024,"64 009,00",[counterparty_hash:335b2a2e9a],,Поступление денег с торг. точек,
,,20.12.2024,"-960,26",[counterparty_hash:a079b1ede6],,Эквайринг,
,,20.12.2024,"-419,97",[counterparty_hash:2a84eb0be0],,Расходы на питание персонала,
,,20.12.2024,"1 227,00",[counterparty_hash:335b2a2e9a],,Поступление денег с торг. точек,
,,20.12.2024,"-4,91",[counterparty_hash:a079b1ede6],,Эквайринг,
,,21.12.2024,"128 931,00",[counterparty_hash:335b2a2e9a],,Поступление денег с торг. точек,
,,21.12.2024,"-1 934,16",[counterparty_hash:a079b1ede6],,Эквайринг,
,,21.12.2024,"2 365,00",[counterparty_hash:335b2a2e9a],,Поступление денег с торг. точек,
,,21.12.2024,"-9,46",[counterparty_hash:a079b1ede6],,Эквайринг,
,,21.12.2024,"-5 000,00",[counterparty_hash:810942d5fa],,Телекоммуникации,
,,21.12.2024,"250,00",[counterparty_hash:335b2a2e9a],,Поступление денег с торг. точек,
,,21.12.2024,"-1,00",[counterparty_hash:a079b1ede6],,Эквайринг,
,,21.12.2024,"1 737,00",[counterparty_hash:335b2a2e9a],,Поступление денег с торг. точек,
,,21.12.2024,"-6,95",[counterparty_hash:a079b1ede6],,Эквайринг,
,,21.12.2024,"1 486,00",[counterparty_hash:335b2a2e9a],,Поступление денег с торг. точек,
,,21.12.2024,"-5,94",[counterparty_hash:a079b1ede6],,Эквайринг,
,,21.12.2024,"-329,96",[counterparty_hash:2a84eb0be0],,Содержание торговых точек,
,,21.12.2024,"-3 845,78",[counterparty_hash:2a84eb0be0],,Расходы на питание персонала,
,,21.12.2024,"-4 230,36",[counterparty_hash:2a84eb0be0],,Оплата поставщикам ,
,,22.12.2024,"143 524,55",[counterparty_hash:335b2a2e9a],,Поступление денег с торг. точек,
,,22.12.2024,"-2 153,06",[counterparty_hash:a079b1ede6],,Эквайринг,
,,22.12.2024,"2 251,00",[counterparty_hash:335b2a2e9a],,Поступление денег с торг. точек,
,,22.12.2024,"-9,00",[counterparty_hash:a079b1ede6],,Эквайринг,
,,22.12.2024,"1 276,00",[counterparty_hash:335b2a2e9a],,Поступление денег с торг. точек,
,,22.12.2024,"-5,10",[counterparty_hash:a079b1ede6],,Эквайринг,
,,22.12.2024,"-2 186,00",[counterparty_hash:2a84eb0be0],,Оплата поставщикам ,
,,22.12.2024,"2 076,00",[counterparty_hash:335b2a2e9a],,Поступление денег с торг. точек,
,,22.12.2024,"-8,30",[counterparty_hash:a079b1ede6],,Эквайринг,
,,23.12.2024,"-1 000,00",[counterparty_hash:7518be4ba8],,Транспортные услуги,
,,23.12.2024,"-1 600,00",[counterparty_hash:2a84eb0be0],[private_purpose_hash:100c710583],Содержание торговых точек,
,,23.12.2024,"-132,00",[counterparty_hash:2a84eb0be0],,Расходы на питание персонала,
,,23.12.2024,"-994,00",[counterparty_hash:2a84eb0be0],,Оплата поставщикам ,
,,23.12.2024,"-9 768,00",[counterparty_hash:2a84eb0be0],,Оплата поставщикам ,
,,23.12.2024,"-8 740,00",[counterparty_hash:856bc7fd96],,Курьерская служба -,
,,23.12.2024,"20 285,00",[counterparty_hash:335b2a2e9a],,Поступление денег с торг. точек,
,,23.12.2024,"-5 000,00",[counterparty_hash:856bc7fd96],[private_purpose_hash:d4680ff382],Зарплата производственного персонала,
,,23.12.2024,"23 994,92",[counterparty_hash:335b2a2e9a],,Поступление денег с торг. точек,
,,23.12.2024,"-37,97",[counterparty_hash:a079b1ede6],,Эквайринг,
,,23.12.2024,"110 889,00",[counterparty_hash:335b2a2e9a],,Поступление денег с торг. точек,
,,23.12.2024,"-1 663,54",[counterparty_hash:a079b1ede6],,Эквайринг,
,,23.12.2024,"-1 990,00",[counterparty_hash:a079b1ede6],,РКО,
,,23.12.2024,"-99,00",[counterparty_hash:a079b1ede6],,РКО,
,,23.12.2024,"-990,00",[counterparty_hash:a079b1ede6],,РКО,
,,23.12.2024,"119,00",[counterparty_hash:335b2a2e9a],,Поступление денег с торг. точек,
,,23.12.2024,"-0,48",[counterparty_hash:a079b1ede6],,Эквайринг,
,,23.12.2024,"-438,00",[counterparty_hash:2a84eb0be0],[private_purpose_hash:07fcc3d964],Содержание торговых точек,
,,23.12.2024,"-404,00",[counterparty_hash:2a84eb0be0],[private_purpose_hash:07fcc3d964],Содержание торговых точек,
,,23.12.2024,"-20 248,56",[counterparty_hash:55d2a5f343],,Оплата поставщикам ,
,,23.12.2024,"-74 718,86",[counterparty_hash:c7da8c8c1f],,Оплата поставщикам ,
,,23.12.2024,"-17 217,36",[counterparty_hash:55d2a5f343],,Оплата поставщикам ,
,,23.12.2024,"-109 869,40",[counterparty_hash:01761130fc],,Оплата поставщикам ,
,,23.12.2024,"-3 700,00",[counterparty_hash:bc434624a0],,Оплата поставщикам ,
,,23.12.2024,"-30 434,50",[counterparty_hash:81088c4e1c],,Оплата поставщикам ,
,,23.12.2024,"-65 160,17",[counterparty_hash:4b0e39f45b],,Оплата поставщикам ,
,,23.12.2024,"-6 522,10",[counterparty_hash:10ad09b2bf],,Оплата поставщикам ,
,,23.12.2024,"-23 626,51",[counterparty_hash:acffbdf399],,Оплата поставщикам ,
,,23.12.2024,"-40 128,91",[counterparty_hash:81088c4e1c],,Оплата поставщикам ,
,,23.12.2024,"-86 721,00",[counterparty_hash:48d0f61ee3],,Аренда торговых точек,
,,23.12.2024,"1 227,00",[counterparty_hash:335b2a2e9a],,Поступление денег с торг. точек,
,,23.12.2024,"-4,91",[counterparty_hash:a079b1ede6],,Эквайринг,
,,23.12.2024,"-6 970,85",[counterparty_hash:2a84eb0be0],,Оплата поставщикам ,
,,23.12.2024,"-23,98",[counterparty_hash:2a84eb0be0],,Содержание торговых точек,
,,23.12.2024,"-2 552,78",[counterparty_hash:2a84eb0be0],,Расходы на питание персонала,
,,24.12.2024,"146 737,52",,,Поступление — Перевод между счетами,
,,24.12.2024,"30 043,00",,,Поступление — Перевод между счетами,
,,24.12.2024,"-161 423,00",[counterparty_hash:856bc7fd96],,Зарплата производственного персонала,
,,24.12.2024,"-1 500,00",[counterparty_hash:7d88c914c2],,Аренда торговых точек,
,,24.12.2024,"-12 563,28",[counterparty_hash:24d4f68d8f],,Оплата поставщикам ,
,,24.12.2024,"-2 520,24",[counterparty_hash:24d4f68d8f],,Оплата поставщикам ,
,,24.12.2024,"-30 043,00",,,Выбытие — Перевод между счетами,
,,24.12.2024,"-8 450,00",[counterparty_hash:856bc7fd96],,Курьерская служба -,
,,24.12.2024,"13 362,15",[counterparty_hash:335b2a2e9a],,Поступление денег с торг. точек,
,,17.12.2024,"-1 000,00",[counterparty_hash:b2b25bc0ee],,Поиск и найм персонала,
,,17.12.2024,"-1 883,00",[counterparty_hash:b2b25bc0ee],,Поиск и найм персонала,
,,25.12.2024,"2 600,00",[counterparty_hash:856bc7fd96],[private_purpose_hash:671d910092],Курьерская служба +,
,,25.12.2024,"275,76",,,Корретировки кассы +,
,,24.12.2024,"135,23",,,Корретировки кассы +,
,,24.12.2024,"10 363,20",[counterparty_hash:335b2a2e9a],,Поступление денег с торг. точек,
,,24.12.2024,"-17,93",[counterparty_hash:a079b1ede6],,Эквайринг,
,,24.12.2024,"-220 000,00",,,Выбытие — Перевод между счетами,
,,24.12.2024,"69 719,40",[counterparty_hash:335b2a2e9a],,Поступление денег с торг. точек,
,,24.12.2024,"-1 045,88",[counterparty_hash:a079b1ede6],,Эквайринг,
,,24.12.2024,"-31 000,00",[counterparty_hash:2d609b655e],,Контекстная реклама,
,,24.12.2024,"-146 737,52",,,Выбытие — Перевод между счетами,
,,24.12.2024,"220 000,00",,,Поступление — Перевод между счетами,
,,23.12.2024,"-1 265,57",[counterparty_hash:a079b1ede6],,РКО,
,,25.12.2024,"22 503,34",[counterparty_hash:335b2a2e9a],,Поступление денег с торг. точек,
,,25.12.2024,"-49,13",[counterparty_hash:a079b1ede6],,Эквайринг,
,,25.12.2024,"-10 000,00",[counterparty_hash:2a84eb0be0],,Оплата поставщикам ,
,,25.12.2024,"-220,00",[counterparty_hash:856bc7fd96],,Курьерская служба -,
,,25.12.2024,"-11 390,00",[counterparty_hash:856bc7fd96],,Курьерская служба -,
,,25.12.2024,"11 587,85",[counterparty_hash:335b2a2e9a],,Поступление денег с торг. точек,
,,25.12.2024,"63 414,00",[counterparty_hash:335b2a2e9a],,Поступление денег с торг. точек,
,,25.12.2024,"-951,33",[counterparty_hash:a079b1ede6],,Эквайринг,
,,25.12.2024,"-10 000,00",[counterparty_hash:6279bcc436],,SEO-оптимизация,
,,25.12.2024,"-2 600,00",,,Выбытие — Перевод между счетами,
,,25.12.2024,"655,00",[counterparty_hash:335b2a2e9a],,Поступление денег с торг. точек,
,,25.12.2024,"-2,62",[counterparty_hash:a079b1ede6],,Эквайринг,
,,25.12.2024,"-24 000,00",[counterparty_hash:675b5b0637],,Листовки,
,,25.12.2024,"2 600,00",,,Поступление — Перевод между счетами,
,,25.12.2024,"1 325,00",[counterparty_hash:335b2a2e9a],,Поступление денег с торг. точек,
,,25.12.2024,"-5,30",[counterparty_hash:a079b1ede6],,Эквайринг,
,,25.12.2024,"791,00",[counterparty_hash:335b2a2e9a],,Поступление денег с торг. точек,
,,25.12.2024,"-3,16",[counterparty_hash:a079b1ede6],,Эквайринг,
,,25.12.2024,"280,00",[counterparty_hash:335b2a2e9a],,Поступление денег с торг. точек,
,,25.12.2024,"-1,12",[counterparty_hash:a079b1ede6],,Эквайринг,
,,25.12.2024,"1 226,00",[counterparty_hash:335b2a2e9a],,Поступление денег с торг. точек,
,,25.12.2024,"-4,90",[counterparty_hash:a079b1ede6],,Эквайринг,
,,25.12.2024,"-1 550,99",[counterparty_hash:2a84eb0be0],,Содержание торговых точек,
,,25.12.2024,"-1 523,67",[counterparty_hash:10ad09b2bf],,Оплата поставщикам ,
,,25.12.2024,"-8 233,09",[counterparty_hash:2a84eb0be0],,Оплата поставщикам ,
,,25.12.2024,"-2 062,64",[counterparty_hash:2a84eb0be0],,Расходы на питание персонала,
,,26.12.2024,"18 738,80",[counterparty_hash:335b2a2e9a],,Поступление денег с торг. точек,
,,26.12.2024,"-32,29",[counterparty_hash:a079b1ede6],,Эквайринг,
,,26.12.2024,"102 830,00",[counterparty_hash:335b2a2e9a],,Поступление денег с торг. точек,
,,26.12.2024,"-1 542,61",[counterparty_hash:a079b1ede6],,Эквайринг,
,,26.12.2024,"-1 000,00",,,Выбытие — Перевод между счетами,
,,26.12.2024,"339,00",[counterparty_hash:335b2a2e9a],,Поступление денег с торг. точек,
,,26.12.2024,"-1,36",[counterparty_hash:a079b1ede6],,Эквайринг,
,,26.12.2024,"-2 639,00",[counterparty_hash:2a84eb0be0],[private_purpose_hash:3adf741227],Содержание торговых точек,
,,26.12.2024,"1 000,00",,,Поступление — Перевод между счетами,
,,26.12.2024,"1 015,00",[counterparty_hash:335b2a2e9a],,Поступление денег с торг. точек,
,,26.12.2024,"-4,06",[counterparty_hash:a079b1ede6],,Эквайринг,
,,26.12.2024,"-1 370,00",[counterparty_hash:10ad09b2bf],,Оплата поставщикам ,
,,26.12.2024,"-2 730,00",[counterparty_hash:0e13905d1d],[private_purpose_hash:70199bb660],Содержание торговых точек,
,,27.12.2024,"-4 145,92",[counterparty_hash:6786cc9f19],,Оплата поставщикам ,
,,27.12.2024,"-14 819,96",[counterparty_hash:6786cc9f19],,Оплата поставщикам ,
,,27.12.2024,"18 966,00",,,Поступление — Перевод между счетами,
,,26.12.2024,"-11 920,00",[counterparty_hash:856bc7fd96],,Курьерская служба -,
,,26.12.2024,"10 124,00",[counterparty_hash:335b2a2e9a],,Поступление денег с торг. точек,
,,27.12.2024,"200,00",[counterparty_hash:856bc7fd96],,Курьерская служба +,
,,27.12.2024,"40 605,34",[counterparty_hash:335b2a2e9a],,Поступление денег с торг. точек,
,,27.12.2024,"-78,11",[counterparty_hash:a079b1ede6],,Эквайринг,
,,27.12.2024,"-99,00",[counterparty_hash:a079b1ede6],,РКО,
,,27.12.2024,"-73 000,00",,,Выбытие — Перевод между счетами,
,,28.12.2024,"56 491,11",[counterparty_hash:335b2a2e9a],,Поступление денег с торг. точек,
,,28.12.2024,"-74,29",[counterparty_hash:a079b1ede6],,Эквайринг,
,,29.12.2024,"56 979,18",[counterparty_hash:335b2a2e9a],,Поступление денег с торг. точек,
,,29.12.2024,"-59,73",[counterparty_hash:a079b1ede6],,Эквайринг,
,,29.12.2024,"-100 000,00",[counterparty_hash:48d0f61ee3],,Аренда торговых точек,
,,27.12.2024,"-1 517,00",[counterparty_hash:2a84eb0be0],[private_purpose_hash:3adf741227],Содержание торговых точек,
,,27.12.2024,"100 527,00",[counterparty_hash:335b2a2e9a],,Поступление денег с торг. точек,
,,27.12.2024,"-1 508,08",[counterparty_hash:a079b1ede6],,Эквайринг,
,,27.12.2024,"-38 180,17",[counterparty_hash:c7da8c8c1f],,Оплата поставщикам ,
,,27.12.2024,"-24 022,13",[counterparty_hash:10ad09b2bf],,Оплата поставщикам ,
,,27.12.2024,"-1 000,00",[counterparty_hash:64b5ca4d90],,Оплата поставщикам ,
,,27.12.2024,"-19 854,31",[counterparty_hash:acffbdf399],,Оплата поставщикам ,
,,27.12.2024,"-74 895,75",[counterparty_hash:4b0e39f45b],,Оплата поставщикам ,
,,27.12.2024,"-43 848,14",[counterparty_hash:81088c4e1c],,Оплата поставщикам ,
,,27.12.2024,"-132 169,00",[counterparty_hash:01761130fc],,Оплата поставщикам ,
,,27.12.2024,"-14 856,84",[counterparty_hash:55d2a5f343],,Оплата поставщикам ,
,,27.12.2024,"-2 775,00",[counterparty_hash:bc434624a0],,Оплата поставщикам ,
,,27.12.2024,"-15 511,72",[counterparty_hash:55d2a5f343],,Оплата поставщикам ,
,,27.12.2024,"-41 875,20",[counterparty_hash:81088c4e1c],,Оплата поставщикам ,
,,27.12.2024,"-18 966,00",,,Выбытие — Перевод между счетами,
,,27.12.2024,"73 000,00",,,Поступление — Перевод между счетами,
,,27.12.2024,"3 423,00",[counterparty_hash:335b2a2e9a],,Поступление денег с торг. точек,
,,27.12.2024,"-13,69",[counterparty_hash:a079b1ede6],,Эквайринг,
,,27.12.2024,"-36 500,00",[counterparty_hash:3cab83ecee],,Налоги,
,,27.12.2024,"-600,00",[counterparty_hash:2c9dd7c496],,Телекоммуникации,
,,27.12.2024,"260,00",[counterparty_hash:335b2a2e9a],,Поступление денег с торг. точек,
,,27.12.2024,"-1,04",[counterparty_hash:a079b1ede6],,Эквайринг,
,,27.12.2024,"-5 439,84",[counterparty_hash:2a84eb0be0],,Расходы на питание персонала,
,,27.12.2024,"-9 498,98",[counterparty_hash:2a84eb0be0],,Оплата поставщикам ,
,,27.12.2024,"-2 355,92",[counterparty_hash:2a84eb0be0],,Содержание торговых точек,
,,27.12.2024,"-320,00",[counterparty_hash:2a84eb0be0],,Содержание торговых точек,
,,28.12.2024,"163 672,00",[counterparty_hash:335b2a2e9a],,Поступление денег с торг. точек,
,,28.12.2024,"-2 455,35",[counterparty_hash:a079b1ede6],,Эквайринг,
,,28.12.2024,"3 694,00",[counterparty_hash:335b2a2e9a],,Поступление денег с торг. точек,
,,28.12.2024,"-14,78",[counterparty_hash:a079b1ede6],,Эквайринг,
,,28.12.2024,"-10 000,00",[counterparty_hash:23573dbbe8],,Таргетированная реклама,
,,28.12.2024,"2 171,00",[counterparty_hash:335b2a2e9a],,Поступление денег с торг. точек,
,,28.12.2024,"-8,68",[counterparty_hash:a079b1ede6],,Эквайринг,
,,28.12.2024,"695,00",[counterparty_hash:335b2a2e9a],,Поступление денег с торг. точек,
,,28.12.2024,"-2,78",[counterparty_hash:a079b1ede6],,Эквайринг,
,,28.12.2024,"90,00",[counterparty_hash:335b2a2e9a],,Поступление денег с торг. точек,
,,28.12.2024,"-0,36",[counterparty_hash:a079b1ede6],,Эквайринг,
,,29.12.2024,"222 224,55",[counterparty_hash:335b2a2e9a],,Поступление денег с торг. точек,
,,29.12.2024,"-3 333,78",[counterparty_hash:a079b1ede6],,Эквайринг,
,,29.12.2024,"-5 000,00",[counterparty_hash:810942d5fa],,Телекоммуникации,
,,29.12.2024,"1 551,00",[counterparty_hash:335b2a2e9a],,Поступление денег с торг. точек,
,,29.12.2024,"-6,20",[counterparty_hash:a079b1ede6],,Эквайринг,
,,29.12.2024,"1 214,00",[counterparty_hash:335b2a2e9a],,Поступление денег с торг. точек,
,,29.12.2024,"-4,86",[counterparty_hash:a079b1ede6],,Эквайринг,
,,29.12.2024,"-2 422,82",[counterparty_hash:2a84eb0be0],,Расходы на питание персонала,
,,29.12.2024,"-399,96",[counterparty_hash:2a84eb0be0],,Содержание торговых точек,
,,29.12.2024,"-6 217,27",[counterparty_hash:2a84eb0be0],,Оплата поставщикам ,
,,29.12.2024,"-1 200,00",[counterparty_hash:10ad09b2bf],,Оплата поставщикам ,
,,26.12.2024,"1 000,00",[counterparty_hash:856bc7fd96],,Курьерская служба +,
,,27.12.2024,"-17 390,00",[counterparty_hash:856bc7fd96],,Курьерская служба -,
,,27.12.2024,"30 303,00",[counterparty_hash:335b2a2e9a],,Поступление денег с торг. точек,
,,28.12.2024,"-23 030,00",[counterparty_hash:856bc7fd96],,Курьерская служба -,
,,28.12.2024,"39 167,00",[counterparty_hash:335b2a2e9a],,Поступление денег с торг. точек,
,,29.12.2024,"-18 690,00",[counterparty_hash:856bc7fd96],,Курьерская служба -,
,,29.12.2024,"24 995,05",[counterparty_hash:335b2a2e9a],,Поступление денег с торг. точек,
,,29.12.2024,"-8 082,00",[counterparty_hash:2a84eb0be0],,Оплата поставщикам ,
,,29.12.2024,"-8 464,00",[counterparty_hash:2a84eb0be0],,Оплата поставщикам ,
,,29.12.2024,"-10 500,00",[counterparty_hash:2a84eb0be0],,Оплата поставщикам ,
,,29.12.2024,"79 425,00",[counterparty_hash:8009e18a18],,Поступление денег с торг. точек,
,,30.12.2024,"100 048,00",,,Поступление — Перевод между счетами,
,,30.12.2024,"27 729,00",,,Поступление — Перевод между счетами,
,,30.12.2024,"-24 000,00",[counterparty_hash:856bc7fd96],[private_purpose_hash:724a67d47f],Зарплата административного персонала,
,,30.12.2024,"-35 000,00",[counterparty_hash:856bc7fd96],[private_purpose_hash:f1ad3a22c5],Зарплата административного персонала,
,,30.12.2024,"-15 548,00",[counterparty_hash:856bc7fd96],[private_purpose_hash:6c61af76cf],Зарплата административного персонала,
,,30.12.2024,"-8 500,00",[counterparty_hash:856bc7fd96],[private_purpose_hash:9713f3b3d4],Содержание торговых точек,
,,30.12.2024,"-7 000,00",[counterparty_hash:856bc7fd96],[private_purpose_hash:57ccd48631],Содержание торговых точек,
,,30.12.2024,"-10 000,00",[counterparty_hash:856bc7fd96],[private_purpose_hash:30ce4c9f18],Зарплата административного персонала,
,,30.12.2024,"-5 962,00",[counterparty_hash:1340ea64e9],,Оплата поставщикам ,
,,30.12.2024,"-4 368,00",[counterparty_hash:1340ea64e9],,Оплата поставщикам ,
,,30.12.2024,"-3 299,00",[counterparty_hash:2a84eb0be0],,Оплата поставщикам ,
,,30.12.2024,"-14 102,00",[counterparty_hash:2a84eb0be0],,Оплата поставщикам ,
,,30.12.2024,"-8 424,00",[counterparty_hash:1340ea64e9],,Оплата поставщикам ,
,,30.12.2024,"-11 170,00",[counterparty_hash:856bc7fd96],,Курьерская служба -,
,,30.12.2024,"21 114,40",[counterparty_hash:335b2a2e9a],,Поступление денег с торг. точек,
,,30.12.2024,"50 000,00",,,Поступление — Перевод между счетами,
,,30.12.2024,"28 972,59",[counterparty_hash:335b2a2e9a],,Поступление денег с торг. точек,
,,30.12.2024,"-27 729,00",,,Выбытие — Перевод между счетами,
,,30.12.2024,"-100 048,00",,,Выбытие — Перевод между счетами,
,,30.12.2024,"-34,37",[counterparty_hash:a079b1ede6],,Эквайринг,
,,30.12.2024,"172 337,15",[counterparty_hash:335b2a2e9a],,Поступление денег с торг. точек,
,,30.12.2024,"-2 585,39",[counterparty_hash:a079b1ede6],,Эквайринг,
,,30.12.2024,"1,00",[counterparty_hash:335b2a2e9a],,Поступление денег с торг. точек,
,,30.12.2024,"-50 000,00",,,Выбытие — Перевод между счетами,
,,30.12.2024,"-27 729,00",,,Выбытие — Перевод между счетами,
,,30.12.2024,"-99,00",[counterparty_hash:2a84eb0be0],,Содержание торговых точек,
,,30.12.2024,"1 087,00",[counterparty_hash:335b2a2e9a],,Поступление денег с торг. точек,
,,30.12.2024,"27 729,00",,,Поступление — Перевод между счетами,
,,30.12.2024,"-4,35",[counterparty_hash:a079b1ede6],,Эквайринг,
,,31.12.2024,"88 861,00",[counterparty_hash:335b2a2e9a],,Поступление денег с торг. точек,
,,31.12.2024,"-1 333,13",[counterparty_hash:a079b1ede6],,Эквайринг,
,,31.12.2024,"-1 400,00",,,Выбытие — Перевод между счетами,
,,31.12.2024,"1 400,00",,,Поступление — Перевод между счетами,
,,31.12.2024,"-120 000,00",,,Выбытие — Перевод между счетами,
,,31.12.2024,"320,00",[counterparty_hash:335b2a2e9a],,Поступление денег с торг. точек,
,,31.12.2024,"-1,28",[counterparty_hash:a079b1ede6],,Эквайринг,
,,31.12.2024,"1 177,00",[counterparty_hash:335b2a2e9a],,Поступление денег с торг. точек,
,,31.12.2024,"-4,71",[counterparty_hash:a079b1ede6],,Эквайринг,
,,31.12.2024,"37 245,10",[counterparty_hash:335b2a2e9a],,Поступление денег с торг. точек,
,,31.12.2024,"-60,17",[counterparty_hash:a079b1ede6],,Эквайринг,
,,31.12.2024,"120 000,00",,,Поступление — Перевод между счетами,
,,31.12.2024,"-123 534,00",,,Выбытие — Перевод между счетами,
,,31.12.2024,"1 400,00",[counterparty_hash:856bc7fd96],,Курьерская служба +,
,,31.12.2024,"123 534,00",,,Поступление — Перевод между счетами,
,,31.12.2024,"-206 659,00",[counterparty_hash:856bc7fd96],,Зарплата производственного персонала,
,,31.12.2024,"-1 500,00",[counterparty_hash:7d88c914c2],,Аренда торговых точек,
,,31.12.2024,"-19 090,00",[counterparty_hash:856bc7fd96],,Курьерская служба -,
,,31.12.2024,"48 939,55",[counterparty_hash:335b2a2e9a],,Поступление денег с торг. точек,
,,31.12.2024,"-110,00",,,Корретировки кассы -,
,,03.06.2025,"100 000,00",,,Поступление — Перевод между счетами,
,,03.06.2025,"15 000,00",,,Поступление денег с торг. точек,
,,03.06.2025,"-1 000,00",,,Оплата поставщикам ,
,,03.06.2025,"-100 000,00",,,Выбытие — Перевод между счетами,
,,04.06.2025,"120 000,00",,,Поступление — Перевод между счетами,
,,04.06.2025,"-15 000,00",,,Возврат переплаты от поставщиков,
