25.06.2024,2 410,employee_b3338b123c,администратор,Производство Черникова,Выплата ЗП,
25.06.2024,17 086,employee_1e9833c276,сушист,Производство Черникова,Выплата ЗП,
25.06.2024,6 892,employee_908545f9b4,пиццерист,Производство Черникова,Выплата ЗП,
25.06.2024,19 120,employee_b5882a32e7,сушист,Производство Черникова,Выплата ЗП,
25.06.2024,11 418,employee_51247484d7,администратор,Производство Черникова,Выплата ЗП,
25.06.2024,8 514,employee_0fd7b576bb,сушист,Производство Черникова,Выплата ЗП,
25.06.2024,6 378,employee_8b0eb48cc4,шаурмист,Производство Черникова,Выплата ЗП,
25.06.2024,8 739,employee_82ceca1c22,администратор,Производство Черникова,Выплата ЗП,
25.06.2024,11 783,employee_2dcfa0649d,администратор,Производство Черникова,Выплата ЗП,
25.06.2024,7 718,employee_47a96f6744,пиццерист,Производство Черникова,Выплата ЗП,
25.06.2024,4 845,employee_5b393a6334,сушист,Производство Черникова,Выплата ЗП,
25.06.2024,16 535,employee_e0b9462a9d,пиццерист,Производство Черникова,Выплата ЗП,
25.06.2024,6 047,employee_2d990cc9bd,сушист,Производство Черникова,Выплата ЗП,
25.06.2024,7 007,employee_9747b9d844,пиццерист,Производство Черникова,Выплата ЗП,
25.06.2024,5 558,employee_13c178ad47,шаурмист,Производство Черникова,Выплата ЗП,
01.06.2024,40 000,employee_859ee3e9a0,директор по развитию,Администрация,Выплата ЗП,
05.06.2024,20 000,employee_859ee3e9a0,директор по развитию,Администрация,Выплата ЗП,
24.06.2024,25 200,employee_859ee3e9a0,директор по развитию,Администрация,Выплата ЗП,
01.06.2024,14 750,employee_084aa7f84e,помощник менеджера,Администрация,Выплата ЗП,
15.06.2024,15 000,employee_084aa7f84e,помощник менеджера,Администрация,Выплата ЗП,
01.06.2024,23 000,employee_a74c086a20,менеджер,Администрация,Выплата ЗП,
15.06.2024,25 000,employee_a74c086a20,менеджер,Администрация,Выплата ЗП,
01.06.2024,62 000,employee_cce3baf76d,технический директор,Администрация,Выплата ЗП,
02.07.2024,9 332,employee_b3338b123c,администратор,Производство Черникова,Выплата ЗП,
02.07.2024,21 431,employee_b5882a32e7,сушист,Производство Черникова,Выплата ЗП,
02.07.2024,19 597,employee_1e9833c276,сушист,Производство Черникова,Выплата ЗП,
02.07.2024,10 057,employee_51247484d7,администратор,Производство Черникова,Выплата ЗП,
02.07.2024,15 306,employee_0fd7b576bb,сушист,Производство Черникова,Выплата ЗП,
02.07.2024,3 957,employee_908545f9b4,пиццерист,Производство Черникова,Выплата ЗП,
02.07.2024,12 889,employee_8b0eb48cc4,шаурмист,Производство Черникова,Выплата ЗП,
02.07.2024,8 147,employee_82ceca1c22,администратор,Производство Черникова,Выплата ЗП,
02.07.2024,9 083,employee_2dcfa0649d,администратор,Производство Черникова,Выплата ЗП,
02.07.2024,14 106,employee_47a96f6744,пиццерист,Производство Черникова,Выплата ЗП,
02.07.2024,9 267,employee_5b393a6334,сушист,Производство Черникова,Выплата ЗП,
02.07.2024,8 151,employee_e0b9462a9d,пиццерист,Производство Черникова,Выплата ЗП,
02.07.2024,11 869,employee_2d990cc9bd,сушист,Производство Черникова,Выплата ЗП,
02.07.2024,7 777,employee_9747b9d844,пиццерист,Производство Черникова,Выплата ЗП,
02.07.2024,4 520,employee_13c178ad47,шаурмист,Производство Черникова,Выплата ЗП,
09.07.2024,11 770,employee_b3338b123c,администратор,Производство Черникова,Выплата ЗП,
09.07.2024,4 961,employee_b5882a32e7,сушист,Производство Черникова,Выплата ЗП,
09.07.2024,22 157,employee_1e9833c276,сушист,Производство Черникова,Выплата ЗП,
09.07.2024,8 550,employee_51247484d7,администратор,Производство Черникова,Выплата ЗП,
09.07.2024,9 885,employee_0fd7b576bb,сушист,Производство Черникова,Выплата ЗП,
09.07.2024,8 059,employee_908545f9b4,пиццерист,Производство Черникова,Выплата ЗП,
09.07.2024,10 800,employee_8b0eb48cc4,шаурмист,Производство Черникова,Выплата ЗП,
09.07.2024,7 200,employee_82ceca1c22,администратор,Производство Черникова,Выплата ЗП,
09.07.2024,10 155,employee_2dcfa0649d,администратор,Производство Черникова,Выплата ЗП,
09.07.2024,11 416,employee_47a96f6744,пиццерист,Производство Черникова,Выплата ЗП,
09.07.2024,15 684,employee_e0b9462a9d,пиццерист,Производство Черникова,Выплата ЗП,
09.07.2024,11 750,employee_2d990cc9bd,сушист,Производство Черникова,Выплата ЗП,
09.07.2024,13 500,employee_9747b9d844,пиццерист,Производство Черникова,Выплата ЗП,
09.07.2024,4 425,employee_13c178ad47,шаурмист,Производство Черникова,Выплата ЗП,
16.07.2024,6 220,employee_13c178ad47,шаурмист,Производство Черникова,Выплата ЗП,
16.07.2024,8 923,employee_b3338b123c,администратор,Производство Черникова,Выплата ЗП,
16.07.2024,11 197,employee_b5882a32e7,сушист,Производство Черникова,Выплата ЗП,
16.07.2024,21 620,employee_1e9833c276,сушист,Производство Черникова,Выплата ЗП,
16.07.2024,11 019,employee_51247484d7,администратор,Производство Черникова,Выплата ЗП,
16.07.2024,9 600,employee_0fd7b576bb,сушист,Производство Черникова,Выплата ЗП,
16.07.2024,10 694,employee_908545f9b4,пиццерист,Производство Черникова,Выплата ЗП,
16.07.2024,8 830,employee_8b0eb48cc4,шаурмист,Производство Черникова,Выплата ЗП,
16.07.2024,15 000,employee_82ceca1c22,администратор,Производство Черникова,Выплата ЗП,
16.07.2024,4 838,employee_2dcfa0649d,администратор,Производство Черникова,Выплата ЗП,
16.07.2024,11 226,employee_47a96f6744,пиццерист,Производство Черникова,Выплата ЗП,
16.07.2024,13 650,employee_e0b9462a9d,пиццерист,Производство Черникова,Выплата ЗП,
16.07.2024,11 390,employee_2d990cc9bd,сушист,Производство Черникова,Выплата ЗП,
16.07.2024,12 298,employee_9747b9d844,пиццерист,Производство Черникова,Выплата ЗП,
23.07.2024,11 735,employee_e0b9462a9d,пиццерист,Производство Черникова,Выплата ЗП,
23.07.2024,10 366,employee_0fd7b576bb,сушист,Производство Черникова,Выплата ЗП,
23.07.2024,2 619,employee_82ceca1c22,администратор,Производство Черникова,Выплата ЗП,
23.07.2024,8 276,employee_b3338b123c,администратор,Производство Черникова,Выплата ЗП,
23.07.2024,17 941,employee_1e9833c276,сушист,Производство Черникова,Выплата ЗП,
23.07.2024,11 168,employee_b5882a32e7,сушист,Производство Черникова,Выплата ЗП,
23.07.2024,8 754,employee_908545f9b4,пиццерист,Производство Черникова,Выплата ЗП,
23.07.2024,7 970,employee_51247484d7,администратор,Производство Черникова,Выплата ЗП,
23.07.2024,3 926,employee_13c178ad47,шаурмист,Производство Черникова,Выплата ЗП,
23.07.2024,9 202,employee_47a96f6744,пиццерист,Производство Черникова,Выплата ЗП,
23.07.2024,8 295,employee_8b0eb48cc4,шаурмист,Производство Черникова,Выплата ЗП,
23.07.2024,7 793,employee_2dcfa0649d,администратор,Производство Черникова,Выплата ЗП,
23.07.2024,7 318,employee_9747b9d844,пиццерист,Производство Черникова,Выплата ЗП,
23.07.2024,5 772,employee_2d990cc9bd,сушист,Производство Черникова,Выплата ЗП,
30.07.2024,15 225,employee_e0b9462a9d,пиццерист,Производство Черникова,Выплата ЗП,
30.07.2024,10 581,employee_0fd7b576bb,сушист,Производство Черникова,Выплата ЗП,
30.07.2024,8 772,employee_82ceca1c22,администратор,Производство Черникова,Выплата ЗП,
30.07.2024,7 592,employee_b3338b123c,администратор,Производство Черникова,Выплата ЗП,
30.07.2024,20 742,employee_1e9833c276,сушист,Производство Черникова,Выплата ЗП,
30.07.2024,10 328,employee_b5882a32e7,сушист,Производство Черникова,Выплата ЗП,
30.07.2024,11 422,employee_908545f9b4,пиццерист,Производство Черникова,Выплата ЗП,
30.07.2024,11 149,employee_51247484d7,администратор,Производство Черникова,Выплата ЗП,
30.07.2024,5 082,employee_13c178ad47,шаурмист,Производство Черникова,Выплата ЗП,
30.07.2024,13 018,employee_47a96f6744,пиццерист,Производство Черникова,Выплата ЗП,
30.07.2024,11 101,employee_8b0eb48cc4,шаурмист,Производство Черникова,Выплата ЗП,
30.07.2024,7 395,employee_2dcfa0649d,администратор,Производство Черникова,Выплата ЗП,
30.07.2024,11 852,employee_9747b9d844,пиццерист,Производство Черникова,Выплата ЗП,
30.07.2024,11 650,employee_2d990cc9bd,сушист,Производство Черникова,Выплата ЗП,
30.07.2024,4 839,employee_62c77ec038,сушист,Производство Черникова,Выплата ЗП,
30.07.2024,2 450,employee_5630eb82a8,сушист,Производство Черникова,Выплата ЗП,
31.07.2024,15 000,employee_b5882a32e7,сушист,Производство Черникова,Выплата ЗП,
01.07.2024,40 000,employee_859ee3e9a0,директор по развитию,Администрация,Выплата ЗП,
25.07.2024,43 000,employee_859ee3e9a0,директор по развитию,Администрация,Выплата ЗП,
01.07.2024,15 000,employee_084aa7f84e,помощник менеджера,Администрация,Выплата ЗП,
15.07.2024,15 000,employee_084aa7f84e,помощник менеджера,Администрация,Выплата ЗП,
01.07.2024,24 000,employee_a74c086a20,менеджер,Администрация,Выплата ЗП,
15.07.2024,25 000,employee_a74c086a20,менеджер,Администрация,Выплата ЗП,
01.07.2024,62 000,employee_cce3baf76d,технический директор,Администрация,Выплата ЗП,
02.08.2024,60 000,employee_62c77ec038,управляющий,Администрация,Выплата аванса,
01.08.2024,15 000,employee_084aa7f84e,помощник менеджера,Администрация,Выплата ЗП,
01.08.2024,24 000,employee_a74c086a20,менеджер,Администрация,Выплата ЗП,
06.08.2024,17 677,employee_2d990cc9bd,сушист,Производство Черникова,Выплата ЗП,
06.08.2024,6 512,employee_82ceca1c22,администратор,Производство Черникова,Выплата ЗП,
06.08.2024,8 015,employee_0fd7b576bb,сушист,Производство Черникова,Выплата ЗП,
06.08.2024,36 882,employee_1e9833c276,сушист,Производство Черникова,Выплата ЗП,
06.08.2024,5 603,employee_8b0eb48cc4,шаурмист,Производство Черникова,Выплата ЗП,
06.08.2024,10 859,employee_b3338b123c,администратор,Производство Черникова,Выплата ЗП,
06.08.2024,8 610,employee_51247484d7,администратор,Производство Черникова,Выплата ЗП,
06.08.2024,13 049,employee_908545f9b4,пиццерист,Производство Черникова,Выплата ЗП,
06.08.2024,10 139,employee_2dcfa0649d,администратор,Производство Черникова,Выплата ЗП,
06.08.2024,10 264,employee_47a96f6744,пиццерист,Производство Черникова,Выплата ЗП,
06.08.2024,9 815,employee_9747b9d844,сушист,Производство Черникова,Выплата ЗП,
06.08.2024,11 493,employee_13c178ad47,шаурмист,Производство Черникова,Выплата ЗП,
06.08.2024,10 920,employee_62c77ec038,сушист,Производство Черникова,Выплата ЗП,
06.08.2024,4 000,employee_3fa5f3a2b5,сушист,Производство Черникова,Выплата ЗП,
06.08.2024,1 700,employee_83dd275d59,сушист,Производство Черникова,Выплата ЗП,
12.08.2024,80 000,employee_3fa5f3a2b5,сушист,Производство Черникова,Выплата аванса,
13.08.2024,7 200,employee_e0b9462a9d,сушист,Производство Черникова,Выплата ЗП,
13.08.2024,5 859,employee_82ceca1c22,администратор,Производство Черникова,Выплата ЗП,
13.08.2024,2 166,employee_62c77ec038,сушист,Производство Черникова,Выплата ЗП,
13.08.2024,12 200,employee_8b0eb48cc4,шаурмист,Производство Черникова,Выплата ЗП,
13.08.2024,8 000,employee_8a808b8628,сушист,Производство Черникова,Выплата ЗП,
13.08.2024,7 200,employee_abc3bb071c,пиццерист,Производство Черникова,Выплата ЗП,
13.08.2024,8 067,employee_7a26741430,шаурмист,Производство Черникова,Выплата ЗП,
13.08.2024,10 512,employee_b3338b123c,администратор,Производство Черникова,Выплата ЗП,
13.08.2024,8 629,employee_51247484d7,администратор,Производство Черникова,Выплата ЗП,
13.08.2024,10 173,employee_908545f9b4,пиццерист,Производство Черникова,Выплата ЗП,
13.08.2024,9 208,employee_2dcfa0649d,администратор,Производство Черникова,Выплата ЗП,
13.08.2024,13 547,employee_47a96f6744,пиццерист,Производство Черникова,Выплата ЗП,
13.08.2024,9 395,employee_9747b9d844,сушист,Производство Черникова,Выплата ЗП,
13.08.2024,13 955,employee_3fa5f3a2b5,сушист,Производство Черникова,Выплата ЗП,
13.08.2024,4 537,employee_9be0f94e4e,пиццерист,Производство Черникова,Выплата ЗП,
13.08.2024,9 067,employee_3a96201e66,сушист,Производство Черникова,Выплата ЗП,
13.08.2024,4 661,employee_83dd275d59,сушист,Производство Черникова,Выплата ЗП,
09.08.2024,55 000,employee_62c77ec038,управляющий,Администрация,Выплата ЗП,
12.08.2024,20 000,employee_cce3baf76d,руководитель службы доставки,Администрация,Выплата ЗП,
12.08.2024,40 000,employee_859ee3e9a0,директор по развитию,Администрация,Выплата ЗП,
15.08.2024,45 000,employee_a74c086a20,менеджер,Администрация,Выплата ЗП,
15.08.2024,10 245,employee_084aa7f84e,помощник менеджера,Администрация,Выплата ЗП,
19.08.2024,15 869,employee_3a96201e66,сушист,Производство Черникова,Выплата ЗП,
20.08.2024,7 732,employee_82ceca1c22,администратор,Производство Черникова,Выплата ЗП,
20.08.2024,19 905,employee_e0b9462a9d,пиццерист,Производство Черникова,Выплата ЗП,
20.08.2024,6 765,employee_8b0eb48cc4,шаурмист,Производство Черникова,Выплата ЗП,
20.08.2024,11 631,employee_b3338b123c,администратор,Производство Черникова,Выплата ЗП,
20.08.2024,9 100,employee_51247484d7,администратор,Производство Черникова,Выплата ЗП,
20.08.2024,6 772,employee_908545f9b4,пиццерист,Производство Черникова,Выплата ЗП,
20.08.2024,9 954,employee_2dcfa0649d,администратор,Производство Черникова,Выплата ЗП,
20.08.2024,9 516,employee_47a96f6744,пиццерист,Производство Черникова,Выплата ЗП,
20.08.2024,9 183,employee_9747b9d844,сушист,Производство Черникова,Выплата ЗП,
20.08.2024,13 167,employee_3fa5f3a2b5,сушист,Производство Черникова,Выплата ЗП,
20.08.2024,8 000,employee_8a808b8628,сушист,Производство Черникова,Выплата ЗП,
20.08.2024,5 609,employee_9be0f94e4e,сушист,Производство Черникова,Выплата ЗП,
20.08.2024,5 766,employee_7a26741430,шаурмист,Производство Черникова,Выплата ЗП,
20.08.2024,4 557,employee_7448260c20,сушист,Производство Черникова,Выплата ЗП,
20.08.2024,3 802,employee_abc3bb071c,пиццерист,Производство Черникова,Выплата ЗП,
20.08.2024,1 132,employee_3a96201e66,сушист,Производство Черникова,Выплата ЗП,
23.08.2024,12 000,employee_62c77ec038,управляющий,Администрация,Выплата аванса,
27.08.2024,10 385,employee_e0b9462a9d,пиццерист,Производство Черникова,Выплата ЗП,
27.08.2024,7 500,employee_7448260c20,сушист,Производство Черникова,Выплата ЗП,
27.08.2024,12 500,employee_8b0eb48cc4,шаурмист,Производство Черникова,Выплата ЗП,
27.08.2024,3 300,employee_82ceca1c22,администратор,Производство Черникова,Выплата ЗП,
27.08.2024,18 671,employee_3a96201e66,сушист,Производство Черникова,Выплата ЗП,
27.08.2024,6 037,employee_91a178f22a,сушист,Производство Черникова,Выплата ЗП,
27.08.2024,4 000,employee_21bfc5e63e,сушист,Производство Черникова,Выплата ЗП,
27.08.2024,3 879,employee_7a26741430,шаурмист,Производство Черникова,Выплата ЗП,
27.08.2024,9 771,employee_b3338b123c,администратор,Производство Черникова,Выплата ЗП,
27.08.2024,10 744,employee_51247484d7,администратор,Производство Черникова,Выплата ЗП,
27.08.2024,12 648,employee_2dcfa0649d,администратор,Производство Черникова,Выплата ЗП,
27.08.2024,9 867,employee_908545f9b4,пиццерист,Производство Черникова,Выплата ЗП,
27.08.2024,9 510,employee_47a96f6744,пиццерист,Производство Черникова,Выплата ЗП,
27.08.2024,14 578,employee_9747b9d844,сушист,Производство Черникова,Выплата ЗП,
27.08.2024,12 372,employee_3fa5f3a2b5,сушист,Производство Черникова,Выплата ЗП,
27.08.2024,6 642,employee_abc3bb071c,пиццерист,Производство Черникова,Выплата ЗП,
26.08.2024,43 000,employee_859ee3e9a0,директор по развитию,Администрация,Выплата ЗП,
03.09.2024,12 810,employee_e0b9462a9d,пиццерист,Производство Черникова,Выплата ЗП,
03.09.2024,18 760,employee_3a96201e66,сушист,Производство Черникова,Выплата ЗП,
03.09.2024,11 200,employee_8b0eb48cc4,шаурмист,Производство Черникова,Выплата ЗП,
03.09.2024,20 620,employee_7448260c20,сушист,Производство Черникова,Выплата ЗП,
03.09.2024,10 950,employee_82ceca1c22,администратор,Производство Черникова,Выплата ЗП,
03.09.2024,4 207,employee_62c77ec038,сушист,Производство Черникова,Выплата ЗП,
03.09.2024,13 750,employee_9747b9d844,пиццерист,Производство Черникова,Выплата ЗП,
03.09.2024,21 320,employee_3fa5f3a2b5,сушист,Производство Черникова,Выплата ЗП,
03.09.2024,12 925,employee_b3338b123c,администратор,Производство Черникова,Выплата ЗП,
03.09.2024,12 049,employee_51247484d7,администратор,Производство Черникова,Выплата ЗП,
03.09.2024,9 665,employee_908545f9b4,пиццерист,Производство Черникова,Выплата ЗП,
03.09.2024,6 498,employee_2dcfa0649d,администратор,Производство Черникова,Выплата ЗП,
03.09.2024,12 178,employee_47a96f6744,пиццерист,Производство Черникова,Выплата ЗП,
03.09.2024,8 155,employee_91a178f22a,сушист,Производство Черникова,Выплата ЗП,
02.09.2024,15 000,employee_084aa7f84e,помощник менеджера,Администрация,Выплата ЗП,
02.09.2024,24 000,employee_a74c086a20,менеджер,Администрация,Выплата ЗП,
02.09.2024,35 000,employee_62c77ec038,управляющий,Администрация,Выплата ЗП,
04.09.2024,20 000,employee_cce3baf76d,руководитель службы доставки,Администрация,Выплата ЗП,
04.09.2024,40 000,employee_859ee3e9a0,директор по развитию,Администрация,Выплата ЗП,
09.09.2024,2 097,employee_7a26741430,шаурмист,Производство Черникова,Выплата ЗП,
10.09.2024,2 302,employee_82ceca1c22,администратор,Производство Черникова,Выплата ЗП,
10.09.2024,8 350,employee_e0b9462a9d,пиццерист,Производство Черникова,Выплата ЗП,
10.09.2024,7 400,employee_82ceca1c22,администратор,Производство Черникова,Выплата ЗП,
10.09.2024,10 100,employee_8b0eb48cc4,шаурмист,Производство Черникова,Выплата ЗП,
10.09.2024,20 800,employee_3a96201e66,сушист,Производство Черникова,Выплата ЗП,
10.09.2024,12 550,employee_7448260c20,сушист,Производство Черникова,Выплата ЗП,
10.09.2024,7 914,employee_b3338b123c,администратор,Производство Черникова,Выплата ЗП,
10.09.2024,13 714,employee_51247484d7,администратор,Производство Черникова,Выплата ЗП,
10.09.2024,10 549,employee_908545f9b4,пиццерист,Производство Черникова,Выплата ЗП,
10.09.2024,8 973,employee_2dcfa0649d,администратор,Производство Черникова,Выплата ЗП,
10.09.2024,18 256,employee_47a96f6744,пиццерист,Производство Черникова,Выплата ЗП,
10.09.2024,8 303,employee_9747b9d844,сушист,Производство Черникова,Выплата ЗП,
10.09.2024,11 164,employee_3fa5f3a2b5,сушист,Производство Черникова,Выплата ЗП,
10.09.2024,5 533,employee_91a178f22a,сушист,Производство Черникова,Выплата ЗП,
16.09.2024,30 000,employee_62c77ec038,управляющий,Администрация,Выплата ЗП,
16.09.2024,30 000,employee_a74c086a20,менеджер,Администрация,Выплата ЗП,
16.09.2024,15 000,employee_084aa7f84e,помощник менеджера,Администрация,Выплата ЗП,
17.09.2024,9 662,employee_e0b9462a9d,пиццерист,Производство Черникова,Выплата ЗП,
17.09.2024,5 470,employee_82ceca1c22,администратор,Производство Черникова,Выплата ЗП,
17.09.2024,21 926,employee_3a96201e66,сушист,Производство Черникова,Выплата ЗП,
17.09.2024,14 620,employee_7448260c20,сушист,Производство Черникова,Выплата ЗП,
17.09.2024,8 421,employee_8b0eb48cc4,шаурмист,Производство Черникова,Выплата ЗП,
17.09.2024,14 287,employee_b3338b123c,администратор,Производство Черникова,Выплата ЗП,
17.09.2024,9 616,employee_51247484d7,администратор,Производство Черникова,Выплата ЗП,
17.09.2024,19 532,employee_908545f9b4,пиццерист,Производство Черникова,Выплата ЗП,
17.09.2024,9 403,employee_2dcfa0649d,администратор,Производство Черникова,Выплата ЗП,
17.09.2024,2 444,employee_47a96f6744,пиццерист,Производство Черникова,Выплата ЗП,
17.09.2024,10 909,employee_9747b9d844,сушист,Производство Черникова,Выплата ЗП,
17.09.2024,13 099,employee_3fa5f3a2b5,сушист,Производство Черникова,Выплата ЗП,
17.09.2024,6 339,employee_91a178f22a,сушист,Производство Черникова,Выплата ЗП,
17.09.2024,7 378,employee_62c77ec038,сушист,Производство Черникова,Выплата ЗП,
17.09.2024,4 000,employee_52ff0a3d56,сушист,Производство Черникова,Выплата ЗП,
11.09.2024,20 000,employee_859ee3e9a0,директор по развитию,Администрация,Выплата ЗП,
24.09.2024,4 008,employee_e0b9462a9d,пиццерист,Производство Черникова,Выплата ЗП,
24.09.2024,6 225,employee_82ceca1c22,администратор,Производство Черникова,Выплата ЗП,
24.09.2024,22 050,employee_3a96201e66,сушист,Производство Черникова,Выплата ЗП,
24.09.2024,18 970,employee_7448260c20,сушист,Производство Черникова,Выплата ЗП,
24.09.2024,11 500,employee_8b0eb48cc4,шаурмист,Производство Черникова,Выплата ЗП,
24.09.2024,12 435,employee_b3338b123c,администратор,Производство Черникова,Выплата ЗП,
24.09.2024,8 781,employee_51247484d7,администратор,Производство Черникова,Выплата ЗП,
24.09.2024,2 740,employee_908545f9b4,пиццерист,Производство Черникова,Выплата ЗП,
24.09.2024,10 455,employee_2dcfa0649d,администратор,Производство Черникова,Выплата ЗП,
24.09.2024,13 137,employee_47a96f6744,пиццерист,Производство Черникова,Выплата ЗП,
24.09.2024,8 888,employee_9747b9d844,сушист,Производство Черникова,Выплата ЗП,
24.09.2024,16 917,employee_3fa5f3a2b5,сушист,Производство Черникова,Выплата ЗП,
24.09.2024,6 547,employee_91a178f22a,сушист,Производство Черникова,Выплата ЗП,
24.09.2024,7 686,employee_62c77ec038,сушист,Производство Черникова,Выплата ЗП,
24.09.2024,3 000,employee_5de506f887,сушист,Производство Черникова,Выплата ЗП,
24.09.2024,1 333,employee_7e1cd53128,пиццерист,Производство Черникова,Выплата ЗП,
25.09.2024,23 000,employee_859ee3e9a0,директор по развитию,Администрация,Выплата ЗП,
01.10.2024,15 000,employee_084aa7f84e,помощник менеджера,Администрация,Выплата ЗП,
01.10.2024,8 116,employee_62c77ec038,сушист,Производство Черникова,Выплата ЗП,
01.10.2024,30 000,employee_62c77ec038,управляющий,Администрация,Выплата ЗП,
01.10.2024,9 784,employee_b3338b123c,администратор,Производство Черникова,Выплата ЗП,
01.10.2024,11 035,employee_51247484d7,администратор,Производство Черникова,Выплата ЗП,
01.10.2024,9 126,employee_908545f9b4,пиццерист,Производство Черникова,Выплата ЗП,
01.10.2024,8 806,employee_2dcfa0649d,администратор,Производство Черникова,Выплата ЗП,
01.10.2024,6 723,employee_47a96f6744,пиццерист,Производство Черникова,Выплата ЗП,
01.10.2024,11 827,employee_9747b9d844,сушист,Производство Черникова,Выплата ЗП,
01.10.2024,14 963,employee_3fa5f3a2b5,сушист,Производство Черникова,Выплата ЗП,
01.10.2024,3 533,employee_91a178f22a,сушист,Производство Черникова,Выплата ЗП,
01.10.2024,18 772,employee_7448260c20,сушист,Производство Черникова,Выплата ЗП,
01.10.2024,3 796,employee_7e1cd53128,пиццерист,Производство Черникова,Выплата ЗП,
01.10.2024,9 200,employee_842d69f282,сушист,Производство Черникова,Выплата ЗП,
01.10.2024,6 830,employee_5de506f887,сушист,Производство Черникова,Выплата ЗП,
01.10.2024,29 000,employee_a74c086a20,менеджер,Администрация,Выплата ЗП,
01.10.2024,12 900,employee_8b0eb48cc4,шаурмист,Производство Черникова,Выплата ЗП,
01.10.2024,8 629,employee_82ceca1c22,администратор,Производство Черникова,Выплата ЗП,
01.10.2024,10 103,employee_e0b9462a9d,пиццерист,Производство Черникова,Выплата ЗП,
01.10.2024,17 064,employee_3a96201e66,сушист,Производство Черникова,Выплата ЗП,
08.10.2024,5 843,employee_62c77ec038,сушист,Производство Черникова,Выплата ЗП,
08.10.2024,12 550,employee_51247484d7,администратор,Производство Черникова,Выплата ЗП,
08.10.2024,10 850,employee_908545f9b4,пиццерист,Производство Черникова,Выплата ЗП,
08.10.2024,7 500,employee_8b0eb48cc4,шаурмист,Производство Черникова,Выплата ЗП,
08.10.2024,5 501,employee_e0b9462a9d,пиццерист,Производство Черникова,Выплата ЗП,
08.10.2024,5 010,employee_2dcfa0649d,администратор,Производство Черникова,Выплата ЗП,
08.10.2024,11 606,employee_47a96f6744,пиццерист,Производство Черникова,Выплата ЗП,
08.10.2024,11 178,employee_9747b9d844,сушист,Производство Черникова,Выплата ЗП,
08.10.2024,11 455,employee_3fa5f3a2b5,сушист,Производство Черникова,Выплата ЗП,
08.10.2024,7 051,employee_91a178f22a,сушист,Производство Черникова,Выплата ЗП,
08.10.2024,16 164,employee_7448260c20,сушист,Производство Черникова,Выплата ЗП,
08.10.2024,2 855,employee_7e1cd53128,пиццерист,Производство Черникова,Выплата ЗП,
08.10.2024,4 885,employee_842d69f282,сушист,Производство Черникова,Выплата ЗП,
08.10.2024,2 450,employee_5de506f887,сушист,Производство Черникова,Выплата ЗП,
08.10.2024,10 168,employee_b3338b123c,администратор,Производство Черникова,Выплата ЗП,
08.10.2024,7 000,employee_084aa7f84e,помощник менеджера,Администрация,Выплата ЗП,
08.10.2024,7 390,employee_3a411cd9d2,сушист,Производство Черникова,Выплата ЗП,
08.10.2024,22 326,employee_3a96201e66,сушист,Производство Черникова,Выплата ЗП,
08.10.2024,11 687,employee_82ceca1c22,администратор,Производство Черникова,Выплата ЗП,
02.10.2024,20 000,employee_cce3baf76d,руководитель службы доставки,Администрация,Выплата ЗП,
02.10.2024,60 000,employee_859ee3e9a0,директор по развитию,Администрация,Выплата ЗП,
15.10.2024,30 000,employee_62c77ec038,управляющий,Администрация,Выплата ЗП,
15.10.2024,3 557,employee_62c77ec038,сушист,Производство Черникова,Выплата ЗП,
15.10.2024,34 000,employee_a74c086a20,менеджер,Администрация,Выплата ЗП,
15.10.2024,14 500,employee_e0b9462a9d,пиццерист,Производство Черникова,Выплата ЗП,
15.10.2024,9 430,employee_3a411cd9d2,сушист,Производство Черникова,Выплата ЗП,
15.10.2024,2 000,employee_7e1cd53128,пиццерист,Производство Черникова,Выплата ЗП,
15.10.2024,9 608,employee_8b0eb48cc4,шаурмист,Производство Черникова,Выплата ЗП,
15.10.2024,17 632,employee_3a96201e66,сушист,Производство Черникова,Выплата ЗП,
15.10.2024,10 015,employee_2dcfa0649d,администратор,Производство Черникова,Выплата ЗП,
15.10.2024,7 496,employee_908545f9b4,пиццерист,Производство Черникова,Выплата ЗП,
15.10.2024,4 815,employee_47a96f6744,пиццерист,Производство Черникова,Выплата ЗП,
15.10.2024,13 882,employee_9747b9d844,пиццерист,Производство Черникова,Выплата ЗП,
15.10.2024,11 579,employee_3fa5f3a2b5,сушист,Производство Черникова,Выплата ЗП,
15.10.2024,6 512,employee_91a178f22a,шаурмист,Производство Черникова,Выплата ЗП,
15.10.2024,11 849,employee_51247484d7,администратор,Производство Черникова,Выплата ЗП,
15.10.2024,8 783,employee_b3338b123c,администратор,Производство Черникова,Выплата ЗП,
15.10.2024,5 357,employee_29a552452c,сушист,Производство Черникова,Выплата ЗП,
15.10.2024,19 109,employee_7448260c20,сушист,Производство Черникова,Выплата ЗП,
15.10.2024,7 763,employee_842d69f282,сушист,Производство Черникова,Выплата ЗП,
15.10.2024,7 660,employee_82ceca1c22,администратор,Производство Черникова,Выплата ЗП,
22.10.2024,9 311,employee_e0b9462a9d,пиццерист,Производство Черникова,Выплата ЗП,
22.10.2024,5 755,employee_91a178f22a,шаурмист,Производство Черникова,Выплата ЗП,
22.10.2024,9 696,employee_8b0eb48cc4,шаурмист,Производство Черникова,Выплата ЗП,
22.10.2024,13 695,employee_3fa5f3a2b5,сушист,Производство Черникова,Выплата ЗП,
22.10.2024,8 690,employee_82ceca1c22,администратор,Производство Черникова,Выплата ЗП,
22.10.2024,4 271,employee_908545f9b4,пиццерист,Производство Черникова,Выплата ЗП,
22.10.2024,10 667,employee_47a96f6744,пиццерист,Производство Черникова,Выплата ЗП,
22.10.2024,9 434,employee_9747b9d844,пиццерист,Производство Черникова,Выплата ЗП,
22.10.2024,5 590,employee_3a411cd9d2,сушист,Производство Черникова,Выплата ЗП,
22.10.2024,9 247,employee_2dcfa0649d,администратор,Производство Черникова,Выплата ЗП,
22.10.2024,11 359,employee_29a552452c,сушист,Производство Черникова,Выплата ЗП,
22.10.2024,19 471,employee_3a96201e66,сушист,Производство Черникова,Выплата ЗП,
22.10.2024,10 536,employee_51247484d7,администратор,Производство Черникова,Выплата ЗП,
22.10.2024,10 971,employee_b3338b123c,администратор,Производство Черникова,Выплата ЗП,
22.10.2024,6 023,employee_842d69f282,сушист,Производство Черникова,Выплата ЗП,
22.10.2024,2 000,employee_62c77ec038,сушист,Производство Черникова,Выплата ЗП,
22.10.2024,23 522,employee_7448260c20,сушист,Производство Черникова,Выплата ЗП,
25.10.2024,23 000,employee_859ee3e9a0,директор по развитию,Администрация,Выплата ЗП,
29.10.2024,7 042,employee_91a178f22a,шаурмист,Производство Черникова,Выплата ЗП,
29.10.2024,7 520,employee_8b0eb48cc4,шаурмист,Производство Черникова,Выплата ЗП,
29.10.2024,3 855,employee_e0b9462a9d,пиццерист,Производство Черникова,Выплата ЗП,
29.10.2024,18 310,employee_7448260c20,сушист,Производство Черникова,Выплата ЗП,
29.10.2024,8 815,employee_82ceca1c22,администратор,Производство Черникова,Выплата ЗП,
29.10.2024,9 291,employee_908545f9b4,пиццерист,Производство Черникова,Выплата ЗП,
29.10.2024,7 433,employee_47a96f6744,пиццерист,Производство Черникова,Выплата ЗП,
29.10.2024,8 970,employee_3a411cd9d2,сушист,Производство Черникова,Выплата ЗП,
29.10.2024,7 874,employee_9747b9d844,пиццерист,Производство Черникова,Выплата ЗП,
29.10.2024,21 976,employee_3a96201e66,сушист,Производство Черникова,Выплата ЗП,
29.10.2024,9 158,employee_3fa5f3a2b5,сушист,Производство Черникова,Выплата ЗП,
29.10.2024,9 730,employee_2dcfa0649d,администратор,Производство Черникова,Выплата ЗП,
29.10.2024,10 675,employee_51247484d7,администратор,Производство Черникова,Выплата ЗП,
29.10.2024,11 397,employee_b3338b123c,администратор,Производство Черникова,Выплата ЗП,
29.10.2024,1 694,employee_62c77ec038,сушист,Производство Черникова,Выплата ЗП,
29.10.2024,7 326,employee_29a552452c,сушист,Производство Черникова,Выплата ЗП,
29.10.2024,8 788,employee_842d69f282,сушист,Производство Черникова,Выплата ЗП,
01.11.2024,30 000,employee_62c77ec038,управляющий,Администрация,Выплата ЗП,
01.11.2024,27 800,employee_a74c086a20,менеджер,Администрация,Выплата ЗП,
01.11.2024,15 000,employee_544b7770e4,помощник менеджера,Администрация,Выплата ЗП,
05.11.2024,1 500,employee_5a3e1adb3f,пиццерист,Производство Черникова,Выплата ЗП,
05.11.2024,14 634,employee_3fa5f3a2b5,сушист,Производство Черникова,Выплата ЗП,
05.11.2024,21 705,employee_7448260c20,сушист,Производство Черникова,Выплата ЗП,
05.11.2024,9 730,employee_8b0eb48cc4,шаурмист,Производство Черникова,Выплата ЗП,
05.11.2024,23 122,employee_3a96201e66,сушист,Производство Черникова,Выплата ЗП,
05.11.2024,6 187,employee_3a411cd9d2,сушист,Производство Черникова,Выплата ЗП,
05.11.2024,6 200,employee_91a178f22a,шаурмист,Производство Черникова,Выплата ЗП,
05.11.2024,19 612,employee_e0b9462a9d,пиццерист,Производство Черникова,Выплата ЗП,
05.11.2024,14 000,employee_9747b9d844,пиццерист,Производство Черникова,Выплата ЗП,
05.11.2024,5 630,employee_908545f9b4,пиццерист,Производство Черникова,Выплата ЗП,
05.11.2024,8 854,employee_51247484d7,администратор,Производство Черникова,Выплата ЗП,
05.11.2024,5 206,employee_82ceca1c22,администратор,Производство Черникова,Выплата ЗП,
05.11.2024,8 663,employee_47a96f6744,пиццерист,Производство Черникова,Выплата ЗП,
05.11.2024,13 458,employee_2dcfa0649d,администратор,Производство Черникова,Выплата ЗП,
05.11.2024,13 520,employee_b3338b123c,администратор,Производство Черникова,Выплата ЗП,
05.11.2024,14 328,employee_29a552452c,сушист,Производство Черникова,Выплата ЗП,
05.11.2024,6 975,employee_842d69f282,сушист,Производство Черникова,Выплата ЗП,
02.11.2024,63 000,employee_859ee3e9a0,директор по развитию,Администрация,Выплата ЗП,
02.11.2024,20 000,employee_cce3baf76d,руководитель службы доставки,Администрация,Выплата ЗП,
12.11.2024,16 600,employee_7448260c20,сушист,Производство Черникова,Выплата ЗП,
12.11.2024,2 800,employee_1570ccae80,пиццерист,Производство Черникова,Выплата ЗП,
12.11.2024,10 941,employee_51247484d7,администратор,Производство Черникова,Выплата ЗП,
12.11.2024,12 550,employee_b3338b123c,администратор,Производство Черникова,Выплата ЗП,
12.11.2024,6 999,employee_82ceca1c22,администратор,Производство Черникова,Выплата ЗП,
12.11.2024,8 299,employee_2dcfa0649d,администратор,Производство Черникова,Выплата ЗП,
12.11.2024,8 666,employee_908545f9b4,пиццерист,Производство Черникова,Выплата ЗП,
12.11.2024,10 596,employee_3a411cd9d2,сушист,Производство Черникова,Выплата ЗП,
12.11.2024,8 590,employee_47a96f6744,пиццерист,Производство Черникова,Выплата ЗП,
12.11.2024,4 400,employee_5a3e1adb3f,пиццерист,Производство Черникова,Выплата ЗП,
12.11.2024,11 397,employee_9747b9d844,пиццерист,Производство Черникова,Выплата ЗП,
12.11.2024,10 310,employee_3fa5f3a2b5,сушист,Производство Черникова,Выплата ЗП,
12.11.2024,5 711,employee_91a178f22a,шаурмист,Производство Черникова,Выплата ЗП,
12.11.2024,8 086,employee_62c77ec038,сушист,Производство Черникова,Выплата ЗП,
12.11.2024,13 479,employee_29a552452c,сушист,Производство Черникова,Выплата ЗП,
12.11.2024,12 979,employee_3a96201e66,сушист,Производство Черникова,Выплата ЗП,
12.11.2024,4 353,employee_842d69f282,сушист,Производство Черникова,Выплата ЗП,
12.11.2024,9 019,employee_8b0eb48cc4,шаурмист,Производство Черникова,Выплата ЗП,
15.11.2024,2 500,employee_133a7aeb63,сушист,Производство Черникова,Выплата ЗП,
14.11.2024,2 400,employee_133a7aeb63,сушист,Производство Черникова,Выплата ЗП,
16.11.2024,2 500,employee_133a7aeb63,сушист,Производство Черникова,Выплата ЗП,
17.11.2024,1 800,employee_133a7aeb63,сушист,Производство Черникова,Выплата ЗП,
18.11.2024,2 400,employee_133a7aeb63,сушист,Производство Черникова,Выплата ЗП,
19.11.2024,18 663,employee_3a96201e66,сушист,Производство Черникова,Выплата ЗП,
19.11.2024,7 708,employee_91a178f22a,шаурмист,Производство Черникова,Выплата ЗП,
19.11.2024,18 414,employee_7448260c20,сушист,Производство Черникова,Выплата ЗП,
19.11.2024,9 706,employee_908545f9b4,пиццерист,Производство Черникова,Выплата ЗП,
19.11.2024,7 200,employee_8b0eb48cc4,шаурмист,Производство Черникова,Выплата ЗП,
19.11.2024,1 500,employee_1570ccae80,пиццерист,Производство Черникова,Выплата ЗП,
19.11.2024,4 455,employee_5a3e1adb3f,пиццерист,Производство Черникова,Выплата ЗП,
19.11.2024,11 000,employee_3a411cd9d2,сушист,Производство Черникова,Выплата ЗП,
19.11.2024,9 283,employee_3fa5f3a2b5,сушист,Производство Черникова,Выплата ЗП,
19.11.2024,2 500,employee_133a7aeb63,сушист,Производство Черникова,Выплата ЗП,
19.11.2024,600,employee_62c77ec038,управляющий,Администрация,Выплата ЗП,
19.11.2024,10 596,employee_82ceca1c22,администратор,Производство Черникова,Выплата ЗП,
19.11.2024,3 311,employee_9747b9d844,пиццерист,Производство Черникова,Выплата ЗП,
19.11.2024,9 476,employee_2dcfa0649d,администратор,Производство Черникова,Выплата ЗП,
19.11.2024,10 876,employee_51247484d7,администратор,Производство Черникова,Выплата ЗП,
19.11.2024,7 428,employee_b3338b123c,администратор,Производство Черникова,Выплата ЗП,
19.11.2024,16 950,employee_29a552452c,сушист,Производство Черникова,Выплата ЗП,
19.11.2024,9 949,employee_842d69f282,пиццерист,Производство Черникова,Выплата ЗП,
19.11.2024,19 284,employee_47a96f6744,пиццерист,Производство Черникова,Выплата ЗП,
15.11.2024,15 000,employee_544b7770e4,помощник менеджера,Администрация,Выплата ЗП,
15.11.2024,35 000,employee_62c77ec038,управляющий,Администрация,Выплата ЗП,
15.11.2024,30 000,employee_a74c086a20,менеджер,Администрация,Выплата ЗП,
26.11.2024,15 907,employee_7448260c20,сушист,Производство Черникова,Выплата ЗП,
26.11.2024,14 250,employee_3a96201e66,сушист,Производство Черникова,Выплата ЗП,
26.11.2024,8 205,employee_82ceca1c22,администратор,Производство Черникова,Выплата ЗП,
26.11.2024,710,employee_62c77ec038,сушист,Производство Черникова,Выплата ЗП,
26.11.2024,6 500,employee_8b0eb48cc4,шаурмист,Производство Черникова,Выплата ЗП,
26.11.2024,8 635,employee_b3338b123c,администратор,Производство Черникова,Выплата ЗП,
26.11.2024,10 563,employee_3a411cd9d2,сушист,Производство Черникова,Выплата ЗП,
26.11.2024,6 829,employee_5a3e1adb3f,пиццерист,Производство Черникова,Выплата ЗП,
26.11.2024,15 937,employee_29a552452c,сушист,Производство Черникова,Выплата ЗП,
26.11.2024,3 955,employee_842d69f282,пиццерист,Производство Черникова,Выплата ЗП,
26.11.2024,6 628,employee_91a178f22a,шаурмист,Производство Черникова,Выплата ЗП,
26.11.2024,12 693,employee_51247484d7,администратор,Производство Черникова,Выплата ЗП,
26.11.2024,11 729,employee_3fa5f3a2b5,сушист,Производство Черникова,Выплата ЗП,
26.11.2024,16 474,employee_908545f9b4,пиццерист,Производство Черникова,Выплата ЗП,
26.11.2024,9 680,employee_2dcfa0649d,администратор,Производство Черникова,Выплата ЗП,
26.11.2024,1 954,employee_9747b9d844,пиццерист,Производство Черникова,Выплата ЗП,
26.11.2024,2 433,employee_1570ccae80,пиццерист,Производство Черникова,Выплата ЗП,
29.11.2024,10 000,employee_3a96201e66,сушист,Производство Черникова,Выплата аванса,
02.12.2024,35 000,employee_62c77ec038,управляющий,Администрация,Выплата ЗП,
02.12.2024,29 000,employee_a74c086a20,менеджер,Администрация,Выплата ЗП,
02.12.2024,15 000,employee_544b7770e4,помощник менеджера,Администрация,Выплата ЗП,
02.12.2024,65 000,employee_859ee3e9a0,директор по развитию,Администрация,Выплата ЗП,
03.12.2024,14 418,employee_b3338b123c,администратор,Производство Черникова,Выплата ЗП,
03.12.2024,6 565,employee_51247484d7,администратор,Производство Черникова,Выплата ЗП,
03.12.2024,6 627,employee_908545f9b4,пиццерист,Производство Черникова,Выплата ЗП,
03.12.2024,8 511,employee_2dcfa0649d,администратор,Производство Черникова,Выплата ЗП,
03.12.2024,9 273,employee_82ceca1c22,администратор,Производство Черникова,Выплата ЗП,
03.12.2024,11 221,employee_9747b9d844,пиццерист,Производство Черникова,Выплата ЗП,
03.12.2024,13 343,employee_3fa5f3a2b5,сушист,Производство Черникова,Выплата ЗП,
03.12.2024,16 607,employee_3a96201e66,сушист,Производство Черникова,Выплата ЗП,
03.12.2024,4 922,employee_91a178f22a,шаурмист,Производство Черникова,Выплата ЗП,
03.12.2024,23 831,employee_7448260c20,сушист,Производство Черникова,Выплата ЗП,
03.12.2024,6 382,employee_842d69f282,пиццерист,Производство Черникова,Выплата ЗП,
03.12.2024,8 716,employee_3a411cd9d2,сушист,Производство Черникова,Выплата ЗП,
03.12.2024,13 549,employee_29a552452c,сушист,Производство Черникова,Выплата ЗП,
03.12.2024,8 680,employee_5a3e1adb3f,пиццерист,Производство Черникова,Выплата ЗП,
03.12.2024,2 596,employee_1570ccae80,пиццерист,Производство Черникова,Выплата ЗП,
03.12.2024,8 800,employee_8b0eb48cc4,шаурмист,Производство Черникова,Выплата ЗП,
25.11.2024,20 000,employee_859ee3e9a0,директор по развитию,Администрация,Выплата ЗП,
10.12.2024,10 000,employee_7448260c20,сушист,Производство Черникова,Выплата аванса,
10.12.2024,9 896,employee_b3338b123c,администратор,Производство Черникова,Выплата ЗП,
10.12.2024,9 433,employee_51247484d7,администратор,Производство Черникова,Выплата ЗП,
10.12.2024,7 258,employee_908545f9b4,пиццерист,Производство Черникова,Выплата ЗП,
10.12.2024,8 920,employee_8b0eb48cc4,шаурмист,Производство Черникова,Выплата ЗП,
10.12.2024,9 645,employee_2dcfa0649d,администратор,Производство Черникова,Выплата ЗП,
10.12.2024,9 536,employee_82ceca1c22,администратор,Производство Черникова,Выплата ЗП,
10.12.2024,8 791,employee_9747b9d844,пиццерист,Производство Черникова,Выплата ЗП,
10.12.2024,11 929,employee_3a96201e66,сушист,Производство Черникова,Выплата ЗП,
10.12.2024,10 419,employee_3fa5f3a2b5,сушист,Производство Черникова,Выплата ЗП,
10.12.2024,20 830,employee_29a552452c,сушист,Производство Черникова,Выплата ЗП,
10.12.2024,10 166,employee_7448260c20,сушист,Производство Черникова,Выплата ЗП,
10.12.2024,9 601,employee_842d69f282,пиццерист,Производство Черникова,Выплата ЗП,
10.12.2024,3 920,employee_1570ccae80,пиццерист,Производство Черникова,Выплата ЗП,
10.12.2024,11 979,employee_3a411cd9d2,сушист,Производство Черникова,Выплата ЗП,
10.12.2024,9 636,employee_91a178f22a,шаурмист,Производство Черникова,Выплата ЗП,
10.12.2024,5 393,employee_5a3e1adb3f,пиццерист,Производство Черникова,Выплата ЗП,
16.12.2024,35 000,employee_62c77ec038,управляющий,Администрация,Выплата ЗП,
16.12.2024,25 000,employee_a74c086a20,менеджер,Администрация,Выплата ЗП,
16.12.2024,18 500,employee_544b7770e4,помощник менеджера,Администрация,Выплата ЗП,
17.12.2024,8 762,employee_908545f9b4,пиццерист,Производство Черникова,Выплата ЗП,
17.12.2024,12 137,employee_8b0eb48cc4,шаурмист,Производство Черникова,Выплата ЗП,
17.12.2024,7 100,employee_2dcfa0649d,администратор,Производство Черникова,Выплата ЗП,
17.12.2024,2 767,employee_51247484d7,администратор,Производство Черникова,Выплата ЗП,
17.12.2024,11 517,employee_9747b9d844,пиццерист,Производство Черникова,Выплата ЗП,
17.12.2024,9 514,employee_3fa5f3a2b5,сушист,Производство Черникова,Выплата ЗП,
17.12.2024,25 835,employee_3a96201e66,сушист,Производство Черникова,Выплата ЗП,
17.12.2024,7 875,employee_91a178f22a,шаурмист,Производство Черникова,Выплата ЗП,
17.12.2024,19 877,employee_7448260c20,сушист,Производство Черникова,Выплата ЗП,
17.12.2024,13 728,employee_842d69f282,пиццерист,Производство Черникова,Выплата ЗП,
17.12.2024,9 156,employee_3a411cd9d2,сушист,Производство Черникова,Выплата ЗП,
17.12.2024,16 207,employee_b3338b123c,администратор,Производство Черникова,Выплата ЗП,
17.12.2024,9 408,employee_5a3e1adb3f,пиццерист,Производство Черникова,Выплата ЗП,
17.12.2024,12 037,employee_29a552452c,сушист,Производство Черникова,Выплата ЗП,
17.12.2024,950,employee_1570ccae80,пиццерист,Производство Черникова,Выплата ЗП,
17.12.2024,10 000,employee_99b80e7372,руководитель службы доставки,Администрация,Выплата ЗП,
19.12.2024,10 000,employee_3a96201e66,сушист,Производство Черникова,Выплата аванса,
23.12.2024,5 000,employee_29a552452c,сушист,Производство Черникова,Выплата аванса,
17.12.2024,13 061,employee_82ceca1c22,администратор,Производство Черникова,Выплата ЗП,
24.12.2024,12 558,employee_3a96201e66,сушист,Производство Черникова,Выплата ЗП,
24.12.2024,15 017,employee_7448260c20,сушист,Производство Черникова,Выплата ЗП,
24.12.2024,10 570,employee_b3338b123c,администратор,Производство Черникова,Выплата ЗП,
24.12.2024,9 460,employee_8b0eb48cc4,шаурмист,Производство Черникова,Выплата ЗП,
24.12.2024,11 754,employee_908545f9b4,пиццерист,Производство Черникова,Выплата ЗП,
24.12.2024,10 938,employee_51247484d7,администратор,Производство Черникова,Выплата ЗП,
24.12.2024,9 887,employee_82ceca1c22,администратор,Производство Черникова,Выплата ЗП,
24.12.2024,11 657,employee_9747b9d844,пиццерист,Производство Черникова,Выплата ЗП,
24.12.2024,2 706,employee_1570ccae80,пиццерист,Производство Черникова,Выплата ЗП,
24.12.2024,8 153,employee_5a3e1adb3f,пиццерист,Производство Черникова,Выплата ЗП,
24.12.2024,15 977,employee_29a552452c,сушист,Производство Черникова,Выплата ЗП,
24.12.2024,12 860,employee_3a411cd9d2,сушист,Производство Черникова,Выплата ЗП,
24.12.2024,8 249,employee_2dcfa0649d,администратор,Производство Черникова,Выплата ЗП,
24.12.2024,9 540,employee_3fa5f3a2b5,сушист,Производство Черникова,Выплата ЗП,
24.12.2024,12 097,employee_91a178f22a,шаурмист,Производство Черникова,Выплата ЗП,
30.12.2024,24 000,employee_a74c086a20,менеджер,Администрация,Выплата ЗП,
30.12.2024,35 000,employee_62c77ec038,управляющий,Администрация,Выплата ЗП,
30.12.2024,15 548,employee_544b7770e4,помощник менеджера,Администрация,Выплата ЗП,
30.12.2024,10 000,employee_99b80e7372,руководитель службы доставки,Администрация,Выплата ЗП,
31.12.2024,13 630,employee_8b0eb48cc4,шаурмист,Производство Черникова,Выплата ЗП,
31.12.2024,11 647,employee_2dcfa0649d,администратор,Производство Черникова,Выплата ЗП,
31.12.2024,1 200,employee_62c77ec038,пиццерист,Производство Черникова,Выплата ЗП,
31.12.2024,23 954,employee_3a96201e66,сушист,Производство Черникова,Выплата ЗП,
31.12.2024,17 373,employee_7448260c20,сушист,Производство Черникова,Выплата ЗП,
31.12.2024,12 829,employee_29a552452c,сушист,Производство Черникова,Выплата ЗП,
31.12.2024,12 750,employee_5a3e1adb3f,пиццерист,Производство Черникова,Выплата ЗП,
31.12.2024,10 313,employee_b3338b123c,администратор,Производство Черникова,Выплата ЗП,
31.12.2024,15 510,employee_51247484d7,администратор,Производство Черникова,Выплата ЗП,
31.12.2024,14 911,employee_908545f9b4,пиццерист,Производство Черникова,Выплата ЗП,
31.12.2024,6 578,employee_82ceca1c22,администратор,Производство Черникова,Выплата ЗП,
31.12.2024,21 598,employee_9747b9d844,пиццерист,Производство Черникова,Выплата ЗП,
31.12.2024,16 190,employee_3fa5f3a2b5,сушист,Производство Черникова,Выплата ЗП,
31.12.2024,10 688,employee_91a178f22a,шаурмист,Производство Черникова,Выплата ЗП,
31.12.2024,12 058,employee_3a411cd9d2,сушист,Производство Черникова,Выплата ЗП,
31.12.2024,1 330,employee_1570ccae80,пиццерист,Производство Черникова,Выплата ЗП,
31.12.2024,4 100,employee_b5882a32e7,сушист,Производство Черникова,Выплата ЗП,
07.01.2025,9 911,employee_b3338b123c,администратор,Производство Черникова,Выплата ЗП,
07.01.2025,9 746,employee_51247484d7,администратор,Производство Черникова,Выплата ЗП,
07.01.2025,12 589,employee_908545f9b4,пиццерист,Производство Черникова,Выплата ЗП,
07.01.2025,7 977,employee_8b0eb48cc4,шаурмист,Производство Черникова,Выплата ЗП,
07.01.2025,8 247,employee_2dcfa0649d,администратор,Производство Черникова,Выплата ЗП,
07.01.2025,8 190,employee_82ceca1c22,администратор,Производство Черникова,Выплата ЗП,
07.01.2025,15 417,employee_9747b9d844,пиццерист,Производство Черникова,Выплата ЗП,
07.01.2025,8 766,employee_3fa5f3a2b5,сушист,Производство Черникова,Выплата ЗП,
07.01.2025,23 322,employee_3a96201e66,сушист,Производство Черникова,Выплата ЗП,
07.01.2025,5 882,employee_91a178f22a,шаурмист,Производство Черникова,Выплата ЗП,
07.01.2025,17 566,employee_7448260c20,сушист,Производство Черникова,Выплата ЗП,
07.01.2025,10 429,employee_3a411cd9d2,сушист,Производство Черникова,Выплата ЗП,
07.01.2025,19 959,employee_29a552452c,сушист,Производство Черникова,Выплата ЗП,
07.01.2025,9 139,employee_5a3e1adb3f,пиццерист,Производство Черникова,Выплата ЗП,
07.01.2025,2 720,employee_1570ccae80,пиццерист,Производство Черникова,Выплата ЗП,
07.01.2025,11 267,employee_b5882a32e7,сушист,Производство Черникова,Выплата ЗП,
14.01.2025,8 945,employee_8b0eb48cc4,шаурмист,Производство Черникова,Выплата ЗП,
14.01.2025,23 502,employee_3a96201e66,сушист,Производство Черникова,Выплата ЗП,
14.01.2025,5 903,employee_91a178f22a,шаурмист,Производство Черникова,Выплата ЗП,
14.01.2025,17 776,employee_7448260c20,сушист,Производство Черникова,Выплата ЗП,
14.01.2025,9 170,employee_b5882a32e7,сушист,Производство Черникова,Выплата ЗП,
14.01.2025,11 995,employee_b3338b123c,администратор,Производство Черникова,Выплата ЗП,
14.01.2025,12 491,employee_51247484d7,администратор,Производство Черникова,Выплата ЗП,
14.01.2025,4 987,employee_908545f9b4,пиццерист,Производство Черникова,Выплата ЗП,
14.01.2025,8 174,employee_2dcfa0649d,администратор,Производство Черникова,Выплата ЗП,
14.01.2025,7 777,employee_82ceca1c22,администратор,Производство Черникова,Выплата ЗП,
14.01.2025,11 436,employee_9747b9d844,пиццерист,Производство Черникова,Выплата ЗП,
14.01.2025,10 182,employee_3fa5f3a2b5,сушист,Производство Черникова,Выплата ЗП,
14.01.2025,9 853,employee_3a411cd9d2,сушист,Производство Черникова,Выплата ЗП,
14.01.2025,23 068,employee_29a552452c,сушист,Производство Черникова,Выплата ЗП,
14.01.2025,12 060,employee_5a3e1adb3f,пиццерист,Производство Черникова,Выплата ЗП,
14.01.2025,11 052,employee_3c4a629691,пиццерист,Производство Черникова,Выплата ЗП,
15.01.2025,4 714,employee_82ceca1c22,администратор,Производство Черникова,Выплата накоплений,
15.01.2025,35 000,employee_62c77ec038,управляющий,Администрация,Выплата ЗП,
15.01.2025,18 500,employee_544b7770e4,помощник менеджера,Администрация,Выплата ЗП,
15.01.2025,25 000,employee_a74c086a20,менеджер,Администрация,Выплата ЗП,
15.01.2025,5 465,employee_2dcfa0649d,администратор,Производство Черникова,Выплата накоплений,
15.01.2025,15 417,employee_b3338b123c,администратор,Производство Черникова,Выплата накоплений,
15.01.2025,12 205,employee_51247484d7,администратор,Производство Черникова,Выплата накоплений,
15.01.2025,7 083,employee_908545f9b4,пиццерист,Производство Черникова,Выплата накоплений,
15.01.2025,3 717,employee_9747b9d844,пиццерист,Производство Черникова,Выплата накоплений,
15.01.2025,7 625,employee_8b0eb48cc4,шаурмист,Производство Черникова,Выплата накоплений,
15.01.2025,10 000,employee_99b80e7372,руководитель службы доставки,Администрация,Выплата ЗП,
11.01.2025,85 027,employee_859ee3e9a0,директор по развитию,Администрация,Выплата ЗП,
19.01.2025,5 000,employee_3a411cd9d2,сушист,Производство Черникова,Выплата аванса,
21.01.2025,11 987,employee_b3338b123c,администратор,Производство Черникова,Выплата ЗП,
21.01.2025,15 708,employee_51247484d7,администратор,Производство Черникова,Выплата ЗП,
21.01.2025,5 739,employee_908545f9b4,пиццерист,Производство Черникова,Выплата ЗП,
21.01.2025,12 275,employee_8b0eb48cc4,шаурмист,Производство Черникова,Выплата ЗП,
21.01.2025,6 969,employee_2dcfa0649d,администратор,Производство Черникова,Выплата ЗП,
21.01.2025,10 599,employee_82ceca1c22,администратор,Производство Черникова,Выплата ЗП,
21.01.2025,8 043,employee_9747b9d844,пиццерист,Производство Черникова,Выплата ЗП,
21.01.2025,11 476,employee_3fa5f3a2b5,сушист,Производство Черникова,Выплата ЗП,
21.01.2025,23 256,employee_3a96201e66,сушист,Производство Черникова,Выплата ЗП,
21.01.2025,6 996,employee_91a178f22a,шаурмист,Производство Черникова,Выплата ЗП,
21.01.2025,19 014,employee_7448260c20,сушист,Производство Черникова,Выплата ЗП,
21.01.2025,4 273,employee_3a411cd9d2,сушист,Производство Черникова,Выплата ЗП,
21.01.2025,5 373,employee_5a3e1adb3f,пиццерист,Производство Черникова,Выплата ЗП,
21.01.2025,3 115,employee_1570ccae80,пиццерист,Производство Черникова,Выплата ЗП,
21.01.2025,11 998,employee_b5882a32e7,сушист,Производство Черникова,Выплата ЗП,
21.01.2025,9 917,employee_3c4a629691,пиццерист,Производство Черникова,Выплата ЗП,
25.01.2025,5 000,employee_62c77ec038,управляющий,Администрация,Выплата аванса,
28.01.2025,27 033,employee_859ee3e9a0,директор по развитию,Администрация,Выплата ЗП,
28.01.2025,10 488,employee_b3338b123c,администратор,Производство Черникова,Выплата ЗП,
28.01.2025,6 048,employee_51247484d7,администратор,Производство Черникова,Выплата ЗП,
28.01.2025,8 080,employee_908545f9b4,пиццерист,Производство Черникова,Выплата ЗП,
28.01.2025,10 121,employee_8b0eb48cc4,шаурмист,Производство Черникова,Выплата ЗП,
28.01.2025,11 388,employee_2dcfa0649d,администратор,Производство Черникова,Выплата ЗП,
28.01.2025,10 484,employee_82ceca1c22,администратор,Производство Черникова,Выплата ЗП,
28.01.2025,10 775,employee_9747b9d844,пиццерист,Производство Черникова,Выплата ЗП,
28.01.2025,11 953,employee_3fa5f3a2b5,сушист,Производство Черникова,Выплата ЗП,
28.01.2025,16 019,employee_3a96201e66,сушист,Производство Черникова,Выплата ЗП,
28.01.2025,14 409,employee_7448260c20,сушист,Производство Черникова,Выплата ЗП,
28.01.2025,3 640,employee_3a411cd9d2,сушист,Производство Черникова,Выплата ЗП,
28.01.2025,6 876,employee_5a3e1adb3f,пиццерист,Производство Черникова,Выплата ЗП,
28.01.2025,6 821,employee_1570ccae80,шаурмист,Производство Черникова,Выплата ЗП,
28.01.2025,8 950,employee_b5882a32e7,сушист,Производство Черникова,Выплата ЗП,
28.01.2025,14 316,employee_3c4a629691,пиццерист,Производство Черникова,Выплата ЗП,
28.01.2025,4 000,employee_abbce1b7b8,сушист,Производство Черникова,Выплата ЗП,
31.01.2025,2 000,employee_a14ab1c5e9,сушист,Производство Черникова,Выплата аванса,
03.02.2025,30 000,employee_62c77ec038,управляющий,Администрация,Выплата ЗП,
03.02.2025,18 500,employee_544b7770e4,помощник менеджера,Администрация,Выплата ЗП,
03.02.2025,24 000,employee_a74c086a20,менеджер,Администрация,Выплата ЗП,
31.01.2025,2 000,employee_3fa5f3a2b5,сушист,Производство Черникова,Выплата аванса,
04.02.2025,8 886,employee_b3338b123c,администратор,Производство Черникова,Выплата ЗП,
04.02.2025,12 050,employee_51247484d7,администратор,Производство Черникова,Выплата ЗП,
04.02.2025,3 857,employee_908545f9b4,пиццерист,Производство Черникова,Выплата ЗП,
04.02.2025,10 265,employee_8b0eb48cc4,шаурмист,Производство Черникова,Выплата ЗП,
04.02.2025,17 813,employee_2dcfa0649d,администратор,Производство Черникова,Выплата ЗП,
04.02.2025,9 932,employee_82ceca1c22,администратор,Производство Черникова,Выплата ЗП,
04.02.2025,19 099,employee_9747b9d844,пиццерист,Производство Черникова,Выплата ЗП,
04.02.2025,3 991,employee_3fa5f3a2b5,сушист,Производство Черникова,Выплата ЗП,
04.02.2025,22 029,employee_3a96201e66,сушист,Производство Черникова,Выплата ЗП,
04.02.2025,22 038,employee_7448260c20,сушист,Производство Черникова,Выплата ЗП,
04.02.2025,9 330,employee_5a3e1adb3f,пиццерист,Производство Черникова,Выплата ЗП,
04.02.2025,5 646,employee_1570ccae80,шаурмист,Производство Черникова,Выплата ЗП,
04.02.2025,9 502,employee_b5882a32e7,сушист,Производство Черникова,Выплата ЗП,
04.02.2025,11 719,employee_3c4a629691,пиццерист,Производство Черникова,Выплата ЗП,
04.02.2025,10 933,employee_a14ab1c5e9,сушист,Производство Черникова,Выплата ЗП,
04.02.2025,1 770,employee_3a411cd9d2,сушист,Производство Черникова,Выплата ЗП,
05.02.2025,10 000,employee_3a96201e66,сушист,Производство Черникова,Выплата аванса,
07.02.2025,60 000,employee_859ee3e9a0,директор по развитию,Администрация,Выплата ЗП,
07.02.2025,1 000,employee_a14ab1c5e9,сушист,Производство Черникова,Выплата аванса,
11.02.2025,24 341,employee_b3338b123c,администратор,Производство Черникова,Выплата ЗП,
11.02.2025,12 030,employee_51247484d7,администратор,Производство Черникова,Выплата ЗП,
11.02.2025,8 034,employee_908545f9b4,пиццерист,Производство Черникова,Выплата ЗП,
11.02.2025,9 985,employee_8b0eb48cc4,шаурмист,Производство Черникова,Выплата ЗП,
11.02.2025,12 377,employee_82ceca1c22,администратор,Производство Черникова,Выплата ЗП,
11.02.2025,10 011,employee_3fa5f3a2b5,сушист,Производство Черникова,Выплата ЗП,
11.02.2025,18 121,employee_3a96201e66,сушист,Производство Черникова,Выплата ЗП,
11.02.2025,17 145,employee_7448260c20,сушист,Производство Черникова,Выплата ЗП,
11.02.2025,9 587,employee_5a3e1adb3f,пиццерист,Производство Черникова,Выплата ЗП,
11.02.2025,5 661,employee_1570ccae80,шаурмист,Производство Черникова,Выплата ЗП,
11.02.2025,11 502,employee_b5882a32e7,сушист,Производство Черникова,Выплата ЗП,
11.02.2025,13 313,employee_3c4a629691,пиццерист,Производство Черникова,Выплата ЗП,
11.02.2025,7 265,employee_a14ab1c5e9,сушист,Производство Черникова,Выплата ЗП,
11.02.2025,7 200,employee_0d69a79a1b,сушист,Производство Черникова,Выплата ЗП,
14.02.2025,18 500,employee_544b7770e4,помощник менеджера,Администрация,Выплата ЗП,
14.02.2025,35 000,employee_62c77ec038,управляющий,Администрация,Выплата ЗП,
14.02.2025,25 000,employee_a74c086a20,менеджер,Администрация,Выплата ЗП,
14.02.2025,10 000,employee_99b80e7372,руководитель службы доставки,Администрация,Выплата ЗП,
14.02.2025,40 000,employee_7448260c20,сушист,Производство Черникова,Выплата аванса,
18.02.2025,5 464,employee_b3338b123c,администратор,Производство Черникова,Выплата ЗП,
18.02.2025,12 656,employee_51247484d7,администратор,Производство Черникова,Выплата ЗП,
18.02.2025,7 215,employee_908545f9b4,пиццерист,Производство Черникова,Выплата ЗП,
18.02.2025,13 300,employee_8b0eb48cc4,шаурмист,Производство Черникова,Выплата ЗП,
18.02.2025,11 431,employee_2dcfa0649d,администратор,Производство Черникова,Выплата ЗП,
18.02.2025,11 606,employee_82ceca1c22,администратор,Производство Черникова,Выплата ЗП,
18.02.2025,11 046,employee_9747b9d844,пиццерист,Производство Черникова,Выплата ЗП,
18.02.2025,18 033,employee_3fa5f3a2b5,сушист,Производство Черникова,Выплата ЗП,
18.02.2025,19 603,employee_3a96201e66,сушист,Производство Черникова,Выплата ЗП,
18.02.2025,12 375,employee_7448260c20,сушист,Производство Черникова,Выплата ЗП,
18.02.2025,11 582,employee_5a3e1adb3f,пиццерист,Производство Черникова,Выплата ЗП,
18.02.2025,5 666,employee_1570ccae80,шаурмист,Производство Черникова,Выплата ЗП,
18.02.2025,17 026,employee_b5882a32e7,сушист,Производство Черникова,Выплата ЗП,
18.02.2025,11 970,employee_3c4a629691,пиццерист,Производство Черникова,Выплата ЗП,
18.02.2025,8 715,employee_0d69a79a1b,сушист,Производство Черникова,Выплата ЗП,
23.02.2025,3 000,employee_3fa5f3a2b5,сушист,Производство Черникова,Выплата аванса,
25.02.2025,14 718,employee_51247484d7,администратор,Производство Черникова,Выплата ЗП,
25.02.2025,12 057,employee_908545f9b4,пиццерист,Производство Черникова,Выплата ЗП,
25.02.2025,13 200,employee_8b0eb48cc4,шаурмист,Производство Черникова,Выплата ЗП,
25.02.2025,10 702,employee_2dcfa0649d,администратор,Производство Черникова,Выплата ЗП,
25.02.2025,13 810,employee_82ceca1c22,администратор,Производство Черникова,Выплата ЗП,
25.02.2025,10 447,employee_9747b9d844,пиццерист,Производство Черникова,Выплата ЗП,
25.02.2025,2 300,employee_62c77ec038,Заготовщик,Производство Черникова,Выплата ЗП,
25.02.2025,11 579,employee_3fa5f3a2b5,сушист,Производство Черникова,Выплата ЗП,
25.02.2025,23 327,employee_3a96201e66,сушист,Производство Черникова,Выплата ЗП,
25.02.2025,22 800,employee_7448260c20,сушист,Производство Черникова,Выплата ЗП,
25.02.2025,10 989,employee_5a3e1adb3f,пиццерист,Производство Черникова,Выплата ЗП,
25.02.2025,3 670,employee_1570ccae80,шаурмист,Производство Черникова,Выплата ЗП,
25.02.2025,17 869,employee_b5882a32e7,сушист,Производство Черникова,Выплата ЗП,
25.02.2025,15 695,employee_3c4a629691,пиццерист,Производство Черникова,Выплата ЗП,
25.02.2025,40 000,employee_859ee3e9a0,директор по развитию,Администрация,Выплата ЗП,
28.02.2025,45 000,employee_62c77ec038,управляющий,Администрация,Выплата ЗП,
28.02.2025,18 500,employee_544b7770e4,помощник менеджера,Администрация,Выплата ЗП,
28.02.2025,24 000,employee_a74c086a20,менеджер,Администрация,Выплата ЗП,
28.02.2025,10 000,employee_99b80e7372,руководитель службы доставки,Администрация,Выплата ЗП,
04.03.2025,10 871,employee_b3338b123c,администратор,Производство Черникова,Выплата ЗП,
04.03.2025,10 298,employee_51247484d7,администратор,Производство Черникова,Выплата ЗП,
04.03.2025,7 333,employee_908545f9b4,пиццерист,Производство Черникова,Выплата ЗП,
04.03.2025,7 528,employee_8b0eb48cc4,шаурмист,Производство Черникова,Выплата ЗП,
04.03.2025,7 062,employee_2dcfa0649d,администратор,Производство Черникова,Выплата ЗП,
04.03.2025,20 850,employee_82ceca1c22,администратор,Производство Черникова,Выплата ЗП,
04.03.2025,11 909,employee_9747b9d844,пиццерист,Производство Черникова,Выплата ЗП,
04.03.2025,11 709,employee_3fa5f3a2b5,сушист,Производство Черникова,Выплата ЗП,
04.03.2025,24 561,employee_3a96201e66,сушист,Производство Черникова,Выплата ЗП,
04.03.2025,13 076,employee_7448260c20,сушист,Производство Черникова,Выплата ЗП,
04.03.2025,6 630,employee_5a3e1adb3f,пиццерист,Производство Черникова,Выплата ЗП,
04.03.2025,7 098,employee_1570ccae80,шаурмист,Производство Черникова,Выплата ЗП,
04.03.2025,10 102,employee_b5882a32e7,сушист,Производство Черникова,Выплата ЗП,
04.03.2025,13 761,employee_3c4a629691,пиццерист,Производство Черникова,Выплата ЗП,
04.03.2025,9 200,employee_b20c9e8ecf,сушист,Производство Черникова,Выплата ЗП,
07.03.2025,3 000,employee_3fa5f3a2b5,сушист,Производство Черникова,Выплата аванса,
10.03.2025,60 000,employee_859ee3e9a0,директор по развитию,Администрация,Выплата ЗП,
11.03.2025,16 475,employee_b3338b123c,администратор,Производство Черникова,Выплата ЗП,
11.03.2025,15 224,employee_51247484d7,администратор,Производство Черникова,Выплата ЗП,
11.03.2025,12 461,employee_908545f9b4,пиццерист,Производство Черникова,Выплата ЗП,
11.03.2025,11 535,employee_8b0eb48cc4,шаурмист,Производство Черникова,Выплата ЗП,
11.03.2025,15 966,employee_2dcfa0649d,администратор,Производство Черникова,Выплата ЗП,
11.03.2025,2 000,employee_82ceca1c22,администратор,Производство Черникова,Выплата ЗП,
11.03.2025,21 414,employee_9747b9d844,пиццерист,Производство Черникова,Выплата ЗП,
11.03.2025,22 900,employee_3fa5f3a2b5,сушист,Производство Черникова,Выплата ЗП,
11.03.2025,27 950,employee_3a96201e66,сушист,Производство Черникова,Выплата ЗП,
11.03.2025,19 207,employee_7448260c20,сушист,Производство Черникова,Выплата ЗП,
11.03.2025,11 877,employee_5a3e1adb3f,пиццерист,Производство Черникова,Выплата ЗП,
11.03.2025,5 704,employee_1570ccae80,шаурмист,Производство Черникова,Выплата ЗП,
11.03.2025,16 550,employee_b5882a32e7,сушист,Производство Черникова,Выплата ЗП,
11.03.2025,17 100,employee_3c4a629691,пиццерист,Производство Черникова,Выплата ЗП,
11.03.2025,16 700,employee_b20c9e8ecf,сушист,Производство Черникова,Выплата ЗП,
11.03.2025,4 500,employee_b66d18b5be,сушист,Производство Черникова,Выплата ЗП,
12.03.2025,11 000,employee_3a96201e66,сушист,Производство Черникова,Выплата аванса,
14.03.2025,35 000,employee_62c77ec038,управляющий,Администрация,Выплата ЗП,
14.03.2025,30 000,employee_a74c086a20,менеджер,Администрация,Выплата ЗП,
14.03.2025,18 500,employee_544b7770e4,помощник менеджера,Администрация,Выплата ЗП,
14.03.2025,8 000,employee_99b80e7372,руководитель службы доставки,Администрация,Выплата ЗП,
18.03.2025,11 656,employee_b3338b123c,администратор,Производство Черникова,Выплата ЗП,
18.03.2025,11 640,employee_51247484d7,администратор,Производство Черникова,Выплата ЗП,
18.03.2025,10 309,employee_908545f9b4,пиццерист,Производство Черникова,Выплата ЗП,
18.03.2025,9 602,employee_8b0eb48cc4,шаурмист,Производство Черникова,Выплата ЗП,
18.03.2025,9 059,employee_2dcfa0649d,администратор,Производство Черникова,Выплата ЗП,
18.03.2025,4 714,employee_82ceca1c22,администратор,Производство Черникова,Выплата ЗП,
18.03.2025,12 532,employee_9747b9d844,пиццерист,Производство Черникова,Выплата ЗП,
18.03.2025,6 392,employee_3fa5f3a2b5,сушист,Производство Черникова,Выплата ЗП,
18.03.2025,11 803,employee_3a96201e66,сушист,Производство Черникова,Выплата ЗП,
18.03.2025,15 610,employee_7448260c20,сушист,Производство Черникова,Выплата ЗП,
18.03.2025,6 990,employee_5a3e1adb3f,пиццерист,Производство Черникова,Выплата ЗП,
18.03.2025,5 571,employee_1570ccae80,шаурмист,Производство Черникова,Выплата ЗП,
18.03.2025,10 359,employee_b5882a32e7,сушист,Производство Черникова,Выплата ЗП,
18.03.2025,13 336,employee_3c4a629691,пиццерист,Производство Черникова,Выплата ЗП,
18.03.2025,6 786,employee_b66d18b5be,сушист,Производство Черникова,Выплата ЗП,
18.03.2025,6 367,employee_b20c9e8ecf,сушист,Производство Черникова,Выплата ЗП,
24.03.2025,3 000,employee_3fa5f3a2b5,сушист,Производство Черникова,Выплата ЗП,
21.03.2025,30 280,employee_859ee3e9a0,директор по развитию,Администрация,Выплата ЗП,
25.03.2025,12 327,employee_b3338b123c,администратор,Производство Черникова,Выплата ЗП,
25.03.2025,11 494,employee_51247484d7,администратор,Производство Черникова,Выплата ЗП,
25.03.2025,7 875,employee_908545f9b4,пиццерист,Производство Черникова,Выплата ЗП,
25.03.2025,9 506,employee_8b0eb48cc4,шаурмист,Производство Черникова,Выплата ЗП,
25.03.2025,7 391,employee_2dcfa0649d,администратор,Производство Черникова,Выплата ЗП,
25.03.2025,7 511,employee_82ceca1c22,администратор,Производство Черникова,Выплата ЗП,
25.03.2025,17 889,employee_9747b9d844,пиццерист,Производство Черникова,Выплата ЗП,
25.03.2025,1 203,employee_3fa5f3a2b5,сушист,Производство Черникова,Выплата ЗП,
25.03.2025,16 074,employee_3a96201e66,сушист,Производство Черникова,Выплата ЗП,
25.03.2025,16 390,employee_7448260c20,сушист,Производство Черникова,Выплата ЗП,
25.03.2025,8 213,employee_5a3e1adb3f,пиццерист,Производство Черникова,Выплата ЗП,
25.03.2025,5 548,employee_1570ccae80,шаурмист,Производство Черникова,Выплата ЗП,
25.03.2025,13 182,employee_b5882a32e7,сушист,Производство Черникова,Выплата ЗП,
25.03.2025,14 490,employee_3c4a629691,пиццерист,Производство Черникова,Выплата ЗП,
25.03.2025,4 315,employee_b66d18b5be,сушист,Производство Черникова,Выплата ЗП,
25.03.2025,7 033,employee_1af5d335a2,сушист,Производство Черникова,Выплата ЗП,
26.03.2025,5 000,employee_7448260c20,сушист,Производство Черникова,Выплата аванса,
01.04.2025,19 116,employee_3a96201e66,сушист,Производство Черникова,Выплата ЗП,
01.04.2025,5 897,employee_b3338b123c,администратор,Производство Черникова,Выплата ЗП,
01.04.2025,3 602,employee_7448260c20,сушист,Производство Черникова,Выплата ЗП,
01.04.2025,9 980,employee_8b0eb48cc4,шаурмист,Производство Черникова,Выплата ЗП,
01.04.2025,14 282,employee_51247484d7,администратор,Производство Черникова,Выплата ЗП,
01.04.2025,6 305,employee_b5882a32e7,сушист,Производство Черникова,Выплата ЗП,
01.04.2025,5 550,employee_1570ccae80,шаурмист,Производство Черникова,Выплата ЗП,
01.04.2025,10 775,employee_3c4a629691,пиццерист,Производство Черникова,Выплата ЗП,
01.04.2025,7 559,employee_82ceca1c22,администратор,Производство Черникова,Выплата ЗП,
01.04.2025,17 129,employee_908545f9b4,пиццерист,Производство Черникова,Выплата ЗП,
01.04.2025,4 975,employee_5a3e1adb3f,пиццерист,Производство Черникова,Выплата ЗП,
01.04.2025,10 046,employee_9747b9d844,пиццерист,Производство Черникова,Выплата ЗП,
01.04.2025,13 599,employee_3fa5f3a2b5,сушист,Производство Черникова,Выплата ЗП,
01.04.2025,9 846,employee_2dcfa0649d,администратор,Производство Черникова,Выплата ЗП,
01.04.2025,2 033,employee_1af5d335a2,сушист,Производство Черникова,Выплата ЗП,
01.04.2025,30 000,employee_a74c086a20,менеджер,Администрация,Выплата ЗП,
01.04.2025,18 500,employee_544b7770e4,помощник менеджера,Администрация,Выплата ЗП,
01.04.2025,10 000,employee_99b80e7372,руководитель службы доставки,Администрация,Выплата ЗП,
01.04.2025,35 000,employee_62c77ec038,управляющий,Администрация,Выплата ЗП,
05.04.2025,70 000,employee_859ee3e9a0,директор по развитию,Администрация,Выплата ЗП,
05.04.2025,30 000,employee_859ee3e9a0,директор по развитию,Администрация,Выплата ЗП,
08.04.2025,20 514,employee_3a96201e66,сушист,Производство Черникова,Выплата ЗП,
08.04.2025,12 688,employee_b3338b123c,администратор,Производство Черникова,Выплата ЗП,
08.04.2025,12 561,employee_7448260c20,сушист,Производство Черникова,Выплата ЗП,
08.04.2025,9 317,employee_8b0eb48cc4,шаурмист,Производство Черникова,Выплата ЗП,
08.04.2025,8 822,employee_51247484d7,администратор,Производство Черникова,Выплата ЗП,
08.04.2025,16 056,employee_b5882a32e7,сушист,Производство Черникова,Выплата ЗП,
08.04.2025,5 238,employee_1570ccae80,шаурмист,Производство Черникова,Выплата ЗП,
08.04.2025,13 414,employee_3c4a629691,пиццерист,Производство Черникова,Выплата ЗП,
08.04.2025,7 528,employee_82ceca1c22,администратор,Производство Черникова,Выплата ЗП,
08.04.2025,7 693,employee_908545f9b4,пиццерист,Производство Черникова,Выплата ЗП,
08.04.2025,7 765,employee_5a3e1adb3f,пиццерист,Производство Черникова,Выплата ЗП,
08.04.2025,5 956,employee_9747b9d844,пиццерист,Производство Черникова,Выплата ЗП,
08.04.2025,7 850,employee_3fa5f3a2b5,сушист,Производство Черникова,Выплата ЗП,
08.04.2025,6 519,employee_2dcfa0649d,администратор,Производство Черникова,Выплата ЗП,
08.04.2025,1 645,employee_1af5d335a2,сушист,Производство Черникова,Выплата ЗП,
08.04.2025,4 524,employee_b20c9e8ecf,сушист,Производство Черникова,Выплата ЗП,
15.04.2025,35 000,employee_a74c086a20,менеджер,Администрация,Выплата ЗП,
15.04.2025,7 000,employee_99b80e7372,руководитель службы доставки,Администрация,Выплата ЗП,
15.04.2025,35 000,employee_62c77ec038,управляющий,Администрация,Выплата ЗП,
15.04.2025,6 013,employee_1af5d335a2,сушист,Производство Черникова,Выплата ЗП,
15.04.2025,20 576,employee_3a96201e66,сушист,Производство Черникова,Выплата ЗП,
15.04.2025,14 290,employee_b3338b123c,администратор,Производство Черникова,Выплата ЗП,
15.04.2025,18 090,employee_7448260c20,сушист,Производство Черникова,Выплата ЗП,
15.04.2025,9 838,employee_8b0eb48cc4,шаурмист,Производство Черникова,Выплата ЗП,
15.04.2025,7 488,employee_51247484d7,администратор,Производство Черникова,Выплата ЗП,
15.04.2025,5 778,employee_1570ccae80,шаурмист,Производство Черникова,Выплата ЗП,
15.04.2025,14 979,employee_3c4a629691,пиццерист,Производство Черникова,Выплата ЗП,
15.04.2025,4 931,employee_82ceca1c22,администратор,Производство Черникова,Выплата ЗП,
15.04.2025,8 856,employee_908545f9b4,пиццерист,Производство Черникова,Выплата ЗП,
15.04.2025,6 118,employee_5a3e1adb3f,пиццерист,Производство Черникова,Выплата ЗП,
15.04.2025,14 080,employee_9747b9d844,пиццерист,Производство Черникова,Выплата ЗП,
15.04.2025,6 616,employee_3fa5f3a2b5,сушист,Производство Черникова,Выплата ЗП,
15.04.2025,10 708,employee_2dcfa0649d,администратор,Производство Черникова,Выплата ЗП,
15.04.2025,7 581,employee_b20c9e8ecf,сушист,Производство Черникова,Выплата ЗП,
17.04.2025,5 000,employee_3fa5f3a2b5,сушист,Производство Черникова,Выплата аванса,
17.04.2025,5 000,employee_3a96201e66,сушист,Производство Черникова,Выплата аванса,
03.02.2025,10 000,employee_99b80e7372,руководитель службы доставки,Администрация,Выплата ЗП,
22.04.2025,5 306,employee_b3338b123c,администратор,Производство Черникова,Выплата ЗП,
22.04.2025,8 084,employee_51247484d7,администратор,Производство Черникова,Выплата ЗП,
22.04.2025,9 453,employee_908545f9b4,пиццерист,Производство Черникова,Выплата ЗП,
22.04.2025,9 272,employee_8b0eb48cc4,шаурмист,Производство Черникова,Выплата ЗП,
22.04.2025,11 981,employee_82ceca1c22,администратор,Производство Черникова,Выплата ЗП,
22.04.2025,3 000,employee_82ceca1c22,администратор,Производство Черникова,Выплата аванса,
22.04.2025,9 563,employee_2dcfa0649d,администратор,Производство Черникова,Выплата ЗП,
22.04.2025,10 508,employee_9747b9d844,пиццерист,Производство Черникова,Выплата ЗП,
22.04.2025,5 839,employee_3fa5f3a2b5,сушист,Производство Черникова,Выплата ЗП,
22.04.2025,5 605,employee_1570ccae80,шаурмист,Производство Черникова,Выплата ЗП,
22.04.2025,14 002,employee_3c4a629691,пиццерист,Производство Черникова,Выплата ЗП,
22.04.2025,9 994,employee_1af5d335a2,сушист,Производство Черникова,Выплата ЗП,
22.04.2025,13 175,employee_7448260c20,сушист,Производство Черникова,Выплата ЗП,
22.04.2025,12 649,employee_b20c9e8ecf,сушист,Производство Черникова,Выплата ЗП,
22.04.2025,19 355,employee_3a96201e66,сушист,Производство Черникова,Выплата ЗП,
22.04.2025,9 214,employee_5a3e1adb3f,пиццерист,Производство Черникова,Выплата ЗП,
29.04.2025,15 177,employee_b3338b123c,администратор,Производство Черникова,Выплата ЗП,
29.04.2025,10 601,employee_51247484d7,администратор,Производство Черникова,Выплата ЗП,
29.04.2025,10 548,employee_908545f9b4,пиццерист,Производство Черникова,Выплата ЗП,
29.04.2025,7 212,employee_8b0eb48cc4,шаурмист,Производство Черникова,Выплата ЗП,
29.04.2025,40 000,employee_51247484d7,администратор,Производство Черникова,Выплата аванса,
29.04.2025,1 655,employee_82ceca1c22,администратор,Производство Черникова,Выплата ЗП,
29.04.2025,8 305,employee_2dcfa0649d,администратор,Производство Черникова,Выплата ЗП,
29.04.2025,8 576,employee_9747b9d844,пиццерист,Производство Черникова,Выплата ЗП,
29.04.2025,15 519,employee_3fa5f3a2b5,сушист,Производство Черникова,Выплата ЗП,
29.04.2025,21 033,employee_7448260c20,сушист,Производство Черникова,Выплата ЗП,
29.04.2025,8 206,employee_5a3e1adb3f,пиццерист,Производство Черникова,Выплата ЗП,
29.04.2025,6 307,employee_1570ccae80,шаурмист,Производство Черникова,Выплата ЗП,
29.04.2025,13 109,employee_3c4a629691,пиццерист,Производство Черникова,Выплата ЗП,
29.04.2025,10 151,employee_b20c9e8ecf,сушист,Производство Черникова,Выплата ЗП,
29.04.2025,12 713,employee_1af5d335a2,сушист,Производство Черникова,Выплата ЗП,
01.05.2025,30 000,employee_a74c086a20,менеджер,Администрация,Выплата ЗП,
06.05.2025,11 896,employee_8b0eb48cc4,шаурмист,Производство Черникова,Выплата ЗП,
06.05.2025,11 939,employee_3c4a629691,пиццерист,Производство Черникова,Выплата ЗП,
06.05.2025,3 163,employee_1570ccae80,шаурмист,Производство Черникова,Выплата ЗП,
06.05.2025,14 096,employee_7448260c20,сушист,Производство Черникова,Выплата ЗП,
06.05.2025,8 912,employee_b20c9e8ecf,сушист,Производство Черникова,Выплата ЗП,
06.05.2025,8 932,employee_b3338b123c,администратор,Производство Черникова,Выплата ЗП,
06.05.2025,9 050,employee_51247484d7,администратор,Производство Черникова,Выплата ЗП,
06.05.2025,6 687,employee_1af5d335a2,сушист,Производство Черникова,Выплата ЗП,
06.05.2025,7 581,employee_9747b9d844,пиццерист,Производство Черникова,Выплата ЗП,
06.05.2025,24 944,employee_3a96201e66,сушист,Производство Черникова,Выплата ЗП,
06.05.2025,7 621,employee_2dcfa0649d,администратор,Производство Черникова,Выплата ЗП,
06.05.2025,13 044,employee_3fa5f3a2b5,сушист,Производство Черникова,Выплата ЗП,
06.05.2025,13 200,employee_908545f9b4,пиццерист,Производство Черникова,Выплата ЗП,
06.05.2025,11 163,employee_5a3e1adb3f,пиццерист,Производство Черникова,Выплата ЗП,
06.05.2025,9 833,employee_82ceca1c22,администратор,Производство Черникова,Выплата ЗП,
06.05.2025,70 000,employee_859ee3e9a0,директор по развитию,Администрация,Выплата ЗП,
06.05.2025,10 000,employee_1f5d8a4896,руководитель службы доставки,Администрация,Выплата ЗП,
13.05.2025,9 412,employee_b3338b123c,администратор,Производство Черникова,Выплата ЗП,
13.05.2025,8 299,employee_51247484d7,администратор,Производство Черникова,Выплата ЗП,
13.05.2025,6 024,employee_908545f9b4,пиццерист,Производство Черникова,Выплата ЗП,
13.05.2025,12 574,employee_8b0eb48cc4,шаурмист,Производство Черникова,Выплата ЗП,
13.05.2025,9 366,employee_82ceca1c22,администратор,Производство Черникова,Выплата ЗП,
13.05.2025,7 907,employee_2dcfa0649d,администратор,Производство Черникова,Выплата ЗП,
13.05.2025,12 971,employee_9747b9d844,пиццерист,Производство Черникова,Выплата ЗП,
13.05.2025,15 687,employee_3fa5f3a2b5,сушист,Производство Черникова,Выплата ЗП,
13.05.2025,19 179,employee_7448260c20,сушист,Производство Черникова,Выплата ЗП,
13.05.2025,8 155,employee_5a3e1adb3f,пиццерист,Производство Черникова,Выплата ЗП,
13.05.2025,18 581,employee_3c4a629691,пиццерист,Производство Черникова,Выплата ЗП,
13.05.2025,11 796,employee_b20c9e8ecf,сушист,Производство Черникова,Выплата ЗП,
13.05.2025,6 478,employee_1af5d335a2,сушист,Производство Черникова,Выплата ЗП,
13.05.2025,15 941,employee_3a96201e66,сушист,Производство Черникова,Выплата ЗП,
13.05.2025,5 850,employee_1570ccae80,шаурмист,Производство Черникова,Выплата ЗП,
15.05.2025,10 000,employee_1f5d8a4896,руководитель службы доставки,Администрация,Выплата ЗП,
15.05.2025,15 000,employee_a74c086a20,менеджер,Администрация,Выплата ЗП,
15.05.2025,43 000,employee_62c77ec038,управляющий,Администрация,Выплата ЗП,
01.05.2025,35 000,employee_62c77ec038,управляющий,Администрация,Выплата ЗП,
13.05.2025,15 878,employee_abf859686b,сушист,Производство Черникова,Выплата ЗП,
13.05.2025,4 971,employee_445cbb2a20,шаурмист,Производство Черникова,Выплата ЗП,
20.05.2025,11 012,employee_b3338b123c,администратор,Производство Черникова,Выплата ЗП,
20.05.2025,6 515,employee_51247484d7,администратор,Производство Черникова,Выплата ЗП,
20.05.2025,9 335,employee_908545f9b4,пиццерист,Производство Черникова,Выплата ЗП,
20.05.2025,6 400,employee_8b0eb48cc4,шаурмист,Производство Черникова,Выплата ЗП,
20.05.2025,9 674,employee_82ceca1c22,администратор,Производство Черникова,Выплата ЗП,
20.05.2025,7 176,employee_2dcfa0649d,администратор,Производство Черникова,Выплата ЗП,
20.05.2025,10 485,employee_9747b9d844,пиццерист,Производство Черникова,Выплата ЗП,
20.05.2025,11 447,employee_3fa5f3a2b5,сушист,Производство Черникова,Выплата ЗП,
20.05.2025,16 550,employee_7448260c20,сушист,Производство Черникова,Выплата ЗП,
20.05.2025,9 018,employee_5a3e1adb3f,пиццерист,Производство Черникова,Выплата ЗП,
20.05.2025,14 113,employee_3c4a629691,пиццерист,Производство Черникова,Выплата ЗП,
20.05.2025,8 430,employee_b20c9e8ecf,сушист,Производство Черникова,Выплата ЗП,
20.05.2025,8 385,employee_1af5d335a2,сушист,Производство Черникова,Выплата ЗП,
20.05.2025,13 709,employee_abf859686b,сушист,Производство Черникова,Выплата ЗП,
20.05.2025,7 177,employee_445cbb2a20,шаурмист,Производство Черникова,Выплата ЗП,
20.05.2025,30 000,employee_3fa5f3a2b5,сушист,Производство Черникова,Выплата аванса,
27.05.2025,10 616,employee_b3338b123c,администратор,Производство Черникова,Выплата ЗП,
27.05.2025,7 440,employee_51247484d7,администратор,Производство Черникова,Выплата ЗП,
27.05.2025,12 376,employee_908545f9b4,пиццерист,Производство Черникова,Выплата ЗП,
27.05.2025,8 549,employee_8b0eb48cc4,шаурмист,Производство Черникова,Выплата ЗП,
27.05.2025,5 751,employee_82ceca1c22,администратор,Производство Черникова,Выплата ЗП,
27.05.2025,11 753,employee_2dcfa0649d,администратор,Производство Черникова,Выплата ЗП,
27.05.2025,15 103,employee_9747b9d844,пиццерист,Производство Черникова,Выплата ЗП,
27.05.2025,14 576,employee_3fa5f3a2b5,сушист,Производство Черникова,Выплата ЗП,
27.05.2025,20 511,employee_7448260c20,сушист,Производство Черникова,Выплата ЗП,
27.05.2025,3 308,employee_5a3e1adb3f,пиццерист,Производство Черникова,Выплата ЗП,
27.05.2025,14 798,employee_3c4a629691,пиццерист,Производство Черникова,Выплата ЗП,
27.05.2025,10 566,employee_b20c9e8ecf,сушист,Производство Черникова,Выплата ЗП,
27.05.2025,17 346,employee_1af5d335a2,сушист,Производство Черникова,Выплата ЗП,
27.05.2025,18 182,employee_abf859686b,сушист,Производство Черникова,Выплата ЗП,
27.05.2025,5 093,employee_445cbb2a20,шаурмист,Производство Черникова,Выплата ЗП,
27.05.2025,1 100,employee_e8704c7b8f,пиццерист,Производство Черникова,Выплата ЗП,
27.05.2025,30 000,employee_859ee3e9a0,директор по развитию,Администрация,Выплата ЗП,
02.06.2025,45 000,employee_62c77ec038,управляющий,Администрация,Выплата ЗП,
02.06.2025,15 000,employee_a74c086a20,менеджер,Администрация,Выплата ЗП,
02.06.2025,70 000,employee_859ee3e9a0,директор по развитию,Администрация,Выплата ЗП,
02.06.2025,10 000,employee_1f5d8a4896,руководитель службы доставки,Администрация,Выплата ЗП,
02.06.2025,6 000,employee_b3338b123c,помощник менеджера,Производство Черникова,Выплата ЗП,
03.06.2025,9 076,employee_b3338b123c,администратор,Производство Черникова,Выплата ЗП,
03.06.2025,7 110,employee_51247484d7,администратор,Производство Черникова,Выплата ЗП,
03.06.2025,11 591,employee_908545f9b4,пиццерист,Производство Черникова,Выплата ЗП,
03.06.2025,10 487,employee_8b0eb48cc4,шаурмист,Производство Черникова,Выплата ЗП,
03.06.2025,10 863,employee_82ceca1c22,администратор,Производство Черникова,Выплата ЗП,
03.06.2025,10 473,employee_2dcfa0649d,администратор,Производство Черникова,Выплата ЗП,
28.05.2025,6 000,employee_7448260c20,сушист,Производство Черникова,Выплата аванса,
03.06.2025,17 744,employee_9747b9d844,пиццерист,Производство Черникова,Выплата ЗП,
03.06.2025,2 163,employee_3fa5f3a2b5,сушист,Производство Черникова,Выплата ЗП,
03.06.2025,13 838,employee_7448260c20,сушист,Производство Черникова,Выплата ЗП,
03.06.2025,16 254,employee_5a3e1adb3f,пиццерист,Производство Черникова,Выплата ЗП,
03.06.2025,18 851,employee_3c4a629691,пиццерист,Производство Черникова,Выплата ЗП,
03.06.2025,19 652,employee_b20c9e8ecf,сушист,Производство Черникова,Выплата ЗП,
03.06.2025,3 300,employee_1af5d335a2,сушист,Производство Черникова,Выплата ЗП,
03.06.2025,23 090,employee_abf859686b,сушист,Производство Черникова,Выплата ЗП,
03.06.2025,6 484,employee_445cbb2a20,шаурмист,Производство Черникова,Выплата ЗП,
03.06.2025,1 000,employee_e8704c7b8f,пиццерист,Производство Черникова,Выплата ЗП,
03.06.2025,3 300,employee_dfa826d51c,сушист,Производство Черникова,Выплата ЗП,
09.06.2025,5 000,employee_62c77ec038,управляющий,Администрация,Выплата аванса,
10.06.2025,16 124,employee_82ceca1c22,администратор,Производство Черникова,Выплата ЗП,
10.06.2025,21 441,employee_abf859686b,сушист,Производство Черникова,Выплата ЗП,
10.06.2025,9 873,employee_908545f9b4,пиццерист,Производство Черникова,Выплата ЗП,
10.06.2025,8 009,employee_e8704c7b8f,пиццерист,Производство Черникова,Выплата ЗП,
10.06.2025,7 000,employee_dfa826d51c,пиццерист,Производство Черникова,Выплата ЗП,
10.06.2025,14 517,employee_9747b9d844,пиццерист,Производство Черникова,Выплата ЗП,
10.06.2025,3 276,employee_3fa5f3a2b5,сушист,Производство Черникова,Выплата ЗП,
10.06.2025,8 955,employee_445cbb2a20,шаурмист,Производство Черникова,Выплата ЗП,
10.06.2025,6 781,employee_2dcfa0649d,администратор,Производство Черникова,Выплата ЗП,
10.06.2025,8 463,employee_51247484d7,администратор,Производство Черникова,Выплата ЗП,
10.06.2025,8 071,employee_b3338b123c,администратор,Производство Черникова,Выплата ЗП,
10.06.2025,13 634,employee_7448260c20,сушист,Производство Черникова,Выплата ЗП,
10.06.2025,11 141,employee_8b0eb48cc4,шаурмист,Производство Черникова,Выплата ЗП,
10.06.2025,13 355,employee_3c4a629691,пиццерист,Производство Черникова,Выплата ЗП,
16.06.2025,30 000,employee_859ee3e9a0,директор по развитию,Администрация,Выплата ЗП,
16.06.2025,10 000,employee_1f5d8a4896,руководитель службы доставки,Администрация,Выплата ЗП,
16.06.2025,13 300,employee_ab23939605,помощник менеджера,Администрация,Выплата ЗП,
16.06.2025,45 000,employee_62c77ec038,управляющий,Администрация,Выплата ЗП,
17.06.2025,21 523,employee_abf859686b,сушист,Производство Черникова,Выплата ЗП,
17.06.2025,2 215,employee_908545f9b4,пиццерист,Производство Черникова,Выплата ЗП,
17.06.2025,8 378,employee_e8704c7b8f,пиццерист,Производство Черникова,Выплата ЗП,
17.06.2025,17 597,employee_7448260c20,сушист,Производство Черникова,Выплата ЗП,
17.06.2025,12 281,employee_9747b9d844,пиццерист,Производство Черникова,Выплата ЗП,
17.06.2025,7 722,employee_445cbb2a20,шаурмист,Производство Черникова,Выплата ЗП,
17.06.2025,6 422,employee_2dcfa0649d,администратор,Производство Черникова,Выплата ЗП,
17.06.2025,9 307,employee_51247484d7,администратор,Производство Черникова,Выплата ЗП,
17.06.2025,8 784,employee_b3338b123c,администратор,Производство Черникова,Выплата ЗП,
17.06.2025,12 666,employee_3c4a629691,пиццерист,Производство Черникова,Выплата ЗП,
17.06.2025,9 220,employee_8b0eb48cc4,шаурмист,Производство Черникова,Выплата ЗП,
17.06.2025,16 990,employee_3fa5f3a2b5,сушист,Производство Черникова,Выплата ЗП,
17.06.2025,11 040,employee_65a7591211,сушист,Производство Черникова,Выплата ЗП,
17.06.2025,11 312,employee_e2dfd4294b,администратор,Производство Черникова,Выплата ЗП,
17.06.2025,373,employee_62c77ec038,сушист,Производство Черникова,Выплата ЗП,
24.06.2025,18 530,employee_abf859686b,сушист,Производство Черникова,Выплата ЗП,
24.06.2025,3 180,employee_908545f9b4,пиццерист,Производство Черникова,Выплата ЗП,
24.06.2025,7 499,employee_e8704c7b8f,пиццерист,Производство Черникова,Выплата ЗП,
24.06.2025,18 705,employee_7448260c20,сушист,Производство Черникова,Выплата ЗП,
24.06.2025,28 225,employee_9747b9d844,пиццерист,Производство Черникова,Выплата ЗП,
24.06.2025,10 312,employee_445cbb2a20,шаурмист,Производство Черникова,Выплата ЗП,
24.06.2025,14 987,employee_2dcfa0649d,администратор,Производство Черникова,Выплата ЗП,
24.06.2025,5 886,employee_51247484d7,администратор,Производство Черникова,Выплата ЗП,
24.06.2025,11 850,employee_b3338b123c,администратор,Производство Черникова,Выплата ЗП,
24.06.2025,11 716,employee_3c4a629691,пиццерист,Производство Черникова,Выплата ЗП,
24.06.2025,12 555,employee_8b0eb48cc4,шаурмист,Производство Черникова,Выплата ЗП,
24.06.2025,12 605,employee_3fa5f3a2b5,сушист,Производство Черникова,Выплата ЗП,
24.06.2025,1 000,employee_e2dfd4294b,администратор,Производство Черникова,Выплата ЗП,
24.06.2025,40 000,employee_859ee3e9a0,директор по развитию,Администрация,Выплата ЗП,
01.07.2025,16 621,employee_b3338b123c,администратор,Производство Черникова,Выплата ЗП,
01.07.2025,13 286,employee_51247484d7,администратор,Производство Черникова,Выплата ЗП,
01.07.2025,12 308,employee_908545f9b4,пиццерист,Производство Черникова,Выплата ЗП,
01.07.2025,12 187,employee_8b0eb48cc4,шаурмист,Производство Черникова,Выплата ЗП,
01.07.2025,4 422,employee_2dcfa0649d,администратор,Производство Черникова,Выплата ЗП,
01.07.2025,16 090,employee_3fa5f3a2b5,сушист,Производство Черникова,Выплата ЗП,
01.07.2025,24 466,employee_7448260c20,сушист,Производство Черникова,Выплата ЗП,
01.07.2025,18 687,employee_3c4a629691,пиццерист,Производство Черникова,Выплата ЗП,
01.07.2025,31 802,employee_abf859686b,сушист,Производство Черникова,Выплата ЗП,
01.07.2025,10 390,employee_445cbb2a20,шаурмист,Производство Черникова,Выплата ЗП,
01.07.2025,3 500,employee_dfa826d51c,пиццерист,Производство Черникова,Выплата ЗП,
01.07.2025,10 000,employee_1f5d8a4896,руководитель службы доставки,Администрация,Выплата ЗП,
01.07.2025,38 000,employee_62c77ec038,управляющий,Администрация,Выплата ЗП,
01.07.2025,20 000,employee_ab23939605,менеджер,Администрация,Выплата ЗП,
04.07.2025,70 000,employee_859ee3e9a0,директор по развитию,Администрация,Выплата ЗП,
08.07.2025,17 072,employee_b3338b123c,администратор,Производство Черникова,Выплата ЗП,
08.07.2025,11 264,employee_51247484d7,администратор,Производство Черникова,Выплата ЗП,
08.07.2025,10 490,employee_908545f9b4,пиццерист,Производство Черникова,Выплата ЗП,
08.07.2025,11 735,employee_8b0eb48cc4,шаурмист,Производство Черникова,Выплата ЗП,
08.07.2025,13 353,employee_2dcfa0649d,администратор,Производство Черникова,Выплата ЗП,
08.07.2025,12 725,employee_445cbb2a20,сушист,Производство Черникова,Выплата ЗП,
08.07.2025,15 383,employee_3fa5f3a2b5,сушист,Производство Черникова,Выплата ЗП,
08.07.2025,19 023,employee_7448260c20,сушист,Производство Черникова,Выплата ЗП,
08.07.2025,16 629,employee_3c4a629691,пиццерист,Производство Черникова,Выплата ЗП,
08.07.2025,19 129,employee_abf859686b,сушист,Производство Черникова,Выплата ЗП,
08.07.2025,6 400,employee_6893634fa4,шаурмист,Производство Черникова,Выплата ЗП,
08.07.2025,11 450,employee_5a3e1adb3f,пиццерист,Производство Черникова,Выплата ЗП,
15.07.2025,15 229,employee_b3338b123c,администратор,Производство Черникова,Выплата ЗП,
15.07.2025,5 883,employee_51247484d7,администратор,Производство Черникова,Выплата ЗП,
15.07.2025,14 250,employee_908545f9b4,пиццерист,Производство Черникова,Выплата ЗП,
15.07.2025,7 122,employee_8b0eb48cc4,шаурмист,Производство Черникова,Выплата ЗП,
15.07.2025,14 181,employee_2dcfa0649d,администратор,Производство Черникова,Выплата ЗП,
15.07.2025,14 434,employee_3fa5f3a2b5,сушист,Производство Черникова,Выплата ЗП,
15.07.2025,28 908,employee_7448260c20,сушист,Производство Черникова,Выплата ЗП,
15.07.2025,10 083,employee_3c4a629691,пиццерист,Производство Черникова,Выплата ЗП,
15.07.2025,20 216,employee_abf859686b,сушист,Производство Черникова,Выплата ЗП,
15.07.2025,12 735,employee_445cbb2a20,сушист,Производство Черникова,Выплата ЗП,
15.07.2025,10 621,employee_5a3e1adb3f,пиццерист,Производство Черникова,Выплата ЗП,
15.07.2025,4 133,employee_6893634fa4,шаурмист,Производство Черникова,Выплата ЗП,
15.07.2025,5 000,employee_7448260c20,сушист,Производство Черникова,Выплата аванса,
15.07.2025,20 000,employee_ab23939605,менеджер,Администрация,Выплата ЗП,
15.07.2025,45 000,employee_62c77ec038,управляющий,Администрация,Выплата ЗП,
15.07.2025,10 000,employee_1f5d8a4896,руководитель службы доставки,Администрация,Выплата ЗП,
21.07.2025,70 000,employee_859ee3e9a0,директор по развитию,Администрация,Выплата ЗП,
22.07.2025,5 578,employee_b3338b123c,администратор,Производство Черникова,Выплата ЗП,
22.07.2025,15 347,employee_51247484d7,администратор,Производство Черникова,Выплата ЗП,
22.07.2025,18 127,employee_908545f9b4,пиццерист,Производство Черникова,Выплата ЗП,
22.07.2025,9 707,employee_8b0eb48cc4,шаурмист,Производство Черникова,Выплата ЗП,
22.07.2025,8 038,employee_2dcfa0649d,администратор,Производство Черникова,Выплата ЗП,
22.07.2025,11 424,employee_7448260c20,сушист,Производство Черникова,Выплата ЗП,
22.07.2025,9 673,employee_3c4a629691,пиццерист,Производство Черникова,Выплата ЗП,
22.07.2025,23 403,employee_abf859686b,сушист,Производство Черникова,Выплата ЗП,
22.07.2025,16 484,employee_445cbb2a20,сушист,Производство Черникова,Выплата ЗП,
22.07.2025,11 419,employee_5a3e1adb3f,пиццерист,Производство Черникова,Выплата ЗП,
22.07.2025,13 361,employee_3a10af3781,администратор,Производство Черникова,Выплата ЗП,
22.07.2025,7 200,employee_ac996276a1,сушист,Производство Черникова,Выплата ЗП,
22.07.2025,6 742,employee_a43b07b2aa,сушист,Производство Черникова,Выплата ЗП,
22.07.2025,4 085,employee_6893634fa4,шаурмист,Производство Черникова,Выплата ЗП,
22.07.2025,1 373,employee_62c77ec038,сушист,Производство Черникова,Выплата ЗП,
22.07.2025,5 000,employee_7448260c20,сушист,Производство Черникова,Выплата аванса,
29.07.2025,10 956,employee_b3338b123c,администратор,Производство Черникова,Выплата ЗП,
29.07.2025,8 982,employee_51247484d7,администратор,Производство Черникова,Выплата ЗП,
29.07.2025,11 720,employee_908545f9b4,пиццерист,Производство Черникова,Выплата ЗП,
29.07.2025,8 698,employee_8b0eb48cc4,шаурмист,Производство Черникова,Выплата ЗП,
29.07.2025,10 956,employee_2dcfa0649d,администратор,Производство Черникова,Выплата ЗП,
29.07.2025,15 300,employee_7448260c20,сушист,Производство Черникова,Выплата ЗП,
29.07.2025,16 412,employee_3c4a629691,пиццерист,Производство Черникова,Выплата ЗП,
29.07.2025,18 579,employee_abf859686b,сушист,Производство Черникова,Выплата ЗП,
29.07.2025,7 290,employee_445cbb2a20,сушист,Производство Черникова,Выплата ЗП,
29.07.2025,13 012,employee_5a3e1adb3f,пиццерист,Производство Черникова,Выплата ЗП,
29.07.2025,5 242,employee_3a10af3781,администратор,Производство Черникова,Выплата ЗП,
29.07.2025,5 614,employee_ac996276a1,сушист,Производство Черникова,Выплата ЗП,
29.07.2025,5 304,employee_a43b07b2aa,сушист,Производство Черникова,Выплата ЗП,
29.07.2025,9 348,employee_6893634fa4,шаурмист,Производство Черникова,Выплата ЗП,
29.07.2025,743,employee_62c77ec038,сушист,Производство Черникова,Выплата ЗП,
01.08.2025,45 000,employee_62c77ec038,управляющий,Администрация,Выплата ЗП,
01.08.2025,20 000,employee_ab23939605,менеджер,Администрация,Выплата ЗП,
01.08.2025,5 000,employee_1f5d8a4896,руководитель службы доставки,Администрация,Выплата ЗП,
01.08.2025,2 000,employee_cb1bf96472,руководитель службы доставки,Администрация,Выплата ЗП,
01.08.2025,6 000,employee_51247484d7,employee_65a511d2f7,Администрация,Выплата ЗП,
01.08.2025,6 000,employee_b3338b123c,employee_65a511d2f7,Администрация,Выплата ЗП,
05.08.2025,10 976,employee_b3338b123c,администратор,Производство Черникова,Выплата ЗП,
05.08.2025,18 514,employee_51247484d7,администратор,Производство Черникова,Выплата ЗП,
05.08.2025,15 109,employee_908545f9b4,пиццерист,Производство Черникова,Выплата ЗП,
05.08.2025,10 081,employee_8b0eb48cc4,шаурмист,Производство Черникова,Выплата ЗП,
05.08.2025,8 216,employee_2dcfa0649d,администратор,Производство Черникова,Выплата ЗП,
05.08.2025,14 114,employee_7448260c20,сушист,Производство Черникова,Выплата ЗП,
05.08.2025,19 554,employee_3c4a629691,пиццерист,Производство Черникова,Выплата ЗП,
05.08.2025,24 237,employee_abf859686b,сушист,Производство Черникова,Выплата ЗП,
05.08.2025,12 728,employee_445cbb2a20,сушист,Производство Черникова,Выплата ЗП,
05.08.2025,13 625,employee_5a3e1adb3f,пиццерист,Производство Черникова,Выплата ЗП,
05.08.2025,6 690,employee_3a10af3781,администратор,Производство Черникова,Выплата ЗП,
05.08.2025,6 540,employee_ac996276a1,сушист,Производство Черникова,Выплата ЗП,
05.08.2025,4 315,employee_a43b07b2aa,сушист,Производство Черникова,Выплата ЗП,
05.08.2025,3 940,employee_6893634fa4,шаурмист,Производство Черникова,Выплата ЗП,
05.08.2025,2 800,employee_49edfc8fac,шаурмист,Производство Черникова,Выплата ЗП,
06.08.2025,5 000,employee_3c4a629691,пиццерист,Производство Черникова,Выплата аванса,
09.08.2025,70 000,employee_859ee3e9a0,директор по развитию,Администрация,Выплата ЗП,
12.08.2025,17 854,employee_b3338b123c,администратор,Производство Черникова,Выплата ЗП,
12.08.2025,11 146,employee_908545f9b4,пиццерист,Производство Черникова,Выплата ЗП,
12.08.2025,9 548,employee_8b0eb48cc4,шаурмист,Производство Черникова,Выплата ЗП,
12.08.2025,8 911,employee_2dcfa0649d,администратор,Производство Черникова,Выплата ЗП,
12.08.2025,22 810,employee_7448260c20,сушист,Производство Черникова,Выплата ЗП,
12.08.2025,2 266,employee_3c4a629691,пиццерист,Производство Черникова,Выплата ЗП,
12.08.2025,18 749,employee_abf859686b,сушист,Производство Черникова,Выплата ЗП,
12.08.2025,12 787,employee_445cbb2a20,сушист,Производство Черникова,Выплата ЗП,
12.08.2025,10 486,employee_5a3e1adb3f,пиццерист,Производство Черникова,Выплата ЗП,
12.08.2025,9 877,employee_3a10af3781,администратор,Производство Черникова,Выплата ЗП,
12.08.2025,4 040,employee_ac996276a1,сушист,Производство Черникова,Выплата ЗП,
12.08.2025,1 907,employee_a43b07b2aa,сушист,Производство Черникова,Выплата ЗП,
12.08.2025,4 845,employee_6893634fa4,шаурмист,Производство Черникова,Выплата ЗП,
12.08.2025,3 552,employee_62c77ec038,сушист,Производство Черникова,Выплата ЗП,
12.08.2025,60 000,employee_859ee3e9a0,директор по развитию,Администрация,Выплата ЗП,
15.08.2025,45 000,employee_62c77ec038,управляющий,Администрация,Выплата ЗП,
15.08.2025,20 000,employee_ab23939605,менеджер,Администрация,Выплата ЗП,
15.08.2025,10 000,employee_cb1bf96472,руководитель службы доставки,Производство Черникова,Выплата ЗП,
19.08.2025,12 732,employee_b3338b123c,администратор,Производство Черникова,Выплата ЗП,
19.08.2025,12 602,employee_51247484d7,администратор,Производство Черникова,Выплата ЗП,
19.08.2025,8 571,employee_908545f9b4,пиццерист,Производство Черникова,Выплата ЗП,
19.08.2025,9 422,employee_8b0eb48cc4,шаурмист,Производство Черникова,Выплата ЗП,
19.08.2025,11 813,employee_2dcfa0649d,администратор,Производство Черникова,Выплата ЗП,
19.08.2025,18 510,employee_7448260c20,сушист,Производство Черникова,Выплата ЗП,
19.08.2025,12 207,employee_3c4a629691,пиццерист,Производство Черникова,Выплата ЗП,
19.08.2025,20 537,employee_abf859686b,сушист,Производство Черникова,Выплата ЗП,
19.08.2025,12 839,employee_445cbb2a20,сушист,Производство Черникова,Выплата ЗП,
19.08.2025,10 257,employee_5a3e1adb3f,пиццерист,Производство Черникова,Выплата ЗП,
19.08.2025,9 024,employee_3a10af3781,администратор,Производство Черникова,Выплата ЗП,
19.08.2025,10 574,employee_ac996276a1,сушист,Производство Черникова,Выплата ЗП,
19.08.2025,10 112,employee_a43b07b2aa,сушист,Производство Черникова,Выплата ЗП,
19.08.2025,6 174,employee_6893634fa4,шаурмист,Производство Черникова,Выплата ЗП,
19.08.2025,14 387,employee_b16f896b29,сушист,Производство Черникова,Выплата ЗП,
21.08.2025,5 000,employee_445cbb2a20,сушист,Производство Черникова,Выплата аванса,
26.08.2025,8 879,employee_b3338b123c,администратор,Производство Черникова,Выплата ЗП,
26.08.2025,10 967,employee_51247484d7,администратор,Производство Черникова,Выплата ЗП,
26.08.2025,10 431,employee_908545f9b4,пиццерист,Производство Черникова,Выплата ЗП,
26.08.2025,14 123,employee_8b0eb48cc4,шаурмист,Производство Черникова,Выплата ЗП,
26.08.2025,17 979,employee_2dcfa0649d,администратор,Производство Черникова,Выплата ЗП,
26.08.2025,15 457,employee_3c4a629691,пиццерист,Производство Черникова,Выплата ЗП,
26.08.2025,24 545,employee_abf859686b,сушист,Производство Черникова,Выплата ЗП,
26.08.2025,11 710,employee_445cbb2a20,сушист,Производство Черникова,Выплата ЗП,
26.08.2025,10 748,employee_5a3e1adb3f,пиццерист,Производство Черникова,Выплата ЗП,
26.08.2025,8 220,employee_3a10af3781,администратор,Производство Черникова,Выплата ЗП,
26.08.2025,6 078,employee_ac996276a1,сушист,Производство Черникова,Выплата ЗП,
26.08.2025,10 353,employee_a43b07b2aa,сушист,Производство Черникова,Выплата ЗП,
26.08.2025,13 789,employee_b16f896b29,сушист,Производство Черникова,Выплата ЗП,
26.08.2025,15 000,employee_a43b07b2aa,сушист,Производство Черникова,Выплата аванса,
27.08.2025,15 000,employee_3c4a629691,пиццерист,Производство Черникова,Выплата аванса,
28.08.2025,3 000,employee_5a3e1adb3f,пиццерист,Производство Черникова,Выплата аванса,
01.09.2025,45 000,employee_62c77ec038,employee_1df536b377,Администрация,Выплата ЗП,
01.09.2025,20 000,employee_ab23939605,employee_5618df06e1,Администрация,Выплата ЗП,
01.09.2025,10 000,employee_cb1bf96472,employee_3107e1fd33,Администрация,Выплата ЗП,
01.09.2025,6 000,employee_b3338b123c,помощник менеджера,Администрация,Выплата ЗП,
01.09.2025,6 000,employee_51247484d7,помощник менеджера,Администрация,Выплата ЗП,
02.09.2025,16 167,employee_b3338b123c,администратор,Производство Черникова,Выплата ЗП,
02.09.2025,18 650,employee_51247484d7,администратор,Производство Черникова,Выплата ЗП,
02.09.2025,15 557,employee_908545f9b4,пиццерист,Производство Черникова,Выплата ЗП,
02.09.2025,11 341,employee_8b0eb48cc4,шаурмист,Производство Черникова,Выплата ЗП,
02.09.2025,2 925,employee_2dcfa0649d,администратор,Производство Черникова,Выплата ЗП,
02.09.2025,17 469,employee_3c4a629691,пиццерист,Производство Черникова,Выплата ЗП,
02.09.2025,26 925,employee_abf859686b,сушист,Производство Черникова,Выплата ЗП,
02.09.2025,16 323,employee_445cbb2a20,сушист,Производство Черникова,Выплата ЗП,
02.09.2025,8 617,employee_5a3e1adb3f,пиццерист,Производство Черникова,Выплата ЗП,
02.09.2025,11 005,employee_3a10af3781,администратор,Производство Черникова,Выплата ЗП,
02.09.2025,12 952,employee_ac996276a1,сушист,Производство Черникова,Выплата ЗП,
02.09.2025,8 919,employee_a43b07b2aa,сушист,Производство Черникова,Выплата ЗП,
02.09.2025,13 043,employee_b16f896b29,сушист,Производство Черникова,Выплата ЗП,
02.09.2025,5 200,employee_4937b66146,сушист,Производство Черникова,Выплата ЗП,
02.09.2025,5 743,employee_62c77ec038,сушист,Производство Черникова,Выплата ЗП,
02.09.2025,3 500,employee_10202feb39,администратор,Производство Черникова,Выплата ЗП,
02.09.2025,1 200,employee_1817e861dd,пиццерист,Производство Черникова,Выплата ЗП,
09.09.2025,11 421,employee_b3338b123c,администратор,Производство Черникова,Выплата ЗП,
09.09.2025,14 330,employee_51247484d7,администратор,Производство Черникова,Выплата ЗП,
09.09.2025,15 267,employee_908545f9b4,пиццерист,Производство Черникова,Выплата ЗП,
09.09.2025,8 806,employee_8b0eb48cc4,шаурмист,Производство Черникова,Выплата ЗП,
09.09.2025,13 482,employee_2dcfa0649d,администратор,Производство Черникова,Выплата ЗП,
09.09.2025,12 064,employee_3c4a629691,пиццерист,Производство Черникова,Выплата ЗП,
09.09.2025,19 929,employee_abf859686b,сушист,Производство Черникова,Выплата ЗП,
09.09.2025,4 827,employee_445cbb2a20,сушист,Производство Черникова,Выплата ЗП,
09.09.2025,8 199,employee_5a3e1adb3f,пиццерист,Производство Черникова,Выплата ЗП,
09.09.2025,6 720,employee_ac996276a1,сушист,Производство Черникова,Выплата ЗП,
09.09.2025,2 803,employee_a43b07b2aa,сушист,Производство Черникова,Выплата ЗП,
09.09.2025,13 301,employee_b16f896b29,сушист,Производство Черникова,Выплата ЗП,
09.09.2025,8 820,employee_1817e861dd,пиццерист,Производство Черникова,Выплата ЗП,
09.09.2025,6 738,employee_4937b66146,сушист,Производство Черникова,Выплата ЗП,
09.09.2025,14 026,employee_3fa5f3a2b5,сушист,Производство Черникова,Выплата ЗП,
09.09.2025,7 055,employee_62c77ec038,управляющий,Администрация,Выплата ЗП,
09.09.2025,3 600,employee_ad25f93d9f,администратор,Производство Черникова,Выплата ЗП,
10.09.2025,6 000,employee_5a3e1adb3f,пиццерист,Производство Черникова,Выплата аванса,
15.09.2025,20 000,employee_ab23939605,менеджер,Администрация,Выплата ЗП,
15.09.2025,45 000,employee_62c77ec038,управляющий,Администрация,Выплата ЗП,
15.09.2025,10 000,employee_cb1bf96472,руководитель службы доставки,Производство Черникова,Выплата ЗП,
16.09.2025,10 509,employee_b3338b123c,администратор,Производство Черникова,Выплата ЗП,
16.09.2025,10 367,employee_51247484d7,администратор,Производство Черникова,Выплата ЗП,
16.09.2025,9 864,employee_8b0eb48cc4,пиццерист,Производство Черникова,Выплата ЗП,
16.09.2025,9 621,employee_2dcfa0649d,администратор,Производство Черникова,Выплата ЗП,
16.09.2025,15 005,employee_3c4a629691,пиццерист,Производство Черникова,Выплата ЗП,
16.09.2025,15 923,employee_abf859686b,сушист,Производство Черникова,Выплата ЗП,
16.09.2025,11 026,employee_445cbb2a20,сушист,Производство Черникова,Выплата ЗП,
16.09.2025,13 563,employee_5a3e1adb3f,пиццерист,Производство Черникова,Выплата ЗП,
16.09.2025,5 958,employee_ac996276a1,сушист,Производство Черникова,Выплата ЗП,
16.09.2025,343,employee_a43b07b2aa,сушист,Производство Черникова,Выплата ЗП,
16.09.2025,12 761,employee_b16f896b29,сушист,Производство Черникова,Выплата ЗП,
16.09.2025,4 672,employee_1817e861dd,пиццерист,Производство Черникова,Выплата ЗП,
16.09.2025,472,employee_4937b66146,сушист,Производство Черникова,Выплата ЗП,
16.09.2025,13 636,employee_3fa5f3a2b5,сушист,Производство Черникова,Выплата ЗП,
16.09.2025,7 391,employee_ad25f93d9f,администратор,Производство Черникова,Выплата ЗП,
18.09.2025,10 000,employee_62c77ec038,управляющий,Администрация,Выплата аванса,
18.09.2025,60 000,employee_859ee3e9a0,директор по развитию,Администрация,Выплата ЗП,
23.09.2025,11 794,employee_b3338b123c,администратор,Производство Черникова,Выплата ЗП,
23.09.2025,11 654,employee_51247484d7,администратор,Производство Черникова,Выплата ЗП,
23.09.2025,2 504,employee_908545f9b4,пиццерист,Производство Черникова,Выплата ЗП,
23.09.2025,9 291,employee_8b0eb48cc4,шаурмист,Производство Черникова,Выплата ЗП,
23.09.2025,11 791,employee_2dcfa0649d,администратор,Производство Черникова,Выплата ЗП,
23.09.2025,16 335,employee_3c4a629691,пиццерист,Производство Черникова,Выплата ЗП,
23.09.2025,20 569,employee_abf859686b,сушист,Производство Черникова,Выплата ЗП,
23.09.2025,13 874,employee_5a3e1adb3f,пиццерист,Производство Черникова,Выплата ЗП,
23.09.2025,8 458,employee_ac996276a1,сушист,Производство Черникова,Выплата ЗП,
23.09.2025,825,employee_a43b07b2aa,сушист,Производство Черникова,Выплата ЗП,
23.09.2025,24 881,employee_b16f896b29,сушист,Производство Черникова,Выплата ЗП,
23.09.2025,6 711,employee_1817e861dd,пиццерист,Производство Черникова,Выплата ЗП,
23.09.2025,19 132,employee_3fa5f3a2b5,сушист,Производство Черникова,Выплата ЗП,
23.09.2025,992,employee_ad25f93d9f,администратор,Производство Черникова,Выплата ЗП,
26.09.2025,3 000,employee_1bd2e1ad1c,сушист,Производство Черникова,Выплата аванса,
27.09.2025,3 000,employee_3fa5f3a2b5,сушист,Производство Черникова,Выплата аванса,
30.09.2025,17 801,employee_b3338b123c,администратор,Производство Черникова,Выплата ЗП,
30.09.2025,2 724,employee_51247484d7,администратор,Производство Черникова,Выплата ЗП,
30.09.2025,18 999,employee_908545f9b4,пиццерист,Производство Черникова,Выплата ЗП,
30.09.2025,8 442,employee_8b0eb48cc4,шаурмист,Производство Черникова,Выплата ЗП,
30.09.2025,14 539,employee_2dcfa0649d,администратор,Производство Черникова,Выплата ЗП,
30.09.2025,14 147,employee_3c4a629691,пиццерист,Производство Черникова,Выплата ЗП,
30.09.2025,21 021,employee_abf859686b,сушист,Производство Черникова,Выплата ЗП,
30.09.2025,10 777,employee_ac996276a1,шаурмист,Производство Черникова,Выплата ЗП,
30.09.2025,3 245,employee_a43b07b2aa,сушист,Производство Черникова,Выплата ЗП,
30.09.2025,4 394,employee_1817e861dd,пиццерист,Производство Черникова,Выплата ЗП,
30.09.2025,8 383,employee_ad25f93d9f,администратор,Производство Черникова,Выплата ЗП,
30.09.2025,12 857,employee_1bd2e1ad1c,сушист,Производство Черникова,Выплата ЗП,
30.09.2025,3 200,employee_44aa735d3b,сушист,Производство Черникова,Выплата ЗП,
30.09.2025,1 000,employee_c82e1942fd,сушист,Производство Черникова,Выплата ЗП,
30.09.2025,7 767,employee_62c77ec038,сушист,Производство Черникова,Выплата ЗП,
30.09.2025,17 217,employee_3fa5f3a2b5,сушист,Производство Черникова,Выплата ЗП,
01.10.2025,35 000,employee_62c77ec038,управляющий,Администрация,Выплата ЗП,
01.10.2025,20 000,employee_ab23939605,менеджер,Администрация,Выплата ЗП,
01.10.2025,6 000,employee_b3338b123c,помощник менеджера,Администрация,Выплата ЗП,
01.10.2025,6 000,employee_51247484d7,помощник менеджера,Администрация,Выплата ЗП,
01.10.2025,10 000,employee_d366ce719a,руководитель службы доставки,Администрация,Выплата ЗП,
03.10.2025,7 000,employee_2dcfa0649d,администратор,Производство Черникова,Выплата аванса,
03.10.2025,90 000,employee_859ee3e9a0,директор по развитию,Администрация,Выплата ЗП,
07.10.2025,17 413,employee_b3338b123c,администратор,Производство Черникова,Выплата ЗП,
07.10.2025,12 363,employee_51247484d7,администратор,Производство Черникова,Выплата ЗП,
07.10.2025,7 938,employee_2dcfa0649d,администратор,Производство Черникова,Выплата ЗП,
07.10.2025,10 089,employee_8b0eb48cc4,шаурмист,Производство Черникова,Выплата ЗП,
07.10.2025,21 759,employee_abf859686b,сушист,Производство Черникова,Выплата ЗП,
07.10.2025,18 810,employee_3fa5f3a2b5,сушист,Производство Черникова,Выплата ЗП,
07.10.2025,14 148,employee_3c4a629691,пиццерист,Производство Черникова,Выплата ЗП,
07.10.2025,1 748,employee_a43b07b2aa,сушист,Производство Черникова,Выплата ЗП,
07.10.2025,15 311,employee_1bd2e1ad1c,сушист,Производство Черникова,Выплата ЗП,
07.10.2025,7 366,employee_c82e1942fd,сушист,Производство Черникова,Выплата ЗП,
07.10.2025,14 761,employee_908545f9b4,пиццерист,Производство Черникова,Выплата ЗП,
07.10.2025,7 125,employee_ac996276a1,шаурмист,Производство Черникова,Выплата ЗП,
07.10.2025,5 216,employee_44aa735d3b,сушист,Производство Черникова,Выплата ЗП,
07.10.2025,1 200,employee_a285bf7cad,администратор,Производство Черникова,Выплата ЗП,
07.10.2025,7 400,employee_f420556a57,пиццерист,Производство Черникова,Выплата ЗП,
10.10.2025,3 000,employee_1bd2e1ad1c,сушист,Производство Черникова,Выплата аванса,
12.10.2025,8 000,employee_62c77ec038,управляющий,Администрация,Выплата аванса,
14.10.2025,6 000,employee_3fa5f3a2b5,сушист,Производство Черникова,Выплата аванса,
14.10.2025,14 529,employee_b3338b123c,администратор,Производство Черникова,Выплата ЗП,
14.10.2025,10 168,employee_51247484d7,администратор,Производство Черникова,Выплата ЗП,
14.10.2025,10 699,employee_2dcfa0649d,администратор,Производство Черникова,Выплата ЗП,
14.10.2025,6 590,employee_a285bf7cad,администратор,Производство Черникова,Выплата ЗП,
14.10.2025,12 340,employee_908545f9b4,пиццерист,Производство Черникова,Выплата ЗП,
14.10.2025,9 543,employee_8b0eb48cc4,шаурмист,Производство Черникова,Выплата ЗП,
14.10.2025,25 836,employee_abf859686b,сушист,Производство Черникова,Выплата ЗП,
14.10.2025,17 083,employee_3c4a629691,пиццерист,Производство Черникова,Выплата ЗП,
14.10.2025,7 208,employee_ac996276a1,шаурмист,Производство Черникова,Выплата ЗП,
14.10.2025,12 953,employee_a43b07b2aa,сушист,Производство Черникова,Выплата ЗП,
14.10.2025,11 548,employee_1bd2e1ad1c,сушист,Производство Черникова,Выплата ЗП,
14.10.2025,8 604,employee_f420556a57,пиццерист,Производство Черникова,Выплата ЗП,
14.10.2025,17 928,employee_3fa5f3a2b5,сушист,Производство Черникова,Выплата ЗП,
14.10.2025,5 004,employee_44aa735d3b,сушист,Производство Черникова,Выплата ЗП,
14.10.2025,6 604,employee_c82e1942fd,сушист,Производство Черникова,Выплата ЗП,
15.10.2025,37 000,employee_62c77ec038,управляющий,Администрация,Выплата ЗП,
15.10.2025,20 000,employee_ab23939605,менеджер,Администрация,Выплата ЗП,
15.10.2025,10 000,employee_d366ce719a,руководитель службы доставки,Администрация,Выплата ЗП,
21.10.2025,9 675,employee_b3338b123c,администратор,Производство Черникова,Выплата ЗП,
21.10.2025,13 600,employee_51247484d7,администратор,Производство Черникова,Выплата ЗП,
21.10.2025,8 775,employee_2dcfa0649d,администратор,Производство Черникова,Выплата ЗП,
21.10.2025,7 531,employee_a285bf7cad,администратор,Производство Черникова,Выплата ЗП,
21.10.2025,15 827,employee_908545f9b4,пиццерист,Производство Черникова,Выплата ЗП,
21.10.2025,10 384,employee_8b0eb48cc4,шаурмист,Производство Черникова,Выплата ЗП,
21.10.2025,23 087,employee_abf859686b,сушист,Производство Черникова,Выплата ЗП,
21.10.2025,16 158,employee_3c4a629691,пиццерист,Производство Черникова,Выплата ЗП,
21.10.2025,8 027,employee_ac996276a1,шаурмист,Производство Черникова,Выплата ЗП,
21.10.2025,14 681,employee_1bd2e1ad1c,сушист,Производство Черникова,Выплата ЗП,
21.10.2025,8 120,employee_f420556a57,пиццерист,Производство Черникова,Выплата ЗП,
21.10.2025,9 286,employee_c82e1942fd,сушист,Производство Черникова,Выплата ЗП,
21.10.2025,13 866,employee_3fa5f3a2b5,сушист,Производство Черникова,Выплата ЗП,
21.10.2025,5 020,employee_44aa735d3b,сушист,Производство Черникова,Выплата ЗП,
21.10.2025,50 000,employee_859ee3e9a0,директор по развитию,Администрация,Выплата ЗП,
28.10.2025,13 954,employee_b3338b123c,администратор,Производство Черникова,Выплата ЗП,
28.10.2025,6 939,employee_51247484d7,администратор,Производство Черникова,Выплата ЗП,
28.10.2025,14 151,employee_2dcfa0649d,администратор,Производство Черникова,Выплата ЗП,
28.10.2025,4 877,employee_a285bf7cad,администратор,Производство Черникова,Выплата ЗП,
28.10.2025,19 701,employee_908545f9b4,пиццерист,Производство Черникова,Выплата ЗП,
28.10.2025,11 069,employee_8b0eb48cc4,шаурмист,Производство Черникова,Выплата ЗП,
28.10.2025,22 460,employee_abf859686b,сушист,Производство Черникова,Выплата ЗП,
28.10.2025,13 857,employee_3c4a629691,пиццерист,Производство Черникова,Выплата ЗП,
28.10.2025,6 857,employee_ac996276a1,шаурмист,Производство Черникова,Выплата ЗП,
28.10.2025,15 489,employee_1bd2e1ad1c,сушист,Производство Черникова,Выплата ЗП,
28.10.2025,8 147,employee_f420556a57,пиццерист,Производство Черникова,Выплата ЗП,
28.10.2025,9 952,employee_c82e1942fd,сушист,Производство Черникова,Выплата ЗП,
28.10.2025,21 534,employee_3fa5f3a2b5,сушист,Производство Черникова,Выплата ЗП,
31.10.2025,43 500,employee_62c77ec038,управляющий,Администрация,Выплата ЗП,
31.10.2025,20 000,employee_ab23939605,менеджер,Администрация,Выплата ЗП,
31.10.2025,10 000,employee_d366ce719a,руководитель службы доставки,Администрация,Выплата ЗП,
31.10.2025,6 000,employee_b3338b123c,помощник менеджера,Администрация,Выплата ЗП,
31.10.2025,6 000,employee_51247484d7,помощник менеджера,Администрация,Выплата ЗП,
03.11.2025,3 000,employee_5f85335cf4,сушист,Производство Черникова,Выплата аванса,
04.11.2025,13 105,employee_b3338b123c,администратор,Производство Черникова,Выплата ЗП,
04.11.2025,10 731,employee_51247484d7,администратор,Производство Черникова,Выплата ЗП,
04.11.2025,11 905,employee_2dcfa0649d,администратор,Производство Черникова,Выплата ЗП,
04.11.2025,5 701,employee_a285bf7cad,администратор,Производство Черникова,Выплата ЗП,
04.11.2025,9 522,employee_908545f9b4,пиццерист,Производство Черникова,Выплата ЗП,
04.11.2025,7 675,employee_8b0eb48cc4,шаурмист,Производство Черникова,Выплата ЗП,
04.11.2025,22 819,employee_abf859686b,сушист,Производство Черникова,Выплата ЗП,
04.11.2025,15 655,employee_3c4a629691,пиццерист,Производство Черникова,Выплата ЗП,
04.11.2025,9 378,employee_ac996276a1,шаурмист,Производство Черникова,Выплата ЗП,
04.11.2025,15 271,employee_1bd2e1ad1c,сушист,Производство Черникова,Выплата ЗП,
04.11.2025,9 438,employee_f420556a57,пиццерист,Производство Черникова,Выплата ЗП,
04.11.2025,9 031,employee_c82e1942fd,сушист,Производство Черникова,Выплата ЗП,
04.11.2025,15 545,employee_3fa5f3a2b5,сушист,Производство Черникова,Выплата ЗП,
04.11.2025,4 400,employee_5f85335cf4,сушист,Производство Черникова,Выплата ЗП,
04.11.2025,7 000,employee_dfa826d51c,пиццерист,Производство Черникова,Выплата ЗП,
05.11.2025,100 000,employee_859ee3e9a0,директор по развитию,Администрация,Выплата ЗП,
07.11.2025,5 000,employee_62c77ec038,управляющий,Администрация,Выплата аванса,
11.11.2025,21 760,employee_abf859686b,сушист,Производство Черникова,Выплата ЗП,
11.11.2025,11 407,employee_908545f9b4,пиццерист,Производство Черникова,Выплата ЗП,
11.11.2025,11 768,employee_f420556a57,пиццерист,Производство Черникова,Выплата ЗП,
11.11.2025,6 981,employee_ac996276a1,шаурмист,Производство Черникова,Выплата ЗП,
11.11.2025,13 770,employee_3fa5f3a2b5,сушист,Производство Черникова,Выплата ЗП,
11.11.2025,12 022,employee_2dcfa0649d,администратор,Производство Черникова,Выплата ЗП,
11.11.2025,12 173,employee_c82e1942fd,сушист,Производство Черникова,Выплата ЗП,
11.11.2025,9 748,employee_51247484d7,администратор,Производство Черникова,Выплата ЗП,
11.11.2025,5 256,employee_a285bf7cad,администратор,Производство Черникова,Выплата ЗП,
11.11.2025,5 400,employee_86c0d0bb22,сушист,Производство Черникова,Выплата ЗП,
11.11.2025,13 222,employee_b3338b123c,администратор,Производство Черникова,Выплата ЗП,
11.11.2025,12 693,employee_1bd2e1ad1c,сушист,Производство Черникова,Выплата ЗП,
11.11.2025,6 262,employee_44aa735d3b,шаурмист,Производство Черникова,Выплата ЗП,
11.11.2025,10 947,employee_3c4a629691,пиццерист,Производство Черникова,Выплата ЗП,
11.11.2025,10 055,employee_8b0eb48cc4,шаурмист,Производство Черникова,Выплата ЗП,
14.11.2025,20 000,employee_ab23939605,менеджер,Администрация,Выплата ЗП,
14.11.2025,40 000,employee_62c77ec038,управляющий,Администрация,Выплата ЗП,
14.11.2025,10 000,employee_d366ce719a,руководитель службы доставки,Администрация,Выплата ЗП,
18.11.2025,10 322,employee_b3338b123c,администратор,Производство Черникова,Выплата ЗП,
18.11.2025,11 760,employee_51247484d7,администратор,Производство Черникова,Выплата ЗП,
18.11.2025,9 286,employee_2dcfa0649d,администратор,Производство Черникова,Выплата ЗП,
18.11.2025,8 954,employee_a285bf7cad,администратор,Производство Черникова,Выплата ЗП,
18.11.2025,10 868,employee_908545f9b4,пиццерист,Производство Черникова,Выплата ЗП,
18.11.2025,12 258,employee_8b0eb48cc4,шаурмист,Производство Черникова,Выплата ЗП,
18.11.2025,23 741,employee_abf859686b,сушист,Производство Черникова,Выплата ЗП,
18.11.2025,11 931,employee_3c4a629691,пиццерист,Производство Черникова,Выплата ЗП,
18.11.2025,16 097,employee_1bd2e1ad1c,сушист,Производство Черникова,Выплата ЗП,
18.11.2025,10 226,employee_f420556a57,пиццерист,Производство Черникова,Выплата ЗП,
18.11.2025,11 091,employee_c82e1942fd,сушист,Производство Черникова,Выплата ЗП,
18.11.2025,15 920,employee_3fa5f3a2b5,сушист,Производство Черникова,Выплата ЗП,
18.11.2025,3 000,employee_86c0d0bb22,сушист,Производство Черникова,Выплата ЗП,
18.11.2025,6 023,employee_44aa735d3b,шаурмист,Производство Черникова,Выплата ЗП,
21.11.2025,150 000,employee_859ee3e9a0,директор по развитию,Администрация,Выплата ЗП,
25.11.2025,10 026,employee_b3338b123c,администратор,Производство Черникова,Выплата ЗП,
25.11.2025,12 353,employee_51247484d7,администратор,Производство Черникова,Выплата ЗП,
25.11.2025,7 967,employee_a285bf7cad,администратор,Производство Черникова,Выплата ЗП,
25.11.2025,9 126,employee_2dcfa0649d,администратор,Производство Черникова,Выплата ЗП,
25.11.2025,17 882,employee_abf859686b,сушист,Производство Черникова,Выплата ЗП,
25.11.2025,12 883,employee_3fa5f3a2b5,сушист,Производство Черникова,Выплата ЗП,
25.11.2025,14 582,employee_3c4a629691,пиццерист,Производство Черникова,Выплата ЗП,
25.11.2025,14 977,employee_908545f9b4,пиццерист,Производство Черникова,Выплата ЗП,
25.11.2025,17 780,employee_1bd2e1ad1c,сушист,Производство Черникова,Выплата ЗП,
25.11.2025,13 949,employee_c82e1942fd,пиццерист,Производство Черникова,Выплата ЗП,
25.11.2025,2 269,employee_f420556a57,сушист,Производство Черникова,Выплата ЗП,
25.11.2025,7 040,employee_44aa735d3b,шаурмист,Производство Черникова,Выплата ЗП,
25.11.2025,9 706,employee_8b0eb48cc4,шаурмист,Производство Черникова,Выплата ЗП,
25.11.2025,2 200,employee_62c77ec038,Заготовщик,Производство Черникова,Выплата ЗП,
25.11.2025,5 000,employee_62c77ec038,управляющий,Администрация,Выплата аванса,
30.11.2025,40 000,employee_859ee3e9a0,директор по развитию,Администрация,Выплата ЗП,
01.12.2025,6 000,employee_51247484d7,помощник менеджера,Администрация,Выплата ЗП,
01.12.2025,20 000,employee_ab23939605,менеджер,Администрация,Выплата ЗП,
01.12.2025,40 000,employee_62c77ec038,управляющий,Администрация,Выплата ЗП,
01.12.2025,9 000,employee_d366ce719a,руководитель службы доставки,Администрация,Выплата ЗП,
01.12.2025,6 000,employee_b3338b123c,помощник менеджера,Администрация,Выплата ЗП,
02.12.2025,13 098,employee_b3338b123c,администратор,Производство Черникова,Выплата ЗП,
02.12.2025,13 958,employee_51247484d7,администратор,Производство Черникова,Выплата ЗП,
02.12.2025,12 481,employee_2dcfa0649d,администратор,Производство Черникова,Выплата ЗП,
02.12.2025,4 113,employee_a285bf7cad,администратор,Производство Черникова,Выплата ЗП,
02.12.2025,23 191,employee_abf859686b,сушист,Производство Черникова,Выплата ЗП,
02.12.2025,12 244,employee_3fa5f3a2b5,сушист,Производство Черникова,Выплата ЗП,
02.12.2025,12 734,employee_3c4a629691,пиццерист,Производство Черникова,Выплата ЗП,
02.12.2025,7 956,employee_908545f9b4,пиццерист,Производство Черникова,Выплата ЗП,
02.12.2025,25 632,employee_1bd2e1ad1c,сушист,Производство Черникова,Выплата ЗП,
02.12.2025,19 194,employee_c82e1942fd,сушист,Производство Черникова,Выплата ЗП,
02.12.2025,12 020,employee_f420556a57,пиццерист,Производство Черникова,Выплата ЗП,
02.12.2025,7 210,employee_44aa735d3b,шаурмист,Производство Черникова,Выплата ЗП,
02.12.2025,10 566,employee_8b0eb48cc4,шаурмист,Производство Черникова,Выплата ЗП,
09.12.2025,8 818,employee_b3338b123c,администратор,Производство Черникова,Выплата ЗП,
09.12.2025,13 592,employee_51247484d7,администратор,Производство Черникова,Выплата ЗП,
09.12.2025,6 370,employee_a285bf7cad,администратор,Производство Черникова,Выплата ЗП,
09.12.2025,10 548,employee_2dcfa0649d,администратор,Производство Черникова,Выплата ЗП,
09.12.2025,27 577,employee_abf859686b,сушист,Производство Черникова,Выплата ЗП,
09.12.2025,18 565,employee_3fa5f3a2b5,сушист,Производство Черникова,Выплата ЗП,
09.12.2025,15 099,employee_3c4a629691,пиццерист,Производство Черникова,Выплата ЗП,
09.12.2025,2 859,employee_908545f9b4,пиццерист,Производство Черникова,Выплата ЗП,
09.12.2025,14 034,employee_1bd2e1ad1c,сушист,Производство Черникова,Выплата ЗП,
09.12.2025,14 604,employee_c82e1942fd,сушист,Производство Черникова,Выплата ЗП,
09.12.2025,14 449,employee_f420556a57,пиццерист,Производство Черникова,Выплата ЗП,
09.12.2025,8 008,employee_44aa735d3b,шаурмист,Производство Черникова,Выплата ЗП,
09.12.2025,10 133,employee_8b0eb48cc4,шаурмист,Производство Черникова,Выплата ЗП,
09.12.2025,60 000,employee_859ee3e9a0,директор по развитию,Администрация,Выплата ЗП,
10.12.2025,5 000,employee_62c77ec038,управляющий,Администрация,Выплата аванса,
15.12.2025,40 000,employee_62c77ec038,управляющий,Администрация,Выплата ЗП,
15.12.2025,20 000,employee_ab23939605,менеджер,Администрация,Выплата ЗП,
15.12.2025,10 000,employee_d366ce719a,руководитель службы доставки,Производство Черникова,Выплата ЗП,
16.12.2025,10 000,employee_908545f9b4,пиццерист,Производство Черникова,Выплата аванса,
16.12.2025,15 416,employee_b3338b123c,администратор,Производство Черникова,Выплата ЗП,
16.12.2025,8 011,employee_51247484d7,администратор,Производство Черникова,Выплата ЗП,
16.12.2025,10 941,employee_2dcfa0649d,администратор,Производство Черникова,Выплата ЗП,
16.12.2025,6 914,employee_a285bf7cad,администратор,Производство Черникова,Выплата ЗП,
16.12.2025,22 903,employee_abf859686b,сушист,Производство Черникова,Выплата ЗП,
16.12.2025,25 405,employee_3fa5f3a2b5,сушист,Производство Черникова,Выплата ЗП,
16.12.2025,15 752,employee_3c4a629691,пиццерист,Производство Черникова,Выплата ЗП,
16.12.2025,7 352,employee_908545f9b4,пиццерист,Производство Черникова,Выплата ЗП,
16.12.2025,19 123,employee_1bd2e1ad1c,сушист,Производство Черникова,Выплата ЗП,
16.12.2025,17 133,employee_c82e1942fd,сушист,Производство Черникова,Выплата ЗП,
16.12.2025,11 816,employee_f420556a57,пиццерист,Производство Черникова,Выплата ЗП,
16.12.2025,5 332,employee_44aa735d3b,шаурмист,Производство Черникова,Выплата ЗП,
16.12.2025,10 160,employee_8b0eb48cc4,шаурмист,Производство Черникова,Выплата ЗП,
16.12.2025,6 484,employee_9594b695e2,сушист,Производство Черникова,Выплата ЗП,
16.12.2025,40 000,employee_859ee3e9a0,директор по развитию,Администрация,Выплата ЗП,
22.12.2025,10 000,employee_62c77ec038,управляющий,Администрация,Выплата аванса,
23.12.2025,12 928,employee_b3338b123c,администратор,Производство Черникова,Выплата ЗП,
23.12.2025,8 269,employee_51247484d7,администратор,Производство Черникова,Выплата ЗП,
23.12.2025,14 329,employee_2dcfa0649d,администратор,Производство Черникова,Выплата ЗП,
23.12.2025,4 247,employee_a285bf7cad,администратор,Производство Черникова,Выплата ЗП,
23.12.2025,25 091,employee_abf859686b,сушист,Производство Черникова,Выплата ЗП,
23.12.2025,11 692,employee_908545f9b4,пиццерист,Производство Черникова,Выплата ЗП,
23.12.2025,11 362,employee_3c4a629691,пиццерист,Производство Черникова,Выплата ЗП,
23.12.2025,14 713,employee_1bd2e1ad1c,сушист,Производство Черникова,Выплата ЗП,
23.12.2025,19 900,employee_c82e1942fd,сушист,Производство Черникова,Выплата ЗП,
23.12.2025,13 520,employee_f420556a57,пиццерист,Производство Черникова,Выплата ЗП,
23.12.2025,6 197,employee_44aa735d3b,шаурмист,Производство Черникова,Выплата ЗП,
23.12.2025,12 400,employee_8b0eb48cc4,шаурмист,Производство Черникова,Выплата ЗП,
23.12.2025,8 862,employee_9594b695e2,сушист,Производство Черникова,Выплата ЗП,
23.12.2025,7 200,employee_9b36065fce,сушист,Производство Черникова,Выплата ЗП,
24.12.2025,3 000,employee_ab23939605,менеджер,Администрация,Выплата аванса,
26.12.2025,3 000,employee_62c77ec038,управляющий,Администрация,Выплата аванса,
26.12.2025,25 000,employee_859ee3e9a0,директор по развитию,Администрация,Выплата ЗП,
30.12.2025,15 159,employee_b3338b123c,администратор,Производство Черникова,Выплата ЗП,
30.12.2025,8 511,employee_51247484d7,администратор,Производство Черникова,Выплата ЗП,
30.12.2025,12 741,employee_2dcfa0649d,администратор,Производство Черникова,Выплата ЗП,
30.12.2025,8 379,employee_a285bf7cad,администратор,Производство Черникова,Выплата ЗП,
30.12.2025,19 654,employee_abf859686b,сушист,Производство Черникова,Выплата ЗП,
30.12.2025,15 497,employee_3c4a629691,пиццерист,Производство Черникова,Выплата ЗП,
30.12.2025,23 753,employee_1bd2e1ad1c,сушист,Производство Черникова,Выплата ЗП,
30.12.2025,16 414,employee_c82e1942fd,сушист,Производство Черникова,Выплата ЗП,
30.12.2025,11 965,employee_f420556a57,пиццерист,Производство Черникова,Выплата ЗП,
30.12.2025,3 754,employee_44aa735d3b,шаурмист,Производство Черникова,Выплата ЗП,
30.12.2025,12 922,employee_8b0eb48cc4,шаурмист,Производство Черникова,Выплата ЗП,
30.12.2025,8 535,employee_9b36065fce,сушист,Производство Черникова,Выплата ЗП,
30.12.2025,5 440,employee_dfa826d51c,сушист,Производство Черникова,Выплата ЗП,
30.12.2025,5 200,employee_f07b0e77a2,сушист,Производство Черникова,Выплата ЗП,
30.12.2025,10 911,employee_62c77ec038,сушист,Производство Черникова,Выплата ЗП,
30.12.2025,11 576,employee_908545f9b4,пиццерист,Производство Черникова,Выплата ЗП,
31.12.2025,3 000,employee_a321587054,сушист,Производство Черникова,Выплата аванса,
01.01.2026,17 000,employee_ab23939605,менеджер,Администрация,Выплата ЗП,
01.01.2026,32 000,employee_62c77ec038,управляющий,Администрация,Выплата ЗП,
01.01.2026,10 000,employee_d366ce719a,руководитель службы доставки,Администрация,Выплата ЗП,
01.01.2026,6 000,employee_b3338b123c,помощник менеджера,Администрация,Выплата ЗП,
01.01.2026,6 000,employee_51247484d7,помощник менеджера,Администрация,Выплата ЗП,
05.01.2026,2 500,employee_dfa826d51c,шаурмист,Производство Черникова,Выплата аванса,
06.01.2026,10 441,employee_b3338b123c,администратор,Производство Черникова,Выплата ЗП,
06.01.2026,11 351,employee_51247484d7,администратор,Производство Черникова,Выплата ЗП,
06.01.2026,6 805,employee_2dcfa0649d,администратор,Производство Черникова,Выплата ЗП,
06.01.2026,8 994,employee_a285bf7cad,администратор,Производство Черникова,Выплата ЗП,
06.01.2026,24 220,employee_abf859686b,сушист,Производство Черникова,Выплата ЗП,
06.01.2026,12 617,employee_908545f9b4,пиццерист,Производство Черникова,Выплата ЗП,
06.01.2026,16 412,employee_3c4a629691,пиццерист,Производство Черникова,Выплата ЗП,
06.01.2026,13 408,employee_1bd2e1ad1c,сушист,Производство Черникова,Выплата ЗП,
06.01.2026,14 253,employee_c82e1942fd,сушист,Производство Черникова,Выплата ЗП,
06.01.2026,12 207,employee_f420556a57,пиццерист,Производство Черникова,Выплата ЗП,
06.01.2026,9 004,employee_44aa735d3b,шаурмист,Производство Черникова,Выплата ЗП,
06.01.2026,4 067,employee_8b0eb48cc4,шаурмист,Производство Черникова,Выплата ЗП,
06.01.2026,3 200,employee_f07b0e77a2,сушист,Производство Черникова,Выплата ЗП,
06.01.2026,3 200,employee_9b36065fce,сушист,Производство Черникова,Выплата ЗП,
06.01.2026,6 276,employee_62c77ec038,сушист,Производство Черникова,Выплата ЗП,
06.01.2026,8 986,employee_64c46f16b7,сушист,Производство Черникова,Выплата ЗП,
06.01.2026,2 000,employee_a321587054,сушист,Производство Черникова,Выплата ЗП,
06.01.2026,2 500,employee_dfa826d51c,сушист,Производство Черникова,Выплата ЗП,
10.01.2026,5 000,employee_62c77ec038,управляющий,Администрация,Выплата аванса,
13.01.2026,12 839,employee_b3338b123c,администратор,Производство Черникова,Выплата ЗП,
13.01.2026,13 199,employee_51247484d7,администратор,Производство Черникова,Выплата ЗП,
13.01.2026,15 666,employee_2dcfa0649d,администратор,Производство Черникова,Выплата ЗП,
13.01.2026,2 402,employee_a285bf7cad,администратор,Производство Черникова,Выплата ЗП,
13.01.2026,18 839,employee_abf859686b,сушист,Производство Черникова,Выплата ЗП,
13.01.2026,11 556,employee_908545f9b4,пиццерист,Производство Черникова,Выплата ЗП,
13.01.2026,15 465,employee_3c4a629691,пиццерист,Производство Черникова,Выплата ЗП,
13.01.2026,19 226,employee_1bd2e1ad1c,сушист,Производство Черникова,Выплата ЗП,
13.01.2026,14 268,employee_c82e1942fd,сушист,Производство Черникова,Выплата ЗП,
13.01.2026,6 435,employee_f420556a57,пиццерист,Производство Черникова,Выплата ЗП,
13.01.2026,6 904,employee_44aa735d3b,шаурмист,Производство Черникова,Выплата ЗП,
13.01.2026,6 015,employee_8b0eb48cc4,шаурмист,Производство Черникова,Выплата ЗП,
13.01.2026,5 351,employee_9b36065fce,сушист,Производство Черникова,Выплата ЗП,
13.01.2026,5 000,employee_f07b0e77a2,сушист,Производство Черникова,Выплата ЗП,
13.01.2026,3 959,employee_62c77ec038,сушист,Производство Черникова,Выплата ЗП,
13.01.2026,8 452,employee_64c46f16b7,сушист,Производство Черникова,Выплата ЗП,
12.01.2026,100 000,employee_859ee3e9a0,директор по развитию,Администрация,Выплата ЗП,
15.01.2026,20 000,employee_ab23939605,менеджер,Администрация,Выплата ЗП,
15.01.2026,40 000,employee_62c77ec038,управляющий,Администрация,Выплата ЗП,
15.01.2026,10 000,employee_d366ce719a,руководитель службы доставки,Администрация,Выплата накоплений,
15.01.2026,6 925,employee_abf859686b,сушист,Производство Черникова,Выплата накоплений,
15.01.2026,52 782,employee_908545f9b4,пиццерист,Производство Черникова,Выплата накоплений,
15.01.2026,52 773,employee_2dcfa0649d,администратор,Производство Черникова,Выплата накоплений,
15.01.2026,62 260,employee_51247484d7,администратор,Производство Черникова,Выплата накоплений,
15.01.2026,13 362,employee_3c4a629691,пиццерист,Производство Черникова,Выплата накоплений,
15.01.2026,56 511,employee_8b0eb48cc4,шаурмист,Производство Черникова,Выплата накоплений,
15.01.2026,65 325,employee_b3338b123c,администратор,Производство Черникова,Выплата накоплений,
15.01.2026,10 000,employee_f420556a57,пиццерист,Производство Черникова,Выплата аванса,
15.01.2026,40 000,employee_859ee3e9a0,директор по развитию,Администрация,Выплата ЗП,
20.01.2026,7 654,employee_b3338b123c,администратор,Производство Черникова,Выплата ЗП,
20.01.2026,12 547,employee_51247484d7,администратор,Производство Черникова,Выплата ЗП,
20.01.2026,9 120,employee_2dcfa0649d,администратор,Производство Черникова,Выплата ЗП,
20.01.2026,11 816,employee_a285bf7cad,администратор,Производство Черникова,Выплата ЗП,
20.01.2026,21 729,employee_abf859686b,сушист,Производство Черникова,Выплата ЗП,
20.01.2026,8 348,employee_908545f9b4,пиццерист,Производство Черникова,Выплата ЗП,
20.01.2026,15 396,employee_3c4a629691,пиццерист,Производство Черникова,Выплата ЗП,
20.01.2026,34 260,employee_1bd2e1ad1c,сушист,Производство Черникова,Выплата ЗП,
20.01.2026,14 983,employee_c82e1942fd,сушист,Производство Черникова,Выплата ЗП,
20.01.2026,11 488,employee_f420556a57,пиццерист,Производство Черникова,Выплата ЗП,
20.01.2026,5 546,employee_44aa735d3b,шаурмист,Производство Черникова,Выплата ЗП,
20.01.2026,10 319,employee_8b0eb48cc4,шаурмист,Производство Черникова,Выплата ЗП,
20.01.2026,3 060,employee_9b36065fce,сушист,Производство Черникова,Выплата ЗП,
20.01.2026,6 216,employee_f07b0e77a2,сушист,Производство Черникова,Выплата ЗП,
20.01.2026,18 047,employee_64c46f16b7,сушист,Производство Черникова,Выплата ЗП,
20.01.2026,4 514,employee_53a5b186a9,сушист,Производство Черникова,Выплата ЗП,
20.01.2026,5 000,employee_62c77ec038,управляющий,Администрация,Выплата аванса,
22.01.2026,3 000,employee_64c46f16b7,сушист,Производство Черникова,Выплата аванса,
23.01.2026,3 500,employee_dfa826d51c,сушист,Производство Черникова,Выплата ЗП,
26.01.2026,5 000,employee_62c77ec038,управляющий,Администрация,Выплата аванса,
27.01.2026,12 639,employee_b3338b123c,администратор,Производство Черникова,Выплата ЗП,
27.01.2026,7 348,employee_51247484d7,администратор,Производство Черникова,Выплата ЗП,
27.01.2026,14 317,employee_2dcfa0649d,администратор,Производство Черникова,Выплата ЗП,
27.01.2026,8 063,employee_a285bf7cad,администратор,Производство Черникова,Выплата ЗП,
27.01.2026,27 478,employee_abf859686b,сушист,Производство Черникова,Выплата ЗП,
27.01.2026,10 064,employee_908545f9b4,пиццерист,Производство Черникова,Выплата ЗП,
27.01.2026,15 885,employee_3c4a629691,пиццерист,Производство Черникова,Выплата ЗП,
27.01.2026,5 930,employee_f420556a57,пиццерист,Производство Черникова,Выплата ЗП,
27.01.2026,5 300,employee_44aa735d3b,шаурмист,Производство Черникова,Выплата ЗП,
27.01.2026,10 551,employee_8b0eb48cc4,шаурмист,Производство Черникова,Выплата ЗП,
27.01.2026,7 541,employee_9b36065fce,сушист,Производство Черникова,Выплата ЗП,
27.01.2026,6 546,employee_f07b0e77a2,сушист,Производство Черникова,Выплата ЗП,
27.01.2026,14 195,employee_64c46f16b7,сушист,Производство Черникова,Выплата ЗП,
27.01.2026,9 463,employee_53a5b186a9,сушист,Производство Черникова,Выплата ЗП,
27.01.2026,3 388,employee_62c77ec038,сушист,Производство Черникова,Выплата ЗП,
01.02.2026,35 000,employee_62c77ec038,управляющий,Администрация,Выплата ЗП,
01.02.2026,20 000,employee_ab23939605,менеджер,Администрация,Выплата ЗП,
01.02.2026,10 000,employee_d366ce719a,руководитель службы доставки,Администрация,Выплата ЗП,
01.02.2026,6 000,employee_b3338b123c,помощник менеджера,Администрация,Выплата ЗП,
01.02.2026,6 000,employee_51247484d7,помощник менеджера,Администрация,Выплата ЗП,
31.01.2026,5 000,employee_64c46f16b7,сушист,Производство Черникова,Выплата аванса,
01.02.2026,100 000,employee_859ee3e9a0,директор по развитию,Администрация,Выплата ЗП,
03.02.2026,12 458,employee_b3338b123c,администратор,Производство Черникова,Выплата ЗП,
03.02.2026,21 248,employee_51247484d7,администратор,Производство Черникова,Выплата ЗП,
03.02.2026,11 258,employee_2dcfa0649d,администратор,Производство Черникова,Выплата ЗП,
03.02.2026,8 615,employee_a285bf7cad,администратор,Производство Черникова,Выплата ЗП,
03.02.2026,12 904,employee_abf859686b,сушист,Производство Черникова,Выплата ЗП,
03.02.2026,9 087,employee_908545f9b4,пиццерист,Производство Черникова,Выплата ЗП,
03.02.2026,17 320,employee_3c4a629691,пиццерист,Производство Черникова,Выплата ЗП,
03.02.2026,13 046,employee_f420556a57,пиццерист,Производство Черникова,Выплата ЗП,
03.02.2026,3 711,employee_44aa735d3b,шаурмист,Производство Черникова,Выплата ЗП,
03.02.2026,10 766,employee_8b0eb48cc4,шаурмист,Производство Черникова,Выплата ЗП,
03.02.2026,9 715,employee_9b36065fce,сушист,Производство Черникова,Выплата ЗП,
03.02.2026,9 415,employee_f07b0e77a2,сушист,Производство Черникова,Выплата ЗП,
03.02.2026,15 553,employee_64c46f16b7,сушист,Производство Черникова,Выплата ЗП,
03.02.2026,9 549,employee_62c77ec038,сушист,Производство Черникова,Выплата ЗП,
03.02.2026,9 274,employee_53a5b186a9,сушист,Производство Черникова,Выплата ЗП,
03.02.2026,7 200,employee_32048cf02a,сушист,Производство Черникова,Выплата ЗП,
03.02.2026,7 300,employee_dfa826d51c,сушист,Производство Черникова,Выплата ЗП,
10.02.2026,12 012,employee_b3338b123c,администратор,Производство Черникова,Выплата ЗП,
10.02.2026,13 394,employee_2dcfa0649d,администратор,Производство Черникова,Выплата ЗП,
10.02.2026,15 729,employee_a285bf7cad,администратор,Производство Черникова,Выплата ЗП,
10.02.2026,26 916,employee_abf859686b,сушист,Производство Черникова,Выплата ЗП,
10.02.2026,6 503,employee_908545f9b4,пиццерист,Производство Черникова,Выплата ЗП,
10.02.2026,18 148,employee_3c4a629691,пиццерист,Производство Черникова,Выплата ЗП,
10.02.2026,10 366,employee_f420556a57,пиццерист,Производство Черникова,Выплата ЗП,
10.02.2026,10 850,employee_8b0eb48cc4,шаурмист,Производство Черникова,Выплата ЗП,
10.02.2026,11 529,employee_9b36065fce,сушист,Производство Черникова,Выплата ЗП,
10.02.2026,20 495,employee_64c46f16b7,сушист,Производство Черникова,Выплата ЗП,
10.02.2026,7 152,employee_32048cf02a,сушист,Производство Черникова,Выплата ЗП,
10.02.2026,8 519,employee_44aa735d3b,шаурмист,Производство Черникова,Выплата ЗП,
10.02.2026,6 014,employee_53a5b186a9,сушист,Производство Черникова,Выплата ЗП,
10.02.2026,1 977,employee_62c77ec038,сушист,Производство Черникова,Выплата ЗП,
13.02.2026,5 000,employee_64c46f16b7,сушист,Производство Черникова,Выплата аванса,
14.02.2026,1 000,employee_53a5b186a9,сушист,Производство Черникова,Выплата аванса,
15.02.2026,20 000,employee_ab23939605,менеджер,Администрация,Выплата ЗП,
15.02.2026,45 000,employee_62c77ec038,управляющий,Администрация,Выплата ЗП,
15.02.2026,10 000,employee_d366ce719a,руководитель службы доставки,Администрация,Выплата ЗП,
17.02.2026,9 068,employee_b3338b123c,администратор,Производство Черникова,Выплата ЗП,
17.02.2026,10 230,employee_51247484d7,администратор,Производство Черникова,Выплата ЗП,
17.02.2026,15 341,employee_2dcfa0649d,администратор,Производство Черникова,Выплата ЗП,
17.02.2026,7 855,employee_a285bf7cad,администратор,Производство Черникова,Выплата ЗП,
17.02.2026,22 210,employee_abf859686b,сушист,Производство Черникова,Выплата ЗП,
17.02.2026,7 107,employee_908545f9b4,пиццерист,Производство Черникова,Выплата ЗП,
17.02.2026,16 602,employee_3c4a629691,пиццерист,Производство Черникова,Выплата ЗП,
17.02.2026,11 914,employee_f420556a57,пиццерист,Производство Черникова,Выплата ЗП,
17.02.2026,5 976,employee_8b0eb48cc4,шаурмист,Производство Черникова,Выплата ЗП,
17.02.2026,13 732,employee_9b36065fce,сушист,Производство Черникова,Выплата ЗП,
17.02.2026,19 500,employee_64c46f16b7,сушист,Производство Черникова,Выплата ЗП,
17.02.2026,7 967,employee_32048cf02a,сушист,Производство Черникова,Выплата ЗП,
17.02.2026,11 681,employee_44aa735d3b,шаурмист,Производство Черникова,Выплата ЗП,
17.02.2026,11 985,employee_53a5b186a9,сушист,Производство Черникова,Выплата ЗП,
17.02.2026,931,employee_62c77ec038,сушист,Производство Черникова,Выплата ЗП,
17.02.2026,9 392,employee_924cd1265f,сушист,Производство Черникова,Выплата ЗП,
17.02.2026,4 000,employee_dfa826d51c,сушист,Производство Черникова,Выплата ЗП,
17.02.2026,15 000,employee_abf859686b,сушист,Производство Черникова,Выплата аванса,
23.02.2026,15 000,employee_62c77ec038,управляющий,Администрация,Выплата аванса,
23.02.2026,4 000,employee_dfa826d51c,сушист,Производство Черникова,Выплата ЗП,
24.02.2026,13 711,employee_b3338b123c,администратор,Производство Черникова,Выплата ЗП,
24.02.2026,9 123,employee_51247484d7,администратор,Производство Черникова,Выплата ЗП,
24.02.2026,12 511,employee_2dcfa0649d,администратор,Производство Черникова,Выплата ЗП,
24.02.2026,7 129,employee_a285bf7cad,администратор,Производство Черникова,Выплата ЗП,
24.02.2026,13 149,employee_abf859686b,сушист,Производство Черникова,Выплата ЗП,
24.02.2026,16 350,employee_908545f9b4,пиццерист,Производство Черникова,Выплата ЗП,
24.02.2026,15 923,employee_3c4a629691,пиццерист,Производство Черникова,Выплата ЗП,
24.02.2026,10 243,employee_f420556a57,пиццерист,Производство Черникова,Выплата ЗП,
24.02.2026,10 508,employee_8b0eb48cc4,шаурмист,Производство Черникова,Выплата ЗП,
24.02.2026,13 913,employee_9b36065fce,сушист,Производство Черникова,Выплата ЗП,
24.02.2026,27 497,employee_64c46f16b7,сушист,Производство Черникова,Выплата ЗП,
24.02.2026,2 666,employee_32048cf02a,сушист,Производство Черникова,Выплата ЗП,
24.02.2026,15 051,employee_53a5b186a9,сушист,Производство Черникова,Выплата ЗП,
24.02.2026,4 718,employee_62c77ec038,сушист,Производство Черникова,Выплата ЗП,
24.02.2026,4 526,employee_924cd1265f,шаурмист,Производство Черникова,Выплата ЗП,
24.02.2026,9 272,employee_15b9fd024a,сушист,Производство Черникова,Выплата ЗП,
27.02.2026,5 000,employee_64c46f16b7,сушист,Производство Черникова,Выплата аванса,
01.03.2026,20 000,employee_ab23939605,менеджер,Администрация,Выплата ЗП,
01.03.2026,30 000,employee_62c77ec038,управляющий,Администрация,Выплата ЗП,
01.03.2026,10 000,employee_d366ce719a,руководитель службы доставки,Администрация,Выплата ЗП,
01.03.2026,6 000,employee_b3338b123c,помощник менеджера,Администрация,Выплата ЗП,
01.03.2026,6 000,employee_51247484d7,помощник менеджера,Администрация,Выплата ЗП,
03.03.2026,9 692,employee_b3338b123c,администратор,Производство Черникова,Выплата ЗП,
03.03.2026,10 717,employee_51247484d7,администратор,Производство Черникова,Выплата ЗП,
03.03.2026,6 662,employee_2dcfa0649d,администратор,Производство Черникова,Выплата ЗП,
03.03.2026,9 873,employee_a285bf7cad,администратор,Производство Черникова,Выплата ЗП,
03.03.2026,9 304,employee_908545f9b4,пиццерист,Производство Черникова,Выплата ЗП,
03.03.2026,14 917,employee_3c4a629691,пиццерист,Производство Черникова,Выплата ЗП,
03.03.2026,8 859,employee_f420556a57,пиццерист,Производство Черникова,Выплата ЗП,
03.03.2026,9 183,employee_8b0eb48cc4,шаурмист,Производство Черникова,Выплата ЗП,
03.03.2026,9 163,employee_9b36065fce,шаурмист,Производство Черникова,Выплата ЗП,
03.03.2026,15 890,employee_64c46f16b7,сушист,Производство Черникова,Выплата ЗП,
03.03.2026,12 217,employee_53a5b186a9,сушист,Производство Черникова,Выплата ЗП,
03.03.2026,7 672,employee_924cd1265f,шаурмист,Производство Черникова,Выплата ЗП,
03.03.2026,15 701,employee_15b9fd024a,сушист,Производство Черникова,Выплата ЗП,
05.03.2026,2 000,employee_53a5b186a9,сушист,Производство Черникова,Выплата аванса,
07.03.2026,4 000,employee_62c77ec038,управляющий,Администрация,Выплата аванса,
10.03.2026,15 676,employee_b3338b123c,администратор,Производство Черникова,Выплата ЗП,
10.03.2026,8 550,employee_51247484d7,администратор,Производство Черникова,Выплата ЗП,
10.03.2026,17 384,employee_2dcfa0649d,администратор,Производство Черникова,Выплата ЗП,
10.03.2026,8 413,employee_a285bf7cad,администратор,Производство Черникова,Выплата ЗП,
10.03.2026,19 483,employee_908545f9b4,пиццерист,Производство Черникова,Выплата ЗП,
10.03.2026,23 872,employee_3c4a629691,пиццерист,Производство Черникова,Выплата ЗП,
10.03.2026,8 898,employee_f420556a57,пиццерист,Производство Черникова,Выплата ЗП,
10.03.2026,10 965,employee_8b0eb48cc4,шаурмист,Производство Черникова,Выплата ЗП,
10.03.2026,15 038,employee_9b36065fce,сушист,Производство Черникова,Выплата ЗП,
10.03.2026,17 919,employee_53a5b186a9,сушист,Производство Черникова,Выплата ЗП,
10.03.2026,2 300,employee_924cd1265f,сушист,Производство Черникова,Выплата ЗП,
10.03.2026,20 060,employee_15b9fd024a,сушист,Производство Черникова,Выплата ЗП,
10.03.2026,11 569,employee_62c77ec038,сушист,Производство Черникова,Выплата ЗП,
10.03.2026,17 500,employee_a321587054,сушист,Производство Черникова,Выплата ЗП,
10.03.2026,12 000,employee_dfa826d51c,сушист,Производство Черникова,Выплата ЗП,
10.03.2026,800,employee_f2a23819d8,шаурмист,Производство Черникова,Выплата ЗП,
15.02.2026,16 964,employee_859ee3e9a0,директор по развитию,Администрация,Выплата ЗП,
12.03.2026,100 000,employee_859ee3e9a0,директор по развитию,Администрация,Выплата ЗП,
14.03.2026,1 000,employee_62c77ec038,управляющий,Администрация,Выплата аванса,
17.03.2026,8 355,employee_b3338b123c,администратор,Производство Черникова,Выплата ЗП,
17.03.2026,12 623,employee_51247484d7,администратор,Производство Черникова,Выплата ЗП,
17.03.2026,6 579,employee_a285bf7cad,администратор,Производство Черникова,Выплата ЗП,
17.03.2026,14 622,employee_908545f9b4,пиццерист,Производство Черникова,Выплата ЗП,
17.03.2026,15 470,employee_3c4a629691,пиццерист,Производство Черникова,Выплата ЗП,
17.03.2026,4 789,employee_f420556a57,пиццерист,Производство Черникова,Выплата ЗП,
17.03.2026,17 011,employee_15b9fd024a,сушист,Производство Черникова,Выплата ЗП,
17.03.2026,15 755,employee_53a5b186a9,сушист,Производство Черникова,Выплата ЗП,
17.03.2026,10 102,employee_9b36065fce,сушист,Производство Черникова,Выплата ЗП,
17.03.2026,6 655,employee_8b0eb48cc4,шаурмист,Производство Черникова,Выплата ЗП,
17.03.2026,5 200,employee_f2a23819d8,шаурмист,Производство Черникова,Выплата ЗП,
17.03.2026,6 200,employee_5f0f16a52b,сушист,Производство Черникова,Выплата ЗП,
17.03.2026,11 619,employee_2dcfa0649d,администратор,Производство Черникова,Выплата ЗП,
17.03.2026,12 200,employee_dfa826d51c,сушист,Производство Черникова,Выплата ЗП,
23.03.2026,5 000,employee_62c77ec038,управляющий,Администрация,Выплата аванса,
24.03.2026,10 992,employee_b3338b123c,администратор,Производство Черникова,Выплата ЗП,
24.03.2026,9 520,employee_51247484d7,администратор,Производство Черникова,Выплата ЗП,
24.03.2026,9 792,employee_2dcfa0649d,администратор,Производство Черникова,Выплата ЗП,
24.03.2026,7 133,employee_a285bf7cad,администратор,Производство Черникова,Выплата ЗП,
24.03.2026,9 890,employee_908545f9b4,пиццерист,Производство Черникова,Выплата ЗП,
24.03.2026,15 912,employee_3c4a629691,пиццерист,Производство Черникова,Выплата ЗП,
24.03.2026,10 763,employee_f420556a57,пиццерист,Производство Черникова,Выплата ЗП,
24.03.2026,16 128,employee_15b9fd024a,сушист,Производство Черникова,Выплата ЗП,
24.03.2026,12 461,employee_53a5b186a9,сушист,Производство Черникова,Выплата ЗП,
24.03.2026,15 824,employee_9b36065fce,сушист,Производство Черникова,Выплата ЗП,
24.03.2026,9 131,employee_8b0eb48cc4,шаурмист,Производство Черникова,Выплата ЗП,
24.03.2026,2 722,employee_f2a23819d8,шаурмист,Производство Черникова,Выплата ЗП,
24.03.2026,1 512,employee_5f0f16a52b,сушист,Производство Черникова,Выплата ЗП,
24.03.2026,2 800,employee_035a618100,сушист,Производство Черникова,Выплата ЗП,
24.03.2026,4 000,employee_dfa826d51c,сушист,Производство Черникова,Выплата ЗП,
16.03.2026,20 000,employee_ab23939605,менеджер,Администрация,Выплата ЗП,
16.03.2026,40 000,employee_62c77ec038,управляющий,Администрация,Выплата ЗП,
16.03.2026,10 000,employee_99b80e7372,руководитель службы доставки,Администрация,Выплата ЗП,
25.03.2026,5 000,employee_f420556a57,пиццерист,Производство Черникова,Выплата аванса,
30.03.2026,50 000,employee_62c77ec038,управляющий,Администрация,Выплата аванса,[redacted_comment]
31.03.2026,10 969,employee_b3338b123c,администратор,Производство Черникова,Выплата ЗП,
31.03.2026,8 367,employee_51247484d7,администратор,Производство Черникова,Выплата ЗП,
31.03.2026,9 769,employee_2dcfa0649d,администратор,Производство Черникова,Выплата ЗП,
31.03.2026,7 444,employee_a285bf7cad,администратор,Производство Черникова,Выплата ЗП,
31.03.2026,12 265,employee_908545f9b4,пиццерист,Производство Черникова,Выплата ЗП,
31.03.2026,16 571,employee_3c4a629691,пиццерист,Производство Черникова,Выплата ЗП,
31.03.2026,10 289,employee_f420556a57,пиццерист,Производство Черникова,Выплата ЗП,
31.03.2026,16 655,employee_15b9fd024a,сушист,Производство Черникова,Выплата ЗП,
31.03.2026,8 501,employee_53a5b186a9,сушист,Производство Черникова,Выплата ЗП,
31.03.2026,12 805,employee_9b36065fce,сушист,Производство Черникова,Выплата ЗП,
31.03.2026,11 434,employee_035a618100,сушист,Производство Черникова,Выплата ЗП,
31.03.2026,10 469,employee_8b0eb48cc4,шаурмист,Производство Черникова,Выплата ЗП,
31.03.2026,2 822,employee_f2a23819d8,шаурмист,Производство Черникова,Выплата ЗП,
01.04.2026,20 000,employee_ab23939605,менеджер,Администрация,Выплата ЗП,
01.04.2026,40 000,employee_62c77ec038,управляющий,Администрация,Выплата ЗП,
01.04.2026,10 000,employee_d366ce719a,руководитель службы доставки,Администрация,Выплата ЗП,
01.04.2026,6 000,employee_b3338b123c,помощник менеджера,Администрация,Выплата ЗП,
01.04.2026,6 000,employee_51247484d7,помощник менеджера,Администрация,Выплата ЗП,
04.04.2026,2 000,employee_53a5b186a9,сушист,Производство Черникова,Выплата аванса,
07.04.2026,12 407,employee_b3338b123c,администратор,Производство Черникова,Выплата ЗП,
07.04.2026,7 977,employee_51247484d7,администратор,Производство Черникова,Выплата ЗП,
07.04.2026,12 591,employee_2dcfa0649d,администратор,Производство Черникова,Выплата ЗП,
07.04.2026,7 191,employee_a285bf7cad,администратор,Производство Черникова,Выплата ЗП,
07.04.2026,17 606,employee_908545f9b4,пиццерист,Производство Черникова,Выплата ЗП,
07.04.2026,13 456,employee_3c4a629691,пиццерист,Производство Черникова,Выплата ЗП,
07.04.2026,18 745,employee_f420556a57,пиццерист,Производство Черникова,Выплата ЗП,
07.04.2026,16 736,employee_15b9fd024a,сушист,Производство Черникова,Выплата ЗП,
07.04.2026,15 036,employee_53a5b186a9,сушист,Производство Черникова,Выплата ЗП,
07.04.2026,8 998,employee_035a618100,сушист,Производство Черникова,Выплата ЗП,
07.04.2026,8 763,employee_9b36065fce,сушист,Производство Черникова,Выплата ЗП,
07.04.2026,7 440,employee_8b0eb48cc4,шаурмист,Производство Черникова,Выплата ЗП,
07.04.2026,7 923,employee_f2a23819d8,шаурмист,Производство Черникова,Выплата ЗП,
12.04.2026,5 000,employee_62c77ec038,управляющий,Администрация,Выплата аванса,
13.04.2026,5 000,employee_3c4a629691,пиццерист,Производство Черникова,Выплата аванса,
13.04.2026,5 000,employee_9b36065fce,сушист,Производство Черникова,Выплата аванса,
13.04.2026,5 000,employee_15b9fd024a,сушист,Производство Черникова,Выплата аванса,
13.04.2026,5 000,employee_8b0eb48cc4,шаурмист,Производство Черникова,Выплата аванса,
13.04.2026,5 000,employee_b3338b123c,администратор,Производство Черникова,Выплата аванса,
13.04.2026,5 000,employee_2dcfa0649d,администратор,Производство Черникова,Выплата аванса,
13.04.2026,5 000,employee_908545f9b4,пиццерист,Производство Черникова,Выплата аванса,
13.04.2026,5 000,employee_f420556a57,пиццерист,Производство Черникова,Выплата аванса,
13.04.2026,5 000,employee_a285bf7cad,администратор,Производство Черникова,Выплата аванса,
06.04.2026,120 000,employee_859ee3e9a0,директор по развитию,Администрация,Выплата ЗП,
14.04.2026,4 722,employee_b3338b123c,администратор,Производство Черникова,Выплата ЗП,
14.04.2026,13 856,employee_51247484d7,администратор,Производство Черникова,Выплата ЗП,
14.04.2026,7 236,employee_2dcfa0649d,администратор,Производство Черникова,Выплата ЗП,
14.04.2026,7 365,employee_a285bf7cad,администратор,Производство Черникова,Выплата ЗП,
14.04.2026,16 269,employee_908545f9b4,пиццерист,Производство Черникова,Выплата ЗП,
14.04.2026,14 211,employee_3c4a629691,пиццерист,Производство Черникова,Выплата ЗП,
14.04.2026,2 291,employee_f420556a57,пиццерист,Производство Черникова,Выплата ЗП,
14.04.2026,10 580,employee_15b9fd024a,сушист,Производство Черникова,Выплата ЗП,
14.04.2026,14 666,employee_53a5b186a9,сушист,Производство Черникова,Выплата ЗП,
14.04.2026,757,employee_9b36065fce,сушист,Производство Черникова,Выплата ЗП,
14.04.2026,7 500,employee_f2a23819d8,шаурмист,Производство Черникова,Выплата ЗП,
14.04.2026,5 119,employee_8b0eb48cc4,шаурмист,Производство Черникова,Выплата ЗП,
14.04.2026,11 532,employee_035a618100,сушист,Производство Черникова,Выплата ЗП,
15.04.2026,20 000,employee_ab23939605,менеджер,Администрация,Выплата ЗП,
15.04.2026,40 000,employee_62c77ec038,управляющий,Администрация,Выплата ЗП,
15.04.2026,10 000,employee_d366ce719a,руководитель службы доставки,Администрация,Выплата ЗП,
19.04.2026,10 000,employee_62c77ec038,управляющий,Администрация,Выплата аванса,
21.04.2026,8 571,employee_b3338b123c,администратор,Производство Черникова,Выплата ЗП,
21.04.2026,11 011,employee_51247484d7,администратор,Производство Черникова,Выплата ЗП,
21.04.2026,7 671,employee_2dcfa0649d,администратор,Производство Черникова,Выплата ЗП,
21.04.2026,6 340,employee_a285bf7cad,администратор,Производство Черникова,Выплата ЗП,
21.04.2026,13 842,employee_908545f9b4,пиццерист,Производство Черникова,Выплата ЗП,
21.04.2026,14 956,employee_3c4a629691,пиццерист,Производство Черникова,Выплата ЗП,
21.04.2026,2 749,employee_f420556a57,пиццерист,Производство Черникова,Выплата ЗП,
21.04.2026,12 712,employee_15b9fd024a,сушист,Производство Черникова,Выплата ЗП,
21.04.2026,9 696,employee_53a5b186a9,сушист,Производство Черникова,Выплата ЗП,
21.04.2026,13 778,employee_9b36065fce,сушист,Производство Черникова,Выплата ЗП,
21.04.2026,5 621,employee_035a618100,сушист,Производство Черникова,Выплата ЗП,
21.04.2026,5 905,employee_8b0eb48cc4,шаурмист,Производство Черникова,Выплата ЗП,
21.04.2026,8 278,employee_f2a23819d8,шаурмист,Производство Черникова,Выплата ЗП,
24.04.2026,1 000,employee_53a5b186a9,сушист,Производство Черникова,Выплата аванса,
26.04.2026,60 000,employee_859ee3e9a0,директор по развитию,Администрация,Выплата ЗП,
28.04.2026,8 608,employee_b3338b123c,администратор,Производство Черникова,Выплата ЗП,
28.04.2026,10 693,employee_2dcfa0649d,администратор,Производство Черникова,Выплата ЗП,
28.04.2026,24 457,employee_51247484d7,администратор,Производство Черникова,Выплата ЗП,
28.04.2026,6 881,employee_a285bf7cad,администратор,Производство Черникова,Выплата ЗП,
28.04.2026,12 945,employee_908545f9b4,пиццерист,Производство Черникова,Выплата ЗП,
28.04.2026,16 226,employee_3c4a629691,пиццерист,Производство Черникова,Выплата ЗП,
28.04.2026,10 960,employee_f420556a57,пиццерист,Производство Черникова,Выплата ЗП,
28.04.2026,17 359,employee_15b9fd024a,сушист,Производство Черникова,Выплата ЗП,
28.04.2026,4 247,employee_53a5b186a9,сушист,Производство Черникова,Выплата ЗП,
28.04.2026,2 425,employee_035a618100,сушист,Производство Черникова,Выплата ЗП,
28.04.2026,7 859,employee_9b36065fce,сушист,Производство Черникова,Выплата ЗП,
28.04.2026,6 145,employee_44aa735d3b,сушист,Производство Черникова,Выплата ЗП,
28.04.2026,7 953,employee_8b0eb48cc4,шаурмист,Производство Черникова,Выплата ЗП,
28.04.2026,6 127,employee_f2a23819d8,шаурмист,Производство Черникова,Выплата ЗП,
28.04.2026,5 600,employee_eff4f87fa3,администратор,Производство Черникова,Выплата ЗП,
28.04.2026,3 934,employee_b0e5843216,сушист,Производство Черникова,Выплата ЗП,
02.05.2026,3 000,employee_b0e5843216,сушист,Производство Черникова,Выплата аванса,
01.05.2026,100 000,employee_859ee3e9a0,директор по развитию,Администрация,Выплата ЗП,
01.05.2026,35 000,employee_62c77ec038,управляющий,Администрация,Выплата ЗП,
01.05.2026,20 000,employee_ab23939605,менеджер,Администрация,Выплата ЗП,
01.05.2026,10 000,employee_d366ce719a,руководитель службы доставки,Администрация,Выплата ЗП,
01.05.2026,6 000,employee_b3338b123c,помощник менеджера,Администрация,Выплата ЗП,
05.05.2026,19 545,employee_b3338b123c,администратор,Производство Черникова,Выплата ЗП,
05.05.2026,5 631,employee_2dcfa0649d,администратор,Производство Черникова,Выплата ЗП,
05.05.2026,7 936,employee_a285bf7cad,администратор,Производство Черникова,Выплата ЗП,
05.05.2026,4 213,employee_eff4f87fa3,администратор,Производство Черникова,Выплата ЗП,
05.05.2026,16 839,employee_3c4a629691,пиццерист,Производство Черникова,Выплата ЗП,
05.05.2026,20 423,employee_908545f9b4,пиццерист,Производство Черникова,Выплата ЗП,
05.05.2026,11 180,employee_f420556a57,пиццерист,Производство Черникова,Выплата ЗП,
05.05.2026,15 846,employee_15b9fd024a,сушист,Производство Черникова,Выплата ЗП,
05.05.2026,19 781,employee_53a5b186a9,сушист,Производство Черникова,Выплата ЗП,
05.05.2026,10 263,employee_9b36065fce,сушист,Производство Черникова,Выплата ЗП,
05.05.2026,7 990,employee_44aa735d3b,сушист,Производство Черникова,Выплата ЗП,
05.05.2026,3 338,employee_b0e5843216,сушист,Производство Черникова,Выплата ЗП,
05.05.2026,9 882,employee_8b0eb48cc4,шаурмист,Производство Черникова,Выплата ЗП,
05.05.2026,6 289,employee_f2a23819d8,шаурмист,Производство Черникова,Выплата ЗП,
09.05.2026,5 000,employee_62c77ec038,управляющий,Администрация,Выплата аванса,
12.05.2026,14 322,employee_b3338b123c,администратор,Производство Черникова,Выплата ЗП,
12.05.2026,12 655,employee_2dcfa0649d,администратор,Производство Черникова,Выплата ЗП,
12.05.2026,5 089,employee_a285bf7cad,администратор,Производство Черникова,Выплата ЗП,
12.05.2026,6 377,employee_eff4f87fa3,администратор,Производство Черникова,Выплата ЗП,
12.05.2026,15 986,employee_908545f9b4,пиццерист,Производство Черникова,Выплата ЗП,
12.05.2026,18 201,employee_3c4a629691,пиццерист,Производство Черникова,Выплата ЗП,
12.05.2026,13 863,employee_f420556a57,пиццерист,Производство Черникова,Выплата ЗП,
12.05.2026,16 883,employee_15b9fd024a,сушист,Производство Черникова,Выплата ЗП,
12.05.2026,13 917,employee_9b36065fce,сушист,Производство Черникова,Выплата ЗП,
12.05.2026,7 733,employee_44aa735d3b,сушист,Производство Черникова,Выплата ЗП,
12.05.2026,14 659,employee_b0e5843216,сушист,Производство Черникова,Выплата ЗП,
12.05.2026,13 833,employee_8b0eb48cc4,шаурмист,Производство Черникова,Выплата ЗП,
12.05.2026,3 938,employee_f2a23819d8,шаурмист,Производство Черникова,Выплата ЗП,
12.05.2026,2 000,employee_eff4f87fa3,администратор,Производство Черникова,Выплата аванса,
15.05.2026,40 000,employee_62c77ec038,управляющий,Администрация,Выплата ЗП,
15.05.2026,20 000,employee_ab23939605,менеджер,Администрация,Выплата ЗП,
15.05.2026,10 000,employee_d366ce719a,руководитель службы доставки,Администрация,Выплата ЗП,
19.05.2026,10 619,employee_b3338b123c,администратор,Производство Черникова,Выплата ЗП,
19.05.2026,11 721,employee_2dcfa0649d,администратор,Производство Черникова,Выплата ЗП,
19.05.2026,9 729,employee_a285bf7cad,администратор,Производство Черникова,Выплата ЗП,
19.05.2026,2 283,employee_eff4f87fa3,администратор,Производство Черникова,Выплата ЗП,
19.05.2026,11 831,employee_908545f9b4,пиццерист,Производство Черникова,Выплата ЗП,
19.05.2026,13 164,employee_3c4a629691,пиццерист,Производство Черникова,Выплата ЗП,
19.05.2026,12 207,employee_f420556a57,сушист,Производство Черникова,Выплата ЗП,
19.05.2026,18 422,employee_15b9fd024a,сушист,Производство Черникова,Выплата ЗП,
19.05.2026,14 487,employee_9b36065fce,сушист,Производство Черникова,Выплата ЗП,
19.05.2026,2 671,employee_44aa735d3b,сушист,Производство Черникова,Выплата ЗП,
19.05.2026,12 659,employee_b0e5843216,сушист,Производство Черникова,Выплата ЗП,
19.05.2026,7 017,employee_f2a23819d8,шаурмист,Производство Черникова,Выплата ЗП,
19.05.2026,7 299,employee_8b0eb48cc4,шаурмист,Производство Черникова,Выплата ЗП,
24.05.2026,40 000,employee_859ee3e9a0,директор по развитию,Администрация,Выплата ЗП,
26.05.2026,9 412,employee_b3338b123c,администратор,Производство Черникова,Выплата ЗП,
26.05.2026,13 175,employee_2dcfa0649d,администратор,Производство Черникова,Выплата ЗП,
26.05.2026,10 379,employee_a285bf7cad,администратор,Производство Черникова,Выплата ЗП,
26.05.2026,4 839,employee_eff4f87fa3,администратор,Производство Черникова,Выплата ЗП,
26.05.2026,15 747,employee_908545f9b4,пиццерист (зам.старшего повара),Производство Черникова,Выплата ЗП,
26.05.2026,16 256,employee_3c4a629691,пиццерист (зам.старшего повара),Производство Черникова,Выплата ЗП,
26.05.2026,15 698,employee_f420556a57,пиццерист (зам.старшего повара),Производство Черникова,Выплата ЗП,
26.05.2026,12 616,employee_15b9fd024a,сушист,Производство Черникова,Выплата ЗП,
26.05.2026,9 915,employee_9b36065fce,сушист,Производство Черникова,Выплата ЗП,
26.05.2026,7 244,employee_44aa735d3b,сушист,Производство Черникова,Выплата ЗП,
26.05.2026,22 232,employee_b0e5843216,сушист,Производство Черникова,Выплата ЗП,
26.05.2026,6 209,employee_f2a23819d8,шаурмист,Производство Черникова,Выплата ЗП,
26.05.2026,6 763,employee_8b0eb48cc4,шаурмист,Производство Черникова,Выплата ЗП,
26.05.2026,4 200,employee_7ae55ec1c8,сушист,Производство Черникова,Выплата ЗП,
